pcode,county,year_month,rfq_mean,rfq_min,price_beans,price_maize,conflict_events,conflict_fatalities,mpi,vulnerability_tier,total_population,date,is_high_vuln,year,cpi,real_price_maize,real_price_beans,dprice_maize,drfq,dconflict,pev_period
KE030,Baringo,2015-01,51.303447,40.07805,104.0,42.0,0,0,0.2159,Medium,666750,2015-01-01,False,2015,147.3,28.51,70.6,,,,0
KE030,Baringo,2015-02,70.0810905,37.89491,107.0,47.0,3,55,0.2159,Medium,666750,2015-02-01,False,2015,147.3,31.91,72.64,11.925640126271485,18.777643500000003,3.0,0
KE030,Baringo,2015-03,38.906944333333335,33.631344,112.0,38.0,1,1,0.2159,Medium,666750,2015-03-01,False,2015,147.3,25.8,76.04,-19.147602632403636,-31.174146166666667,-2.0,0
KE030,Baringo,2015-04,130.02314416666667,77.91948,105.0,42.0,0,0,0.2159,Medium,666750,2015-04-01,False,2015,147.3,28.51,71.28,10.503875968992249,91.11619983333333,-1.0,0
KE030,Baringo,2015-05,86.04917266666666,55.420036,106.0,45.0,0,0,0.2159,Medium,666750,2015-05-01,False,2015,147.3,30.55,71.96,7.155384075762883,-43.973971500000005,0.0,0
KE030,Baringo,2015-06,100.16669666666668,56.11511,113.0,45.0,0,0,0.2159,Medium,666750,2015-06-01,False,2015,147.3,30.55,76.71,0.0,14.117524000000017,0.0,0
KE030,Baringo,2015-07,68.36425799999999,52.246094,105.0,44.0,0,0,0.2159,Medium,666750,2015-07-01,False,2015,147.3,29.87,71.28,-2.225859247135842,-31.80243866666669,0.0,0
KE030,Baringo,2015-08,40.430967,28.921307,102.0,46.0,0,0,0.2159,Medium,666750,2015-08-01,False,2015,147.3,31.23,69.25,4.5530632741881405,-27.93329099999999,0.0,0
KE030,Baringo,2015-09,74.14223,54.79602,102.0,44.0,0,0,0.2159,Medium,666750,2015-09-01,False,2015,147.3,29.87,69.25,-4.354787063720778,33.711262999999995,0.0,0
KE030,Baringo,2015-10,97.5050425,62.29318,103.0,37.0,0,0,0.2159,Medium,666750,2015-10-01,False,2015,147.3,25.12,69.93,-15.90224305323067,23.362812500000004,0.0,0
KE030,Baringo,2015-11,136.33486166666668,78.44727,94.0,39.0,1,1,0.2159,Medium,666750,2015-11-01,False,2015,147.3,26.48,63.82,5.414012738853491,38.82981916666668,1.0,0
KE030,Baringo,2015-12,134.9299035,55.640633,101.0,41.0,0,0,0.2159,Medium,666750,2015-12-01,False,2015,147.3,27.83,68.57,5.098187311178237,-1.4049581666666882,-1.0,0
KE030,Baringo,2016-01,135.7684416666667,64.84341,108.0,41.0,2,4,0.2159,Medium,666750,2016-01-01,False,2016,152.9,26.81,70.63,-3.665109593963345,0.8385381666666945,2.0,0
KE030,Baringo,2016-02,66.41490433333333,41.0218,97.0,39.0,0,0,0.2159,Medium,666750,2016-02-01,False,2016,152.9,25.51,63.44,-4.848936963819462,-69.35353733333336,-2.0,0
KE030,Baringo,2016-03,72.27364433333334,31.079441,96.0,40.0,0,0,0.2159,Medium,666750,2016-03-01,False,2016,152.9,26.16,62.79,2.5480203841630633,5.858740000000012,0.0,0
KE030,Baringo,2016-05,134.99731483333332,55.013596,97.0,43.0,0,0,0.2159,Medium,666750,2016-05-01,False,2016,152.9,28.12,63.44,7.492354740061158,62.72367049999998,0.0,0
KE030,Baringo,2016-06,96.21034933333333,65.32533,90.0,39.0,0,0,0.2159,Medium,666750,2016-06-01,False,2016,152.9,25.51,58.86,-9.281650071123748,-38.786965499999994,0.0,0
KE030,Baringo,2016-07,106.32099066666666,86.44241,103.0,41.0,0,0,0.2159,Medium,666750,2016-07-01,False,2016,152.9,26.81,67.36,5.096040768326127,10.110641333333334,0.0,0
KE030,Baringo,2016-08,71.52773833333333,41.194397,94.0,41.0,0,0,0.2159,Medium,666750,2016-08-01,False,2016,152.9,26.81,61.48,0.0,-34.79325233333333,0.0,0
KE030,Baringo,2016-09,85.00031066666666,44.584846,90.0,37.0,0,0,0.2159,Medium,666750,2016-09-01,False,2016,152.9,24.2,58.86,-9.735173442745237,13.472572333333332,0.0,0
KE030,Baringo,2016-10,86.431288,58.153133,98.0,43.0,0,0,0.2159,Medium,666750,2016-10-01,False,2016,152.9,28.12,64.09,16.198347107438018,1.430977333333331,0.0,0
KE030,Baringo,2016-11,77.75022299999999,46.474434,123.0,48.0,0,0,0.2159,Medium,666750,2016-11-01,False,2016,152.9,31.39,80.44,11.628733997155049,-8.681065000000004,0.0,0
KE030,Baringo,2016-12,46.15364983333333,31.138336,106.0,48.0,0,0,0.2159,Medium,666750,2016-12-01,False,2016,152.9,31.39,69.33,0.0,-31.59657316666666,0.0,0
KE030,Baringo,2017-01,82.61317883333334,42.901413,108.0,55.0,0,0,0.2159,Medium,666750,2017-01-01,False,2017,162.0,33.95,66.67,8.155463523415118,36.459529,0.0,0
KE030,Baringo,2017-02,116.36245,54.83712,112.0,52.0,6,16,0.2159,Medium,666750,2017-02-01,False,2017,162.0,32.1,69.14,-5.449189985272462,33.74927116666666,6.0,0
KE030,Baringo,2017-03,49.68612633333333,34.355957,114.0,57.0,3,0,0.2159,Medium,666750,2017-03-01,False,2017,162.0,35.19,70.37,9.626168224299047,-66.67632366666666,-3.0,0
KE030,Baringo,2017-04,53.19002333333333,27.996904,127.0,62.0,1,5,0.2159,Medium,666750,2017-04-01,False,2017,162.0,38.27,78.4,8.752486501847123,3.503897000000002,-2.0,0
KE030,Baringo,2017-05,93.11932916666666,72.62243,138.0,73.0,1,1,0.2159,Medium,666750,2017-05-01,False,2017,162.0,45.06,85.19,17.742356937548998,39.92930583333333,0.0,0
KE030,Baringo,2017-06,63.85023783333333,50.71759,129.0,81.0,3,6,0.2159,Medium,666750,2017-06-01,False,2017,162.0,50.0,79.63,10.963160230803371,-29.26909133333333,2.0,0
KE030,Baringo,2017-07,197.34154,142.72466,118.0,58.0,0,0,0.2159,Medium,666750,2017-07-01,False,2017,162.0,35.8,72.84,-28.400000000000002,133.49130216666669,-3.0,0
KE030,Baringo,2017-08,130.20745916666667,70.254135,120.0,52.0,5,15,0.2159,Medium,666750,2017-08-01,False,2017,162.0,32.1,74.07,-10.33519553072625,-67.13408083333334,5.0,0
KE030,Baringo,2017-09,159.57490566666667,118.791214,104.0,53.0,1,5,0.2159,Medium,666750,2017-09-01,False,2017,162.0,32.72,64.2,1.9314641744548222,29.3674465,-4.0,0
KE030,Baringo,2017-10,165.50208816666665,64.029785,108.0,53.0,1,0,0.2159,Medium,666750,2017-10-01,False,2017,162.0,32.72,66.67,0.0,5.9271824999999865,0.0,0
KE030,Baringo,2017-11,118.79636966666668,59.47541,121.0,50.0,4,15,0.2159,Medium,666750,2017-11-01,False,2017,162.0,30.86,74.69,-5.684596577017109,-46.705718499999975,3.0,0
KE030,Baringo,2017-12,55.02137583333333,42.95903,120.0,48.0,0,0,0.2159,Medium,666750,2017-12-01,False,2017,162.0,29.63,74.07,-3.985742060920283,-63.77499383333335,-4.0,0
KE030,Baringo,2018-01,55.526736166666666,39.113968,106.0,52.0,1,1,0.2159,Medium,666750,2018-01-01,False,2018,168.7,30.82,62.83,4.01619979750254,0.5053603333333356,1.0,0
KE030,Baringo,2018-02,58.4945305,42.069073,111.0,53.0,0,0,0.2159,Medium,666750,2018-02-01,False,2018,168.7,31.42,65.8,1.9467878001298011,2.9677943333333374,-1.0,0
KE030,Baringo,2018-03,213.87567633333333,62.288292,112.0,52.0,0,0,0.2159,Medium,666750,2018-03-01,False,2018,168.7,30.82,66.39,-1.9096117122851752,155.38114583333333,0.0,0
KE030,Baringo,2018-04,229.07500833333333,172.13477,113.0,43.0,5,14,0.2159,Medium,666750,2018-04-01,False,2018,168.7,25.49,66.98,-17.293964957819608,15.199331999999998,5.0,0
KE030,Baringo,2018-05,213.179335,182.59518,105.0,44.0,0,0,0.2159,Medium,666750,2018-05-01,False,2018,168.7,26.08,62.24,2.3146331894860817,-15.89567333333332,-5.0,0
KE030,Baringo,2018-06,224.35894833333336,148.64166,108.0,40.0,0,0,0.2159,Medium,666750,2018-06-01,False,2018,168.7,23.71,64.02,-9.087423312883425,11.17961333333335,0.0,0
KE030,Baringo,2018-07,89.00190566666667,47.51243,98.0,42.0,0,0,0.2159,Medium,666750,2018-07-01,False,2018,168.7,24.9,58.09,5.018979333614504,-135.3570426666667,0.0,0
KE030,Baringo,2018-08,81.0005335,41.759193,100.0,38.0,1,0,0.2159,Medium,666750,2018-08-01,False,2018,168.7,22.53,59.28,-9.51807228915662,-8.00137216666667,1.0,0
KE030,Baringo,2018-09,66.95922933333333,54.161842,103.0,36.0,2,3,0.2159,Medium,666750,2018-09-01,False,2018,168.7,21.34,61.06,-5.281846426986247,-14.041304166666677,1.0,0
KE030,Baringo,2018-10,80.31643733333333,52.764053,103.0,33.0,5,6,0.2159,Medium,666750,2018-10-01,False,2018,168.7,19.56,61.06,-8.341143392689787,13.357208,3.0,0
KE030,Baringo,2018-11,51.280625500000006,35.680286,105.0,35.0,1,1,0.2159,Medium,666750,2018-11-01,False,2018,168.7,20.75,62.24,6.083844580777109,-29.03581183333332,-4.0,0
KE030,Baringo,2018-12,140.59629116666667,48.283627,107.0,36.0,2,2,0.2159,Medium,666750,2018-12-01,False,2018,168.7,21.34,63.43,2.843373493975898,89.31566566666666,1.0,0
KE030,Baringo,2019-01,70.00056666666667,54.33944,109.0,36.0,1,1,0.2159,Medium,666750,2019-01-01,False,2019,175.7,20.49,62.04,-3.9831302717900696,-70.5957245,-1.0,0
KE030,Baringo,2019-02,55.89960616666667,40.249126,111.0,,2,7,0.2159,Medium,666750,2019-02-01,False,2019,175.7,,63.18,0.0,-14.1009605,1.0,0
KE030,Baringo,2019-03,54.52422266666667,32.530384,111.0,,0,0,0.2159,Medium,666750,2019-03-01,False,2019,175.7,,63.18,0.0,-1.3753835000000052,-2.0,0
KE030,Baringo,2019-04,69.701753,27.046204,117.0,44.0,0,0,0.2159,Medium,666750,2019-04-01,False,2019,175.7,25.04,66.59,22.20595412396291,15.17753033333333,0.0,0
KE030,Baringo,2019-05,68.47545050000001,27.933607,105.0,52.0,2,1,0.2159,Medium,666750,2019-05-01,False,2019,175.7,29.6,59.76,18.21086261980831,-1.2263024999999885,2.0,0
KE030,Baringo,2019-06,166.791714,80.20619,121.0,51.0,0,0,0.2159,Medium,666750,2019-06-01,False,2019,175.7,29.03,68.87,-1.9256756756756754,98.3162635,-2.0,0
KE030,Baringo,2019-07,117.21352566666668,66.54163,139.2,55.7,0,0,0.2159,Medium,666750,2019-07-01,False,2019,175.7,31.7,79.23,9.19738201860143,-49.57818833333333,0.0,0
KE030,Baringo,2019-08,120.65590000000002,77.88826,126.3,54.6,0,0,0.2159,Medium,666750,2019-08-01,False,2019,175.7,31.08,71.88,-1.9558359621451138,3.4423743333333334,0.0,0
KE030,Baringo,2019-09,125.9896025,75.11827,113.0,46.5,0,0,0.2159,Medium,666750,2019-09-01,False,2019,175.7,26.47,64.31,-14.832689832689827,5.333702499999987,0.0,0
KE030,Baringo,2019-10,180.49038,141.71205,109.0,44.0,2,3,0.2159,Medium,666750,2019-10-01,False,2019,175.7,25.04,62.04,-5.4023422742727645,54.500777499999984,2.0,0
KE030,Baringo,2019-11,145.34315,59.944355,108.0,44.0,2,4,0.2159,Medium,666750,2019-11-01,False,2019,175.7,25.04,61.47,0.0,-35.14722999999998,0.0,0
KE030,Baringo,2019-12,227.5072591666667,77.52823,115.0,46.0,1,1,0.2159,Medium,666750,2019-12-01,False,2019,175.7,26.18,65.45,4.5527156549520775,82.16410916666669,-1.0,0
KE030,Baringo,2020-01,142.30940633333333,61.790108,124.0,46.0,1,1,0.2159,Medium,666750,2020-01-01,False,2020,182.8,25.16,67.83,-3.8961038961038974,-85.19785283333337,0.0,0
KE030,Baringo,2020-02,105.05963366666668,56.475216,111.0,47.3,2,3,0.2159,Medium,666750,2020-02-01,False,2020,182.8,25.88,60.72,2.861685214626397,-37.249772666666644,1.0,0
KE030,Baringo,2020-03,193.82829566666663,75.070114,114.2,48.5,1,0,0.2159,Medium,666750,2020-03-01,False,2020,182.8,26.53,62.47,2.511591962905735,88.76866199999995,-1.0,0
KE030,Baringo,2020-04,173.68947266666666,27.030615,121.51,51.7,3,1,0.2159,Medium,666750,2020-04-01,False,2020,182.8,28.28,66.47,6.596306068601576,-20.138822999999974,2.0,0
KE030,Baringo,2020-05,104.423785,76.25155,125.2,52.0,0,0,0.2159,Medium,666750,2020-05-01,False,2020,182.8,28.45,68.49,0.6011315417255858,-69.26568766666666,-3.0,0
KE030,Baringo,2020-06,175.40119166666668,139.88501,131.9,51.0,0,0,0.2159,Medium,666750,2020-06-01,False,2020,182.8,27.9,72.16,-1.9332161687170446,70.97740666666668,0.0,0
KE030,Baringo,2020-07,173.42142333333334,139.61327,126.0,47.0,0,0,0.2159,Medium,666750,2020-07-01,False,2020,182.8,25.71,68.93,-7.849462365591386,-1.9797683333333396,0.0,0
KE030,Baringo,2020-08,162.413674,114.919044,120.0,41.0,0,0,0.2159,Medium,666750,2020-08-01,False,2020,182.8,22.43,65.65,-12.757681835861534,-11.00774933333335,0.0,0
KE030,Baringo,2020-09,154.89017833333332,115.98945,107.0,39.0,1,0,0.2159,Medium,666750,2020-09-01,False,2020,182.8,21.33,58.53,-4.904146232724038,-7.523495666666662,1.0,0
KE030,Baringo,2020-10,142.01844833333334,70.97093,114.0,39.0,0,0,0.2159,Medium,666750,2020-10-01,False,2020,182.8,21.33,62.36,0.0,-12.871729999999985,-1.0,0
KE030,Baringo,2020-11,132.472833,78.445274,117.0,39.0,0,0,0.2159,Medium,666750,2020-11-01,False,2020,182.8,21.33,64.0,0.0,-9.54561533333333,0.0,0
KE030,Baringo,2020-12,58.7083815,46.402664,114.0,40.0,1,1,0.2159,Medium,666750,2020-12-01,False,2020,182.8,21.88,62.36,2.5785278949835844,-73.7644515,1.0,0
KE030,Baringo,2023-12,52.614279833333335,48.596222,155.33333333333334,82.5,0,0,0.2159,Medium,666750,2023-12-01,False,2023,239.1,34.5,64.97,57.678244972577694,-6.094101666666667,-1.0,0
KE030,Baringo,2024-03,76.09281066666667,34.817,177.2,82.66666666666667,10,4,0.2159,Medium,666750,2024-03-01,False,2024,258.0,32.04,68.68,-7.130434782608697,23.47853083333333,10.0,0
KE030,Baringo,2025-03,166.59995833333332,124.97633,145.0,53.0,6,2,0.2159,Medium,666750,2025-03-01,False,2025,272.0,19.49,53.31,-39.169787765293385,90.50714766666665,-4.0,0
KE007,Garissa,2015-01,82.197259,70.54046,,65.0,0,0,0.291,Medium,841319,2015-01-01,False,2015,147.3,44.13,,,,,0
KE007,Garissa,2015-02,95.20104166666664,89.58728,,65.0,0,0,0.291,Medium,841319,2015-02-01,False,2015,147.3,44.13,,0.0,13.003782666666638,0.0,0
KE007,Garissa,2015-03,111.40006233333334,48.819153,,65.0,3,153,0.291,Medium,841319,2015-03-01,False,2015,147.3,44.13,,0.0,16.199020666666698,3.0,0
KE007,Garissa,2015-04,131.98280333333332,75.53761,,65.0,1,0,0.291,Medium,841319,2015-04-01,False,2015,147.3,44.13,,0.0,20.582740999999984,-2.0,0
KE007,Garissa,2015-05,93.301878,56.795788,,60.0,4,20,0.291,Medium,841319,2015-05-01,False,2015,147.3,40.73,,-7.704509404033555,-38.68092533333332,3.0,0
KE007,Garissa,2015-06,86.563191,55.29035,,50.0,0,0,0.291,Medium,841319,2015-06-01,False,2015,147.3,33.94,,-16.670758654554383,-6.738686999999999,-4.0,0
KE007,Garissa,2015-07,91.971571,82.624146,,50.0,0,0,0.291,Medium,841319,2015-07-01,False,2015,147.3,33.94,,0.0,5.408379999999994,0.0,0
KE007,Garissa,2015-08,103.89751733333333,95.44648,,50.0,0,0,0.291,Medium,841319,2015-08-01,False,2015,147.3,33.94,,0.0,11.925946333333329,0.0,0
KE007,Garissa,2015-09,96.27411083333334,73.86389,,50.0,1,3,0.291,Medium,841319,2015-09-01,False,2015,147.3,33.94,,0.0,-7.623406499999987,1.0,0
KE007,Garissa,2015-10,91.95362216666666,44.176647,,50.0,3,0,0.291,Medium,841319,2015-10-01,False,2015,147.3,33.94,,0.0,-4.320488666666677,2.0,0
KE007,Garissa,2015-11,150.74128166666665,104.09224,,50.0,3,1,0.291,Medium,841319,2015-11-01,False,2015,147.3,33.94,,0.0,58.78765949999999,0.0,0
KE007,Garissa,2015-12,89.54520916666667,50.42612,,50.0,0,0,0.291,Medium,841319,2015-12-01,False,2015,147.3,33.94,,0.0,-61.196072499999985,-3.0,0
KE007,Garissa,2016-01,101.02548933333334,78.35665,,50.0,1,4,0.291,Medium,841319,2016-01-01,False,2016,152.9,32.7,,-3.653506187389499,11.480280166666674,1.0,0
KE007,Garissa,2016-02,111.1230525,98.27566,,50.0,0,0,0.291,Medium,841319,2016-02-01,False,2016,152.9,32.7,,0.0,10.09756316666666,-1.0,0
KE007,Garissa,2016-03,63.29829633333333,29.572672,,50.0,1,4,0.291,Medium,841319,2016-03-01,False,2016,152.9,32.7,,0.0,-47.82475616666667,1.0,0
KE007,Garissa,2016-05,82.05503433333332,39.822853,,51.0,1,10,0.291,Medium,841319,2016-05-01,False,2016,152.9,33.36,,2.0183486238531945,18.75673799999999,0.0,0
KE007,Garissa,2016-06,86.179013,66.36177,,60.0,1,1,0.291,Medium,841319,2016-06-01,False,2016,152.9,39.24,,17.625899280575542,4.123978666666673,0.0,0
KE007,Garissa,2016-07,83.86512950000001,51.556797,,50.0,0,0,0.291,Medium,841319,2016-07-01,False,2016,152.9,32.7,,-16.666666666666664,-2.3138834999999887,-1.0,0
KE007,Garissa,2016-08,93.31559933333334,80.44335,,50.0,0,0,0.291,Medium,841319,2016-08-01,False,2016,152.9,32.7,,0.0,9.45046983333333,0.0,0
KE007,Garissa,2016-09,86.47718533333334,58.854122,,50.0,2,7,0.291,Medium,841319,2016-09-01,False,2016,152.9,32.7,,0.0,-6.838414,2.0,0
KE007,Garissa,2016-10,41.946836,21.743628,,55.0,1,4,0.291,Medium,841319,2016-10-01,False,2016,152.9,35.97,,9.999999999999986,-44.53034933333334,-1.0,0
KE007,Garissa,2016-11,98.07866033333336,50.944458,,55.0,1,0,0.291,Medium,841319,2016-11-01,False,2016,152.9,35.97,,0.0,56.13182433333336,0.0,0
KE007,Garissa,2016-12,67.10016816666666,31.479534,,55.0,0,0,0.291,Medium,841319,2016-12-01,False,2016,152.9,35.97,,0.0,-30.978492166666697,-1.0,0
KE007,Garissa,2017-01,97.92439333333334,82.99077,,55.0,0,0,0.291,Medium,841319,2017-01-01,False,2017,162.0,33.95,,-5.61579093689184,30.82422516666668,0.0,0
KE007,Garissa,2017-02,101.52506716666666,91.825134,,55.0,2,3,0.291,Medium,841319,2017-02-01,False,2017,162.0,33.95,,0.0,3.6006738333333175,2.0,0
KE007,Garissa,2017-03,52.40812616666667,30.120579,,59.0,3,4,0.291,Medium,841319,2017-03-01,False,2017,162.0,36.42,,7.275405007363767,-49.11694099999999,1.0,0
KE007,Garissa,2017-04,101.4191525,64.88502,,60.0,0,0,0.291,Medium,841319,2017-04-01,False,2017,162.0,37.04,,1.7023613399231197,49.01102633333333,-3.0,0
KE007,Garissa,2017-05,120.26034483333332,64.28014,,50.0,7,25,0.291,Medium,841319,2017-05-01,False,2017,162.0,30.86,,-16.68466522678186,18.841192333333325,7.0,0
KE007,Garissa,2017-06,106.64473666666667,80.25124,,60.0,2,0,0.291,Medium,841319,2017-06-01,False,2017,162.0,37.04,,20.025923525599488,-13.615608166666647,-5.0,0
KE007,Garissa,2017-07,80.79745666666666,57.916786,,60.0,3,20,0.291,Medium,841319,2017-07-01,False,2017,162.0,37.04,,0.0,-25.847280000000012,1.0,0
KE007,Garissa,2017-08,105.06961416666668,91.91985,,65.0,2,0,0.291,Medium,841319,2017-08-01,False,2017,162.0,40.12,,8.31533477321813,24.27215750000002,-1.0,0
KE007,Garissa,2017-09,104.75898416666666,67.72174,,65.0,0,0,0.291,Medium,841319,2017-09-01,False,2017,162.0,40.12,,0.0,-0.3106300000000175,-2.0,0
KE007,Garissa,2017-10,76.14555283333334,34.02708,,65.0,2,0,0.291,Medium,841319,2017-10-01,False,2017,162.0,40.12,,0.0,-28.613431333333324,2.0,0
KE007,Garissa,2017-11,89.83495416666666,34.070465,,65.0,2,0,0.291,Medium,841319,2017-11-01,False,2017,162.0,40.12,,0.0,13.689401333333322,0.0,0
KE007,Garissa,2017-12,34.8598335,22.644402,,65.0,3,5,0.291,Medium,841319,2017-12-01,False,2017,162.0,40.12,,0.0,-54.97512066666666,1.0,0
KE007,Garissa,2018-01,82.88178333333333,68.349976,,65.0,2,2,0.291,Medium,841319,2018-01-01,False,2018,168.7,38.53,,-3.963110667996006,48.02194983333333,-1.0,0
KE007,Garissa,2018-02,100.74885433333334,94.649956,,65.0,1,5,0.291,Medium,841319,2018-02-01,False,2018,168.7,38.53,,0.0,17.86707100000001,-1.0,0
KE007,Garissa,2018-03,261.49379833333336,122.56181,,65.0,1,0,0.291,Medium,841319,2018-03-01,False,2018,168.7,38.53,,0.0,160.74494400000003,0.0,0
KE007,Garissa,2018-04,154.8203425,86.808495,,80.0,0,0,0.291,Medium,841319,2018-04-01,False,2018,168.7,47.42,,23.07293018427199,-106.67345583333335,-1.0,0
KE007,Garissa,2018-05,144.58732733333335,82.6678,,60.0,0,0,0.291,Medium,841319,2018-05-01,False,2018,168.7,35.57,,-24.98945592576972,-10.233015166666661,0.0,0
KE007,Garissa,2018-06,149.42124,91.27491,,60.0,3,0,0.291,Medium,841319,2018-06-01,False,2018,168.7,35.57,,0.0,4.833912666666663,3.0,0
KE007,Garissa,2018-07,108.2523575,104.11799,,60.0,1,0,0.291,Medium,841319,2018-07-01,False,2018,168.7,35.57,,0.0,-41.16888250000001,-2.0,0
KE007,Garissa,2018-08,100.17414,84.28362,,60.0,1,2,0.291,Medium,841319,2018-08-01,False,2018,168.7,35.57,,0.0,-8.078217500000008,0.0,0
KE007,Garissa,2018-09,99.78022983333334,74.81188,,60.0,0,0,0.291,Medium,841319,2018-09-01,False,2018,168.7,35.57,,0.0,-0.39391016666665735,-1.0,0
KE007,Garissa,2018-10,92.75698599999998,54.021145,,60.0,1,0,0.291,Medium,841319,2018-10-01,False,2018,168.7,35.57,,0.0,-7.023243833333353,1.0,0
KE007,Garissa,2018-11,43.45599133333334,25.459295,,60.0,1,1,0.291,Medium,841319,2018-11-01,False,2018,168.7,35.57,,0.0,-49.30099466666665,0.0,0
KE007,Garissa,2018-12,186.55611666666667,81.97613,,60.0,0,0,0.291,Medium,841319,2018-12-01,False,2018,168.7,35.57,,0.0,143.10012533333332,-1.0,0
KE007,Garissa,2019-01,114.1698655,96.694305,,65.0,1,0,0.291,Medium,841319,2019-01-01,False,2019,175.7,36.99,,3.992128197919609,-72.38625116666667,1.0,0
KE007,Garissa,2019-02,114.62735316666664,100.20981,,65.0,0,0,0.291,Medium,841319,2019-02-01,False,2019,175.7,36.99,,0.0,0.457487666666637,-1.0,0
KE007,Garissa,2019-03,49.358092,34.65683,,65.0,1,2,0.291,Medium,841319,2019-03-01,False,2019,175.7,36.99,,0.0,-65.26926116666664,1.0,0
KE007,Garissa,2019-04,77.14388683333333,27.254633,,65.0,0,0,0.291,Medium,841319,2019-04-01,False,2019,175.7,36.99,,0.0,27.785794833333327,-1.0,0
KE007,Garissa,2019-05,90.36705733333334,68.71567,,65.0,0,0,0.291,Medium,841319,2019-05-01,False,2019,175.7,36.99,,0.0,13.223170500000009,0.0,0
KE007,Garissa,2019-06,75.32232433333333,50.5533,,67.0,2,3,0.291,Medium,841319,2019-06-01,False,2019,175.7,38.13,,3.081914030819144,-15.044733000000008,2.0,0
KE007,Garissa,2019-07,130.3251465,90.342514,,68.0,0,0,0.291,Medium,841319,2019-07-01,False,2019,175.7,38.7,,1.4948859166010964,55.00282216666666,-2.0,0
KE007,Garissa,2019-08,107.27162333333332,90.98313,,68.0,0,0,0.291,Medium,841319,2019-08-01,False,2019,175.7,38.7,,0.0,-23.053523166666665,0.0,0
KE007,Garissa,2019-09,128.98579766666668,69.36096,,68.0,2,3,0.291,Medium,841319,2019-09-01,False,2019,175.7,38.7,,0.0,21.71417433333336,2.0,0
KE007,Garissa,2019-10,256.748225,148.77217,,67.0,0,0,0.291,Medium,841319,2019-10-01,False,2019,175.7,38.13,,-1.4728682170542684,127.7624273333333,-2.0,0
KE007,Garissa,2019-11,202.627505,53.43361,,68.0,2,1,0.291,Medium,841319,2019-11-01,False,2019,175.7,38.7,,1.4948859166010964,-54.12071999999998,2.0,0
KE007,Garissa,2019-12,153.54634,106.03034,,68.0,3,20,0.291,Medium,841319,2019-12-01,False,2019,175.7,38.7,,0.0,-49.08116500000003,1.0,0
KE007,Garissa,2020-04,166.65148266666668,66.59816,,68.0,3,6,0.291,Medium,841319,2020-04-01,False,2020,182.8,37.2,,-3.875968992248058,13.105142666666694,0.0,0
KE007,Garissa,2020-05,80.67207416666666,68.34805,,68.0,1,0,0.291,Medium,841319,2020-05-01,False,2020,182.8,37.2,,0.0,-85.97940850000002,-2.0,0
KE007,Garissa,2020-06,90.93914333333332,56.95644,,68.0,0,0,0.291,Medium,841319,2020-06-01,False,2020,182.8,37.2,,0.0,10.267069166666658,-1.0,0
KE007,Garissa,2020-07,220.7580583333333,182.06754,,68.0,3,9,0.291,Medium,841319,2020-07-01,False,2020,182.8,37.2,,0.0,129.818915,3.0,0
KE007,Garissa,2020-08,101.62587833333332,84.32435,,68.0,4,2,0.291,Medium,841319,2020-08-01,False,2020,182.8,37.2,,0.0,-119.13217999999999,1.0,0
KE007,Garissa,2020-09,87.49300916666668,68.94622,,70.0,0,0,0.291,Medium,841319,2020-09-01,False,2020,182.8,38.29,,2.93010752688172,-14.132869166666637,-4.0,0
KE007,Garissa,2020-10,61.99919166666666,33.248585,,70.0,0,0,0.291,Medium,841319,2020-10-01,False,2020,182.8,38.29,,0.0,-25.49381750000002,0.0,0
KE007,Garissa,2020-11,61.9640805,32.292637,,70.0,2,4,0.291,Medium,841319,2020-11-01,False,2020,182.8,38.29,,0.0,-0.0351111666666597,2.0,0
KE007,Garissa,2020-12,82.36334116666667,30.944761,,70.0,1,4,0.291,Medium,841319,2020-12-01,False,2020,182.8,38.29,,0.0,20.39926066666667,-1.0,0
KE007,Garissa,2023-12,185.05569466666665,38.397278,174.33333333333334,100.4,8,12,0.291,Medium,841319,2023-12-01,False,2023,239.1,41.99,72.91,9.663097414468535,102.69235349999998,7.0,0
KE007,Garissa,2024-03,82.29370233333333,51.342415,165.55555555555554,96.72727272727272,5,2,0.291,Medium,841319,2024-03-01,False,2024,258.0,37.49,64.17,-10.71683734222434,-102.76199233333332,-3.0,0
KE007,Garissa,2024-06,78.96864133333334,49.969994,162.44444444444446,87.0,2,0,0.291,Medium,841319,2024-06-01,False,2024,258.0,33.72,62.96,-10.056014937316625,-3.325060999999991,-3.0,0
KE007,Garissa,2024-09,79.58040833333334,56.38541,164.0,89.57142857142857,7,15,0.291,Medium,841319,2024-09-01,False,2024,258.0,34.72,63.57,2.9655990510083052,0.6117670000000004,5.0,0
KE007,Garissa,2025-03,156.15032766666664,84.128136,125.0,81.0,6,11,0.291,Medium,841319,2025-03-01,False,2025,272.0,29.78,45.96,-14.228110599078336,76.5699193333333,-1.0,0
KE007,Garissa,2025-06,170.50325833333332,119.51042,130.0,63.0,0,0,0.291,Medium,841319,2025-06-01,False,2025,272.0,23.16,47.79,-22.229684351914038,14.35293066666668,-6.0,0
KE007,Garissa,2025-09,96.54418,64.12729,118.33333333333331,65.0,1,0,0.291,Medium,841319,2025-09-01,False,2025,272.0,23.9,43.5,3.1951640759930955,-73.95907833333332,1.0,0
KE007,Garissa,2025-12,89.502784,38.927624,108.66666666666669,60.0,7,17,0.291,Medium,841319,2025-12-01,False,2025,272.0,22.06,39.95,-7.698744769874477,-7.041395999999992,6.0,0
KE011,Isiolo,2023-12,68.52464733333333,39.256626,198.42857142857144,102.77777777777776,2,1,0.1962,Medium,267993,2023-12-01,False,2023,239.1,42.99,82.99,,,,0
KE011,Isiolo,2024-03,48.40076200000001,41.717667,173.28571428571428,84.8,1,1,0.1962,Medium,267993,2024-03-01,False,2024,258.0,32.87,67.17,-23.540358222842528,-20.123885333333327,-1.0,0
KE011,Isiolo,2024-06,95.98217,92.59285,160.41666666666666,85.42857142857143,1,0,0.1962,Medium,267993,2024-06-01,False,2024,258.0,33.11,62.18,0.7301490721022263,47.58140799999999,0.0,0
KE011,Isiolo,2024-09,97.54697,92.7476,135.14285714285714,81.27272727272727,2,3,0.1962,Medium,267993,2024-09-01,False,2024,258.0,31.5,52.38,-4.8625792811839315,1.5648000000000053,1.0,0
KE011,Isiolo,2025-06,97.94051133333336,96.10456,,116.0,2,2,0.1962,Medium,267993,2025-06-01,False,2025,272.0,42.65,,35.396825396825385,0.39354133333335994,0.0,0
KE011,Isiolo,2025-12,70.844901,43.807693,111.5,80.66666666666667,6,6,0.1962,Medium,267993,2025-12-01,False,2025,272.0,29.66,40.99,-30.45720984759671,-27.09561033333337,4.0,0
KE034,Kajiado,2015-01,35.88058266666667,33.40801,87.3,41.1,0,0,0.1108,Low,1117802,2015-01-01,False,2015,147.3,27.9,59.27,,,,0
KE034,Kajiado,2015-02,85.01372400000001,46.004906,81.9,40.2,0,0,0.1108,Low,1117802,2015-02-01,False,2015,147.3,27.29,55.6,-2.1863799283154073,49.13314133333334,0.0,0
KE034,Kajiado,2015-03,59.60012866666667,35.950836,82.2,41.5,0,0,0.1108,Low,1117802,2015-03-01,False,2015,147.3,28.17,55.8,3.2246244045438077,-25.41359533333334,0.0,0
KE034,Kajiado,2015-04,146.72206,134.90411,85.0,41.0,0,0,0.1108,Low,1117802,2015-04-01,False,2015,147.3,27.83,57.71,-1.2069577564785328,87.12193133333332,0.0,0
KE034,Kajiado,2015-05,117.49710466666666,91.56408,90.0,44.0,0,0,0.1108,Low,1117802,2015-05-01,False,2015,147.3,29.87,61.1,7.330219187926712,-29.22495533333334,0.0,0
KE034,Kajiado,2015-06,98.83541833333334,93.136925,95.0,50.0,0,0,0.1108,Low,1117802,2015-06-01,False,2015,147.3,33.94,64.49,13.625711416136577,-18.66168633333332,0.0,0
KE034,Kajiado,2015-07,104.33555133333334,100.76219,96.0,50.0,0,0,0.1108,Low,1117802,2015-07-01,False,2015,147.3,33.94,65.17,0.0,5.500133000000005,0.0,0
KE034,Kajiado,2015-08,94.47438333333334,91.977264,91.0,46.0,0,0,0.1108,Low,1117802,2015-08-01,False,2015,147.3,31.23,61.78,-7.984678845020621,-9.861168000000006,0.0,0
KE034,Kajiado,2015-09,93.948108,89.2,94.0,48.0,0,0,0.1108,Low,1117802,2015-09-01,False,2015,147.3,32.59,63.82,4.354787063720789,-0.5262753333333308,0.0,0
KE034,Kajiado,2015-10,104.52468533333332,98.83083,96.0,50.0,0,0,0.1108,Low,1117802,2015-10-01,False,2015,147.3,33.94,65.17,4.142374961644668,10.576577333333319,0.0,0
KE034,Kajiado,2015-11,151.25672,110.81786,96.67,51.25,0,0,0.1108,Low,1117802,2015-11-01,False,2015,147.3,34.79,65.63,2.5044195639363664,46.73203466666668,0.0,0
KE034,Kajiado,2015-12,126.01442666666668,36.84747,91.07,48.33,0,0,0.1108,Low,1117802,2015-12-01,False,2015,147.3,32.81,61.83,-5.691290600747334,-25.242293333333322,0.0,0
KE034,Kajiado,2016-01,170.161485,59.565735,73.0,48.0,0,0,0.1108,Low,1117802,2016-01-01,False,2016,152.9,31.39,47.74,-4.327948796098758,44.14705833333332,0.0,0
KE034,Kajiado,2016-02,76.09042366666667,50.497787,73.0,47.5,0,0,0.1108,Low,1117802,2016-02-01,False,2016,152.9,31.07,47.74,-1.0194329404268898,-94.07106133333333,0.0,0
KE034,Kajiado,2016-03,64.08261466666667,25.951284,79.17,48.33,0,0,0.1108,Low,1117802,2016-03-01,False,2016,152.9,31.61,51.78,1.7380109430318536,-12.007808999999995,0.0,0
KE034,Kajiado,2016-05,98.22553,82.83086,83.0,47.0,0,0,0.1108,Low,1117802,2016-05-01,False,2016,152.9,30.74,54.28,-2.752293577981657,34.142915333333335,0.0,0
KE034,Kajiado,2016-06,100.03308666666668,96.12388,80.0,45.0,0,0,0.1108,Low,1117802,2016-06-01,False,2016,152.9,29.43,52.32,-4.261548471047494,1.8075566666666703,0.0,0
KE034,Kajiado,2016-07,95.22187333333332,94.12908,80.0,44.0,0,0,0.1108,Low,1117802,2016-07-01,False,2016,152.9,28.78,52.32,-2.2086306489976115,-4.811213333333356,0.0,0
KE034,Kajiado,2016-08,98.916075,95.84073,83.0,44.0,0,0,0.1108,Low,1117802,2016-08-01,False,2016,152.9,28.78,54.28,0.0,3.694201666666686,0.0,0
KE034,Kajiado,2016-09,95.29458166666666,93.435425,87.0,43.0,0,0,0.1108,Low,1117802,2016-09-01,False,2016,152.9,28.12,56.9,-2.2932592077831826,-3.6214933333333477,0.0,0
KE034,Kajiado,2016-10,86.39289500000001,70.97217,92.0,46.0,0,0,0.1108,Low,1117802,2016-10-01,False,2016,152.9,30.09,60.17,7.005689900426737,-8.901686666666649,0.0,0
KE034,Kajiado,2016-11,115.42725,76.22761,94.0,48.0,0,0,0.1108,Low,1117802,2016-11-01,False,2016,152.9,31.39,61.48,4.320372216683288,29.03435499999999,0.0,0
KE034,Kajiado,2016-12,45.769405,35.6656,94.0,48.0,0,0,0.1108,Low,1117802,2016-12-01,False,2016,152.9,31.39,61.48,0.0,-69.65784500000001,0.0,0
KE034,Kajiado,2017-01,55.95132766666666,41.174107,91.0,48.0,0,0,0.1108,Low,1117802,2017-01-01,False,2017,162.0,29.63,56.17,-5.606881172347888,10.181922666666658,0.0,0
KE034,Kajiado,2017-02,83.06139,57.52346,97.0,52.0,0,0,0.1108,Low,1117802,2017-02-01,False,2017,162.0,32.1,59.88,8.33614579817754,27.110062333333346,0.0,0
KE034,Kajiado,2017-03,46.20124833333333,42.197598,91.1,54.4,0,0,0.1108,Low,1117802,2017-03-01,False,2017,162.0,33.58,56.23,4.6105919003115226,-36.86014166666667,0.0,0
KE034,Kajiado,2017-04,61.879784666666666,45.238304,130.0,65.0,0,0,0.1108,Low,1117802,2017-04-01,False,2017,162.0,40.12,80.25,19.475878499106614,15.678536333333334,0.0,0
KE034,Kajiado,2017-05,82.95591133333333,70.511024,120.0,65.0,0,0,0.1108,Low,1117802,2017-05-01,False,2017,162.0,40.12,74.07,0.0,21.076126666666667,0.0,0
KE034,Kajiado,2017-06,94.71068666666667,82.25663,125.0,65.0,0,0,0.1108,Low,1117802,2017-06-01,False,2017,162.0,40.12,77.16,0.0,11.754775333333342,0.0,0
KE034,Kajiado,2017-07,108.27018166666666,106.321655,120.0,65.0,0,0,0.1108,Low,1117802,2017-07-01,False,2017,162.0,40.12,74.07,0.0,13.559494999999984,0.0,0
KE034,Kajiado,2017-08,108.567695,103.79959,130.0,68.0,0,0,0.1108,Low,1117802,2017-08-01,False,2017,162.0,41.98,80.25,4.636091724825531,0.29751333333334173,0.0,0
KE034,Kajiado,2017-09,103.85531666666668,94.87349,135.0,70.0,0,0,0.1108,Low,1117802,2017-09-01,False,2017,162.0,43.21,83.33,2.929966650786109,-4.712378333333319,0.0,0
KE034,Kajiado,2017-10,99.96245666666664,75.1855,139.0,73.0,0,0,0.1108,Low,1117802,2017-10-01,False,2017,162.0,45.06,85.8,4.281416338810473,-3.8928600000000415,0.0,0
KE034,Kajiado,2017-11,98.15805033333334,69.30976,140.0,75.0,0,0,0.1108,Low,1117802,2017-11-01,False,2017,162.0,46.3,86.42,2.751886373723922,-1.8044063333333042,0.0,0
KE034,Kajiado,2017-12,40.76149733333333,31.40405,120.0,60.0,0,0,0.1108,Low,1117802,2017-12-01,False,2017,162.0,37.04,74.07,-19.999999999999996,-57.396553000000004,0.0,0
KE034,Kajiado,2018-01,122.33109333333334,52.54755,119.0,60.0,0,0,0.1108,Low,1117802,2018-01-01,False,2018,168.7,35.57,70.54,-3.968682505399568,81.56959600000002,0.0,0
KE034,Kajiado,2018-02,68.80295566666668,50.008057,100.0,60.0,0,0,0.1108,Low,1117802,2018-02-01,False,2018,168.7,35.57,59.28,0.0,-53.528137666666666,0.0,0
KE034,Kajiado,2018-03,261.61845666666665,37.92104,95.0,55.0,0,0,0.1108,Low,1117802,2018-03-01,False,2018,168.7,32.6,56.31,-8.349732921000841,192.81550099999998,0.0,0
KE034,Kajiado,2018-04,213.70272333333327,102.78456,100.0,50.0,0,0,0.1108,Low,1117802,2018-04-01,False,2018,168.7,29.64,59.28,-9.079754601226997,-47.91573333333338,0.0,0
KE034,Kajiado,2018-05,152.14280666666664,113.09099,80.0,45.0,0,0,0.1108,Low,1117802,2018-05-01,False,2018,168.7,26.67,47.42,-10.020242914979749,-61.55991666666662,0.0,0
KE034,Kajiado,2018-06,113.865675,111.84836,80.0,45.0,0,0,0.1108,Low,1117802,2018-06-01,False,2018,168.7,26.67,47.42,0.0,-38.27713166666665,0.0,0
KE034,Kajiado,2018-07,106.56300333333331,104.2937,77.0,43.0,0,0,0.1108,Low,1117802,2018-07-01,False,2018,168.7,25.49,45.64,-4.424446944131999,-7.302671666666683,0.0,0
KE034,Kajiado,2018-08,109.98115666666666,101.28769,72.0,40.0,0,0,0.1108,Low,1117802,2018-08-01,False,2018,168.7,23.71,42.68,-6.9831306394664505,3.4181533333333505,0.0,0
KE034,Kajiado,2018-09,104.243392,100.712326,71.0,40.0,0,0,0.1108,Low,1117802,2018-09-01,False,2018,168.7,23.71,42.09,0.0,-5.7377646666666635,0.0,0
KE034,Kajiado,2018-10,99.61245333333332,79.791,75.0,45.0,0,0,0.1108,Low,1117802,2018-10-01,False,2018,168.7,26.67,44.46,12.484183888654577,-4.63093866666668,0.0,0
KE034,Kajiado,2018-11,75.09667499999999,65.23704,78.0,45.0,0,0,0.1108,Low,1117802,2018-11-01,False,2018,168.7,26.67,46.24,0.0,-24.51577833333333,0.0,0
KE034,Kajiado,2018-12,180.49809666666667,57.43292,84.0,48.0,0,0,0.1108,Low,1117802,2018-12-01,False,2018,168.7,28.45,49.79,6.674165729283832,105.40142166666668,0.0,0
KE034,Kajiado,2019-01,55.92254766666667,49.062298,91.0,43.0,0,0,0.1108,Low,1117802,2019-01-01,False,2019,175.7,24.47,51.79,-13.989455184534272,-124.575549,0.0,0
KE034,Kajiado,2019-02,75.39931333333332,54.45901,92.0,45.0,1,1,0.1108,Low,1117802,2019-02-01,False,2019,175.7,25.61,52.36,4.658765835717205,19.476765666666658,1.0,0
KE034,Kajiado,2019-03,29.415577666666668,22.113775,90.0,49.0,1,0,0.1108,Low,1117802,2019-03-01,False,2019,175.7,27.89,51.22,8.902772354549015,-45.98373566666666,0.0,0
KE034,Kajiado,2019-04,85.04112366666666,29.787886,104.0,52.0,0,0,0.1108,Low,1117802,2019-04-01,False,2019,175.7,29.6,59.19,6.131229831480822,55.625546,-1.0,0
KE034,Kajiado,2019-05,74.231,52.23046,103.0,54.0,0,0,0.1108,Low,1117802,2019-05-01,False,2019,175.7,30.73,58.62,3.81756756756757,-10.81012366666667,0.0,0
KE034,Kajiado,2019-06,124.04388666666668,90.23919,94.0,52.0,0,0,0.1108,Low,1117802,2019-06-01,False,2019,175.7,29.6,53.5,-3.6771884152294154,49.812886666666685,0.0,0
KE034,Kajiado,2019-07,111.63088333333332,106.97044,99.4,54.0,0,0,0.1108,Low,1117802,2019-07-01,False,2019,175.7,30.73,56.57,3.81756756756757,-12.413003333333364,0.0,0
KE034,Kajiado,2019-08,110.23617533333334,97.02229,100.2,60.8,1,1,0.1108,Low,1117802,2019-08-01,False,2019,175.7,34.6,57.03,12.59355678490075,-1.39470799999998,1.0,0
KE034,Kajiado,2019-09,113.74955533333332,103.696396,105.6,55.4,0,0,0.1108,Low,1117802,2019-09-01,False,2019,175.7,31.53,60.1,-8.872832369942197,3.5133799999999837,-1.0,0
KE034,Kajiado,2019-10,295.17805333333337,213.40477,92.0,49.0,0,0,0.1108,Low,1117802,2019-10-01,False,2019,175.7,27.89,52.36,-11.544560735807174,181.42849800000005,0.0,0
KE034,Kajiado,2019-11,180.8242833333333,58.62143,88.0,45.0,0,0,0.1108,Low,1117802,2019-11-01,False,2019,175.7,25.61,50.09,-8.174973108641092,-114.35377000000005,0.0,0
KE034,Kajiado,2019-12,265.1617233333333,81.90227,105.0,46.0,0,0,0.1108,Low,1117802,2019-12-01,False,2019,175.7,26.18,59.76,2.2256930886372484,84.33744000000002,0.0,0
KE034,Kajiado,2020-01,221.8017813333333,76.676384,91.0,53.0,0,0,0.1108,Low,1117802,2020-01-01,False,2020,182.8,28.99,49.78,10.733384262796019,-43.35994200000002,0.0,0
KE034,Kajiado,2020-02,142.67378466666665,46.350594,93.0,50.0,0,0,0.1108,Low,1117802,2020-02-01,False,2020,182.8,27.35,50.88,-5.657123145912369,-79.12799666666666,0.0,0
KE034,Kajiado,2020-03,173.239568,58.422684,100.0,47.0,0,0,0.1108,Low,1117802,2020-03-01,False,2020,182.8,25.71,54.7,-5.996343692870198,30.565783333333343,0.0,0
KE034,Kajiado,2020-04,172.65586,61.35347,105.0,54.0,1,1,0.1108,Low,1117802,2020-04-01,False,2020,182.8,29.54,57.44,14.89692726565539,-0.5837080000000014,1.0,0
KE034,Kajiado,2020-05,81.38707733333332,54.375862,104.0,53.0,0,0,0.1108,Low,1117802,2020-05-01,False,2020,182.8,28.99,56.89,-1.8618821936357555,-91.26878266666667,-1.0,0
KE034,Kajiado,2020-06,109.916815,99.22652,107.0,54.0,0,0,0.1108,Low,1117802,2020-06-01,False,2020,182.8,29.54,58.53,1.8972059330803814,28.529737666666676,0.0,0
KE034,Kajiado,2020-07,105.27628333333332,101.1134,100.0,50.0,0,0,0.1108,Low,1117802,2020-07-01,False,2020,182.8,27.35,54.7,-7.413676371022337,-4.640531666666675,0.0,0
KE034,Kajiado,2020-09,111.30186,95.41801,101.0,53.0,0,0,0.1108,Low,1117802,2020-09-01,False,2020,182.8,28.99,55.25,5.996343692870187,6.02557666666668,0.0,0
KE034,Kajiado,2020-10,79.53338633333334,78.85505,102.0,55.0,0,0,0.1108,Low,1117802,2020-10-01,False,2020,182.8,30.09,55.8,3.7944118661607407,-31.768473666666665,0.0,0
KE034,Kajiado,2020-11,107.95328666666668,84.75675,100.0,53.0,0,0,0.1108,Low,1117802,2020-11-01,False,2020,182.8,28.99,54.7,-3.655699567962778,28.419900333333345,0.0,0
KE034,Kajiado,2020-12,79.54968000000001,44.562393,102.0,55.0,0,0,0.1108,Low,1117802,2020-12-01,False,2020,182.8,30.09,55.8,3.7944118661607407,-28.403606666666676,0.0,0
KE003,Kilifi,2015-01,68.32391983333333,54.87898,83.1,33.9,0,0,0.2026,Medium,1453762,2015-01-01,False,2015,147.3,23.01,56.42,,,,0
KE003,Kilifi,2015-02,82.74962166666667,76.91036,87.4,37.5,0,0,0.2026,Medium,1453762,2015-02-01,False,2015,147.3,25.46,59.33,10.64754454584962,14.425701833333335,0.0,0
KE003,Kilifi,2015-03,133.14092366666668,48.74092,86.1,37.7,0,0,0.2026,Medium,1453762,2015-03-01,False,2015,147.3,25.59,58.45,0.5106048703849231,50.39130200000001,0.0,0
KE003,Kilifi,2015-04,110.47771216666666,55.735535,88.9,37.0,0,0,0.2026,Medium,1453762,2015-04-01,False,2015,147.3,25.12,60.35,-1.8366549433372348,-22.663211500000017,0.0,0
KE003,Kilifi,2015-05,148.15731283333335,63.000763,93.0,36.0,0,0,0.2026,Medium,1453762,2015-05-01,False,2015,147.3,24.44,63.14,-2.7070063694267454,37.67960066666669,0.0,0
KE003,Kilifi,2015-06,85.61657633333334,60.0546,95.0,36.0,0,0,0.2026,Medium,1453762,2015-06-01,False,2015,147.3,24.44,64.49,0.0,-62.54073650000001,0.0,0
KE003,Kilifi,2015-07,125.699681,100.00716,96.0,34.0,0,0,0.2026,Medium,1453762,2015-07-01,False,2015,147.3,23.08,65.17,-5.564648117839621,40.08310466666666,0.0,0
KE003,Kilifi,2015-08,103.395219,93.64369,96.0,35.0,0,0,0.2026,Medium,1453762,2015-08-01,False,2015,147.3,23.76,65.17,2.9462738301559988,-22.304462,0.0,0
KE003,Kilifi,2015-09,67.6711025,58.841385,91.0,35.0,0,0,0.2026,Medium,1453762,2015-09-01,False,2015,147.3,23.76,61.78,0.0,-35.724116499999994,0.0,0
KE003,Kilifi,2015-10,115.580608,32.972748,87.0,38.0,0,0,0.2026,Medium,1453762,2015-10-01,False,2015,147.3,25.8,59.06,8.585858585858585,47.909505499999995,0.0,0
KE003,Kilifi,2015-11,160.50904733333334,73.98323,88.0,37.0,0,0,0.2026,Medium,1453762,2015-11-01,False,2015,147.3,25.12,59.74,-2.635658914728678,44.928439333333344,0.0,0
KE003,Kilifi,2015-12,75.50395283333334,50.37548,88.0,37.0,0,0,0.2026,Medium,1453762,2015-12-01,False,2015,147.3,25.12,59.74,0.0,-85.0050945,0.0,0
KE003,Kilifi,2016-01,99.8445,84.38754,90.0,38.0,1,4,0.2026,Medium,1453762,2016-01-01,False,2016,152.9,24.85,58.86,-1.0748407643312086,24.340547166666653,1.0,0
KE003,Kilifi,2016-02,100.96871416666666,84.495865,87.0,39.0,0,0,0.2026,Medium,1453762,2016-02-01,False,2016,152.9,25.51,56.9,2.655935613682092,1.1242141666666612,-1.0,0
KE003,Kilifi,2016-03,59.59225533333333,24.105211,84.0,39.0,0,0,0.2026,Medium,1453762,2016-03-01,False,2016,152.9,25.51,54.94,0.0,-41.37645883333333,0.0,0
KE003,Kilifi,2016-05,58.229671,46.165344,86.0,38.0,0,0,0.2026,Medium,1453762,2016-05-01,False,2016,152.9,24.85,56.25,-2.58722069776558,-1.3625843333333236,0.0,0
KE003,Kilifi,2016-06,81.89129833333332,68.1762,83.0,44.0,0,0,0.2026,Medium,1453762,2016-06-01,False,2016,152.9,28.78,54.28,15.81488933601609,23.66162733333332,0.0,0
KE003,Kilifi,2016-07,78.76273766666667,63.893692,89.0,40.0,0,0,0.2026,Medium,1453762,2016-07-01,False,2016,152.9,26.16,58.21,-9.10354412786658,-3.128560666666658,0.0,0
KE003,Kilifi,2016-08,109.13103483333332,101.48146,88.0,39.0,0,0,0.2026,Medium,1453762,2016-08-01,False,2016,152.9,25.51,57.55,-2.4847094801223157,30.36829716666665,0.0,0
KE003,Kilifi,2016-09,68.75621883333334,52.36487,88.0,42.0,0,0,0.2026,Medium,1453762,2016-09-01,False,2016,152.9,27.47,57.55,7.683261466091729,-40.37481599999998,0.0,0
KE003,Kilifi,2016-10,50.56717883333334,21.651669,92.0,42.0,0,0,0.2026,Medium,1453762,2016-10-01,False,2016,152.9,27.47,60.17,0.0,-18.18904,0.0,0
KE003,Kilifi,2016-11,64.13427783333334,33.44146,92.0,42.0,0,0,0.2026,Medium,1453762,2016-11-01,False,2016,152.9,27.47,60.17,0.0,13.567099000000006,0.0,0
KE003,Kilifi,2016-12,74.18510766666667,56.408154,96.0,43.0,0,0,0.2026,Medium,1453762,2016-12-01,False,2016,152.9,28.12,62.79,2.3662176920276723,10.050829833333324,0.0,0
KE003,Kilifi,2017-01,94.23844683333334,71.632126,98.0,40.0,0,0,0.2026,Medium,1453762,2017-01-01,False,2017,162.0,24.69,60.49,-12.197724039829305,20.053339166666674,0.0,0
KE003,Kilifi,2017-02,116.2256,92.14451,100.0,48.0,0,0,0.2026,Medium,1453762,2017-02-01,False,2017,162.0,29.63,61.73,20.0081004455245,21.98715316666666,0.0,0
KE003,Kilifi,2017-03,65.08597033333334,47.71936,120.0,58.0,0,0,0.2026,Medium,1453762,2017-03-01,False,2017,162.0,35.8,74.07,20.823489706378663,-51.139629666666664,0.0,0
KE003,Kilifi,2017-04,86.10579233333333,60.34122,117.3,60.0,0,0,0.2026,Medium,1453762,2017-04-01,False,2017,162.0,37.04,72.41,3.463687150838002,21.01982199999999,0.0,0
KE003,Kilifi,2017-05,138.70290333333332,88.55144,124.1,87.9,0,0,0.2026,Medium,1453762,2017-05-01,False,2017,162.0,54.26,76.6,46.490280777537784,52.597111,0.0,0
KE003,Kilifi,2017-06,86.21848066666666,80.61748,121.3,57.9,0,0,0.2026,Medium,1453762,2017-06-01,False,2017,162.0,35.74,74.88,-34.131957242904534,-52.48442266666666,0.0,0
KE003,Kilifi,2017-07,77.1974175,68.13571,125.3,60.6,0,0,0.2026,Medium,1453762,2017-07-01,False,2017,162.0,37.41,77.35,4.6726357022943255,-9.021063166666664,0.0,0
KE003,Kilifi,2017-08,118.819454,106.7223,114.8,47.8,0,0,0.2026,Medium,1453762,2017-08-01,False,2017,162.0,29.51,70.86,-21.117348302592877,41.62203649999999,0.0,0
KE003,Kilifi,2017-09,127.0212525,62.98077,112.8,46.0,0,0,0.2026,Medium,1453762,2017-09-01,False,2017,162.0,28.4,69.63,-3.7614368010843835,8.20179850000001,0.0,0
KE003,Kilifi,2017-10,56.64262216666666,30.271479,107.6,39.2,0,0,0.2026,Medium,1453762,2017-10-01,False,2017,162.0,24.2,66.42,-14.7887323943662,-70.37863033333335,0.0,0
KE003,Kilifi,2017-11,131.66069683333333,74.94651,115.5,62.6,0,0,0.2026,Medium,1453762,2017-11-01,False,2017,162.0,38.64,71.3,59.6694214876033,75.01807466666668,0.0,0
KE003,Kilifi,2017-12,66.58919833333333,35.42141,114.3,46.3,0,0,0.2026,Medium,1453762,2017-12-01,False,2017,162.0,28.58,70.56,-26.03519668737061,-65.0714985,0.0,0
KE003,Kilifi,2018-01,64.37725833333333,50.620686,112.6,47.8,0,0,0.2026,Medium,1453762,2018-01-01,False,2018,168.7,28.33,66.75,-0.8747375787263811,-2.2119399999999985,0.0,0
KE003,Kilifi,2018-02,96.98448666666668,84.48808,108.3,48.2,0,0,0.2026,Medium,1453762,2018-02-01,False,2018,168.7,28.57,64.2,0.8471584892340456,32.60722833333335,0.0,0
KE003,Kilifi,2018-03,189.322026,85.46708,104.52,47.5,1,0,0.2026,Medium,1453762,2018-03-01,False,2018,168.7,28.16,61.96,-1.43507175358768,92.33753933333331,1.0,0
KE003,Kilifi,2018-04,168.90145333333334,97.47759,101.2,45.3,2,0,0.2026,Medium,1453762,2018-04-01,False,2018,168.7,26.85,59.99,-4.651988636363635,-20.420572666666658,1.0,0
KE003,Kilifi,2018-05,128.26907666666668,64.01915,99.5,43.7,0,0,0.2026,Medium,1453762,2018-05-01,False,2018,168.7,25.9,58.98,-3.5381750465549477,-40.63237666666666,-2.0,0
KE003,Kilifi,2018-06,124.63588666666664,82.1884,100.8,42.5,0,0,0.2026,Medium,1453762,2018-06-01,False,2018,168.7,25.19,59.75,-2.741312741312729,-3.6331900000000417,0.0,0
KE003,Kilifi,2018-07,182.36629833333333,161.26314,92.6,39.6,0,0,0.2026,Medium,1453762,2018-07-01,False,2018,168.7,23.47,54.89,-6.828106391425182,57.7304116666667,0.0,0
KE003,Kilifi,2018-08,105.879641,84.65847,90.2,39.9,0,0,0.2026,Medium,1453762,2018-08-01,False,2018,168.7,23.65,53.47,0.7669365146996121,-76.48665733333333,0.0,0
KE003,Kilifi,2018-09,146.06348583333332,72.09359,79.8,41.6,0,0,0.2026,Medium,1453762,2018-09-01,False,2018,168.7,24.66,47.3,4.2706131078224185,40.18384483333331,0.0,0
KE003,Kilifi,2018-10,155.02638583333334,58.36632,70.5,37.8,1,0,0.2026,Medium,1453762,2018-10-01,False,2018,168.7,22.41,41.79,-9.12408759124087,8.962900000000019,1.0,0
KE003,Kilifi,2018-11,60.605934,28.630226,80.0,38.9,1,0,0.2026,Medium,1453762,2018-11-01,False,2018,168.7,23.06,47.42,2.9004908522980655,-94.42045183333335,0.0,0
KE003,Kilifi,2018-12,135.919071,54.24046,75.2,39.5,0,0,0.2026,Medium,1453762,2018-12-01,False,2018,168.7,23.41,44.58,1.5177797051170838,75.31313700000001,-1.0,0
KE003,Kilifi,2019-01,120.48192233333332,87.66846,76.0,41.1,0,0,0.2026,Medium,1453762,2019-01-01,False,2019,175.7,23.39,43.26,-0.08543357539513297,-15.437148666666687,0.0,0
KE003,Kilifi,2019-02,87.37037166666666,81.60958,74.5,41.1,0,0,0.2026,Medium,1453762,2019-02-01,False,2019,175.7,23.39,42.4,0.0,-33.11155066666666,0.0,0
KE003,Kilifi,2019-03,41.25140316666667,38.32009,76.0,37.3,0,0,0.2026,Medium,1453762,2019-03-01,False,2019,175.7,21.23,43.26,-9.234715690466011,-46.11896849999999,0.0,0
KE003,Kilifi,2019-04,53.109417,43.251,85.2,45.1,0,0,0.2026,Medium,1453762,2019-04-01,False,2019,175.7,25.67,48.49,20.91380122468205,11.858013833333331,0.0,0
KE003,Kilifi,2019-05,151.561549,69.52575,97.5,49.1,0,0,0.2026,Medium,1453762,2019-05-01,False,2019,175.7,27.95,55.49,8.881963381379032,98.452132,0.0,0
KE003,Kilifi,2019-06,86.61392283333333,55.91592,103.8,45.0,0,0,0.2026,Medium,1453762,2019-06-01,False,2019,175.7,25.61,59.08,-8.372093023255811,-64.94762616666668,0.0,0
KE003,Kilifi,2019-07,134.097155,105.98238,119.0,47.9,0,0,0.2026,Medium,1453762,2019-07-01,False,2019,175.7,27.26,67.73,6.442795782897304,47.48323216666665,0.0,0
KE003,Kilifi,2019-08,96.78374016666668,74.24395,115.0,47.2,0,0,0.2026,Medium,1453762,2019-08-01,False,2019,175.7,26.86,65.45,-1.4673514306676516,-37.31341483333331,0.0,0
KE003,Kilifi,2019-09,140.99856916666667,82.787735,102.1,45.5,0,0,0.2026,Medium,1453762,2019-09-01,False,2019,175.7,25.9,58.11,-3.5740878629933026,44.214828999999995,0.0,0
KE003,Kilifi,2019-10,321.39738500000004,156.4055,107.9,47.9,0,0,0.2026,Medium,1453762,2019-10-01,False,2019,175.7,27.26,61.41,5.250965250965267,180.39881583333337,0.0,0
KE003,Kilifi,2019-11,153.17371166666666,64.54209,113.2,45.5,0,0,0.2026,Medium,1453762,2019-11-01,False,2019,175.7,25.9,64.43,-4.988994864270002,-168.22367333333338,0.0,0
KE003,Kilifi,2019-12,190.85098166666668,105.53212,105.9,47.3,1,1,0.2026,Medium,1453762,2019-12-01,False,2019,175.7,26.92,60.27,3.9382239382239614,37.67727000000002,1.0,0
KE003,Kilifi,2020-01,194.0151,109.50319,107.0,46.9,0,0,0.2026,Medium,1453762,2020-01-01,False,2020,182.8,25.66,58.53,-4.68053491827638,3.164118333333306,-1.0,0
KE003,Kilifi,2020-02,104.3947895,95.30322,103.5,45.7,1,1,0.2026,Medium,1453762,2020-02-01,False,2020,182.8,25.0,56.62,-2.5720966484801266,-89.62031049999999,1.0,0
KE003,Kilifi,2020-03,130.08265666666668,87.82076,104.1,41.9,0,0,0.2026,Medium,1453762,2020-03-01,False,2020,182.8,22.92,56.95,-8.319999999999993,25.687867166666678,-1.0,0
KE003,Kilifi,2020-04,232.04405666666665,160.21204,106.0,49.6,0,0,0.2026,Medium,1453762,2020-04-01,False,2020,182.8,27.13,57.99,18.368237347294937,101.96139999999997,0.0,0
KE003,Kilifi,2020-05,72.39772833333333,40.06871,99.3,44.8,0,0,0.2026,Medium,1453762,2020-05-01,False,2020,182.8,24.51,54.32,-9.657206044968659,-159.64632833333332,0.0,0
KE003,Kilifi,2020-06,122.70816066666669,79.443954,107.3,43.7,0,0,0.2026,Medium,1453762,2020-06-01,False,2020,182.8,23.91,58.7,-2.447980416156681,50.31043233333335,0.0,0
KE003,Kilifi,2020-07,154.50066333333334,127.41665,106.6,44.3,0,0,0.2026,Medium,1453762,2020-07-01,False,2020,182.8,24.23,58.32,1.3383521539104937,31.79250266666665,0.0,0
KE003,Kilifi,2020-08,74.5353825,63.23416,106.4,41.7,0,0,0.2026,Medium,1453762,2020-08-01,False,2020,182.8,22.81,58.21,-5.860503508047876,-79.96528083333334,0.0,0
KE003,Kilifi,2020-09,107.67833333333331,89.49454,104.5,38.1,0,0,0.2026,Medium,1453762,2020-09-01,False,2020,182.8,20.84,57.17,-8.636562911003942,33.142950833333316,0.0,0
KE003,Kilifi,2020-10,44.83900583333334,30.165873,105.9,41.9,0,0,0.2026,Medium,1453762,2020-10-01,False,2020,182.8,22.92,57.93,9.98080614203456,-62.839327499999975,0.0,0
KE003,Kilifi,2020-11,128.67878483333334,69.096375,103.9,39.9,0,0,0.2026,Medium,1453762,2020-11-01,False,2020,182.8,21.83,56.84,-4.755671902268777,83.839779,0.0,0
KE003,Kilifi,2020-12,78.33270566666666,43.89393,106.3,37.6,0,0,0.2026,Medium,1453762,2020-12-01,False,2020,182.8,20.57,58.15,-5.771873568483732,-50.346079166666684,0.0,0
KE003,Kilifi,2025-03,103.52987833333331,52.20661,128.0,37.6,0,0,0.2026,Medium,1453762,2025-03-01,False,2025,272.0,13.82,47.06,-32.81477880408362,25.19717266666666,0.0,0
KE015,Kitui,2009-01,101.57343333333334,60.63708,65.0,30.0,0,0,0.151,Medium,1136154,2009-01-01,False,2009,95.8,31.32,67.85,-6.674612634088206,66.90512566666666,0.0,0
KE015,Kitui,2009-02,85.87733250000001,62.683765,65.0,35.0,0,0,0.151,Medium,1136154,2009-02-01,False,2009,95.8,36.53,67.85,16.63473818646233,-15.696100833333333,0.0,0
KE015,Kitui,2009-03,43.43520433333333,33.23597,65.0,35.0,0,0,0.151,Medium,1136154,2009-03-01,False,2009,95.8,36.53,67.85,0.0,-42.44212816666668,0.0,0
KE015,Kitui,2009-04,57.09271016666667,42.422302,70.0,35.0,0,0,0.151,Medium,1136154,2009-04-01,False,2009,95.8,36.53,73.07,0.0,13.657505833333339,0.0,0
KE015,Kitui,2009-05,80.4783855,51.406975,75.0,36.0,0,0,0.151,Medium,1136154,2009-05-01,False,2009,95.8,37.58,78.29,2.8743498494388176,23.38567533333333,0.0,0
KE015,Kitui,2009-06,98.688901,93.11448,80.0,36.0,0,0,0.151,Medium,1136154,2009-06-01,False,2009,95.8,37.58,83.51,0.0,18.2105155,0.0,0
KE015,Kitui,2009-07,87.86196066666668,84.55997,70.0,33.0,0,0,0.151,Medium,1136154,2009-07-01,False,2009,95.8,34.45,73.07,-8.328898350186254,-10.826940333333326,0.0,0
KE015,Kitui,2009-08,89.07470666666667,83.42659,60.0,30.0,0,0,0.151,Medium,1136154,2009-08-01,False,2009,95.8,31.32,62.63,-9.085631349782297,1.2127459999999957,0.0,0
KE015,Kitui,2009-09,91.841609,81.18898,60.0,30.0,0,0,0.151,Medium,1136154,2009-09-01,False,2009,95.8,31.32,62.63,0.0,2.7669023333333342,0.0,0
KE015,Kitui,2009-10,175.27798266666665,91.30032,60.0,30.0,0,0,0.151,Medium,1136154,2009-10-01,False,2009,95.8,31.32,62.63,0.0,83.43637366666664,0.0,0
KE015,Kitui,2009-11,56.807845166666674,27.35225,60.0,30.0,0,0,0.151,Medium,1136154,2009-11-01,False,2009,95.8,31.32,62.63,0.0,-118.47013749999996,0.0,0
KE015,Kitui,2009-12,124.81858416666668,48.20527,60.0,30.0,0,0,0.151,Medium,1136154,2009-12-01,False,2009,95.8,31.32,62.63,0.0,68.010739,0.0,0
KE015,Kitui,2010-01,78.4554555,56.623543,60.0,30.0,0,0,0.151,Medium,1136154,2010-01-01,False,2010,100.0,30.0,60.0,-4.214559386973182,-46.36312866666668,0.0,0
KE015,Kitui,2010-02,136.256599,70.91198,50.0,20.0,0,0,0.151,Medium,1136154,2010-02-01,False,2010,100.0,20.0,50.0,-33.333333333333336,57.801143499999995,0.0,0
KE015,Kitui,2010-03,237.561,88.24759,50.0,16.0,0,0,0.151,Medium,1136154,2010-03-01,False,2010,100.0,16.0,50.0,-19.999999999999996,101.30440100000001,0.0,0
KE015,Kitui,2010-04,97.08024333333331,38.18988,45.0,13.0,0,0,0.151,Medium,1136154,2010-04-01,False,2010,100.0,13.0,45.0,-18.75,-140.4807566666667,0.0,0
KE015,Kitui,2010-05,84.24927166666667,73.27217,45.0,13.0,0,0,0.151,Medium,1136154,2010-05-01,False,2010,100.0,13.0,45.0,0.0,-12.830971666666642,0.0,0
KE015,Kitui,2010-06,97.55563833333332,93.8115,40.0,6.0,0,0,0.151,Medium,1136154,2010-06-01,False,2010,100.0,6.0,40.0,-53.84615384615385,13.306366666666648,0.0,0
KE015,Kitui,2010-07,98.32072483333332,91.172264,45.0,15.0,0,0,0.151,Medium,1136154,2010-07-01,False,2010,100.0,15.0,45.0,150.0,0.7650864999999953,0.0,0
KE015,Kitui,2010-08,93.151145,88.61088,50.0,13.0,0,0,0.151,Medium,1136154,2010-08-01,False,2010,100.0,13.0,50.0,-13.33333333333333,-5.169579833333316,0.0,0
KE015,Kitui,2010-09,103.76662666666668,88.73868,50.0,13.0,0,0,0.151,Medium,1136154,2010-09-01,False,2010,100.0,13.0,50.0,0.0,10.615481666666682,0.0,0
KE015,Kitui,2010-10,64.58174966666667,42.272743,60.0,14.0,0,0,0.151,Medium,1136154,2010-10-01,False,2010,100.0,14.0,60.0,7.692307692307687,-39.184877000000014,0.0,0
KE015,Kitui,2010-11,77.81968450000001,39.307896,60.0,18.0,0,0,0.151,Medium,1136154,2010-11-01,False,2010,100.0,18.0,60.0,28.57142857142858,13.237934833333341,0.0,0
KE015,Kitui,2010-12,53.26378583333334,34.936398,60.0,16.0,0,0,0.151,Medium,1136154,2010-12-01,False,2010,100.0,16.0,60.0,-11.111111111111116,-24.55589866666667,0.0,0
KE015,Kitui,2011-01,84.753159,58.021362,60.0,17.0,0,0,0.151,Medium,1136154,2011-01-01,False,2011,114.0,14.91,52.63,-6.812499999999999,31.48937316666666,0.0,0
KE015,Kitui,2011-02,110.8752775,74.325455,70.0,17.0,0,0,0.151,Medium,1136154,2011-02-01,False,2011,114.0,14.91,61.4,0.0,26.1221185,0.0,0
KE015,Kitui,2011-03,81.79379516666667,50.179966,70.0,22.0,0,0,0.151,Medium,1136154,2011-03-01,False,2011,114.0,19.3,61.4,29.443326626425215,-29.081482333333327,0.0,0
KE015,Kitui,2011-04,58.0437935,26.359013,80.0,30.0,1,0,0.151,Medium,1136154,2011-04-01,False,2011,114.0,26.32,70.18,36.373056994818654,-23.75000166666667,1.0,0
KE015,Kitui,2011-05,96.34769233333331,51.98931,85.0,45.0,0,0,0.151,Medium,1136154,2011-05-01,False,2011,114.0,39.47,74.56,49.96200607902735,38.303898833333314,-1.0,0
KE015,Kitui,2011-06,98.0221225,94.62448,85.0,46.0,0,0,0.151,Medium,1136154,2011-06-01,False,2011,114.0,40.35,74.56,2.2295414238662437,1.6744301666666814,0.0,0
KE015,Kitui,2011-07,90.9878815,86.3295,85.0,45.0,0,0,0.151,Medium,1136154,2011-07-01,False,2011,114.0,39.47,74.56,-2.1809169764560155,-7.034240999999994,0.0,0
KE015,Kitui,2011-08,92.0316045,89.149925,86.0,39.0,0,0,0.151,Medium,1136154,2011-08-01,False,2011,114.0,34.21,75.44,-13.326577147200403,1.043723,0.0,0
KE015,Kitui,2011-09,102.23175683333334,92.92857,75.0,41.0,0,0,0.151,Medium,1136154,2011-09-01,False,2011,114.0,35.96,65.79,5.115463314820223,10.200152333333335,0.0,0
KE015,Kitui,2011-10,155.17569333333333,68.50901,77.47,40.62,0,0,0.151,Medium,1136154,2011-10-01,False,2011,114.0,35.63,67.96,-0.91768631813125,52.94393649999999,0.0,0
KE015,Kitui,2011-11,116.417139,87.31295,76.53,41.63,0,0,0.151,Medium,1136154,2011-11-01,False,2011,114.0,36.52,67.13,2.497895032276176,-38.75855433333332,0.0,0
KE015,Kitui,2011-12,67.1230225,29.40318,96.27,42.55,0,0,0.151,Medium,1136154,2011-12-01,False,2011,114.0,37.32,84.45,2.190580503833517,-49.2941165,0.0,0
KE015,Kitui,2012-01,62.191744666666665,52.26481,72.0,42.0,0,0,0.151,Medium,1136154,2012-01-01,False,2012,124.5,33.73,57.83,-9.61950696677386,-4.93127783333334,0.0,0
KE015,Kitui,2012-02,97.73255833333332,73.307045,72.0,38.0,0,0,0.151,Medium,1136154,2012-02-01,False,2012,124.5,30.52,57.83,-9.516750667061958,35.54081366666665,0.0,0
KE015,Kitui,2012-03,58.0957835,24.863543,74.31,37.0,0,0,0.151,Medium,1136154,2012-03-01,False,2012,124.5,29.72,59.69,-2.6212319790301475,-39.63677483333331,0.0,0
KE015,Kitui,2012-04,113.94486833333332,41.12585,78.35,37.0,0,0,0.151,Medium,1136154,2012-04-01,False,2012,124.5,29.72,62.93,0.0,55.849084833333315,0.0,0
KE015,Kitui,2012-05,89.57995816666666,81.027756,77.86,41.0,0,0,0.151,Medium,1136154,2012-05-01,False,2012,124.5,32.93,62.54,10.800807537012114,-24.36491016666666,0.0,0
KE015,Kitui,2012-06,99.00146833333334,95.4297,83.0,41.0,0,0,0.151,Medium,1136154,2012-06-01,False,2012,124.5,32.93,66.67,0.0,9.421510166666678,0.0,0
KE015,Kitui,2012-07,95.00900416666668,89.78458,82.0,41.0,0,0,0.151,Medium,1136154,2012-07-01,False,2012,124.5,32.93,65.86,0.0,-3.9924641666666503,0.0,0
KE015,Kitui,2012-08,104.41420433333332,90.414856,81.0,42.0,0,0,0.151,Medium,1136154,2012-08-01,False,2012,124.5,33.73,65.06,2.4293956878226552,9.405200166666631,0.0,0
KE015,Kitui,2012-09,92.48954916666666,82.21668,84.0,40.0,0,0,0.151,Medium,1136154,2012-09-01,False,2012,124.5,32.13,67.47,-4.743551734361084,-11.924655166666653,0.0,0
KE015,Kitui,2012-10,91.87317316666667,40.876873,80.0,40.0,0,0,0.151,Medium,1136154,2012-10-01,False,2012,124.5,32.13,64.26,0.0,-0.6163759999999883,0.0,0
KE015,Kitui,2012-11,96.697071,37.226624,81.0,39.0,0,0,0.151,Medium,1136154,2012-11-01,False,2012,124.5,31.33,65.06,-2.489884842826029,4.823897833333319,0.0,0
KE015,Kitui,2012-12,120.8840745,43.99126,77.0,37.0,0,0,0.151,Medium,1136154,2012-12-01,False,2012,124.5,29.72,61.85,-5.138844557931699,24.187003500000003,0.0,0
KE015,Kitui,2013-01,79.09379433333334,60.151596,60.0,37.0,0,0,0.151,Medium,1136154,2013-01-01,False,2013,132.9,27.84,45.15,-6.3257065948855935,-41.79028016666666,0.0,0
KE015,Kitui,2013-02,80.31511266666666,67.782936,65.6,33.0,0,0,0.151,Medium,1136154,2013-02-01,False,2013,132.9,24.83,49.36,-10.811781609195403,1.221318333333329,0.0,0
KE015,Kitui,2013-03,148.81803833333333,53.7771,67.0,30.0,0,0,0.151,Medium,1136154,2013-03-01,False,2013,132.9,22.57,50.41,-9.101892871526374,68.50292566666667,0.0,0
KE015,Kitui,2013-04,106.7678475,33.089725,73.0,34.0,0,0,0.151,Medium,1136154,2013-04-01,False,2013,132.9,25.58,54.93,13.336287106778899,-42.05019083333333,0.0,0
KE015,Kitui,2013-05,61.92762183333334,32.71461,76.0,31.0,0,0,0.151,Medium,1136154,2013-05-01,False,2013,132.9,23.33,57.19,-8.79593432369038,-44.84022566666666,0.0,0
KE015,Kitui,2013-06,96.89699266666666,90.53139,75.0,33.0,0,0,0.151,Medium,1136154,2013-06-01,False,2013,132.9,24.83,56.43,6.429489927132459,34.96937083333332,0.0,0
KE015,Kitui,2013-07,99.6906265,90.05163,71.0,32.0,1,3,0.151,Medium,1136154,2013-07-01,False,2013,132.9,24.08,53.42,-3.0205396697543296,2.793633833333331,1.0,0
KE015,Kitui,2013-08,97.00243333333331,94.111626,74.0,33.0,0,0,0.151,Medium,1136154,2013-08-01,False,2013,132.9,24.83,55.68,3.114617940199338,-2.6881931666666787,-1.0,0
KE015,Kitui,2013-09,121.07575033333336,97.574326,78.0,34.0,0,0,0.151,Medium,1136154,2013-09-01,False,2013,132.9,25.58,58.69,3.0205396697543296,24.073317000000046,0.0,0
KE015,Kitui,2013-10,74.576582,30.176777,77.0,37.0,0,0,0.151,Medium,1136154,2013-10-01,False,2013,132.9,27.84,57.94,8.835027365129022,-46.49916833333336,0.0,0
KE015,Kitui,2013-11,77.217106,23.550934,78.0,38.0,0,0,0.151,Medium,1136154,2013-11-01,False,2013,132.9,28.59,58.69,2.69396551724137,2.640523999999999,0.0,0
KE015,Kitui,2013-12,83.7878185,39.632004,73.0,38.0,0,0,0.151,Medium,1136154,2013-12-01,False,2013,132.9,28.59,54.93,0.0,6.570712499999999,0.0,0
KE015,Kitui,2014-01,57.328202000000005,46.458706,74.0,37.0,0,0,0.151,Medium,1136154,2014-01-01,False,2014,140.7,26.3,52.59,-8.009793634137807,-26.459616499999996,0.0,0
KE015,Kitui,2014-02,107.34236233333333,69.79589,78.75,35.0,0,0,0.151,Medium,1136154,2014-02-01,False,2014,140.7,24.88,55.97,-5.399239543726242,50.01416033333332,0.0,0
KE015,Kitui,2014-03,150.21955466666668,40.771,79.0,36.0,0,0,0.151,Medium,1136154,2014-03-01,False,2014,140.7,25.59,56.15,2.853697749196149,42.877192333333355,0.0,0
KE015,Kitui,2014-04,72.87503383333333,49.296173,80.0,36.0,0,0,0.151,Medium,1136154,2014-04-01,False,2014,140.7,25.59,56.86,0.0,-77.34452083333335,0.0,0
KE015,Kitui,2014-05,70.48318033333334,40.272366,81.0,37.0,0,0,0.151,Medium,1136154,2014-05-01,False,2014,140.7,26.3,57.57,2.7745212973817823,-2.3918534999999963,0.0,0
KE015,Kitui,2014-06,106.83658166666667,102.2603,81.0,38.0,0,0,0.151,Medium,1136154,2014-06-01,False,2014,140.7,27.01,57.57,2.6996197718631265,36.35340133333334,0.0,0
KE015,Kitui,2014-07,101.178521,91.35912,77.0,39.0,0,0,0.151,Medium,1136154,2014-07-01,False,2014,140.7,27.72,54.73,2.6286560533135717,-5.658060666666671,0.0,0
KE015,Kitui,2014-08,106.567725,99.70449,75.0,36.0,0,0,0.151,Medium,1136154,2014-08-01,False,2014,140.7,25.59,53.3,-7.683982683982682,5.389203999999992,0.0,0
KE015,Kitui,2014-09,101.23821183333332,89.001755,72.5,34.0,0,0,0.151,Medium,1136154,2014-09-01,False,2014,140.7,24.16,51.53,-5.588120359515436,-5.329513166666672,0.0,0
KE015,Kitui,2014-10,76.43338433333334,43.010666,72.5,32.0,0,0,0.151,Medium,1136154,2014-10-01,False,2014,140.7,22.74,51.53,-5.87748344370862,-24.804827499999988,0.0,0
KE015,Kitui,2014-11,82.935315,53.88173,76.0,32.0,0,0,0.151,Medium,1136154,2014-11-01,False,2014,140.7,22.74,54.02,0.0,6.5019306666666665,0.0,0
KE015,Kitui,2014-12,74.78793383333334,46.05534,66.0,30.0,0,0,0.151,Medium,1136154,2014-12-01,False,2014,140.7,21.32,46.91,-6.2445030782761535,-8.147381166666662,0.0,0
KE015,Kitui,2015-01,61.94327183333333,46.508247,69.0,29.0,0,0,0.151,Medium,1136154,2015-01-01,False,2015,147.3,19.69,46.84,-7.645403377110693,-12.844662000000014,0.0,0
KE015,Kitui,2015-02,80.00406916666667,70.23275,71.0,29.0,0,0,0.151,Medium,1136154,2015-02-01,False,2015,147.3,19.69,48.2,0.0,18.06079733333334,0.0,0
KE015,Kitui,2015-03,58.7205145,34.18191,75.0,30.0,0,0,0.151,Medium,1136154,2015-03-01,False,2015,147.3,20.37,50.92,3.453529710512959,-21.283554666666667,0.0,0
KE015,Kitui,2015-04,140.00693333333334,85.51427,86.0,33.0,0,0,0.151,Medium,1136154,2015-04-01,False,2015,147.3,22.4,58.38,9.965635738831601,81.28641883333333,0.0,0
KE015,Kitui,2015-05,126.23524916666666,70.70837,90.0,37.0,3,5,0.151,Medium,1136154,2015-05-01,False,2015,147.3,25.12,61.1,12.142857142857144,-13.771684166666674,3.0,0
KE015,Kitui,2015-06,96.58265133333332,92.74546,91.0,35.0,0,0,0.151,Medium,1136154,2015-06-01,False,2015,147.3,23.76,61.78,-5.414012738853502,-29.652597833333346,-3.0,0
KE015,Kitui,2015-07,113.90705916666668,105.99519,79.0,37.0,0,0,0.151,Medium,1136154,2015-07-01,False,2015,147.3,25.12,53.63,5.723905723905731,17.324407833333368,0.0,0
KE015,Kitui,2015-08,99.66558416666668,89.90708,78.0,36.0,0,0,0.151,Medium,1136154,2015-08-01,False,2015,147.3,24.44,52.95,-2.7070063694267454,-14.241475000000008,0.0,0
KE015,Kitui,2015-09,98.92157916666667,85.53697,74.0,33.0,1,1,0.151,Medium,1136154,2015-09-01,False,2015,147.3,22.4,50.24,-8.346972176759426,-0.7440050000000014,1.0,0
KE015,Kitui,2015-10,109.859561,57.635696,79.0,34.0,0,0,0.151,Medium,1136154,2015-10-01,False,2015,147.3,23.08,53.63,3.035714285714275,10.937981833333325,-1.0,0
KE015,Kitui,2015-11,139.97832566666668,97.605774,78.0,33.0,0,0,0.151,Medium,1136154,2015-11-01,False,2015,147.3,22.4,52.95,-2.9462738301559765,30.118764666666678,0.0,0
KE015,Kitui,2015-12,140.85988533333332,42.474957,77.0,33.0,0,0,0.151,Medium,1136154,2015-12-01,False,2015,147.3,22.4,52.27,0.0,0.8815596666666465,0.0,0
KE015,Kitui,2016-01,126.66911,99.52338,73.0,31.0,0,0,0.151,Medium,1136154,2016-01-01,False,2016,152.9,20.27,47.74,-9.508928571428566,-14.19077533333332,0.0,0
KE015,Kitui,2016-02,90.41564266666668,69.04485,74.0,31.0,0,0,0.151,Medium,1136154,2016-02-01,False,2016,152.9,20.27,48.4,0.0,-36.25346733333332,0.0,0
KE015,Kitui,2016-03,65.203513,22.637526,72.0,29.0,0,0,0.151,Medium,1136154,2016-03-01,False,2016,152.9,18.97,47.09,-6.413418845584607,-25.212129666666684,0.0,0
KE015,Kitui,2016-04,124.17755666666666,71.53333,71.0,29.0,0,0,0.151,Medium,1136154,2016-04-01,False,2016,152.9,18.97,46.44,0.0,58.97404366666666,0.0,0
KE015,Kitui,2016-05,91.60452616666667,54.736362,72.0,28.0,0,0,0.151,Medium,1136154,2016-05-01,False,2016,152.9,18.31,47.09,-3.4791776489193516,-32.57303049999999,0.0,0
KE015,Kitui,2016-06,99.29639166666668,97.50164,73.0,28.0,0,0,0.151,Medium,1136154,2016-06-01,False,2016,152.9,18.31,47.74,0.0,7.691865500000006,0.0,0
KE015,Kitui,2016-07,98.055309,96.215164,75.0,31.0,0,0,0.151,Medium,1136154,2016-07-01,False,2016,152.9,20.27,49.05,10.704533042053521,-1.241082666666685,0.0,0
KE015,Kitui,2016-08,103.36144833333331,93.886925,78.0,33.0,0,0,0.151,Medium,1136154,2016-08-01,False,2016,152.9,21.58,51.01,6.462752836704477,5.30613933333332,0.0,0
KE015,Kitui,2016-09,98.6486,94.03533,73.0,34.0,0,0,0.151,Medium,1136154,2016-09-01,False,2016,152.9,22.24,47.74,3.0583873957367835,-4.712848333333312,0.0,0
KE015,Kitui,2016-10,70.98261783333334,26.392025,77.5,34.0,0,0,0.151,Medium,1136154,2016-10-01,False,2016,152.9,22.24,50.69,0.0,-27.665982166666666,0.0,0
KE015,Kitui,2016-11,109.05128733333332,64.52035,77.5,35.0,0,0,0.151,Medium,1136154,2016-11-01,False,2016,152.9,22.89,50.69,2.9226618705036067,38.068669499999984,0.0,0
KE015,Kitui,2016-12,49.821006,33.00879,76.5,35.0,3,6,0.151,Medium,1136154,2016-12-01,False,2016,152.9,22.89,50.03,0.0,-59.23028133333332,3.0,0
KE015,Kitui,2017-01,68.26767483333333,56.840904,79.0,38.0,1,1,0.151,Medium,1136154,2017-01-01,False,2017,162.0,23.46,48.77,2.490170380078638,18.446668833333334,-2.0,0
KE015,Kitui,2017-02,109.45024233333334,78.77964,86.0,48.0,2,5,0.151,Medium,1136154,2017-02-01,False,2017,162.0,29.63,53.09,26.3000852514919,41.182567500000005,1.0,0
KE015,Kitui,2017-03,33.22290316666667,24.390982,91.2,46.2,0,0,0.151,Medium,1136154,2017-03-01,False,2017,162.0,28.52,56.3,-3.7462031724603384,-76.22733916666667,-2.0,0
KE015,Kitui,2017-04,82.39881,44.10542,93.0,54.0,1,0,0.151,Medium,1136154,2017-04-01,False,2017,162.0,33.33,57.41,16.86535764375876,49.17590683333333,1.0,0
KE015,Kitui,2017-05,115.39971416666668,84.39172,89.0,58.0,1,2,0.151,Medium,1136154,2017-05-01,False,2017,162.0,35.8,54.94,7.410741074107419,33.000904166666686,0.0,0
KE015,Kitui,2017-06,97.289305,88.72731,91.0,58.0,1,2,0.151,Medium,1136154,2017-06-01,False,2017,162.0,35.8,56.17,0.0,-18.110409166666685,0.0,0
KE015,Kitui,2017-07,106.42773816666666,95.12919,92.0,58.0,0,0,0.151,Medium,1136154,2017-07-01,False,2017,162.0,35.8,56.79,0.0,9.138433166666658,-1.0,0
KE015,Kitui,2017-08,116.6733925,106.19577,83.0,45.0,0,0,0.151,Medium,1136154,2017-08-01,False,2017,162.0,27.78,51.23,-22.402234636871498,10.245654333333349,0.0,0
KE015,Kitui,2017-09,102.697337,98.28497,80.0,41.0,1,3,0.151,Medium,1136154,2017-09-01,False,2017,162.0,25.31,49.38,-8.891288696904255,-13.976055500000001,1.0,0
KE015,Kitui,2017-10,106.9746525,78.87236,89.0,37.0,0,0,0.151,Medium,1136154,2017-10-01,False,2017,162.0,22.84,54.94,-9.758988542078228,4.2773155,-1.0,0
KE015,Kitui,2017-11,78.61037850000001,31.286451,83.0,37.0,1,1,0.151,Medium,1136154,2017-11-01,False,2017,162.0,22.84,51.23,0.0,-28.364273999999995,1.0,0
KE015,Kitui,2017-12,33.4787665,22.468325,82.0,35.0,0,0,0.151,Medium,1136154,2017-12-01,False,2017,162.0,21.6,50.62,-5.429071803852881,-45.13161200000001,-1.0,0
KE015,Kitui,2018-01,64.84131983333333,53.428753,79.1,36.9,0,0,0.151,Medium,1136154,2018-01-01,False,2018,168.7,21.87,46.89,1.2499999999999956,31.36255333333333,0.0,0
KE015,Kitui,2018-02,75.0514615,68.521225,80.0,36.0,0,0,0.151,Medium,1136154,2018-02-01,False,2018,168.7,21.34,47.42,-2.4234110653863827,10.210141666666672,0.0,0
KE015,Kitui,2018-03,271.084975,75.67607,82.0,34.0,0,0,0.151,Medium,1136154,2018-03-01,False,2018,168.7,20.15,48.61,-5.576382380506095,196.03351349999997,0.0,0
KE015,Kitui,2018-04,227.632595,154.32744,79.0,30.0,0,0,0.151,Medium,1136154,2018-04-01,False,2018,168.7,17.78,46.83,-11.761786600496272,-43.45237999999998,0.0,0
KE015,Kitui,2018-05,115.55299266666668,66.261055,73.0,30.0,0,0,0.151,Medium,1136154,2018-05-01,False,2018,168.7,17.78,43.27,0.0,-112.07960233333333,0.0,0
KE015,Kitui,2018-06,116.3453675,104.64781,74.0,31.0,0,0,0.151,Medium,1136154,2018-06-01,False,2018,168.7,18.38,43.86,3.3745781777277717,0.7923748333333123,0.0,0
KE015,Kitui,2018-07,128.24517,106.13832,73.4,29.6,0,0,0.151,Medium,1136154,2018-07-01,False,2018,168.7,17.55,43.51,-4.515778019586502,11.899802500000007,0.0,0
KE015,Kitui,2018-08,103.71533833333332,95.12277,76.7,30.0,0,0,0.151,Medium,1136154,2018-08-01,False,2018,168.7,17.78,45.47,1.3105413105413133,-24.52983166666668,0.0,0
KE015,Kitui,2018-09,110.12200833333333,99.78058,76.9,27.0,1,1,0.151,Medium,1136154,2018-09-01,False,2018,168.7,16.0,45.58,-10.011248593925771,6.406670000000005,1.0,0
KE015,Kitui,2018-10,82.70138283333334,45.40451,81.0,33.56,0,0,0.151,Medium,1136154,2018-10-01,False,2018,168.7,19.89,48.01,24.312500000000004,-27.420625499999986,-1.0,0
KE015,Kitui,2018-11,59.86177783333333,43.093597,71.0,26.9,0,0,0.151,Medium,1136154,2018-11-01,False,2018,168.7,15.95,42.09,-19.808949220713934,-22.839605000000013,0.0,0
KE015,Kitui,2018-12,167.01539583333332,44.019955,66.1,27.9,0,0,0.151,Medium,1136154,2018-12-01,False,2018,168.7,16.54,39.18,3.699059561128526,107.153618,0.0,0
KE015,Kitui,2019-01,94.36405,73.16985,71.0,29.0,0,0,0.151,Medium,1136154,2019-01-01,False,2019,175.7,16.51,40.41,-0.1813784764207793,-72.65134583333331,0.0,0
KE015,Kitui,2019-02,104.00372983333334,78.07142,69.0,27.0,0,0,0.151,Medium,1136154,2019-02-01,False,2019,175.7,15.37,39.27,-6.904906117504561,9.639679833333332,0.0,0
KE015,Kitui,2019-03,32.292936166666664,23.925144,70.0,29.0,0,0,0.151,Medium,1136154,2019-03-01,False,2019,175.7,16.51,39.84,7.417046193884214,-71.71079366666667,0.0,0
KE015,Kitui,2019-04,80.32315366666666,20.526945,77.0,34.0,0,0,0.151,Medium,1136154,2019-04-01,False,2019,175.7,19.35,43.82,17.201695941853412,48.03021749999999,0.0,0
KE015,Kitui,2019-05,86.27645000000001,53.01122,80.0,42.0,0,0,0.151,Medium,1136154,2019-05-01,False,2019,175.7,23.9,45.53,23.514211886304892,5.9532963333333555,0.0,0
KE015,Kitui,2019-06,106.984198,99.468124,85.0,41.0,0,0,0.151,Medium,1136154,2019-06-01,False,2019,175.7,23.34,48.38,-2.343096234309616,20.707747999999995,0.0,0
KE015,Kitui,2019-07,117.30729833333334,99.53707,87.6,43.5,4,3,0.151,Medium,1136154,2019-07-01,False,2019,175.7,24.76,49.86,6.083976006855196,10.323100333333329,4.0,0
KE015,Kitui,2019-08,116.413585,101.93113,93.1,44.8,0,0,0.151,Medium,1136154,2019-08-01,False,2019,175.7,25.5,52.99,2.988691437802893,-0.8937133333333378,-4.0,0
KE015,Kitui,2019-09,110.65218233333331,103.47616,89.8,43.3,0,0,0.151,Medium,1136154,2019-09-01,False,2019,175.7,24.64,51.11,-3.37254901960784,-5.761402666666683,0.0,0
KE015,Kitui,2019-10,339.61571,221.54417,87.4,44.6,0,0,0.151,Medium,1136154,2019-10-01,False,2019,175.7,25.38,49.74,3.0032467532467466,228.96352766666666,0.0,0
KE015,Kitui,2019-11,175.88562083333332,48.839725,92.3,43.6,0,0,0.151,Medium,1136154,2019-11-01,False,2019,175.7,24.82,52.53,-2.206461780929858,-163.73008916666666,0.0,0
KE015,Kitui,2019-12,221.94765833333332,83.41233,89.3,44.6,0,0,0.151,Medium,1136154,2019-12-01,False,2019,175.7,25.38,50.83,2.256244963738907,46.0620375,0.0,0
KE015,Kitui,2020-01,225.98953,144.36977,79.0,38.0,0,0,0.151,Medium,1136154,2020-01-01,False,2020,182.8,20.79,43.22,-18.085106382978722,4.04187166666668,0.0,0
KE015,Kitui,2020-02,162.94522833333335,81.32922,78.0,37.0,0,0,0.151,Medium,1136154,2020-02-01,False,2020,182.8,20.24,42.67,-2.645502645502651,-63.044301666666655,0.0,0
KE015,Kitui,2020-03,193.57873583333333,74.671455,78.0,30.0,0,0,0.151,Medium,1136154,2020-03-01,False,2020,182.8,16.41,42.67,-18.922924901185766,30.63350749999998,0.0,0
KE015,Kitui,2020-04,162.085066,32.788116,86.0,32.0,0,0,0.151,Medium,1136154,2020-04-01,False,2020,182.8,17.51,47.05,6.703229737964667,-31.493669833333314,0.0,0
KE015,Kitui,2020-05,83.817479,61.03242,92.0,34.0,0,0,0.151,Medium,1136154,2020-05-01,False,2020,182.8,18.6,50.33,6.225014277555685,-78.267587,0.0,0
KE015,Kitui,2020-06,110.9600785,103.42848,95.0,33.0,0,0,0.151,Medium,1136154,2020-06-01,False,2020,182.8,18.05,51.97,-2.9569892473118364,27.14259949999999,0.0,0
KE015,Kitui,2020-07,136.445795,107.42658,98.0,34.0,0,0,0.151,Medium,1136154,2020-07-01,False,2020,182.8,18.6,53.61,3.0470914127423754,25.48571650000001,0.0,0
KE015,Kitui,2020-08,110.59866733333332,103.47898,92.0,33.0,0,0,0.151,Medium,1136154,2020-08-01,False,2020,182.8,18.05,50.33,-2.9569892473118364,-25.84712766666668,0.0,0
KE015,Kitui,2020-09,105.099601,98.85766,94.0,34.0,0,0,0.151,Medium,1136154,2020-09-01,False,2020,182.8,18.6,51.42,3.0470914127423754,-5.499066333333317,0.0,0
KE015,Kitui,2020-10,68.62343083333333,58.89728,85.0,33.0,0,0,0.151,Medium,1136154,2020-10-01,False,2020,182.8,18.05,46.5,-2.9569892473118364,-36.47617016666668,0.0,0
KE015,Kitui,2020-11,90.43658366666666,24.083502,94.0,35.0,0,0,0.151,Medium,1136154,2020-11-01,False,2020,182.8,19.15,51.42,6.094182825484751,21.813152833333334,0.0,0
KE015,Kitui,2020-12,90.77285266666668,39.42167,94.0,33.0,0,0,0.151,Medium,1136154,2020-12-01,False,2020,182.8,18.05,51.42,-5.7441253263707415,0.3362690000000157,0.0,0
KE017,Makueni,2024-03,132.04605033333334,88.456696,152.5,54.5,1,1,0.1019,Low,987633,2024-03-01,False,2024,258.0,21.12,59.11,,,,0
KE009,Mandera,2009-01,96.78443333333333,95.32856,,37.0,0,0,0.4612,High,867420,2009-01-01,True,2009,95.8,38.62,,-6.692437786905058,37.559675,0.0,0
KE009,Mandera,2009-02,110.72260466666668,87.11173,,35.0,0,0,0.4612,High,867420,2009-02-01,True,2009,95.8,36.53,,-5.411703780424637,13.938171333333358,0.0,0
KE009,Mandera,2009-03,53.21930566666666,38.915207,,37.0,0,0,0.4612,High,867420,2009-03-01,True,2009,95.8,38.62,,5.72132493840678,-57.50329900000002,0.0,0
KE009,Mandera,2009-04,63.254986,36.606686,,39.0,0,0,0.4612,High,867420,2009-04-01,True,2009,95.8,40.71,,5.411703780424659,10.035680333333339,0.0,0
KE009,Mandera,2009-05,98.97546,84.82626,,40.0,1,0,0.4612,High,867420,2009-05-01,True,2009,95.8,41.75,,2.554654875951856,35.720473999999996,1.0,0
KE009,Mandera,2009-06,97.23268,94.63193,,43.0,0,0,0.4612,High,867420,2009-06-01,True,2009,95.8,44.89,,7.52095808383233,-1.7427799999999962,-1.0,0
KE009,Mandera,2009-07,95.93907,95.57159,,44.0,1,0,0.4612,High,867420,2009-07-01,True,2009,95.8,45.93,,2.3167743372688676,-1.293610000000001,1.0,0
KE009,Mandera,2009-08,96.70935033333336,96.619156,,44.0,0,0,0.4612,High,867420,2009-08-01,True,2009,95.8,45.93,,0.0,0.7702803333333605,-1.0,0
KE009,Mandera,2009-09,96.43812133333334,92.46386,,40.0,0,0,0.4612,High,867420,2009-09-01,True,2009,95.8,41.75,,-9.10080557369911,-0.2712290000000195,0.0,0
KE009,Mandera,2009-10,124.68493666666666,73.33542,,41.0,0,0,0.4612,High,867420,2009-10-01,True,2009,95.8,42.8,,2.5149700598802394,28.246815333333316,0.0,0
KE009,Mandera,2009-11,51.22782533333333,35.353836,,39.0,0,0,0.4612,High,867420,2009-11-01,True,2009,95.8,40.71,,-4.883177570093444,-73.45711133333333,0.0,0
KE009,Mandera,2009-12,100.542155,85.992226,,36.0,0,0,0.4612,High,867420,2009-12-01,True,2009,95.8,37.58,,-7.688528617047419,49.314329666666666,0.0,0
KE009,Mandera,2010-01,100.648075,95.492775,,36.0,1,2,0.4612,High,867420,2010-01-01,True,2010,100.0,36.0,,-4.204364023416707,0.10592000000001178,1.0,0
KE009,Mandera,2010-02,115.787778,94.24633,,39.0,0,0,0.4612,High,867420,2010-02-01,True,2010,100.0,39.0,,8.333333333333325,15.139702999999997,-1.0,0
KE009,Mandera,2010-03,251.22407666666663,196.47171,,34.0,0,0,0.4612,High,867420,2010-03-01,True,2010,100.0,34.0,,-12.82051282051282,135.43629866666663,0.0,0
KE009,Mandera,2010-04,96.36737333333332,75.10752,,33.0,0,0,0.4612,High,867420,2010-04-01,True,2010,100.0,33.0,,-2.941176470588236,-154.85670333333331,0.0,0
KE009,Mandera,2010-05,63.92055,48.27365,,36.0,0,0,0.4612,High,867420,2010-05-01,True,2010,100.0,36.0,,9.090909090909083,-32.44682333333332,0.0,0
KE009,Mandera,2010-06,96.950588,93.304054,,39.0,0,0,0.4612,High,867420,2010-06-01,True,2010,100.0,39.0,,8.333333333333325,33.030038,0.0,0
KE009,Mandera,2010-07,98.15112333333332,95.57159,,41.0,0,0,0.4612,High,867420,2010-07-01,True,2010,100.0,41.0,,5.128205128205132,1.2005353333333204,0.0,0
KE009,Mandera,2010-08,97.06100333333332,96.46721,,44.0,0,0,0.4612,High,867420,2010-08-01,True,2010,100.0,44.0,,7.317073170731714,-1.0901199999999989,0.0,0
KE009,Mandera,2010-09,96.92455866666668,94.575806,,45.0,0,0,0.4612,High,867420,2010-09-01,True,2010,100.0,45.0,,2.2727272727272707,-0.1364446666666339,0.0,0
KE009,Mandera,2010-10,66.45969266666667,49.831738,,45.0,1,30,0.4612,High,867420,2010-10-01,True,2010,100.0,45.0,,0.0,-30.464866000000015,1.0,0
KE009,Mandera,2010-11,43.025984666666666,29.343704,,47.0,0,0,0.4612,High,867420,2010-11-01,True,2010,100.0,47.0,,4.444444444444451,-23.433708000000003,-1.0,0
KE009,Mandera,2010-12,61.303873333333335,39.59854,,49.0,0,0,0.4612,High,867420,2010-12-01,True,2010,100.0,49.0,,4.255319148936176,18.27788866666667,0.0,0
KE009,Mandera,2011-01,96.078367,93.69478,,50.0,0,0,0.4612,High,867420,2011-01-01,True,2011,114.0,43.86,,-10.489795918367351,34.774493666666665,0.0,0
KE009,Mandera,2011-02,88.76666666666667,83.18318,,51.0,2,1,0.4612,High,867420,2011-02-01,True,2011,114.0,44.74,,2.006383948928425,-7.311700333333334,2.0,0
KE009,Mandera,2011-03,48.940133,35.24306,,52.0,1,1,0.4612,High,867420,2011-03-01,True,2011,114.0,45.61,,1.944568618685727,-39.82653366666666,-1.0,0
KE009,Mandera,2011-04,45.07947066666667,24.882658,,54.0,0,0,0.4612,High,867420,2011-04-01,True,2011,114.0,47.37,,3.8588028941021646,-3.8606623333333303,-1.0,0
KE009,Mandera,2011-05,76.42270666666667,58.48993,,57.0,4,6,0.4612,High,867420,2011-05-01,True,2011,114.0,50.0,,5.552037154317091,31.343235999999997,4.0,0
KE009,Mandera,2011-06,100.015658,97.701355,,59.0,0,0,0.4612,High,867420,2011-06-01,True,2011,114.0,51.75,,3.499999999999992,23.592951333333332,-4.0,0
KE009,Mandera,2011-07,96.21991333333334,94.72214,,63.0,1,4,0.4612,High,867420,2011-07-01,True,2011,114.0,55.26,,6.78260869565217,-3.795744666666664,1.0,0
KE009,Mandera,2011-08,96.95345466666669,96.87404,,63.0,0,0,0.4612,High,867420,2011-08-01,True,2011,114.0,55.26,,0.0,0.7335413333333491,-1.0,0
KE009,Mandera,2011-09,97.87345,94.71779,,65.0,0,0,0.4612,High,867420,2011-09-01,True,2011,114.0,57.02,,3.184943901556281,0.9199953333333184,0.0,0
KE009,Mandera,2011-10,198.42787666666663,111.60732,,67.0,3,5,0.4612,High,867420,2011-10-01,True,2011,114.0,58.77,,3.0690985619081124,100.55442666666663,3.0,0
KE009,Mandera,2011-11,269.9351633333333,133.68587,,65.0,2,1,0.4612,High,867420,2011-11-01,True,2011,114.0,57.02,,-2.9777097158414145,71.50728666666669,-1.0,0
KE009,Mandera,2011-12,127.96897333333334,83.00186,,60.0,2,0,0.4612,High,867420,2011-12-01,True,2011,114.0,52.63,,-7.6990529638723215,-141.96618999999998,0.0,0
KE009,Mandera,2012-01,94.94094866666669,93.96075,,76.0,1,0,0.4612,High,867420,2012-01-01,True,2012,124.5,61.04,,15.979479384381534,-33.02802466666665,-1.0,0
KE009,Mandera,2012-02,100.75807166666668,92.108635,,76.0,2,2,0.4612,High,867420,2012-02-01,True,2012,124.5,61.04,,0.0,5.817122999999995,1.0,0
KE009,Mandera,2012-03,53.29577666666666,36.351856,,78.0,6,11,0.4612,High,867420,2012-03-01,True,2012,124.5,62.65,,2.6376146788990917,-47.46229500000002,4.0,0
KE009,Mandera,2012-04,85.93517333333334,77.5232,,78.24,0,0,0.4612,High,867420,2012-04-01,True,2012,124.5,62.84,,0.3032721468475774,32.63939666666668,-6.0,0
KE009,Mandera,2012-05,95.83552466666669,60.09847,,78.67,1,0,0.4612,High,867420,2012-05-01,True,2012,124.5,63.19,,0.5569700827498414,9.900351333333347,1.0,0
KE009,Mandera,2012-06,96.74288133333334,92.2115,,79.0,4,1,0.4612,High,867420,2012-06-01,True,2012,124.5,63.45,,0.41145750909954426,0.9073566666666579,3.0,0
KE009,Mandera,2012-07,95.62194666666666,94.92977,,80.0,4,8,0.4612,High,867420,2012-07-01,True,2012,124.5,64.26,,1.276595744680864,-1.1209346666666846,0.0,0
KE009,Mandera,2012-08,99.62553833333334,99.327675,,80.0,4,20,0.4612,High,867420,2012-08-01,True,2012,124.5,64.26,,0.0,4.003591666666679,0.0,0
KE009,Mandera,2012-09,100.20692466666668,96.7055,,80.0,2,0,0.4612,High,867420,2012-09-01,True,2012,124.5,64.26,,0.0,0.5813863333333416,-2.0,0
KE009,Mandera,2012-10,111.22454666666668,72.91383,,79.0,1,1,0.4612,High,867420,2012-10-01,True,2012,124.5,63.45,,-1.260504201680679,11.017622000000003,-1.0,0
KE009,Mandera,2012-11,86.63704233333333,40.969807,,79.0,0,0,0.4612,High,867420,2012-11-01,True,2012,124.5,63.45,,0.0,-24.587504333333356,-1.0,0
KE009,Mandera,2012-12,77.139015,67.949905,,80.0,2,1,0.4612,High,867420,2012-12-01,True,2012,124.5,64.26,,1.276595744680864,-9.498027333333326,2.0,0
KE009,Mandera,2013-01,102.238555,98.57627,,78.0,1,2,0.4612,High,867420,2013-01-01,True,2013,132.9,58.69,,-8.667911609088087,25.099540000000005,-1.0,0
KE009,Mandera,2013-02,91.90027,82.02045,,78.0,3,4,0.4612,High,867420,2013-02-01,True,2013,132.9,58.69,,0.0,-10.338284999999999,2.0,0
KE009,Mandera,2013-03,228.911578,63.839764,,79.0,1,1,0.4612,High,867420,2013-03-01,True,2013,132.9,59.44,,1.277900834895207,137.01130799999999,-2.0,0
KE009,Mandera,2013-04,151.96144666666666,119.84035,,80.0,1,7,0.4612,High,867420,2013-04-01,True,2013,132.9,60.2,,1.2786002691790088,-76.95013133333333,0.0,0
KE009,Mandera,2013-05,81.31614,66.69985,,80.0,6,9,0.4612,High,867420,2013-05-01,True,2013,132.9,60.2,,0.0,-70.64530666666666,5.0,0
KE009,Mandera,2013-06,99.72492466666664,94.968094,,78.0,5,27,0.4612,High,867420,2013-06-01,True,2013,132.9,58.69,,-2.5083056478405363,18.408784666666634,-1.0,0
KE009,Mandera,2013-07,103.201122,100.957016,,83.0,1,2,0.4612,High,867420,2013-07-01,True,2013,132.9,62.45,,6.406542852274666,3.47619733333336,-4.0,0
KE009,Mandera,2013-08,99.91655,96.14111,,76.0,4,6,0.4612,High,867420,2013-08-01,True,2013,132.9,57.19,,-8.422738190552447,-3.284571999999997,3.0,0
KE009,Mandera,2013-09,117.631053,98.354935,,67.0,4,2,0.4612,High,867420,2013-09-01,True,2013,132.9,50.41,,-11.855219443958731,17.714502999999993,0.0,0
KE009,Mandera,2013-10,89.26410133333333,49.47219,,69.0,0,0,0.4612,High,867420,2013-10-01,True,2013,132.9,51.92,,2.9954374132116657,-28.366951666666665,-4.0,0
KE009,Mandera,2013-11,151.211285,46.632935,,67.0,6,72,0.4612,High,867420,2013-11-01,True,2013,132.9,50.41,,-2.908320493066263,61.947183666666675,6.0,0
KE009,Mandera,2013-12,64.45463033333334,39.511017,,64.0,1,0,0.4612,High,867420,2013-12-01,True,2013,132.9,48.16,,-4.4634001190240085,-86.75665466666666,-5.0,0
KE009,Mandera,2014-01,96.770418,96.297424,,60.0,1,0,0.4612,High,867420,2014-01-01,True,2014,140.7,42.64,,-11.461794019933546,32.315787666666665,0.0,0
KE009,Mandera,2014-02,100.90870533333332,83.16747,,57.0,2,0,0.4612,High,867420,2014-02-01,True,2014,140.7,40.51,,-4.995309568480311,4.1382873333333094,1.0,0
KE009,Mandera,2014-03,109.541504,60.995262,,57.0,1,0,0.4612,High,867420,2014-03-01,True,2014,140.7,40.51,,0.0,8.632798666666687,-1.0,0
KE009,Mandera,2014-04,89.58382333333334,67.98647,,56.0,3,3,0.4612,High,867420,2014-04-01,True,2014,140.7,39.8,,-1.7526536657615388,-19.95768066666666,2.0,0
KE009,Mandera,2014-05,125.31884666666669,95.00218,,56.0,3,15,0.4612,High,867420,2014-05-01,True,2014,140.7,39.8,,0.0,35.735023333333345,0.0,0
KE009,Mandera,2014-06,97.91917533333331,96.3464,,57.0,2,3,0.4612,High,867420,2014-06-01,True,2014,140.7,40.51,,1.783919597989958,-27.399671333333373,-1.0,0
KE009,Mandera,2014-07,105.16096666666668,103.95319,,59.0,1,2,0.4612,High,867420,2014-07-01,True,2014,140.7,41.93,,3.5053073315230776,7.241791333333367,-1.0,0
KE009,Mandera,2014-08,104.37827133333332,103.26997,,61.0,8,31,0.4612,High,867420,2014-08-01,True,2014,140.7,43.35,,3.3865967088003934,-0.7826953333333648,7.0,0
KE009,Mandera,2014-09,98.19958,94.82427,,63.0,2,1,0.4612,High,867420,2014-09-01,True,2014,140.7,44.78,,3.2987312572087646,-6.178691333333319,-6.0,0
KE009,Mandera,2014-10,65.69839333333333,42.08862,,66.0,1,5,0.4612,High,867420,2014-10-01,True,2014,140.7,46.91,,4.756587762393916,-32.50118666666667,-1.0,0
KE009,Mandera,2014-11,114.39543533333334,102.9664,,64.0,3,64,0.4612,High,867420,2014-11-01,True,2014,140.7,45.49,,-3.0270731187379996,48.69704200000001,2.0,0
KE009,Mandera,2014-12,74.616012,44.93767,,60.0,1,0,0.4612,High,867420,2014-12-01,True,2014,140.7,42.64,,-6.265113211694883,-39.77942333333334,-2.0,0
KE009,Mandera,2015-01,97.45126166666668,96.79135,,66.0,1,0,0.4612,High,867420,2015-01-01,True,2015,147.3,44.81,,5.089118198874298,22.835249666666684,0.0,0
KE009,Mandera,2015-02,91.287942,82.09901,,66.0,1,1,0.4612,High,867420,2015-02-01,True,2015,147.3,44.81,,0.0,-6.1633196666666805,0.0,0
KE009,Mandera,2015-03,92.43418,59.51269,,68.0,3,5,0.4612,High,867420,2015-03-01,True,2015,147.3,46.16,,3.012720374916311,1.1462379999999968,2.0,0
KE009,Mandera,2015-04,121.64030133333334,55.352314,,68.0,3,14,0.4612,High,867420,2015-04-01,True,2015,147.3,46.16,,0.0,29.206121333333343,0.0,0
KE009,Mandera,2015-05,85.82729666666667,58.30327,,65.0,0,0,0.4612,High,867420,2015-05-01,True,2015,147.3,44.13,,-4.397746967071048,-35.81300466666667,-3.0,0
KE009,Mandera,2015-06,98.96647166666666,97.1532,,65.0,4,25,0.4612,High,867420,2015-06-01,True,2015,147.3,44.13,,0.0,13.139174999999994,4.0,0
KE009,Mandera,2015-07,101.311522,99.67721,,67.0,1,3,0.4612,High,867420,2015-07-01,True,2015,147.3,45.49,,3.081803761613422,2.345050333333333,-3.0,0
KE009,Mandera,2015-08,100.43364333333334,99.65955,,68.0,0,0,0.4612,High,867420,2015-08-01,True,2015,147.3,46.16,,1.4728511760826457,-0.8778786666666605,-1.0,0
KE009,Mandera,2015-09,98.34427733333332,94.575806,,65.0,0,0,0.4612,High,867420,2015-09-01,True,2015,147.3,44.13,,-4.397746967071048,-2.0893660000000125,0.0,0
KE009,Mandera,2015-10,127.79928433333332,41.043983,,65.0,0,0,0.4612,High,867420,2015-10-01,True,2015,147.3,44.13,,0.0,29.455006999999995,0.0,0
KE009,Mandera,2015-11,96.724035,57.17373,,66.0,0,0,0.4612,High,867420,2015-11-01,True,2015,147.3,44.81,,1.540901880806711,-31.075249333333318,0.0,0
KE009,Mandera,2015-12,84.53441833333333,49.350475,,65.0,7,21,0.4612,High,867420,2015-12-01,True,2015,147.3,44.13,,-1.5175184110689521,-12.189616666666666,7.0,0
KE009,Mandera,2016-01,97.04090533333331,96.61419,,60.0,1,6,0.4612,High,867420,2016-01-01,True,2016,152.9,39.24,,-11.080897348742358,12.506486999999979,-6.0,0
KE009,Mandera,2016-02,107.03699,100.77771,,61.0,0,0,0.4612,High,867420,2016-02-01,True,2016,152.9,39.9,,1.6819571865443361,9.99608466666669,-1.0,0
KE009,Mandera,2016-03,58.482889666666665,32.465107,,62.0,1,4,0.4612,High,867420,2016-03-01,True,2016,152.9,40.55,,1.6290726817042467,-48.55410033333334,1.0,0
KE009,Mandera,2016-05,88.25774000000001,58.45448,,65.0,0,0,0.4612,High,867420,2016-05-01,True,2016,152.9,42.51,,4.833538840937113,29.774850333333347,-1.0,0
KE009,Mandera,2016-06,100.82983533333334,99.80986,,66.0,3,11,0.4612,High,867420,2016-06-01,True,2016,152.9,43.17,,1.5525758645024812,12.572095333333323,3.0,0
KE009,Mandera,2016-07,100.45041,99.8389,,66.0,1,6,0.4612,High,867420,2016-07-01,True,2016,152.9,43.17,,0.0,-0.3794253333333302,-2.0,0
KE009,Mandera,2016-08,97.68647,97.18354,,64.0,0,0,0.4612,High,867420,2016-08-01,True,2016,152.9,41.86,,-3.0345147092888602,-2.763940000000005,-1.0,0
KE009,Mandera,2016-09,97.46289333333334,94.59355,,46.6,1,1,0.4612,High,867420,2016-09-01,True,2016,152.9,30.48,,-27.18585762064023,-0.2235766666666592,1.0,0
KE009,Mandera,2016-10,49.735711,37.5881,,63.0,3,13,0.4612,High,867420,2016-10-01,True,2016,152.9,41.2,,35.17060367454068,-47.72718233333334,2.0,0
KE009,Mandera,2016-11,78.621967,43.067535,,65.0,5,4,0.4612,High,867420,2016-11-01,True,2016,152.9,42.51,,3.1796116504854144,28.886255999999996,2.0,0
KE009,Mandera,2016-12,121.81470666666668,91.08117,,66.0,0,0,0.4612,High,867420,2016-12-01,True,2016,152.9,43.17,,1.5525758645024812,43.19273966666668,-5.0,0
KE009,Mandera,2017-01,97.591752,96.71536,,66.0,3,17,0.4612,High,867420,2017-01-01,True,2017,162.0,40.74,,-5.628908964558721,-24.22295466666668,3.0,0
KE009,Mandera,2017-02,118.14395333333334,84.91158,,64.0,0,0,0.4612,High,867420,2017-02-01,True,2017,162.0,39.51,,-3.0191458026509688,20.552201333333343,-3.0,0
KE009,Mandera,2017-03,50.697202,42.46813,,68.6,2,3,0.4612,High,867420,2017-03-01,True,2017,162.0,42.35,,7.188053657301952,-67.44675133333334,2.0,0
KE009,Mandera,2017-04,87.30944133333333,64.114334,,65.0,2,14,0.4612,High,867420,2017-04-01,True,2017,162.0,40.12,,-5.265643447461644,36.61223933333333,0.0,0
KE009,Mandera,2017-05,112.45688833333332,83.610985,,64.0,5,8,0.4612,High,867420,2017-05-01,True,2017,162.0,39.51,,-1.5204386839481554,25.147447,3.0,0
KE009,Mandera,2017-06,98.45545666666668,96.01022,,66.0,6,16,0.4612,High,867420,2017-06-01,True,2017,162.0,40.74,,3.113135914958254,-14.001431666666647,1.0,0
KE009,Mandera,2017-07,99.50122866666668,98.742966,,66.0,2,1,0.4612,High,867420,2017-07-01,True,2017,162.0,40.74,,0.0,1.0457719999999995,-4.0,0
KE009,Mandera,2017-08,101.45369333333332,100.80653,,67.0,2,2,0.4612,High,867420,2017-08-01,True,2017,162.0,41.36,,1.5218458517427536,1.9524646666666428,0.0,0
KE009,Mandera,2017-09,102.34740866666664,101.47953,,70.0,1,0,0.4612,High,867420,2017-09-01,True,2017,162.0,43.21,,4.472920696324945,0.8937153333333185,-1.0,0
KE009,Mandera,2017-10,85.66082966666666,60.083275,,70.0,4,4,0.4612,High,867420,2017-10-01,True,2017,162.0,43.21,,0.0,-16.68657899999998,3.0,0
KE009,Mandera,2017-11,124.338595,39.980385,,65.0,0,0,0.4612,High,867420,2017-11-01,True,2017,162.0,40.12,,-7.151122425364509,38.67776533333334,-4.0,0
KE009,Mandera,2017-12,59.03912166666667,37.855305,,67.0,2,11,0.4612,High,867420,2017-12-01,True,2017,162.0,41.36,,3.090727816550354,-65.29947333333334,2.0,0
KE009,Mandera,2018-01,96.78971,96.14545,,67.5,1,4,0.4612,High,867420,2018-01-01,True,2018,168.7,40.01,,-3.2640232108317235,37.75058833333333,-1.0,0
KE009,Mandera,2018-02,119.77115166666668,100.509415,,67.0,1,5,0.4612,High,867420,2018-02-01,True,2018,168.7,39.72,,-0.7248187953011742,22.981441666666683,0.0,0
KE009,Mandera,2018-03,232.257705,109.365555,,65.0,2,6,0.4612,High,867420,2018-03-01,True,2018,168.7,38.53,,-2.9959718026183246,112.4865533333333,1.0,0
KE009,Mandera,2018-04,159.03097133333333,103.368484,,63.0,2,4,0.4612,High,867420,2018-04-01,True,2018,168.7,37.34,,-3.0885024656112092,-73.22673366666666,0.0,0
KE009,Mandera,2018-05,130.21576666666667,95.54064,,66.0,1,1,0.4612,High,867420,2018-05-01,True,2018,168.7,39.12,,4.7670058918050096,-28.81520466666666,-1.0,0
KE009,Mandera,2018-06,98.93349,97.3381,,64.0,2,5,0.4612,High,867420,2018-06-01,True,2018,168.7,37.94,,-3.0163599182004064,-31.28227666666666,1.0,0
KE009,Mandera,2018-07,106.82056666666666,105.31184,,63.0,1,0,0.4612,High,867420,2018-07-01,True,2018,168.7,37.34,,-1.5814443858724103,7.887076666666658,-1.0,0
KE009,Mandera,2018-08,102.68761666666668,101.42553,,64.0,4,4,0.4612,High,867420,2018-08-01,True,2018,168.7,37.94,,1.6068559185859588,-4.13294999999998,3.0,0
KE009,Mandera,2018-09,103.28458,98.7911,,67.0,4,1,0.4612,High,867420,2018-09-01,True,2018,168.7,39.72,,4.691618344754889,0.5969633333333206,0.0,0
KE009,Mandera,2018-10,99.73131,66.26135,,67.0,6,14,0.4612,High,867420,2018-10-01,True,2018,168.7,39.72,,0.0,-3.553270000000012,2.0,0
KE009,Mandera,2018-11,75.86796766666667,29.128653,,65.0,2,3,0.4612,High,867420,2018-11-01,True,2018,168.7,38.53,,-2.9959718026183246,-23.86334233333332,-4.0,0
KE009,Mandera,2018-12,283.14634333333333,233.53925,,68.0,2,2,0.4612,High,867420,2018-12-01,True,2018,168.7,40.31,,4.619776797300812,207.27837566666665,0.0,0
KE009,Mandera,2019-01,96.69100666666668,96.441666,,68.0,1,2,0.4612,High,867420,2019-01-01,True,2019,175.7,38.7,,-3.9940461423964235,-186.45533666666665,-1.0,0
KE009,Mandera,2019-02,92.31808,82.50754,,70.0,0,0,0.4612,High,867420,2019-02-01,True,2019,175.7,39.84,,2.945736434108537,-4.372926666666686,-1.0,0
KE009,Mandera,2019-03,63.02503933333333,52.802094,,75.0,0,0,0.4612,High,867420,2019-03-01,True,2019,175.7,42.69,,7.153614457831314,-29.293040666666663,0.0,0
KE009,Mandera,2019-04,66.39879366666666,31.507841,,74.0,1,0,0.4612,High,867420,2019-04-01,True,2019,175.7,42.12,,-1.3352073085031613,3.3737543333333306,1.0,0
KE009,Mandera,2019-05,152.94915733333335,60.525112,,75.0,0,0,0.4612,High,867420,2019-05-01,True,2019,175.7,42.69,,1.3532763532763559,86.55036366666668,-1.0,0
KE009,Mandera,2019-06,97.22583466666669,93.57299,,75.0,3,1,0.4612,High,867420,2019-06-01,True,2019,175.7,42.69,,0.0,-55.72332266666666,3.0,0
KE009,Mandera,2019-07,109.76960333333334,105.73186,,76.9,1,5,0.4612,High,867420,2019-07-01,True,2019,175.7,43.77,,2.5298664792691605,12.54376866666665,-2.0,0
KE009,Mandera,2019-08,99.88418,98.53921,,80.0,1,2,0.4612,High,867420,2019-08-01,True,2019,175.7,45.53,,4.021018962759881,-9.885423333333335,0.0,0
KE009,Mandera,2019-09,105.93663333333336,102.34583,,81.8,1,7,0.4612,High,867420,2019-09-01,True,2019,175.7,46.56,,2.262244673841418,6.052453333333361,0.0,0
KE009,Mandera,2019-10,292.45926000000003,105.18223,,80.0,1,0,0.4612,High,867420,2019-10-01,True,2019,175.7,45.53,,-2.21219931271478,186.52262666666667,0.0,0
KE009,Mandera,2019-11,194.465662,96.658936,,85.0,0,0,0.4612,High,867420,2019-11-01,True,2019,175.7,48.38,,6.259609048978709,-97.99359800000002,-1.0,0
KE009,Mandera,2019-12,174.160348,125.68001,,80.0,0,0,0.4612,High,867420,2019-12-01,True,2019,175.7,45.53,,-5.890863993385698,-20.30531400000001,0.0,0
KE009,Mandera,2020-01,99.580545,96.58238,,80.0,0,0,0.4612,High,867420,2020-01-01,True,2020,182.8,43.76,,-3.887546672523623,-74.579803,0.0,0
KE009,Mandera,2020-02,89.83624666666667,80.46489,,79.0,2,4,0.4612,High,867420,2020-02-01,True,2020,182.8,43.22,,-1.2340036563071255,-9.744298333333333,2.0,0
KE009,Mandera,2020-03,128.8015,74.76974,,77.0,1,0,0.4612,High,867420,2020-03-01,True,2020,182.8,42.12,,-2.545118000925506,38.96525333333334,-1.0,0
KE009,Mandera,2020-04,159.42201733333334,37.908382,,81.0,5,2,0.4612,High,867420,2020-04-01,True,2020,182.8,44.31,,5.199430199430211,30.62051733333334,4.0,0
KE009,Mandera,2020-05,76.52241166666666,59.61418,,82.0,3,1,0.4612,High,867420,2020-05-01,True,2020,182.8,44.86,,1.241254795757163,-82.89960566666669,-2.0,0
KE009,Mandera,2020-06,99.94424866666668,98.17852,,82.0,2,2,0.4612,High,867420,2020-06-01,True,2020,182.8,44.86,,0.0,23.421837000000025,-1.0,0
KE009,Mandera,2020-07,132.52840666666663,128.8508,,81.0,3,2,0.4612,High,867420,2020-07-01,True,2020,182.8,44.31,,-1.2260365581809984,32.584157999999945,1.0,0
KE009,Mandera,2020-08,101.73697333333332,101.2728,,82.0,0,0,0.4612,High,867420,2020-08-01,True,2020,182.8,44.86,,1.241254795757163,-30.791433333333302,-3.0,0
KE009,Mandera,2020-09,101.014422,100.1214,,84.0,2,6,0.4612,High,867420,2020-09-01,True,2020,182.8,45.95,,2.4297815425769143,-0.7225513333333282,2.0,0
KE009,Mandera,2020-10,82.48387466666667,49.850784,,82.0,3,3,0.4612,High,867420,2020-10-01,True,2020,182.8,44.86,,-2.3721436343852043,-18.53054733333333,1.0,0
KE009,Mandera,2020-11,57.176118333333335,37.42799,,83.0,4,8,0.4612,High,867420,2020-11-01,True,2020,182.8,45.4,,1.2037449843959047,-25.30775633333333,1.0,0
KE009,Mandera,2020-12,74.1792,47.118546,,82.0,3,1,0.4612,High,867420,2020-12-01,True,2020,182.8,44.86,,-1.1894273127753263,17.00308166666666,-1.0,0
KE009,Mandera,2023-12,70.09663133333333,40.626984,232.33333333333331,124.75,2,0,0.4612,High,867420,2023-12-01,True,2023,239.1,52.17,97.17,16.295140436914846,-4.08256866666666,-1.0,0
KE009,Mandera,2024-03,64.39302833333333,56.396095,205.28571428571428,110.0,7,8,0.4612,High,867420,2024-03-01,True,2024,258.0,42.64,79.57,-18.267203373586348,-5.703603000000001,5.0,0
KE009,Mandera,2024-06,97.09707033333332,91.942566,157.0,110.0,6,13,0.4612,High,867420,2024-06-01,True,2024,258.0,42.64,60.85,0.0,32.70404199999999,-1.0,0
KE009,Mandera,2024-09,97.684828,95.71164,166.5,86.66666666666667,6,2,0.4612,High,867420,2024-09-01,True,2024,258.0,33.59,64.53,-21.22420262664164,0.5877576666666755,0.0,0
KE009,Mandera,2025-03,155.63673666666668,82.50094,,115.0,6,10,0.4612,High,867420,2025-03-01,True,2025,272.0,42.28,,25.87079487942838,57.95190866666668,0.0,0
KE009,Mandera,2025-06,97.16599333333332,93.5898,211.0,117.66666666666669,5,9,0.4612,High,867420,2025-06-01,True,2025,272.0,43.26,77.57,2.3178807947019875,-58.47074333333336,-1.0,0
KE009,Mandera,2025-09,96.01397333333334,91.09732,154.33333333333334,108.5,3,7,0.4612,High,867420,2025-09-01,True,2025,272.0,39.89,56.74,-7.790106333795643,-1.152019999999979,-2.0,0
KE009,Mandera,2025-12,78.47809133333332,45.222134,166.0,85.0,8,4,0.4612,High,867420,2025-12-01,True,2025,272.0,31.25,61.03,-21.65956380045124,-17.535882000000015,5.0,0
KE010,Marsabit,2009-01,97.80256944444444,64.73847,,44.0,1,4,0.3466,High,459767,2009-01-01,True,2009,95.8,45.93,,-2.2349936143039484,47.02816877777778,-1.0,0
KE010,Marsabit,2009-02,80.75945777777777,69.22189,,42.0,0,0,0.3466,High,459767,2009-02-01,True,2009,95.8,43.84,,-4.55040278684955,-17.043111666666675,-1.0,0
KE010,Marsabit,2009-03,65.25987544444445,47.19459,,42.0,0,0,0.3466,High,459767,2009-03-01,True,2009,95.8,43.84,,0.0,-15.499582333333322,0.0,0
KE010,Marsabit,2009-04,61.182616,32.605946,,44.0,0,0,0.3466,High,459767,2009-04-01,True,2009,95.8,45.93,,4.767335766423342,-4.077259444444444,0.0,0
KE010,Marsabit,2009-05,95.70411777777775,41.086884,,46.0,1,0,0.3466,High,459767,2009-05-01,True,2009,95.8,48.02,,4.550402786849572,34.52150177777775,1.0,0
KE010,Marsabit,2009-06,96.16497444444444,93.39539,,45.0,0,0,0.3466,High,459767,2009-06-01,True,2009,95.8,46.97,,-2.186588921282806,0.460856666666686,-1.0,0
KE010,Marsabit,2009-07,88.30348322222223,77.88079,,47.5,0,0,0.3466,High,459767,2009-07-01,True,2009,95.8,49.58,,5.5567383436235795,-7.861491222222213,0.0,0
KE010,Marsabit,2009-08,93.729025,88.35617,,42.5,3,4,0.3466,High,459767,2009-08-01,True,2009,95.8,44.36,,-10.52843888664784,5.425541777777767,3.0,0
KE010,Marsabit,2009-09,96.18472722222222,83.97792,,43.0,0,0,0.3466,High,459767,2009-09-01,True,2009,95.8,44.89,,1.194770063119921,2.4557022222222287,-3.0,0
KE010,Marsabit,2009-10,118.2090462222222,70.34933,,43.0,0,0,0.3466,High,459767,2009-10-01,True,2009,95.8,44.89,,0.0,22.024318999999977,0.0,0
KE010,Marsabit,2009-11,61.39930799999999,29.732758,,43.0,0,0,0.3466,High,459767,2009-11-01,True,2009,95.8,44.89,,0.0,-56.80973822222221,0.0,0
KE010,Marsabit,2009-12,109.86546222222222,57.35816,,43.0,0,0,0.3466,High,459767,2009-12-01,True,2009,95.8,44.89,,0.0,48.46615422222223,0.0,0
KE010,Marsabit,2010-01,121.76365277777778,70.427666,,42.5,0,0,0.3466,High,459767,2010-01-01,True,2010,100.0,42.5,,-5.324125640454447,11.898190555555558,0.0,0
KE010,Marsabit,2010-02,124.892375,75.69399,,42.5,0,0,0.3466,High,459767,2010-02-01,True,2010,100.0,42.5,,0.0,3.1287222222222226,0.0,0
KE010,Marsabit,2010-03,174.09347666666667,112.64032,,38.0,0,0,0.3466,High,459767,2010-03-01,True,2010,100.0,38.0,,-10.588235294117643,49.20110166666667,0.0,0
KE010,Marsabit,2010-04,71.980182,46.769978,,33.0,1,0,0.3466,High,459767,2010-04-01,True,2010,100.0,33.0,,-13.157894736842103,-102.11329466666668,1.0,0
KE010,Marsabit,2010-05,101.61653866666668,54.048573,,32.5,0,0,0.3466,High,459767,2010-05-01,True,2010,100.0,32.5,,-1.5151515151515138,29.636356666666686,-1.0,0
KE010,Marsabit,2010-06,95.03907466666666,82.92115,,33.0,0,0,0.3466,High,459767,2010-06-01,True,2010,100.0,33.0,,1.538461538461533,-6.57746400000002,0.0,0
KE010,Marsabit,2010-07,97.236181,80.82658,,32.5,0,0,0.3466,High,459767,2010-07-01,True,2010,100.0,32.5,,-1.5151515151515138,2.1971063333333376,0.0,0
KE010,Marsabit,2010-08,95.67406155555555,91.438354,,32.0,0,0,0.3466,High,459767,2010-08-01,True,2010,100.0,32.0,,-1.538461538461533,-1.5621194444444484,0.0,0
KE010,Marsabit,2010-09,95.56060577777777,84.393036,,32.0,0,0,0.3466,High,459767,2010-09-01,True,2010,100.0,32.0,,0.0,-0.11345577777778715,0.0,0
KE010,Marsabit,2010-10,76.236648,61.517982,,30.0,2,2,0.3466,High,459767,2010-10-01,True,2010,100.0,30.0,,-6.25,-19.323957777777764,2.0,0
KE010,Marsabit,2010-11,47.82456977777778,36.689,,32.0,4,15,0.3466,High,459767,2010-11-01,True,2010,100.0,32.0,,6.666666666666665,-28.41207822222222,2.0,0
KE010,Marsabit,2010-12,54.28447933333334,33.018024,,32.0,0,0,0.3466,High,459767,2010-12-01,True,2010,100.0,32.0,,0.0,6.459909555555555,-4.0,0
KE010,Marsabit,2011-01,76.6807888888889,64.98132,,38.0,0,0,0.3466,High,459767,2011-01-01,True,2011,114.0,33.33,,4.156249999999995,22.39630955555556,0.0,0
KE010,Marsabit,2011-02,96.2616488888889,66.6513,,36.0,0,0,0.3466,High,459767,2011-02-01,True,2011,114.0,31.58,,-5.2505250525052505,19.58086,0.0,0
KE010,Marsabit,2011-03,65.17493966666667,29.021477,,36.0,0,0,0.3466,High,459767,2011-03-01,True,2011,114.0,31.58,,0.0,-31.086709222222225,0.0,0
KE010,Marsabit,2011-04,44.69065111111112,20.314861,,44.0,0,0,0.3466,High,459767,2011-04-01,True,2011,114.0,38.6,,22.22925902469919,-20.48428855555555,0.0,0
KE010,Marsabit,2011-05,67.64861555555555,29.84876,,44.6,1,0,0.3466,High,459767,2011-05-01,True,2011,114.0,39.12,,1.3471502590673534,22.95796444444443,1.0,0
KE010,Marsabit,2011-06,103.428034,82.92115,,45.6,0,0,0.3466,High,459767,2011-06-01,True,2011,114.0,40.0,,2.249488752556239,35.779418444444445,-1.0,0
KE010,Marsabit,2011-07,108.81780255555556,86.181305,,53.0,0,0,0.3466,High,459767,2011-07-01,True,2011,114.0,46.49,,16.225,5.389768555555563,0.0,0
KE010,Marsabit,2011-08,97.26016,90.60779,,59.16,0,0,0.3466,High,459767,2011-08-01,True,2011,114.0,51.89,,11.615401161540117,-11.55764255555556,0.0,0
KE010,Marsabit,2011-09,102.96657444444445,92.49493,,62.22,0,0,0.3466,High,459767,2011-09-01,True,2011,114.0,54.58,,5.184043168240504,5.706414444444448,0.0,0
KE010,Marsabit,2012-01,70.91031266666667,64.73847,,50.9,4,7,0.3466,High,459767,2012-01-01,True,2012,124.5,40.88,,-25.100769512641985,-32.05626177777778,4.0,0
KE010,Marsabit,2012-02,76.03147733333333,70.0153,,44.1,0,0,0.3466,High,459767,2012-02-01,True,2012,124.5,35.42,,-13.35616438356164,5.121164666666658,-4.0,0
KE010,Marsabit,2012-03,62.68011355555556,28.806242,,49.12,0,0,0.3466,High,459767,2012-03-01,True,2012,124.5,39.45,,11.377752682100507,-13.35136377777777,0.0,0
KE010,Marsabit,2012-04,132.996603,51.399117,,50.54,0,0,0.3466,High,459767,2012-04-01,True,2012,124.5,40.59,,2.889733840304176,70.31648944444444,0.0,0
KE010,Marsabit,2012-05,135.6276988888889,74.7315,,44.5,1,3,0.3466,High,459767,2012-05-01,True,2012,124.5,35.74,,-11.948755851194882,2.6310958888888933,1.0,0
KE010,Marsabit,2012-06,90.279786,81.25,,52.94,0,0,0.3466,High,459767,2012-06-01,True,2012,124.5,42.52,,18.97034135422495,-45.347912888888885,-1.0,0
KE010,Marsabit,2012-07,108.00713266666666,88.79842,,50.12,0,0,0.3466,High,459767,2012-07-01,True,2012,124.5,40.26,,-5.315145813734723,17.727346666666662,0.0,0
KE010,Marsabit,2012-08,105.98148011111113,94.520546,,51.6,0,0,0.3466,High,459767,2012-08-01,True,2012,124.5,41.45,,2.9557873820168945,-2.0256525555555385,0.0,0
KE010,Marsabit,2012-09,106.73867844444445,96.98138,,51.2,0,0,0.3466,High,459767,2012-09-01,True,2012,124.5,41.12,,-0.7961399276236514,0.7571983333333208,0.0,0
KE010,Marsabit,2012-10,137.06290666666666,69.07527,,51.7,0,0,0.3466,High,459767,2012-10-01,True,2012,124.5,41.53,,0.9970817120622755,30.324228222222217,0.0,0
KE010,Marsabit,2012-11,81.15138266666666,35.422043,,51.8,0,0,0.3466,High,459767,2012-11-01,True,2012,124.5,41.61,,0.1926318324102949,-55.911524,0.0,0
KE010,Marsabit,2012-12,146.1213141111111,61.697803,,50.4,0,0,0.3466,High,459767,2012-12-01,True,2012,124.5,40.48,,-2.7156933429464125,64.96993144444444,0.0,0
KE010,Marsabit,2013-01,102.14680433333334,79.93732,,53.4,0,0,0.3466,High,459767,2013-01-01,True,2013,132.9,40.18,,-0.7411067193675791,-43.97450977777777,0.0,0
KE010,Marsabit,2013-02,75.11305155555556,63.79032,,47.5,0,0,0.3466,High,459767,2013-02-01,True,2013,132.9,35.74,,-11.050273768043795,-27.033752777777778,0.0,0
KE010,Marsabit,2013-04,169.04341333333335,66.23778,,47.6,0,0,0.3466,High,459767,2013-04-01,True,2013,132.9,35.82,,0.22383883603804833,93.93036177777779,0.0,0
KE010,Marsabit,2013-05,78.09101055555556,51.040394,,50.3,1,1,0.3466,High,459767,2013-05-01,True,2013,132.9,37.85,,5.667225013958688,-90.95240277777779,1.0,0
KE010,Marsabit,2013-06,94.4452411111111,67.3989,,45.0,2,4,0.3466,High,459767,2013-06-01,True,2013,132.9,33.86,,-10.541611624834879,16.354230555555546,1.0,0
KE010,Marsabit,2013-07,108.4139088888889,87.10437,,50.5,1,24,0.3466,High,459767,2013-07-01,True,2013,132.9,38.0,,12.226816302421728,13.968667777777796,-1.0,0
KE010,Marsabit,2013-08,95.7483318888889,82.19178,,50.4,10,20,0.3466,High,459767,2013-08-01,True,2013,132.9,37.92,,-0.21052631578947212,-12.665576999999999,9.0,0
KE010,Marsabit,2013-09,112.79742066666668,93.038925,,43.75,0,0,0.3466,High,459767,2013-09-01,True,2013,132.9,32.92,,-13.185654008438819,17.049088777777783,-10.0,0
KE010,Marsabit,2013-10,91.59768388888888,48.69346,,52.38,0,0,0.3466,High,459767,2013-10-01,True,2013,132.9,39.41,,19.714459295261232,-21.1997367777778,0.0,0
KE010,Marsabit,2013-11,142.94438577777777,49.410618,,55.34,4,29,0.3466,High,459767,2013-11-01,True,2013,132.9,41.64,,5.658462319208324,51.34670188888889,4.0,0
KE010,Marsabit,2013-12,56.42768011111112,36.61571,,56.77,1,0,0.3466,High,459767,2013-12-01,True,2013,132.9,42.72,,2.5936599423631135,-86.51670566666664,-3.0,0
KE010,Marsabit,2014-01,72.194005,68.31192,,53.36,1,9,0.3466,High,459767,2014-01-01,True,2014,140.7,37.92,,-11.235955056179769,15.766324888888882,0.0,0
KE010,Marsabit,2014-02,116.4657217777778,70.078186,,50.96,0,0,0.3466,High,459767,2014-02-01,True,2014,140.7,36.22,,-4.483122362869207,44.2717167777778,-1.0,0
KE010,Marsabit,2014-03,117.36499244444444,47.362206,,48.16,0,0,0.3466,High,459767,2014-03-01,True,2014,140.7,34.23,,-5.494202098288248,0.8992706666666379,0.0,0
KE010,Marsabit,2014-04,67.80399666666666,23.001095,,44.7,4,8,0.3466,High,459767,2014-04-01,True,2014,140.7,31.77,,-7.1866783523225175,-49.56099577777778,4.0,0
KE010,Marsabit,2014-05,97.8095301111111,56.625576,,46.67,0,0,0.3466,High,459767,2014-05-01,True,2014,140.7,33.17,,4.406672961913771,30.00553344444444,-4.0,0
KE010,Marsabit,2014-06,90.737835,79.38093,,51.5,0,0,0.3466,High,459767,2014-06-01,True,2014,140.7,36.6,,10.340669279469395,-7.071695111111097,0.0,0
KE010,Marsabit,2014-07,107.18026,71.52318,,49.6,0,0,0.3466,High,459767,2014-07-01,True,2014,140.7,35.25,,-3.688524590163933,16.442425,0.0,0
KE010,Marsabit,2014-08,109.59041822222224,84.246574,,53.6,0,0,0.3466,High,459767,2014-08-01,True,2014,140.7,38.1,,8.085106382978724,2.410158222222236,0.0,0
KE010,Marsabit,2014-09,95.41232933333332,79.509834,,49.1,0,0,0.3466,High,459767,2014-09-01,True,2014,140.7,34.9,,-8.398950131233606,-14.178088888888922,0.0,0
KE010,Marsabit,2014-10,85.45508311111111,47.41427,,51.2,0,0,0.3466,High,459767,2014-10-01,True,2014,140.7,36.39,,4.2693409742120325,-9.95724622222221,0.0,0
KE010,Marsabit,2014-11,84.99502244444446,39.65885,,50.7,2,6,0.3466,High,459767,2014-11-01,True,2014,140.7,36.03,,-0.9892827699917506,-0.46006066666664935,2.0,0
KE010,Marsabit,2014-12,83.03835944444444,61.28623,,48.8,0,0,0.3466,High,459767,2014-12-01,True,2014,140.7,34.68,,-3.746877601998344,-1.9566630000000202,-2.0,0
KE010,Marsabit,2015-01,74.69813644444444,72.03947,,48.9,0,0,0.3466,High,459767,2015-01-01,True,2015,147.3,33.2,,-4.2675893886966465,-8.340222999999995,0.0,0
KE010,Marsabit,2015-02,76.41171233333334,64.702065,,52.1,2,13,0.3466,High,459767,2015-02-01,True,2015,147.3,35.37,,6.536144578313241,1.7135758888888972,2.0,0
KE010,Marsabit,2015-03,60.55208111111112,46.40137,,49.4,0,0,0.3466,High,459767,2015-03-01,True,2015,147.3,33.54,,-5.173876166242575,-15.85963122222222,-2.0,0
KE010,Marsabit,2015-04,149.25232122222224,43.727356,,48.4,0,0,0.3466,High,459767,2015-04-01,True,2015,147.3,32.86,,-2.027429934406677,88.70024011111111,0.0,0
KE010,Marsabit,2015-05,84.41064522222223,45.899628,,48.8,1,2,0.3466,High,459767,2015-05-01,True,2015,147.3,33.13,,0.8216676810712142,-64.841676,1.0,0
KE010,Marsabit,2015-06,91.61599844444444,77.1343,,49.2,0,0,0.3466,High,459767,2015-06-01,True,2015,147.3,33.4,,0.8149713250829915,7.2053532222222145,-1.0,0
KE010,Marsabit,2015-07,92.213354,71.40989,,51.3,0,0,0.3466,High,459767,2015-07-01,True,2015,147.3,34.83,,4.281437125748511,0.5973555555555521,0.0,0
KE010,Marsabit,2015-08,96.2843971111111,83.21917,,50.3,1,5,0.3466,High,459767,2015-08-01,True,2015,147.3,34.15,,-1.9523399368360561,4.071043111111109,1.0,0
KE010,Marsabit,2015-09,95.20154222222222,83.78455,,51.4,0,0,0.3466,High,459767,2015-09-01,True,2015,147.3,34.89,,2.1669106881405664,-1.082854888888889,-1.0,0
KE010,Marsabit,2015-10,92.93589688888888,38.990112,,51.6,0,0,0.3466,High,459767,2015-10-01,True,2015,147.3,35.03,,0.4012611063342053,-2.265645333333339,0.0,0
KE010,Marsabit,2015-12,128.2290018888889,53.242397,,51.2,0,0,0.3466,High,459767,2015-12-01,True,2015,147.3,34.76,,-0.7707679132172518,35.29310500000001,0.0,0
KE010,Marsabit,2016-01,86.3113348888889,77.96052,,48.0,0,0,0.3466,High,459767,2016-01-01,True,2016,152.9,31.39,,-9.69505178365937,-41.917666999999994,0.0,0
KE010,Marsabit,2016-02,89.11057511111112,77.36188,,47.3,0,0,0.3466,High,459767,2016-02-01,True,2016,152.9,30.94,,-1.4335775724753086,2.799240222222224,0.0,0
KE010,Marsabit,2016-03,66.20439244444444,28.007835,,47.7,0,0,0.3466,High,459767,2016-03-01,True,2016,152.9,31.2,,0.8403361344537785,-22.90618266666668,0.0,0
KE010,Marsabit,2016-05,80.00198655555556,46.266834,,43.0,0,0,0.3466,High,459767,2016-05-01,True,2016,152.9,28.12,,-9.87179487179487,13.797594111111124,0.0,0
KE010,Marsabit,2016-06,101.37348822222222,88.25677,,43.9,0,0,0.3466,High,459767,2016-06-01,True,2016,152.9,28.71,,2.0981507823613077,21.37150166666666,0.0,0
KE010,Marsabit,2016-07,90.08271177777776,72.19461,,42.4,0,0,0.3466,High,459767,2016-07-01,True,2016,152.9,27.73,,-3.413444792755138,-11.290776444444461,0.0,0
KE010,Marsabit,2016-08,90.65961044444444,81.943954,,42.7,0,0,0.3466,High,459767,2016-08-01,True,2016,152.9,27.93,,0.7212405337179817,0.5768986666666791,0.0,0
KE010,Marsabit,2016-09,92.83420766666669,81.21973,,43.3,0,0,0.3466,High,459767,2016-09-01,True,2016,152.9,28.32,,1.3963480128893702,2.1745972222222463,0.0,0
KE010,Marsabit,2016-10,68.87897011111112,45.067207,,46.5,0,0,0.3466,High,459767,2016-10-01,True,2016,152.9,30.41,,7.379943502824848,-23.95523755555557,0.0,0
KE010,Marsabit,2016-11,82.34635766666666,41.577824,,45.8,0,0,0.3466,High,459767,2016-11-01,True,2016,152.9,29.95,,-1.5126603091088486,13.467387555555547,0.0,0
KE010,Marsabit,2016-12,66.31113355555556,53.284454,,45.5,0,0,0.3466,High,459767,2016-12-01,True,2016,152.9,29.76,,-0.6343906510851371,-16.035224111111106,0.0,0
KE010,Marsabit,2017-01,85.07605933333333,72.01556,,46.7,1,4,0.3466,High,459767,2017-01-01,True,2017,162.0,28.83,,-3.125000000000011,18.764925777777776,1.0,0
KE010,Marsabit,2017-02,116.55545544444446,63.727444,,47.0,0,0,0.3466,High,459767,2017-02-01,True,2017,162.0,29.01,,0.624349635796051,31.47939611111113,-1.0,0
KE010,Marsabit,2017-03,57.61250844444445,39.531956,,46.6,0,0,0.3466,High,459767,2017-03-01,True,2017,162.0,28.77,,-0.8273009307135593,-58.94294700000001,0.0,0
KE010,Marsabit,2017-04,71.05141311111112,26.325617,,52.9,0,0,0.3466,High,459767,2017-04-01,True,2017,162.0,32.65,,13.486270420576997,13.438904666666666,0.0,0
KE010,Marsabit,2017-05,113.56511444444445,53.977966,,47.0,0,0,0.3466,High,459767,2017-05-01,True,2017,162.0,29.01,,-11.148545176110247,42.51370133333333,0.0,0
KE010,Marsabit,2017-06,89.40570488888889,70.3944,,49.0,2,2,0.3466,High,459767,2017-06-01,True,2017,162.0,30.25,,4.274388142019991,-24.159409555555555,2.0,0
KE010,Marsabit,2017-07,121.76045544444445,94.95095,,51.0,0,0,0.3466,High,459767,2017-07-01,True,2017,162.0,31.48,,4.066115702479345,32.354750555555555,-2.0,0
KE010,Marsabit,2017-08,102.320879,96.01786,,52.0,2,5,0.3466,High,459767,2017-08-01,True,2017,162.0,32.1,,1.9695044472681111,-19.43957644444444,2.0,0
KE010,Marsabit,2017-09,109.64703166666666,82.07467,,53.0,0,0,0.3466,High,459767,2017-09-01,True,2017,162.0,32.72,,1.9314641744548222,7.326152666666658,-2.0,0
KE010,Marsabit,2017-10,169.33718122222223,66.913536,,49.0,0,0,0.3466,High,459767,2017-10-01,True,2017,162.0,30.25,,-7.548899755501215,59.690149555555564,0.0,0
KE010,Marsabit,2017-11,108.27071666666669,35.657143,,48.0,0,0,0.3466,High,459767,2017-11-01,True,2017,162.0,29.63,,-2.049586776859502,-61.06646455555554,0.0,0
KE010,Marsabit,2017-12,50.708067444444445,33.572803,,50.0,0,0,0.3466,High,459767,2017-12-01,True,2017,162.0,30.86,,4.151198110023624,-57.56264922222224,0.0,0
KE010,Marsabit,2018-01,69.56053988888888,65.74458,,52.0,1,2,0.3466,High,459767,2018-01-01,True,2018,168.7,30.82,,-0.12961762799740262,18.852472444444437,1.0,0
KE010,Marsabit,2018-02,120.29529377777776,87.44414,,53.0,0,0,0.3466,High,459767,2018-02-01,True,2018,168.7,31.42,,1.9467878001298011,50.734753888888875,-1.0,0
KE010,Marsabit,2018-03,219.95038333333332,52.94522,,52.0,0,0,0.3466,High,459767,2018-03-01,True,2018,168.7,30.82,,-1.9096117122851752,99.65508955555556,0.0,0
KE010,Marsabit,2018-04,198.673856,109.05236,,53.0,0,0,0.3466,High,459767,2018-04-01,True,2018,168.7,31.42,,1.9467878001298011,-21.27652733333332,0.0,0
KE010,Marsabit,2018-05,126.665934,69.91525,,48.0,0,0,0.3466,High,459767,2018-05-01,True,2018,168.7,28.45,,-9.452577975811593,-72.00792200000001,0.0,0
KE010,Marsabit,2018-06,111.8632817777778,99.283585,,45.0,1,4,0.3466,High,459767,2018-06-01,True,2018,168.7,26.67,,-6.256590509666071,-14.802652222222193,1.0,0
KE010,Marsabit,2018-07,100.39482955555556,69.93377,,41.0,2,5,0.3466,High,459767,2018-07-01,True,2018,168.7,24.3,,-8.886389201349832,-11.46845222222224,1.0,0
KE010,Marsabit,2018-08,98.14335566666666,83.21917,,39.0,0,0,0.3466,High,459767,2018-08-01,True,2018,168.7,23.12,,-4.855967078189294,-2.2514738888888957,-2.0,0
KE010,Marsabit,2018-09,108.24089333333332,88.84381,,41.0,1,0,0.3466,High,459767,2018-09-01,True,2018,168.7,24.3,,5.103806228373697,10.097537666666653,1.0,0
KE010,Marsabit,2018-10,90.09999488888889,57.849483,,42.0,2,10,0.3466,High,459767,2018-10-01,True,2018,168.7,24.9,,2.4691358024691246,-18.14089844444443,1.0,0
KE010,Marsabit,2018-11,61.47194066666667,27.85587,,44.0,0,0,0.3466,High,459767,2018-11-01,True,2018,168.7,26.08,,4.738955823293178,-28.628054222222218,-2.0,0
KE010,Marsabit,2018-12,164.55674444444446,63.19149,,43.0,0,0,0.3466,High,459767,2018-12-01,True,2018,168.7,25.49,,-2.2622699386503076,103.0848037777778,0.0,0
KE010,Marsabit,2019-01,75.23039511111111,69.59248,,41.0,0,0,0.3466,High,459767,2019-01-01,True,2019,175.7,23.34,,-8.434680266771277,-89.32634933333335,0.0,0
KE010,Marsabit,2019-02,84.56941499999999,73.64441,,44.0,2,10,0.3466,High,459767,2019-02-01,True,2019,175.7,25.04,,7.283633247643517,9.339019888888885,2.0,0
KE010,Marsabit,2019-03,67.98216244444444,40.436394,,47.0,0,0,0.3466,High,459767,2019-03-01,True,2019,175.7,26.75,,6.829073482428116,-16.58725255555555,-2.0,0
KE010,Marsabit,2019-04,82.39241966666667,28.168423,,49.0,1,11,0.3466,High,459767,2019-04-01,True,2019,175.7,27.89,,4.261682242990661,14.410257222222228,1.0,0
KE010,Marsabit,2019-05,90.65254844444443,31.779661,,50.0,4,11,0.3466,High,459767,2019-05-01,True,2019,175.7,28.46,,2.0437432771602815,8.260128777777766,3.0,0
KE010,Marsabit,2019-06,113.84770222222222,83.63302,,47.0,1,1,0.3466,High,459767,2019-06-01,True,2019,175.7,26.75,,-6.008432888264236,23.19515377777779,-3.0,0
KE010,Marsabit,2019-07,112.2422671111111,92.59743,,46.0,0,0,0.3466,High,459767,2019-07-01,True,2019,175.7,26.18,,-2.1308411214953304,-1.6054351111111202,-1.0,0
KE010,Marsabit,2019-08,99.53610155555556,86.30138,,46.8,2,10,0.3466,High,459767,2019-08-01,True,2019,175.7,26.64,,1.7570664629488197,-12.706165555555543,2.0,0
KE010,Marsabit,2019-09,103.850214,80.36477,,46.5,1,3,0.3466,High,459767,2019-09-01,True,2019,175.7,26.47,,-0.6381381381381446,4.314112444444433,-1.0,0
KE010,Marsabit,2019-10,261.8347266666667,107.62887,,50.0,0,0,0.3466,High,459767,2019-10-01,True,2019,175.7,28.46,,7.517944843218749,157.98451266666672,-1.0,0
KE010,Marsabit,2019-11,169.5222588888889,46.055435,,49.0,0,0,0.3466,High,459767,2019-11-01,True,2019,175.7,27.89,,-2.002810962754742,-92.31246777777781,0.0,0
KE010,Marsabit,2019-12,158.5011188888889,75.48723,,45.0,0,0,0.3466,High,459767,2019-12-01,True,2019,175.7,25.61,,-8.174973108641092,-11.021140000000003,0.0,0
KE010,Marsabit,2020-03,153.57503444444444,98.23683,,43.0,0,0,0.3466,High,459767,2020-03-01,True,2020,182.8,23.52,,-8.160874658336592,-4.926084444444456,0.0,0
KE010,Marsabit,2020-05,86.417671,59.85312,,48.0,0,0,0.3466,High,459767,2020-05-01,True,2020,182.8,26.26,,11.649659863945594,-67.15736344444444,0.0,0
KE010,Marsabit,2020-06,106.93356322222222,95.07071,,46.0,5,17,0.3466,High,459767,2020-06-01,True,2020,182.8,25.16,,-4.188880426504193,20.51589222222222,5.0,0
KE010,Marsabit,2020-07,118.58104322222223,87.10437,,47.0,2,6,0.3466,High,459767,2020-07-01,True,2020,182.8,25.71,,2.1860095389507173,11.647480000000016,-3.0,0
KE010,Marsabit,2020-08,110.1634222222222,94.20222,,45.0,0,0,0.3466,High,459767,2020-08-01,True,2020,182.8,24.62,,-4.239595488136915,-8.41762100000004,-2.0,0
KE010,Marsabit,2020-09,116.94079655555556,100.92886,,45.0,0,0,0.3466,High,459767,2020-09-01,True,2020,182.8,24.62,,0.0,6.77737433333337,0.0,0
KE010,Marsabit,2020-10,142.5595952222222,55.999557,,44.0,0,0,0.3466,High,459767,2020-10-01,True,2020,182.8,24.07,,-2.2339561332250235,25.61879866666665,0.0,0
KE010,Marsabit,2020-11,61.61927744444444,38.909386,,44.0,3,1,0.3466,High,459767,2020-11-01,True,2020,182.8,24.07,,0.0,-80.94031777777778,3.0,0
KE010,Marsabit,2020-12,109.74746588888888,50.9224,,47.0,0,0,0.3466,High,459767,2020-12-01,True,2020,182.8,25.71,,6.813460739509769,48.12818844444444,-3.0,0
KE010,Marsabit,2023-12,73.55179166666667,34.34614,163.33333333333334,85.16666666666667,0,0,0.3466,High,459767,2023-12-01,True,2023,239.1,35.62,68.31,38.545313107740164,-36.19567422222221,0.0,0
KE010,Marsabit,2024-03,72.00274666666667,46.52621,144.22222222222223,70.66666666666667,0,0,0.3466,High,459767,2024-03-01,True,2024,258.0,27.39,55.9,-23.104997192588428,-1.5490450000000067,0.0,0
KE010,Marsabit,2024-06,89.174719,73.389915,131.25,71.81818181818181,0,0,0.3466,High,459767,2024-06-01,True,2024,258.0,27.84,50.87,1.6429353778751432,17.17197233333333,0.0,0
KE010,Marsabit,2024-09,106.39643,88.46117,130.0,67.71428571428571,3,4,0.3466,High,459767,2024-09-01,True,2024,258.0,26.25,50.39,-5.711206896551724,17.221711,3.0,0
KE010,Marsabit,2025-03,146.81645444444445,77.35502,120.0,60.0,0,0,0.3466,High,459767,2025-03-01,True,2025,272.0,22.06,44.12,-15.961904761904766,40.42002444444445,-3.0,0
KE001,Mombasa,2023-12,150.16544133333332,121.514984,147.0,,1,0,0.0518,Low,1208303,2023-12-01,False,2023,239.1,,61.48,,,,0
KE001,Mombasa,2024-03,126.41913,118.74063,150.0,67.0,0,0,0.0518,Low,1208303,2024-03-01,False,2024,258.0,25.97,58.14,,-23.746311333333324,-1.0,0
KE001,Mombasa,2024-06,81.097498,35.204834,127.0,57.0,2,0,0.0518,Low,1208303,2024-06-01,False,2024,258.0,22.09,49.22,-14.94031574894108,-45.321631999999994,2.0,0
KE047,Nairobi,2020-08,87.65695333333333,75.016525,108.0,,1,0,0.0089,Low,4396828,2020-08-01,False,2020,182.8,,59.08,,,,0
KE025,Samburu,2023-12,69.35463,47.40819,176.45454545454547,72.85714285714286,4,7,0.4172,High,310320,2023-12-01,True,2023,239.1,30.47,73.8,,,,0
KE025,Samburu,2024-03,44.499329,38.05,173.75,68.7,2,3,0.4172,High,310320,2024-03-01,True,2024,258.0,26.63,67.34,-12.602559894978672,-24.855300999999997,-2.0,0
KE025,Samburu,2024-06,73.43603833333333,64.89863,148.25,63.07692307692308,1,0,0.4172,High,310320,2024-06-01,True,2024,258.0,24.45,57.46,-8.186256102140444,28.936709333333326,-1.0,0
KE025,Samburu,2024-09,90.02787533333333,87.209526,139.14285714285714,55.1,3,4,0.4172,High,310320,2024-09-01,True,2024,258.0,21.36,53.93,-12.638036809815956,16.591836999999998,2.0,0
KE025,Samburu,2025-09,109.09016333333334,95.68182,175.0,55.1,3,4,0.4172,High,310320,2025-09-01,True,2025,272.0,20.26,64.34,-5.149812734082381,19.06228800000001,0.0,0
KE006,Taita Taveta,2024-03,143.13385,119.50363,154.0,53.0,0,0,0.0793,Low,340664,2024-03-01,False,2024,258.0,20.54,59.69,,,,0
KE004,Tana River,2023-12,159.626052,66.338486,184.5,84.83333333333333,1,1,0.378,High,315941,2023-12-01,True,2023,239.1,35.48,77.16,,,,0
KE004,Tana River,2024-03,102.687098,66.226715,163.5,84.0,0,0,0.378,High,315941,2024-03-01,True,2024,258.0,32.56,63.37,-8.229988726042825,-56.93895399999998,-1.0,0
KE004,Tana River,2024-06,96.76777933333334,74.864494,162.125,68.33333333333333,0,0,0.378,High,315941,2024-06-01,True,2024,258.0,26.49,62.84,-18.642506142506154,-5.919318666666669,0.0,0
KE004,Tana River,2024-09,82.95117333333333,71.29088,152.4,80.54166666666667,4,7,0.378,High,315941,2024-09-01,True,2024,258.0,31.22,59.07,17.85579463948661,-13.816606000000007,4.0,0
KE004,Tana River,2025-03,144.54870333333335,58.8949,155.78571428571428,76.5,1,0,0.378,High,315941,2025-03-01,True,2025,272.0,28.12,57.27,-9.929532351057013,61.59753000000002,-3.0,0
KE004,Tana River,2025-09,96.50099,80.544235,180.0,95.0,0,0,0.378,High,315941,2025-09-01,True,2025,272.0,34.93,66.18,24.217638691322897,-48.04771333333335,-1.0,0
KE004,Tana River,2025-12,69.81339033333334,34.562565,,95.0,0,0,0.378,High,315941,2025-12-01,True,2025,272.0,34.93,,0.0,-26.687599666666657,0.0,0
KE023,Turkana,2009-01,106.04413666666666,81.55496,,49.0,0,0,0.4968,High,926955,2009-01-01,True,2009,95.8,51.15,,8.876117496807145,45.08829733333333,-4.0,0
KE023,Turkana,2009-02,75.71435666666666,69.89317,,43.0,1,2,0.4968,High,926955,2009-02-01,True,2009,95.8,44.89,,-12.238514173998038,-30.32978,1.0,0
KE023,Turkana,2009-03,59.99302766666667,48.09813,,40.0,0,0,0.4968,High,926955,2009-03-01,True,2009,95.8,41.75,,-6.994876364446423,-15.72132899999999,-1.0,0
KE023,Turkana,2009-04,87.720528,51.56094,,41.0,0,0,0.4968,High,926955,2009-04-01,True,2009,95.8,42.8,,2.5149700598802394,27.72750033333333,0.0,0
KE023,Turkana,2009-05,103.39810666666666,56.62919,,46.0,1,0,0.4968,High,926955,2009-05-01,True,2009,95.8,48.02,,12.196261682243016,15.677578666666662,1.0,0
KE023,Turkana,2009-06,79.69644266666667,63.046253,,47.7,0,0,0.4968,High,926955,2009-06-01,True,2009,95.8,49.79,,3.685964181590995,-23.701663999999994,-1.0,0
KE023,Turkana,2009-07,70.39187700000001,60.392696,,52.0,2,2,0.4968,High,926955,2009-07-01,True,2009,95.8,54.28,,9.01787507531633,-9.304565666666662,2.0,0
KE023,Turkana,2009-08,71.84473200000001,69.622246,,48.0,8,48,0.4968,High,926955,2009-08-01,True,2009,95.8,50.1,,-7.700810611643327,1.4528549999999996,6.0,0
KE023,Turkana,2009-09,88.41142,76.102425,,51.0,0,0,0.4968,High,926955,2009-09-01,True,2009,95.8,53.24,,6.26746506986029,16.566688,-8.0,0
KE023,Turkana,2009-10,101.10331,89.55548,,51.0,7,31,0.4968,High,926955,2009-10-01,True,2009,95.8,53.24,,0.0,12.691889999999987,7.0,0
KE023,Turkana,2009-11,70.06141466666666,66.709114,,46.7,0,0,0.4968,High,926955,2009-11-01,True,2009,95.8,48.75,,-8.433508640120213,-31.04189533333333,-7.0,0
KE023,Turkana,2009-12,202.2899933333333,96.46572,,45.8,0,0,0.4968,High,926955,2009-12-01,True,2009,95.8,47.81,,-1.9282051282051182,132.22857866666664,0.0,0
KE023,Turkana,2010-01,125.46472,83.780174,,49.6,3,9,0.4968,High,926955,2010-01-01,True,2010,100.0,49.6,,3.74398661367914,-76.82527333333331,3.0,0
KE023,Turkana,2010-02,176.30111166666666,89.225845,,45.7,3,5,0.4968,High,926955,2010-02-01,True,2010,100.0,45.7,,-7.86290322580645,50.83639166666666,0.0,0
KE023,Turkana,2010-03,194.20370333333332,94.09603,,44.5,0,0,0.4968,High,926955,2010-03-01,True,2010,100.0,44.5,,-2.6258205689277947,17.902591666666666,-3.0,0
KE023,Turkana,2010-04,83.12872866666667,43.017426,,44.93,2,18,0.4968,High,926955,2010-04-01,True,2010,100.0,44.93,,0.966292134831459,-111.07497466666665,2.0,0
KE023,Turkana,2010-05,137.83966666666666,107.68759,,46.0,1,0,0.4968,High,926955,2010-05-01,True,2010,100.0,46.0,,2.381482305809035,54.710937999999985,-1.0,0
KE023,Turkana,2010-06,82.48501666666667,76.28657,,44.0,1,3,0.4968,High,926955,2010-06-01,True,2010,100.0,44.0,,-4.347826086956519,-55.35464999999999,0.0,0
KE023,Turkana,2010-07,86.334705,70.897575,,43.61,0,0,0.4968,High,926955,2010-07-01,True,2010,100.0,43.61,,-0.8863636363636407,3.849688333333333,-1.0,0
KE023,Turkana,2010-08,90.93058,77.21901,,44.0,1,7,0.4968,High,926955,2010-08-01,True,2010,100.0,44.0,,0.8942903003898106,4.595875000000007,1.0,0
KE023,Turkana,2010-09,96.01736833333332,82.8969,,46.29,2,3,0.4968,High,926955,2010-09-01,True,2010,100.0,46.29,,5.204545454545451,5.086788333333317,1.0,0
KE023,Turkana,2010-10,92.9377,72.68365,,44.0,0,0,0.4968,High,926955,2010-10-01,True,2010,100.0,44.0,,-4.9470728019010535,-3.0796683333333164,-2.0,0
KE023,Turkana,2010-11,56.88416766666666,54.78971,,44.7,3,8,0.4968,High,926955,2010-11-01,True,2010,100.0,44.7,,1.5909090909090873,-36.053532333333344,3.0,0
KE023,Turkana,2010-12,71.492338,60.038334,,42.29,0,0,0.4968,High,926955,2010-12-01,True,2010,100.0,42.29,,-5.391498881431778,14.60817033333334,-3.0,0
KE023,Turkana,2011-01,86.95615333333335,80.92787,,44.0,2,1,0.4968,High,926955,2011-01-01,True,2011,114.0,38.6,,-8.725467013478362,15.463815333333343,2.0,0
KE023,Turkana,2011-02,86.20926333333334,70.62603,,42.6,0,0,0.4968,High,926955,2011-02-01,True,2011,114.0,37.37,,-3.1865284974093355,-0.7468900000000076,-2.0,0
KE023,Turkana,2011-03,117.27621,54.01017,,46.0,0,0,0.4968,High,926955,2011-03-01,True,2011,114.0,40.35,,7.974310944607987,31.066946666666666,0.0,0
KE023,Turkana,2011-04,57.92020433333334,35.990173,,54.9,3,48,0.4968,High,926955,2011-04-01,True,2011,114.0,48.16,,19.355638166047086,-59.35600566666667,3.0,0
KE023,Turkana,2011-05,67.76112766666667,51.281963,,60.0,1,9,0.4968,High,926955,2011-05-01,True,2011,114.0,52.63,,9.281561461794041,9.840923333333329,-2.0,0
KE023,Turkana,2011-06,113.23035533333332,88.989136,,64.0,2,9,0.4968,High,926955,2011-06-01,True,2011,114.0,56.14,,6.6692000760022685,45.469227666666654,1.0,0
KE023,Turkana,2011-07,142.45638,111.99175,,74.8,0,0,0.4968,High,926955,2011-07-01,True,2011,114.0,65.61,,16.868542928393303,29.226024666666675,-2.0,0
KE023,Turkana,2011-08,113.51259,93.1912,,72.73,0,0,0.4968,High,926955,2011-08-01,True,2011,114.0,63.8,,-2.7587258039933005,-28.943789999999993,0.0,0
KE023,Turkana,2011-09,127.2653,105.76757,,65.55,0,0,0.4968,High,926955,2011-09-01,True,2011,114.0,57.5,,-9.874608150470209,13.752709999999993,0.0,0
KE023,Turkana,2011-10,109.06400666666669,89.01714,,64.3,0,0,0.4968,High,926955,2011-10-01,True,2011,114.0,56.4,,-1.9130434782608674,-18.20129333333331,0.0,0
KE023,Turkana,2011-11,278.17635466666667,82.384224,,64.23,1,11,0.4968,High,926955,2011-11-01,True,2011,114.0,56.34,,-0.10638297872339608,169.112348,1.0,0
KE023,Turkana,2011-12,103.50248666666666,58.16219,,64.58,0,0,0.4968,High,926955,2011-12-01,True,2011,114.0,56.65,,0.5502307419240182,-174.67386800000003,-1.0,0
KE023,Turkana,2012-01,83.689572,80.37466,,61.35,0,0,0.4968,High,926955,2012-01-01,True,2012,124.5,49.28,,-13.009708737864079,-19.812914666666657,0.0,0
KE023,Turkana,2012-02,79.33545333333333,72.77065,,56.0,0,0,0.4968,High,926955,2012-02-01,True,2012,124.5,44.98,,-8.725649350649356,-4.354118666666665,0.0,0
KE023,Turkana,2012-03,68.96498666666668,33.53587,,54.98,3,8,0.4968,High,926955,2012-03-01,True,2012,124.5,44.16,,-1.8230324588706104,-10.370466666666658,3.0,0
KE023,Turkana,2012-04,152.90234466666666,74.907974,,60.13,1,2,0.4968,High,926955,2012-04-01,True,2012,124.5,48.3,,9.375,83.93735799999999,-2.0,0
KE023,Turkana,2012-05,173.9413833333333,112.54251,,58.75,1,1,0.4968,High,926955,2012-05-01,True,2012,124.5,47.19,,-2.298136645962734,21.03903866666664,0.0,0
KE023,Turkana,2012-06,102.00085,64.5375,,58.65,1,3,0.4968,High,926955,2012-06-01,True,2012,124.5,47.11,,-0.16952744225471328,-71.9405333333333,0.0,0
KE023,Turkana,2012-07,145.08891,96.67485,,68.2,1,0,0.4968,High,926955,2012-07-01,True,2012,124.5,54.78,,16.281044364253884,43.08806,0.0,0
KE023,Turkana,2012-08,140.56600666666665,114.30099,,62.55,0,0,0.4968,High,926955,2012-08-01,True,2012,124.5,50.24,,-8.287696239503461,-4.522903333333346,-1.0,0
KE023,Turkana,2012-09,116.54269666666666,93.29073,,66.0,0,0,0.4968,High,926955,2012-09-01,True,2012,124.5,53.01,,5.513535031847128,-24.023309999999995,0.0,0
KE023,Turkana,2012-10,125.96595166666668,106.23369,,76.62,2,42,0.4968,High,926955,2012-10-01,True,2012,124.5,61.54,,16.091303527636303,9.423255000000026,2.0,0
KE023,Turkana,2012-11,107.75712666666668,64.8465,,78.02,2,1,0.4968,High,926955,2012-11-01,True,2012,124.5,62.67,,1.8362040948976421,-18.208825000000004,0.0,0
KE023,Turkana,2012-12,176.55155833333333,93.102295,,81.83,0,0,0.4968,High,926955,2012-12-01,True,2012,124.5,65.73,,4.882719004308278,68.79443166666665,-2.0,0
KE023,Turkana,2013-01,104.86560666666666,87.93143,,75.8,1,7,0.4968,High,926955,2013-01-01,True,2013,132.9,57.04,,-13.220751559409717,-71.68595166666667,1.0,0
KE023,Turkana,2013-02,82.56254866666667,67.63255,,78.78,2,11,0.4968,High,926955,2013-02-01,True,2013,132.9,59.28,,3.927068723702676,-22.303057999999993,1.0,0
KE023,Turkana,2013-03,109.59921666666666,66.49441,,82.7,2,5,0.4968,High,926955,2013-03-01,True,2013,132.9,62.23,,4.976383265856943,27.03666799999999,0.0,0
KE023,Turkana,2013-04,168.38896,105.20153,,87.8,2,4,0.4968,High,926955,2013-04-01,True,2013,132.9,66.06,,6.15458781937972,58.789743333333334,0.0,0
KE023,Turkana,2013-05,86.09457133333335,44.16982,,84.75,1,5,0.4968,High,926955,2013-05-01,True,2013,132.9,63.77,,-3.4665455646382015,-82.29438866666665,-1.0,0
KE023,Turkana,2013-06,86.77196900000001,63.231277,,86.35,1,4,0.4968,High,926955,2013-06-01,True,2013,132.9,64.97,,1.881762584287272,0.6773976666666641,0.0,0
KE023,Turkana,2013-07,109.27383333333334,81.45619,,76.5,1,4,0.4968,High,926955,2013-07-01,True,2013,132.9,57.56,,-11.405263967985224,22.50186433333333,0.0,0
KE023,Turkana,2013-08,95.81732,68.67672,,76.04,3,3,0.4968,High,926955,2013-08-01,True,2013,132.9,57.22,,-0.5906879777623386,-13.456513333333348,2.0,0
KE023,Turkana,2013-09,99.83429666666666,95.66048,,71.88,2,1,0.4968,High,926955,2013-09-01,True,2013,132.9,54.09,,-5.470115344285209,4.016976666666665,-1.0,0
KE023,Turkana,2013-10,90.719328,73.202774,,74.17,2,17,0.4968,High,926955,2013-10-01,True,2013,132.9,55.81,,3.1798853762248003,-9.114968666666655,0.0,0
KE023,Turkana,2013-11,113.49129533333335,55.239456,,74.58,2,0,0.4968,High,926955,2013-11-01,True,2013,132.9,56.12,,0.55545601146747,22.77196733333335,0.0,0
KE023,Turkana,2013-12,86.06079833333332,64.14066,,71.93,1,1,0.4968,High,926955,2013-12-01,True,2013,132.9,54.12,,-3.5637918745545227,-27.43049700000003,-1.0,0
KE023,Turkana,2014-01,85.82571833333333,83.95261,,84.0,4,9,0.4968,High,926955,2014-01-01,True,2014,140.7,59.7,,10.310421286031058,-0.2350799999999964,3.0,0
KE023,Turkana,2014-02,96.88865333333332,77.47555,,78.05,0,0,0.4968,High,926955,2014-02-01,True,2014,140.7,55.47,,-7.085427135678401,11.062934999999996,-4.0,0
KE023,Turkana,2014-04,57.05876666666666,29.80909,,70.1,0,0,0.4968,High,926955,2014-04-01,True,2014,140.7,49.82,,-10.185685956372815,-39.82988666666666,0.0,0
KE023,Turkana,2014-05,61.41656266666666,59.239822,,75.02,0,0,0.4968,High,926955,2014-05-01,True,2014,140.7,53.32,,7.0252910477719865,4.357795999999993,0.0,0
KE023,Turkana,2014-06,71.32346666666666,67.936325,,81.83,1,2,0.4968,High,926955,2014-06-01,True,2014,140.7,58.16,,9.077269317329328,9.906904000000004,1.0,0
KE023,Turkana,2014-07,109.127092,61.049416,,77.1,0,0,0.4968,High,926955,2014-07-01,True,2014,140.7,54.8,,-5.777166437414028,37.80362533333334,-1.0,0
KE023,Turkana,2014-08,122.29713,70.46538,,80.78,0,0,0.4968,High,926955,2014-08-01,True,2014,140.7,57.41,,4.7627737226277445,13.170037999999991,0.0,0
KE023,Turkana,2014-09,98.127095,82.06523,,71.55,0,0,0.4968,High,926955,2014-09-01,True,2014,140.7,50.85,,-11.426580735063574,-24.170035,0.0,0
KE023,Turkana,2014-10,119.21209833333334,79.98326,,75.0,3,5,0.4968,High,926955,2014-10-01,True,2014,140.7,53.3,,4.818092428711895,21.085003333333347,3.0,0
KE023,Turkana,2014-11,100.061358,52.850754,,72.0,0,0,0.4968,High,926955,2014-11-01,True,2014,140.7,51.17,,-3.996247654784235,-19.150740333333346,-3.0,0
KE023,Turkana,2014-12,86.820478,74.261284,,79.0,1,6,0.4968,High,926955,2014-12-01,True,2014,140.7,56.15,,9.732264999022867,-13.240880000000004,1.0,0
KE023,Turkana,2015-01,81.99704466666667,80.08008,,82.0,1,4,0.4968,High,926955,2015-01-01,True,2015,147.3,55.67,,-0.8548530721282255,-4.823433333333327,0.0,0
KE023,Turkana,2015-02,81.69123166666667,72.94303,,74.0,0,0,0.4968,High,926955,2015-02-01,True,2015,147.3,50.24,,-9.753906951679536,-0.30581300000000056,-1.0,0
KE023,Turkana,2015-03,51.61333466666667,43.296776,,70.0,0,0,0.4968,High,926955,2015-03-01,True,2015,147.3,47.52,,-5.414012738853502,-30.077897,0.0,0
KE023,Turkana,2015-04,153.30479066666666,61.632492,,78.0,0,0,0.4968,High,926955,2015-04-01,True,2015,147.3,52.95,,11.426767676767668,101.69145599999999,0.0,0
KE023,Turkana,2015-05,85.60872,53.66587,,69.0,0,0,0.4968,High,926955,2015-05-01,True,2015,147.3,46.84,,-11.539187913125593,-67.69607066666666,0.0,0
KE023,Turkana,2015-06,100.87874666666666,84.90817,,73.0,0,0,0.4968,High,926955,2015-06-01,True,2015,147.3,49.56,,5.807002561912888,15.270026666666652,0.0,0
KE023,Turkana,2015-07,69.47446066666667,59.224022,,75.0,1,1,0.4968,High,926955,2015-07-01,True,2015,147.3,50.92,,2.7441485068603777,-31.404285999999985,1.0,0
KE023,Turkana,2015-08,69.262642,62.838226,,82.0,1,1,0.4968,High,926955,2015-08-01,True,2015,147.3,55.67,,9.328358208955233,-0.21181866666667304,0.0,0
KE023,Turkana,2015-09,88.42633533333333,81.20648,,76.0,0,0,0.4968,High,926955,2015-09-01,True,2015,147.3,51.6,,-7.310939464702715,19.163693333333327,-1.0,0
KE023,Turkana,2015-10,95.29871966666668,73.651405,,79.0,1,3,0.4968,High,926955,2015-10-01,True,2015,147.3,53.63,,3.9341085271317855,6.872384333333358,1.0,0
KE023,Turkana,2015-11,184.8051233333333,83.57336,,78.0,0,0,0.4968,High,926955,2015-11-01,True,2015,147.3,52.95,,-1.2679470445646102,89.50640366666663,-1.0,0
KE023,Turkana,2015-12,125.19052666666666,68.95361,,81.0,0,0,0.4968,High,926955,2015-12-01,True,2015,147.3,54.99,,3.8526912181302997,-59.61459666666666,0.0,0
KE023,Turkana,2016-01,95.01392,82.99705,,81.0,0,0,0.4968,High,926955,2016-01-01,True,2016,152.9,52.98,,-3.655210038188772,-30.176606666666657,0.0,0
KE023,Turkana,2016-02,81.70930466666667,80.46903,,75.0,0,0,0.4968,High,926955,2016-02-01,True,2016,152.9,49.05,,-7.417893544733866,-13.30461533333333,0.0,0
KE023,Turkana,2016-03,89.83164633333332,42.898743,,76.0,0,0,0.4968,High,926955,2016-03-01,True,2016,152.9,49.71,,1.3455657492354778,8.122341666666657,0.0,0
KE023,Turkana,2016-05,86.91666500000001,51.878525,,84.0,0,0,0.4968,High,926955,2016-05-01,True,2016,152.9,54.94,,10.521021927177632,-2.9149813333333157,0.0,0
KE023,Turkana,2016-06,103.123075,68.81208,,75.0,0,0,0.4968,High,926955,2016-06-01,True,2016,152.9,49.05,,-10.720786312340735,16.20640999999999,0.0,0
KE023,Turkana,2016-07,75.92482,68.3252,,75.0,0,0,0.4968,High,926955,2016-07-01,True,2016,152.9,49.05,,0.0,-27.198255000000003,0.0,0
KE023,Turkana,2016-08,77.89561166666667,65.00139,,69.0,0,0,0.4968,High,926955,2016-08-01,True,2016,152.9,45.13,,-7.991845056065228,1.9707916666666705,0.0,0
KE023,Turkana,2016-09,81.297135,68.55721,,71.0,0,0,0.4968,High,926955,2016-09-01,True,2016,152.9,46.44,,2.902725459782829,3.40152333333333,0.0,0
KE023,Turkana,2016-10,78.47339666666666,73.628,,73.0,1,0,0.4968,High,926955,2016-10-01,True,2016,152.9,47.74,,2.7993109388458226,-2.8237383333333383,1.0,0
KE023,Turkana,2016-11,68.62592166666667,57.10439,,74.0,1,1,0.4968,High,926955,2016-11-01,True,2016,152.9,48.4,,1.3824884792626557,-9.847474999999989,0.0,0
KE023,Turkana,2016-12,59.55042933333333,57.25661,,77.0,2,2,0.4968,High,926955,2016-12-01,True,2016,152.9,50.36,,4.049586776859515,-9.075492333333344,1.0,0
KE023,Turkana,2017-01,101.83577333333334,92.18241,,87.0,0,0,0.4968,High,926955,2017-01-01,True,2017,162.0,53.7,,6.632247815726777,42.28534400000001,-2.0,0
KE023,Turkana,2017-02,161.39499999999998,93.16247,,82.0,0,0,0.4968,High,926955,2017-02-01,True,2017,162.0,50.62,,-5.735567970204847,59.559226666666646,0.0,0
KE023,Turkana,2017-03,66.47266833333333,64.048965,,90.7,1,2,0.4968,High,926955,2017-03-01,True,2017,162.0,55.99,,10.60845515606481,-94.92233166666665,1.0,0
KE023,Turkana,2017-04,53.57523566666666,32.8114,,92.6,2,2,0.4968,High,926955,2017-04-01,True,2017,162.0,57.16,,2.089658867654931,-12.897432666666674,1.0,0
KE023,Turkana,2017-05,84.72305666666666,54.80012,,98.0,1,1,0.4968,High,926955,2017-05-01,True,2017,162.0,60.49,,5.825752274317719,31.147821000000008,-1.0,0
KE023,Turkana,2017-06,65.688168,59.23034,,100.0,0,0,0.4968,High,926955,2017-06-01,True,2017,162.0,61.73,,2.0499256075384276,-19.03488866666666,-1.0,0
KE023,Turkana,2017-07,190.62133666666668,154.3732,,91.0,1,3,0.4968,High,926955,2017-07-01,True,2017,162.0,56.17,,-9.006965818888702,124.93316866666667,1.0,0
KE023,Turkana,2017-08,96.54149866666668,75.07921,,88.0,0,0,0.4968,High,926955,2017-08-01,True,2017,162.0,54.32,,-3.2935730817162168,-94.079838,-1.0,0
KE023,Turkana,2017-09,120.20539333333332,93.25815,,87.0,0,0,0.4968,High,926955,2017-09-01,True,2017,162.0,53.7,,-1.1413843888070652,23.663894666666636,0.0,0
KE023,Turkana,2017-10,162.48648333333333,83.34592,,81.0,2,12,0.4968,High,926955,2017-10-01,True,2017,162.0,50.0,,-6.890130353817514,42.281090000000006,2.0,0
KE023,Turkana,2017-11,92.468851,53.332203,,80.0,2,4,0.4968,High,926955,2017-11-01,True,2017,162.0,49.38,,-1.2399999999999967,-70.01763233333332,0.0,0
KE023,Turkana,2017-12,65.66058366666667,59.931416,,81.0,0,0,0.4968,High,926955,2017-12-01,True,2017,162.0,50.0,,1.2555690562980892,-26.808267333333333,-2.0,0
KE023,Turkana,2018-01,82.30413866666667,80.30999,,82.0,2,3,0.4968,High,926955,2018-01-01,True,2018,168.7,48.61,,-2.7800000000000047,16.643555000000006,2.0,0
KE023,Turkana,2018-02,90.88888,84.21316,,85.5,1,3,0.4968,High,926955,2018-02-01,True,2018,168.7,50.68,,4.25838304875541,8.584741333333326,-1.0,0
KE023,Turkana,2018-03,217.26723866666669,65.568596,,86.3,0,0,0.4968,High,926955,2018-03-01,True,2018,168.7,51.16,,0.9471191791633693,126.37835866666668,-1.0,0
KE023,Turkana,2018-04,228.92539,130.7612,,85.0,0,0,0.4968,High,926955,2018-04-01,True,2018,168.7,50.39,,-1.5050820953870114,11.658151333333308,0.0,0
KE023,Turkana,2018-05,176.89231333333336,125.5568,,84.0,0,0,0.4968,High,926955,2018-05-01,True,2018,168.7,49.79,,-1.19071244294503,-52.03307666666663,0.0,0
KE023,Turkana,2018-06,141.50423333333333,93.08857,,83.0,0,0,0.4968,High,926955,2018-06-01,True,2018,168.7,49.2,,-1.1849769029925628,-35.38808000000003,0.0,0
KE023,Turkana,2018-07,68.88106933333333,63.067158,,81.0,2,3,0.4968,High,926955,2018-07-01,True,2018,168.7,48.01,,-2.4186991869918795,-72.623164,2.0,0
KE023,Turkana,2018-08,100.41093333333332,64.43569,,59.0,1,2,0.4968,High,926955,2018-08-01,True,2018,168.7,34.97,,-27.16100812330764,31.52986399999999,-1.0,0
KE023,Turkana,2018-09,82.83749866666666,70.86955,,63.0,2,5,0.4968,High,926955,2018-09-01,True,2018,168.7,37.34,,6.777237632256239,-17.573434666666657,1.0,0
KE023,Turkana,2018-10,80.01285866666667,66.50704,,61.0,0,0,0.4968,High,926955,2018-10-01,True,2018,168.7,36.16,,-3.160149973219084,-2.824639999999988,-2.0,0
KE023,Turkana,2018-11,64.48027566666667,53.882187,,62.0,1,1,0.4968,High,926955,2018-11-01,True,2018,168.7,36.75,,1.6316371681416086,-15.532583000000002,1.0,0
KE023,Turkana,2018-12,124.13332666666668,60.46386,,60.0,0,0,0.4968,High,926955,2018-12-01,True,2018,168.7,35.57,,-3.2108843537414944,59.653051000000005,-1.0,0
KE023,Turkana,2019-01,86.24996,81.11467,,66.0,1,6,0.4968,High,926955,2019-01-01,True,2019,175.7,37.56,,5.594602192859166,-37.883366666666674,1.0,0
KE023,Turkana,2019-02,85.43959833333334,77.54962,,64.8,2,3,0.4968,High,926955,2019-02-01,True,2019,175.7,36.88,,-1.8104366347177825,-0.8103616666666653,1.0,0
KE023,Turkana,2019-03,79.50095766666666,48.859463,,61.0,0,0,0.4968,High,926955,2019-03-01,True,2019,175.7,34.72,,-5.856832971800441,-5.938640666666672,-2.0,0
KE023,Turkana,2019-04,94.84087066666666,34.16794,,61.0,0,0,0.4968,High,926955,2019-04-01,True,2019,175.7,34.72,,0.0,15.339912999999996,0.0,0
KE023,Turkana,2019-05,60.45891233333333,42.63069,,66.0,0,0,0.4968,High,926955,2019-05-01,True,2019,175.7,37.56,,8.17972350230416,-34.38195833333333,0.0,0
KE023,Turkana,2019-06,153.848425,94.512955,,63.0,2,1,0.4968,High,926955,2019-06-01,True,2019,175.7,35.86,,-4.526091586794467,93.38951266666666,2.0,0
KE023,Turkana,2019-07,115.74080333333332,69.02421,,66.7,0,0,0.4968,High,926955,2019-07-01,True,2019,175.7,37.96,,5.856107083100959,-38.107621666666674,-2.0,0
KE023,Turkana,2019-08,108.32683666666668,75.75509,,67.1,2,2,0.4968,High,926955,2019-08-01,True,2019,175.7,38.19,,0.6059009483666999,-7.413966666666639,2.0,0
KE023,Turkana,2019-09,105.04568333333334,84.62547,,66.3,0,0,0.4968,High,926955,2019-09-01,True,2019,175.7,37.73,,-1.204503796805445,-3.281153333333336,-2.0,0
KE023,Turkana,2019-10,198.47074333333333,183.96758,,67.0,0,0,0.4968,High,926955,2019-10-01,True,2019,175.7,38.13,,1.0601643254704696,93.42505999999999,0.0,0
KE023,Turkana,2019-11,125.926595,51.518135,,64.0,0,0,0.4968,High,926955,2019-11-01,True,2019,175.7,36.43,,-4.458431681091013,-72.54414833333333,0.0,0
KE023,Turkana,2019-12,200.288945,98.078735,,65.0,0,0,0.4968,High,926955,2019-12-01,True,2019,175.7,36.99,,1.5371946198188269,74.36235,0.0,0
KE023,Turkana,2020-01,119.68396,85.37344,,64.0,1,3,0.4968,High,926955,2020-01-01,True,2020,182.8,35.01,,-5.352798053527996,-80.60498500000001,1.0,0
KE023,Turkana,2020-02,110.80973833333331,76.34242,,64.0,0,0,0.4968,High,926955,2020-02-01,True,2020,182.8,35.01,,0.0,-8.874221666666685,-1.0,0
KE023,Turkana,2020-04,153.62977733333332,37.851032,,60.0,0,0,0.4968,High,926955,2020-04-01,True,2020,182.8,32.82,,-6.25535561268209,42.82003900000001,0.0,0
KE023,Turkana,2020-05,89.79528066666667,55.581562,,70.0,2,5,0.4968,High,926955,2020-05-01,True,2020,182.8,38.29,,16.666666666666675,-63.83449666666665,2.0,0
KE023,Turkana,2020-06,165.25039333333334,138.11028,,69.0,0,0,0.4968,High,926955,2020-06-01,True,2020,182.8,37.75,,-1.410289892922434,75.45511266666666,-2.0,0
KE023,Turkana,2020-07,103.35289666666668,93.954575,,71.0,0,0,0.4968,High,926955,2020-07-01,True,2020,182.8,38.84,,2.8874172185430647,-61.897496666666655,0.0,0
KE023,Turkana,2020-08,169.765,109.45941,,70.0,0,0,0.4968,High,926955,2020-08-01,True,2020,182.8,38.29,,-1.41606591143153,66.4121033333333,0.0,0
KE023,Turkana,2020-09,144.56193333333331,109.35073,,70.0,1,0,0.4968,High,926955,2020-09-01,True,2020,182.8,38.29,,0.0,-25.203066666666672,1.0,0
KE023,Turkana,2020-10,172.89436333333333,80.85731,,68.0,1,1,0.4968,High,926955,2020-10-01,True,2020,182.8,37.2,,-2.846696265343418,28.332430000000016,0.0,0
KE023,Turkana,2020-11,97.88111133333332,58.189964,,65.0,1,4,0.4968,High,926955,2020-11-01,True,2020,182.8,35.56,,-4.408602150537632,-75.01325200000001,0.0,0
KE023,Turkana,2020-12,108.49001,59.50401,,65.0,0,0,0.4968,High,926955,2020-12-01,True,2020,182.8,35.56,,0.0,10.608898666666676,-1.0,0
KE023,Turkana,2023-12,82.71347,67.44754,177.42307692307693,99.45588235294116,4,3,0.4968,High,926955,2023-12-01,True,2023,239.1,41.6,74.2,16.985376827896516,-25.776539999999997,4.0,0
KE023,Turkana,2024-03,81.76211333333333,54.4659,167.43243243243242,89.4186046511628,4,7,0.4968,High,926955,2024-03-01,True,2024,258.0,34.66,64.9,-16.682692307692314,-0.9513566666666691,0.0,0
KE023,Turkana,2024-06,65.320111,61.091328,155.40277777777777,86.14772727272727,5,17,0.4968,High,926955,2024-06-01,True,2024,258.0,33.39,60.23,-3.6641661858049512,-16.442002333333335,1.0,0
KE023,Turkana,2024-09,107.48113,84.55089,144.9268292682927,84.08823529411765,2,2,0.4968,High,926955,2024-09-01,True,2024,258.0,32.59,56.17,-2.3959269242287973,42.161018999999996,-3.0,0
KE023,Turkana,2025-03,168.92220666666665,128.84987,151.0909090909091,87.0,2,2,0.4968,High,926955,2025-03-01,True,2025,272.0,31.99,55.55,-1.8410555385087624,61.44107666666666,0.0,0
KE023,Turkana,2025-06,75.88177166666667,71.739975,135.5,78.54545454545455,3,2,0.4968,High,926955,2025-06-01,True,2025,272.0,28.88,49.82,-9.721788058768366,-93.04043499999999,1.0,0
KE023,Turkana,2025-09,105.25890666666668,89.22454,135.16666666666666,86.35714285714286,3,3,0.4968,High,926955,2025-09-01,True,2025,272.0,31.75,49.69,9.937673130193915,29.37713500000001,0.0,0
KE023,Turkana,2025-12,143.23568333333333,67.25941,122.0,63.2,1,0,0.4968,High,926955,2025-12-01,True,2025,272.0,23.24,44.85,-26.803149606299215,37.97677666666665,-2.0,0
KE008,Wajir,2023-12,62.61363333333333,31.81607,214.0,104.25,1,0,0.3956,High,781214,2023-12-01,True,2023,239.1,43.6,89.5,,,,0
KE008,Wajir,2024-03,58.858685666666666,42.697327,190.57142857142856,112.85714285714286,1,0,0.3956,High,781214,2024-03-01,True,2024,258.0,43.74,73.86,0.32110091743118296,-3.7549476666666664,0.0,0
KE008,Wajir,2024-06,98.522025,94.672325,162.0,99.0,1,0,0.3956,High,781214,2024-06-01,True,2024,258.0,38.37,62.79,-12.277091906721548,39.66333933333333,0.0,0
KE008,Wajir,2024-09,98.71759833333331,95.298485,168.0,90.71428571428572,2,0,0.3956,High,781214,2024-09-01,True,2024,258.0,35.16,65.12,-8.365910867865523,0.19557333333331428,1.0,0
KE008,Wajir,2025-03,178.89054,128.29907,146.5,87.5,0,0,0.3956,High,781214,2025-03-01,True,2025,272.0,32.17,53.86,-8.50398179749714,80.17294166666667,-2.0,0
KE008,Wajir,2025-09,95.774335,89.46756,153.5,79.0,1,1,0.3956,High,781214,2025-09-01,True,2025,272.0,29.04,56.43,-9.729561703450429,-83.116205,1.0,0
KE008,Wajir,2025-12,68.84188,34.75145,139.33333333333334,74.0,1,0,0.3956,High,781214,2025-12-01,True,2025,272.0,27.21,51.23,-6.301652892561982,-26.93245499999999,0.0,0
