pcode,county,year_month,rfq_mean,rfq_min,price_beans,price_maize,conflict_events,conflict_fatalities,mpi,vulnerability_tier,total_population
KE030,Baringo,2006-01,72.32802,56.47483,,,0,0,0.2159,Medium,666750
KE030,Baringo,2006-02,82.811149,39.286293,,,0,0,0.2159,Medium,666750
KE030,Baringo,2006-03,122.28995266666665,50.577103,,,0,0,0.2159,Medium,666750
KE030,Baringo,2006-04,104.60608416666666,61.619656,,,0,0,0.2159,Medium,666750
KE030,Baringo,2006-05,81.69421466666667,49.654243,,,0,0,0.2159,Medium,666750
KE030,Baringo,2006-06,90.14412816666668,51.565163,,,0,0,0.2159,Medium,666750
KE030,Baringo,2006-07,76.35707833333333,58.24959,,,0,0,0.2159,Medium,666750
KE030,Baringo,2006-08,117.39806666666668,56.26853,,,1,5,0.2159,Medium,666750
KE030,Baringo,2006-09,80.89827016666668,57.529785,,,0,0,0.2159,Medium,666750
KE030,Baringo,2006-10,84.57271916666666,44.156067,,,0,0,0.2159,Medium,666750
KE030,Baringo,2006-11,213.43850333333333,66.79703,,,0,0,0.2159,Medium,666750
KE030,Baringo,2006-12,177.24226166666668,50.035294,,,0,0,0.2159,Medium,666750
KE030,Baringo,2007-01,149.74761733333332,86.18344,,,0,0,0.2159,Medium,666750
KE030,Baringo,2007-02,219.01469333333333,119.90447,,,0,0,0.2159,Medium,666750
KE030,Baringo,2007-03,67.15753883333333,28.424242,,,0,0,0.2159,Medium,666750
KE030,Baringo,2007-04,111.35449183333333,23.96223,,,0,0,0.2159,Medium,666750
KE030,Baringo,2007-05,116.43561166666666,47.159164,,,0,0,0.2159,Medium,666750
KE030,Baringo,2007-06,159.50746833333332,118.43828,,,0,0,0.2159,Medium,666750
KE030,Baringo,2007-07,129.39578766666668,58.947746,,,1,0,0.2159,Medium,666750
KE030,Baringo,2007-08,138.55865416666666,107.94142,,,0,0,0.2159,Medium,666750
KE030,Baringo,2007-09,223.35970666666665,161.47878,,,0,0,0.2159,Medium,666750
KE030,Baringo,2007-10,75.818621,51.62117,,,1,2,0.2159,Medium,666750
KE030,Baringo,2007-11,56.047676333333335,45.25391,,,2,0,0.2159,Medium,666750
KE030,Baringo,2007-12,54.411950999999995,33.078102,,,1,9,0.2159,Medium,666750
KE030,Baringo,2008-01,74.57691733333333,50.49514,,,2,1,0.2159,Medium,666750
KE030,Baringo,2008-02,72.5989115,39.93031,,,1,0,0.2159,Medium,666750
KE030,Baringo,2008-03,120.293744,42.879967,,,2,29,0.2159,Medium,666750
KE030,Baringo,2008-04,47.62088466666666,34.372368,,,0,0,0.2159,Medium,666750
KE030,Baringo,2008-05,50.69499616666667,24.964954,,,0,0,0.2159,Medium,666750
KE030,Baringo,2008-06,62.028861500000005,40.5062,,,0,0,0.2159,Medium,666750
KE030,Baringo,2008-07,94.47675233333332,71.15367,,,0,0,0.2159,Medium,666750
KE030,Baringo,2008-08,83.1606045,56.31888,,,1,0,0.2159,Medium,666750
KE030,Baringo,2008-09,125.94485833333334,79.48933,,,0,0,0.2159,Medium,666750
KE030,Baringo,2008-10,166.88633666666666,88.10478,,,0,0,0.2159,Medium,666750
KE030,Baringo,2008-11,124.86474883333334,42.802246,,,0,0,0.2159,Medium,666750
KE030,Baringo,2008-12,49.2406195,39.663094,,,0,0,0.2159,Medium,666750
KE030,Baringo,2009-01,72.14780033333334,37.32354,,,0,0,0.2159,Medium,666750
KE030,Baringo,2009-02,46.32098316666667,34.138004,,,0,0,0.2159,Medium,666750
KE030,Baringo,2009-03,45.125529,30.430687,,,0,0,0.2159,Medium,666750
KE030,Baringo,2009-04,75.4801595,43.23179,,,0,0,0.2159,Medium,666750
KE030,Baringo,2009-05,126.87665133333333,34.648415,,,0,0,0.2159,Medium,666750
KE030,Baringo,2009-06,52.189902999999994,36.13145,,,0,0,0.2159,Medium,666750
KE030,Baringo,2009-07,51.82887266666666,27.964596,,,0,0,0.2159,Medium,666750
KE030,Baringo,2009-08,45.5832275,39.185223,,,0,0,0.2159,Medium,666750
KE030,Baringo,2009-09,68.21506233333334,58.111244,,,0,0,0.2159,Medium,666750
KE030,Baringo,2009-10,96.14847833333333,67.21614,,,0,0,0.2159,Medium,666750
KE030,Baringo,2009-11,74.28384833333334,40.22847,,,0,0,0.2159,Medium,666750
KE030,Baringo,2009-12,261.50415833333335,105.4121,,,0,0,0.2159,Medium,666750
KE030,Baringo,2010-01,134.31767233333332,41.31757,,,0,0,0.2159,Medium,666750
KE030,Baringo,2010-02,326.87759666666665,176.05171,,,0,0,0.2159,Medium,666750
KE030,Baringo,2010-03,187.4752225,65.76047,,,0,0,0.2159,Medium,666750
KE030,Baringo,2010-04,104.91637083333335,52.332085,,,0,0,0.2159,Medium,666750
KE030,Baringo,2010-05,144.04791,88.23264,,,0,0,0.2159,Medium,666750
KE030,Baringo,2010-06,84.63360283333333,59.026623,,,0,0,0.2159,Medium,666750
KE030,Baringo,2010-07,98.37371066666667,42.433308,,,0,0,0.2159,Medium,666750
KE030,Baringo,2010-08,115.89655116666665,57.218777,,,0,0,0.2159,Medium,666750
KE030,Baringo,2010-09,121.55064333333333,88.92376,,,0,0,0.2159,Medium,666750
KE030,Baringo,2010-10,102.9652135,79.31623,,,0,0,0.2159,Medium,666750
KE030,Baringo,2010-11,50.84724,46.260147,,,0,0,0.2159,Medium,666750
KE030,Baringo,2010-12,59.727152499999995,36.60711,,,0,0,0.2159,Medium,666750
KE030,Baringo,2011-01,56.147286666666666,48.301723,,,1,2,0.2159,Medium,666750
KE030,Baringo,2011-02,62.865283833333336,43.186428,,,0,0,0.2159,Medium,666750
KE030,Baringo,2011-03,127.99949866666667,47.99176,,,0,0,0.2159,Medium,666750
KE030,Baringo,2011-04,43.01178050000001,25.851488,,,0,0,0.2159,Medium,666750
KE030,Baringo,2011-05,78.71531966666667,40.744843,,,0,0,0.2159,Medium,666750
KE030,Baringo,2011-06,121.34441250000002,76.97516,,,0,0,0.2159,Medium,666750
KE030,Baringo,2011-07,116.81481166666667,78.15916,,,0,0,0.2159,Medium,666750
KE030,Baringo,2011-08,150.00900166666668,87.53188,,,0,0,0.2159,Medium,666750
KE030,Baringo,2011-09,145.14948166666667,86.84881,,,0,0,0.2159,Medium,666750
KE030,Baringo,2011-10,110.285117,51.653904,,,0,0,0.2159,Medium,666750
KE030,Baringo,2011-11,207.4428,53.30802,,,0,0,0.2159,Medium,666750
KE030,Baringo,2011-12,108.95530016666667,38.897396,,,1,0,0.2159,Medium,666750
KE030,Baringo,2012-01,48.08154283333334,36.979225,,,0,0,0.2159,Medium,666750
KE030,Baringo,2012-02,64.03143766666666,43.620785,,,0,0,0.2159,Medium,666750
KE030,Baringo,2012-03,54.02293266666666,29.318943,,,0,0,0.2159,Medium,666750
KE030,Baringo,2012-04,168.707431,96.69654,,,0,0,0.2159,Medium,666750
KE030,Baringo,2012-05,207.405085,148.51532,,,0,0,0.2159,Medium,666750
KE030,Baringo,2012-06,107.17713816666667,50.928467,,,0,0,0.2159,Medium,666750
KE030,Baringo,2012-07,127.88524566666666,68.83801,,,0,0,0.2159,Medium,666750
KE030,Baringo,2012-08,109.1745975,89.87788,,,0,0,0.2159,Medium,666750
KE030,Baringo,2012-09,160.833654,104.813194,,,0,0,0.2159,Medium,666750
KE030,Baringo,2012-10,146.20771249999999,108.64722,,,2,2,0.2159,Medium,666750
KE030,Baringo,2012-11,87.02338366666667,46.962593,,,1,1,0.2159,Medium,666750
KE030,Baringo,2012-12,137.04149966666668,46.970768,,,3,4,0.2159,Medium,666750
KE030,Baringo,2013-01,113.715291,63.229633,,,1,0,0.2159,Medium,666750
KE030,Baringo,2013-02,59.091444833333334,32.38193,,,3,8,0.2159,Medium,666750
KE030,Baringo,2013-03,132.56125216666666,45.43034,,,3,4,0.2159,Medium,666750
KE030,Baringo,2013-04,190.31566,97.0455,,,2,4,0.2159,Medium,666750
KE030,Baringo,2013-05,102.119774,45.786694,,,1,10,0.2159,Medium,666750
KE030,Baringo,2013-06,117.38511666666666,55.291737,,,0,0,0.2159,Medium,666750
KE030,Baringo,2013-07,137.57924666666665,86.69367,,,0,0,0.2159,Medium,666750
KE030,Baringo,2013-08,122.46931000000001,71.90922,,,0,0,0.2159,Medium,666750
KE030,Baringo,2013-09,145.48251083333335,111.84193,,,0,0,0.2159,Medium,666750
KE030,Baringo,2013-10,98.3299875,50.725365,,,0,0,0.2159,Medium,666750
KE030,Baringo,2013-11,110.45171599999999,60.33407,,,0,0,0.2159,Medium,666750
KE030,Baringo,2013-12,165.90315766666666,45.99285,,,0,0,0.2159,Medium,666750
KE030,Baringo,2014-01,65.09689733333333,53.34694,,,3,32,0.2159,Medium,666750
KE030,Baringo,2014-02,135.5178655,50.823402,,,0,0,0.2159,Medium,666750
KE030,Baringo,2014-03,111.83725566666668,33.635517,,,2,1,0.2159,Medium,666750
KE030,Baringo,2014-04,39.014272,22.075335,,,0,0,0.2159,Medium,666750
KE030,Baringo,2014-05,69.82367599999999,58.97723,,,0,0,0.2159,Medium,666750
KE030,Baringo,2014-06,80.64790866666667,60.720795,,,3,2,0.2159,Medium,666750
KE030,Baringo,2014-07,80.39377266666666,56.92273,,,0,0,0.2159,Medium,666750
KE030,Baringo,2014-08,114.42917666666665,71.34531,,,2,3,0.2159,Medium,666750
KE030,Baringo,2014-09,86.56200933333334,53.409595,,,0,0,0.2159,Medium,666750
KE030,Baringo,2014-10,130.048361,59.47948,,,2,9,0.2159,Medium,666750
KE030,Baringo,2014-11,92.4075475,43.382614,,,0,0,0.2159,Medium,666750
KE030,Baringo,2014-12,84.82801033333334,56.108612,,,1,0,0.2159,Medium,666750
KE030,Baringo,2015-01,51.303447,40.07805,104.0,42.0,0,0,0.2159,Medium,666750
KE030,Baringo,2015-02,70.0810905,37.89491,107.0,47.0,3,55,0.2159,Medium,666750
KE030,Baringo,2015-03,38.906944333333335,33.631344,112.0,38.0,1,1,0.2159,Medium,666750
KE030,Baringo,2015-04,130.02314416666667,77.91948,105.0,42.0,0,0,0.2159,Medium,666750
KE030,Baringo,2015-05,86.04917266666666,55.420036,106.0,45.0,0,0,0.2159,Medium,666750
KE030,Baringo,2015-06,100.16669666666667,56.11511,113.0,45.0,0,0,0.2159,Medium,666750
KE030,Baringo,2015-07,68.36425799999999,52.246094,105.0,44.0,0,0,0.2159,Medium,666750
KE030,Baringo,2015-08,40.430967,28.921307,102.0,46.0,0,0,0.2159,Medium,666750
KE030,Baringo,2015-09,74.14223,54.79602,102.0,44.0,0,0,0.2159,Medium,666750
KE030,Baringo,2015-10,97.5050425,62.29318,103.0,37.0,0,0,0.2159,Medium,666750
KE030,Baringo,2015-11,136.33486166666668,78.44727,94.0,39.0,1,1,0.2159,Medium,666750
KE030,Baringo,2015-12,134.9299035,55.640633,101.0,41.0,0,0,0.2159,Medium,666750
KE030,Baringo,2016-01,135.7684416666667,64.84341,108.0,41.0,2,4,0.2159,Medium,666750
KE030,Baringo,2016-02,66.41490433333333,41.0218,97.0,39.0,0,0,0.2159,Medium,666750
KE030,Baringo,2016-03,72.27364433333334,31.079441,96.0,40.0,0,0,0.2159,Medium,666750
KE030,Baringo,2016-04,134.877535,93.97323,,,0,0,0.2159,Medium,666750
KE030,Baringo,2016-05,134.99731483333332,55.013596,97.0,43.0,0,0,0.2159,Medium,666750
KE030,Baringo,2016-06,96.21034933333333,65.32533,90.0,39.0,0,0,0.2159,Medium,666750
KE030,Baringo,2016-07,106.32099066666666,86.44241,103.0,41.0,0,0,0.2159,Medium,666750
KE030,Baringo,2016-08,71.52773833333333,41.194397,94.0,41.0,0,0,0.2159,Medium,666750
KE030,Baringo,2016-09,85.00031066666666,44.584846,90.0,37.0,0,0,0.2159,Medium,666750
KE030,Baringo,2016-10,86.431288,58.153133,98.0,43.0,0,0,0.2159,Medium,666750
KE030,Baringo,2016-11,77.75022299999999,46.474434,123.0,48.0,0,0,0.2159,Medium,666750
KE030,Baringo,2016-12,46.15364983333333,31.138336,106.0,48.0,0,0,0.2159,Medium,666750
KE030,Baringo,2017-01,82.61317883333334,42.901413,108.0,55.0,0,0,0.2159,Medium,666750
KE030,Baringo,2017-02,116.36245000000001,54.83712,112.0,52.0,6,16,0.2159,Medium,666750
KE030,Baringo,2017-03,49.686126333333334,34.355957,114.0,57.0,3,0,0.2159,Medium,666750
KE030,Baringo,2017-04,53.19002333333333,27.996904,127.0,62.0,1,5,0.2159,Medium,666750
KE030,Baringo,2017-05,93.11932916666666,72.62243,138.0,73.0,1,1,0.2159,Medium,666750
KE030,Baringo,2017-06,63.85023783333333,50.71759,129.0,81.0,3,6,0.2159,Medium,666750
KE030,Baringo,2017-07,197.34154,142.72466,118.0,58.0,0,0,0.2159,Medium,666750
KE030,Baringo,2017-08,130.20745916666667,70.254135,120.0,52.0,5,15,0.2159,Medium,666750
KE030,Baringo,2017-09,159.57490566666667,118.791214,104.0,53.0,1,5,0.2159,Medium,666750
KE030,Baringo,2017-10,165.50208816666665,64.029785,108.0,53.0,1,0,0.2159,Medium,666750
KE030,Baringo,2017-11,118.79636966666668,59.47541,121.0,50.0,4,15,0.2159,Medium,666750
KE030,Baringo,2017-12,55.02137583333333,42.95903,120.0,48.0,0,0,0.2159,Medium,666750
KE030,Baringo,2018-01,55.526736166666666,39.113968,106.0,52.0,1,1,0.2159,Medium,666750
KE030,Baringo,2018-02,58.494530499999996,42.069073,111.0,53.0,0,0,0.2159,Medium,666750
KE030,Baringo,2018-03,213.87567633333333,62.288292,112.0,52.0,0,0,0.2159,Medium,666750
KE030,Baringo,2018-04,229.07500833333333,172.13477,113.0,43.0,5,14,0.2159,Medium,666750
KE030,Baringo,2018-05,213.179335,182.59518,105.0,44.0,0,0,0.2159,Medium,666750
KE030,Baringo,2018-06,224.35894833333336,148.64166,108.0,40.0,0,0,0.2159,Medium,666750
KE030,Baringo,2018-07,89.00190566666667,47.51243,98.0,42.0,0,0,0.2159,Medium,666750
KE030,Baringo,2018-08,81.0005335,41.759193,100.0,38.0,1,0,0.2159,Medium,666750
KE030,Baringo,2018-09,66.95922933333333,54.161842,103.0,36.0,2,3,0.2159,Medium,666750
KE030,Baringo,2018-10,80.31643733333333,52.764053,103.0,33.0,5,6,0.2159,Medium,666750
KE030,Baringo,2018-11,51.280625500000006,35.680286,105.0,35.0,1,1,0.2159,Medium,666750
KE030,Baringo,2018-12,140.59629116666667,48.283627,107.0,36.0,2,2,0.2159,Medium,666750
KE030,Baringo,2019-01,70.00056666666667,54.33944,109.0,36.0,1,1,0.2159,Medium,666750
KE030,Baringo,2019-02,55.89960616666667,40.249126,111.0,,2,7,0.2159,Medium,666750
KE030,Baringo,2019-03,54.52422266666667,32.530384,111.0,,0,0,0.2159,Medium,666750
KE030,Baringo,2019-04,69.701753,27.046204,117.0,44.0,0,0,0.2159,Medium,666750
KE030,Baringo,2019-05,68.47545050000001,27.933607,105.0,52.0,2,1,0.2159,Medium,666750
KE030,Baringo,2019-06,166.791714,80.20619,121.0,51.0,0,0,0.2159,Medium,666750
KE030,Baringo,2019-07,117.21352566666667,66.54163,139.2,55.7,0,0,0.2159,Medium,666750
KE030,Baringo,2019-08,120.65590000000002,77.88826,126.3,54.6,0,0,0.2159,Medium,666750
KE030,Baringo,2019-09,125.9896025,75.11827,113.0,46.5,0,0,0.2159,Medium,666750
KE030,Baringo,2019-10,180.49038,141.71205,109.0,44.0,2,3,0.2159,Medium,666750
KE030,Baringo,2019-11,145.34315,59.944355,108.0,44.0,2,4,0.2159,Medium,666750
KE030,Baringo,2019-12,227.5072591666667,77.52823,115.0,46.0,1,1,0.2159,Medium,666750
KE030,Baringo,2020-01,142.30940633333333,61.790108,124.0,46.0,1,1,0.2159,Medium,666750
KE030,Baringo,2020-02,105.05963366666667,56.475216,111.0,47.3,2,3,0.2159,Medium,666750
KE030,Baringo,2020-03,193.82829566666666,75.070114,114.2,48.5,1,0,0.2159,Medium,666750
KE030,Baringo,2020-04,173.68947266666666,27.030615,121.51,51.7,3,1,0.2159,Medium,666750
KE030,Baringo,2020-05,104.423785,76.25155,125.2,52.0,0,0,0.2159,Medium,666750
KE030,Baringo,2020-06,175.40119166666668,139.88501,131.9,51.0,0,0,0.2159,Medium,666750
KE030,Baringo,2020-07,173.42142333333334,139.61327,126.0,47.0,0,0,0.2159,Medium,666750
KE030,Baringo,2020-08,162.413674,114.919044,120.0,41.0,0,0,0.2159,Medium,666750
KE030,Baringo,2020-09,154.89017833333332,115.98945,107.0,39.0,1,0,0.2159,Medium,666750
KE030,Baringo,2020-10,142.01844833333334,70.97093,114.0,39.0,0,0,0.2159,Medium,666750
KE030,Baringo,2020-11,132.472833,78.445274,117.0,39.0,0,0,0.2159,Medium,666750
KE030,Baringo,2020-12,58.7083815,46.402664,114.0,40.0,1,1,0.2159,Medium,666750
KE030,Baringo,2021-01,98.31013333333334,66.93446,,,6,16,0.2159,Medium,666750
KE030,Baringo,2021-02,96.96545533333334,51.317726,,,0,0,0.2159,Medium,666750
KE030,Baringo,2021-03,51.03861833333334,44.892384,,,2,1,0.2159,Medium,666750
KE030,Baringo,2021-04,70.26115583333333,30.69812,,,0,0,0.2159,Medium,666750
KE030,Baringo,2021-05,152.304307,58.771587,,,0,0,0.2159,Medium,666750
KE030,Baringo,2021-06,77.138229,52.244057,,,0,0,0.2159,Medium,666750
KE030,Baringo,2021-07,90.35552733333333,37.488194,,,3,2,0.2159,Medium,666750
KE030,Baringo,2021-08,84.29241183333333,73.93912,,,0,0,0.2159,Medium,666750
KE030,Baringo,2021-09,169.13246999999998,119.47324,,,0,0,0.2159,Medium,666750
KE030,Baringo,2021-10,107.84697233333334,58.42729,,,1,1,0.2159,Medium,666750
KE030,Baringo,2021-11,54.31207366666666,38.244118,,,1,1,0.2159,Medium,666750
KE030,Baringo,2021-12,70.86532383333333,60.064636,,,0,0,0.2159,Medium,666750
KE030,Baringo,2022-01,112.17785450000001,60.944187,,,7,5,0.2159,Medium,666750
KE030,Baringo,2022-02,115.5275625,55.717995,,,4,13,0.2159,Medium,666750
KE030,Baringo,2022-03,57.81708116666667,38.22832,,,2,3,0.2159,Medium,666750
KE030,Baringo,2022-04,81.69282433333333,26.188469,,,7,5,0.2159,Medium,666750
KE030,Baringo,2022-05,85.81883916666668,50.257637,,,11,14,0.2159,Medium,666750
KE030,Baringo,2022-06,72.36845133333334,55.084167,,,2,0,0.2159,Medium,666750
KE030,Baringo,2022-07,65.06610083333334,49.402245,,,1,2,0.2159,Medium,666750
KE030,Baringo,2022-08,131.97843,70.3542,,,2,1,0.2159,Medium,666750
KE030,Baringo,2022-09,151.01192833333334,107.64563,,,0,0,0.2159,Medium,666750
KE030,Baringo,2022-10,73.23217066666668,30.915714,,,1,1,0.2159,Medium,666750
KE030,Baringo,2022-11,147.04478716666668,60.575573,,,1,2,0.2159,Medium,666750
KE030,Baringo,2022-12,93.56850166666668,82.18942,,,3,3,0.2159,Medium,666750
KE030,Baringo,2023-01,51.895214,37.185814,,,4,4,0.2159,Medium,666750
KE030,Baringo,2023-02,42.42653983333333,33.857033,,,3,0,0.2159,Medium,666750
KE030,Baringo,2023-03,141.59854433333334,45.626526,,,5,3,0.2159,Medium,666750
KE030,Baringo,2023-04,108.07413100000001,30.384974,,,6,2,0.2159,Medium,666750
KE030,Baringo,2023-05,79.17969716666666,58.59052,,,1,0,0.2159,Medium,666750
KE030,Baringo,2023-06,93.83424166666667,65.16147,,,0,0,0.2159,Medium,666750
KE030,Baringo,2023-07,65.8096205,46.281227,,,4,3,0.2159,Medium,666750
KE030,Baringo,2023-08,63.138460333333335,33.138386,,,4,2,0.2159,Medium,666750
KE030,Baringo,2023-09,148.544905,118.09026,,,7,8,0.2159,Medium,666750
KE030,Baringo,2023-10,126.50676583333335,81.63373,,,9,3,0.2159,Medium,666750
KE030,Baringo,2023-11,130.82771933333333,87.690346,,,8,5,0.2159,Medium,666750
KE030,Baringo,2023-12,52.614279833333335,48.596222,155.33333333333334,82.5,0,0,0.2159,Medium,666750
KE030,Baringo,2024-01,177.868015,79.73092,,,2,2,0.2159,Medium,666750
KE030,Baringo,2024-02,134.72843766666668,51.417732,,,7,5,0.2159,Medium,666750
KE030,Baringo,2024-03,76.09281066666667,34.817,177.2,82.66666666666667,10,4,0.2159,Medium,666750
KE030,Baringo,2024-04,163.62196916666667,114.23257,,,1,1,0.2159,Medium,666750
KE030,Baringo,2024-05,164.98206616666667,51.728607,,,3,2,0.2159,Medium,666750
KE030,Baringo,2024-06,62.64529566666667,53.02366,,,3,6,0.2159,Medium,666750
KE030,Baringo,2024-07,130.1570225,82.95592,,,2,2,0.2159,Medium,666750
KE030,Baringo,2024-08,125.7707835,73.61615,,,0,0,0.2159,Medium,666750
KE030,Baringo,2024-09,77.12211533333333,67.50795,,,2,0,0.2159,Medium,666750
KE030,Baringo,2024-10,97.411969,56.013454,,,3,1,0.2159,Medium,666750
KE030,Baringo,2024-11,170.28871116666667,63.083477,,,1,0,0.2159,Medium,666750
KE030,Baringo,2024-12,49.018971,40.089596,,,1,0,0.2159,Medium,666750
KE030,Baringo,2025-01,102.33493733333334,60.66797,,,3,3,0.2159,Medium,666750
KE030,Baringo,2025-02,47.99451,42.07544,,,0,0,0.2159,Medium,666750
KE030,Baringo,2025-03,166.59995833333332,124.97633,145.0,53.0,6,2,0.2159,Medium,666750
KE030,Baringo,2025-04,113.70793783333335,40.202637,,,3,5,0.2159,Medium,666750
KE030,Baringo,2025-05,124.03132000000001,65.75766,,,3,4,0.2159,Medium,666750
KE030,Baringo,2025-06,100.45683333333334,86.57355,,,0,0,0.2159,Medium,666750
KE030,Baringo,2025-07,129.41713333333334,73.65488,,,2,0,0.2159,Medium,666750
KE030,Baringo,2025-08,117.01343416666667,76.055374,,,2,1,0.2159,Medium,666750
KE030,Baringo,2025-09,176.34244833333332,149.23834,,,1,1,0.2159,Medium,666750
KE030,Baringo,2025-10,179.36668566666665,82.787964,,,1,1,0.2159,Medium,666750
KE030,Baringo,2025-11,59.203120000000006,39.13549,,,0,0,0.2159,Medium,666750
KE030,Baringo,2025-12,107.941299,48.64741,,,1,1,0.2159,Medium,666750
KE036,Bomet,2006-01,67.58122666666667,35.567608,,,0,0,0.0957,Low,875666
KE036,Bomet,2006-02,86.31531183333334,29.573006,,,0,0,0.0957,Low,875666
KE036,Bomet,2006-03,130.52731416666668,62.48086,,,0,0,0.0957,Low,875666
KE036,Bomet,2006-04,117.24781833333334,90.86319,,,0,0,0.0957,Low,875666
KE036,Bomet,2006-05,119.13212333333333,91.23244,,,0,0,0.0957,Low,875666
KE036,Bomet,2006-06,80.8763925,55.523335,,,0,0,0.0957,Low,875666
KE036,Bomet,2006-07,75.429195,58.806793,,,0,0,0.0957,Low,875666
KE036,Bomet,2006-08,77.65791216666666,39.843998,,,0,0,0.0957,Low,875666
KE036,Bomet,2006-09,85.23981033333332,72.792206,,,0,0,0.0957,Low,875666
KE036,Bomet,2006-10,73.71115933333333,36.437244,,,0,0,0.0957,Low,875666
KE036,Bomet,2006-11,184.23854833333334,95.11992,,,0,0,0.0957,Low,875666
KE036,Bomet,2006-12,209.0927683333333,93.44854,,,0,0,0.0957,Low,875666
KE036,Bomet,2007-01,153.55791166666666,73.07245,,,0,0,0.0957,Low,875666
KE036,Bomet,2007-02,163.43271,90.40712,,,0,0,0.0957,Low,875666
KE036,Bomet,2007-03,89.535026,34.961582,,,0,0,0.0957,Low,875666
KE036,Bomet,2007-04,78.7676575,25.464836,,,0,0,0.0957,Low,875666
KE036,Bomet,2007-05,81.71784616666666,52.794422,,,0,0,0.0957,Low,875666
KE036,Bomet,2007-06,108.03784999999999,70.285255,,,0,0,0.0957,Low,875666
KE036,Bomet,2007-07,105.39108966666667,48.29435,,,0,0,0.0957,Low,875666
KE036,Bomet,2007-08,102.12843733333334,71.51999,,,0,0,0.0957,Low,875666
KE036,Bomet,2007-09,113.75203933333334,70.99736,,,0,0,0.0957,Low,875666
KE036,Bomet,2007-10,60.5551125,34.04792,,,0,0,0.0957,Low,875666
KE036,Bomet,2007-11,64.49928983333334,54.482986,,,0,0,0.0957,Low,875666
KE036,Bomet,2007-12,74.62483566666667,41.67919,,,1,0,0.0957,Low,875666
KE036,Bomet,2008-01,59.38157583333333,27.908894,,,1,6,0.0957,Low,875666
KE036,Bomet,2008-02,87.60183283333333,28.891182,,,0,0,0.0957,Low,875666
KE036,Bomet,2008-03,121.848947,33.670868,,,0,0,0.0957,Low,875666
KE036,Bomet,2008-04,74.34601783333333,42.418125,,,0,0,0.0957,Low,875666
KE036,Bomet,2008-05,62.35401366666667,44.169437,,,0,0,0.0957,Low,875666
KE036,Bomet,2008-06,85.1048275,40.346,,,0,0,0.0957,Low,875666
KE036,Bomet,2008-07,95.07685166666666,68.40598,,,0,0,0.0957,Low,875666
KE036,Bomet,2008-08,93.75565683333333,53.192036,,,0,0,0.0957,Low,875666
KE036,Bomet,2008-09,91.96223416666668,56.5085,,,0,0,0.0957,Low,875666
KE036,Bomet,2008-10,116.650106,63.5588,,,0,0,0.0957,Low,875666
KE036,Bomet,2008-11,92.96975116666665,43.149097,,,0,0,0.0957,Low,875666
KE036,Bomet,2008-12,54.0343435,50.271904,,,0,0,0.0957,Low,875666
KE036,Bomet,2009-01,80.16765216666666,25.155357,,,0,0,0.0957,Low,875666
KE036,Bomet,2009-02,57.08701816666667,25.362534,,,0,0,0.0957,Low,875666
KE036,Bomet,2009-03,58.9082835,37.960266,,,0,0,0.0957,Low,875666
KE036,Bomet,2009-04,79.1332065,51.57314,,,0,0,0.0957,Low,875666
KE036,Bomet,2009-05,109.30121216666667,36.136227,,,0,0,0.0957,Low,875666
KE036,Bomet,2009-06,51.7572985,39.040276,,,0,0,0.0957,Low,875666
KE036,Bomet,2009-07,63.580626333333335,46.901882,,,1,0,0.0957,Low,875666
KE036,Bomet,2009-08,88.33598783333332,39.361736,,,0,0,0.0957,Low,875666
KE036,Bomet,2009-09,118.87451233333333,90.38132,,,0,0,0.0957,Low,875666
KE036,Bomet,2009-10,80.572035,46.656532,,,0,0,0.0957,Low,875666
KE036,Bomet,2009-11,72.11720366666667,38.686935,,,0,0,0.0957,Low,875666
KE036,Bomet,2009-12,162.28869333333333,77.4838,,,0,0,0.0957,Low,875666
KE036,Bomet,2010-01,123.87052683333333,33.065273,,,0,0,0.0957,Low,875666
KE036,Bomet,2010-02,215.17783833333337,82.432,,,0,0,0.0957,Low,875666
KE036,Bomet,2010-03,125.51987833333334,39.2873,,,0,0,0.0957,Low,875666
KE036,Bomet,2010-04,105.15008166666667,57.58565,,,0,0,0.0957,Low,875666
KE036,Bomet,2010-05,131.55272416666665,68.19403,,,0,0,0.0957,Low,875666
KE036,Bomet,2010-06,97.64716066666666,79.13798,,,0,0,0.0957,Low,875666
KE036,Bomet,2010-07,86.21022,56.39517,,,1,1,0.0957,Low,875666
KE036,Bomet,2010-08,101.35020716666666,56.519733,,,0,0,0.0957,Low,875666
KE036,Bomet,2010-09,111.69549416666666,70.615585,,,0,0,0.0957,Low,875666
KE036,Bomet,2010-10,114.31235333333332,85.58603,,,0,0,0.0957,Low,875666
KE036,Bomet,2010-11,74.706276,54.482986,,,0,0,0.0957,Low,875666
KE036,Bomet,2010-12,91.04506666666667,32.26848,,,1,0,0.0957,Low,875666
KE036,Bomet,2011-01,71.2338715,36.089138,,,0,0,0.0957,Low,875666
KE036,Bomet,2011-02,79.1676025,28.414955,,,0,0,0.0957,Low,875666
KE036,Bomet,2011-03,85.5240825,32.32589,,,0,0,0.0957,Low,875666
KE036,Bomet,2011-04,53.72201866666666,23.17741,,,0,0,0.0957,Low,875666
KE036,Bomet,2011-05,104.32904883333333,48.451397,,,0,0,0.0957,Low,875666
KE036,Bomet,2011-06,90.87628516666666,63.178307,,,0,0,0.0957,Low,875666
KE036,Bomet,2011-07,108.50663833333333,54.853397,,,0,0,0.0957,Low,875666
KE036,Bomet,2011-08,137.05546333333334,81.82267,,,0,0,0.0957,Low,875666
KE036,Bomet,2011-09,130.87700833333335,120.79595,,,0,0,0.0957,Low,875666
KE036,Bomet,2011-10,137.71542333333335,106.72826,,,0,0,0.0957,Low,875666
KE036,Bomet,2011-11,132.08487449999998,47.768047,,,0,0,0.0957,Low,875666
KE036,Bomet,2011-12,120.50184899999999,68.83238,,,0,0,0.0957,Low,875666
KE036,Bomet,2012-01,32.74908666666666,30.527077,,,0,0,0.0957,Low,875666
KE036,Bomet,2012-02,61.47873033333334,28.047981,,,0,0,0.0957,Low,875666
KE036,Bomet,2012-03,77.16132766666666,24.159168,,,0,0,0.0957,Low,875666
KE036,Bomet,2012-04,154.55758333333333,104.67288,,,0,0,0.0957,Low,875666
KE036,Bomet,2012-05,93.96359833333334,79.03938,,,0,0,0.0957,Low,875666
KE036,Bomet,2012-06,143.56811366666668,46.39462,,,0,0,0.0957,Low,875666
KE036,Bomet,2012-07,126.42554083333334,71.110405,,,0,0,0.0957,Low,875666
KE036,Bomet,2012-08,115.01550583333334,72.236725,,,0,0,0.0957,Low,875666
KE036,Bomet,2012-09,144.09432583333333,83.58974,,,0,0,0.0957,Low,875666
KE036,Bomet,2012-10,126.83212333333334,63.73096,,,0,0,0.0957,Low,875666
KE036,Bomet,2012-11,114.21955150000001,52.825195,,,0,0,0.0957,Low,875666
KE036,Bomet,2012-12,126.13089066666667,35.10574,,,0,0,0.0957,Low,875666
KE036,Bomet,2013-01,80.707591,43.6783,,,0,0,0.0957,Low,875666
KE036,Bomet,2013-02,77.01254366666667,40.244408,,,0,0,0.0957,Low,875666
KE036,Bomet,2013-03,129.24657616666667,116.566086,,,0,0,0.0957,Low,875666
KE036,Bomet,2013-04,162.72481833333333,102.26928,,,0,0,0.0957,Low,875666
KE036,Bomet,2013-05,71.14209583333333,43.544926,,,0,0,0.0957,Low,875666
KE036,Bomet,2013-06,95.8640965,54.054462,,,0,0,0.0957,Low,875666
KE036,Bomet,2013-07,86.9269225,62.131245,,,0,0,0.0957,Low,875666
KE036,Bomet,2013-08,99.8613315,55.450024,,,0,0,0.0957,Low,875666
KE036,Bomet,2013-09,124.60028,89.82166,,,0,0,0.0957,Low,875666
KE036,Bomet,2013-10,87.03323116666667,33.968277,,,0,0,0.0957,Low,875666
KE036,Bomet,2013-11,94.95359666666667,67.36904,,,0,0,0.0957,Low,875666
KE036,Bomet,2013-12,127.69750333333333,62.7054,,,0,0,0.0957,Low,875666
KE036,Bomet,2014-01,66.09151366666667,33.08132,,,0,0,0.0957,Low,875666
KE036,Bomet,2014-02,171.55035333333333,90.660904,,,0,0,0.0957,Low,875666
KE036,Bomet,2014-03,98.27541016666667,21.241402,,,0,0,0.0957,Low,875666
KE036,Bomet,2014-04,48.149708,20.397823,,,0,0,0.0957,Low,875666
KE036,Bomet,2014-05,84.39681933333334,63.46736,,,0,0,0.0957,Low,875666
KE036,Bomet,2014-06,98.74787266666665,53.229206,,,0,0,0.0957,Low,875666
KE036,Bomet,2014-07,101.23141566666668,60.06865,,,0,0,0.0957,Low,875666
KE036,Bomet,2014-08,151.19737083333334,89.59197,,,0,0,0.0957,Low,875666
KE036,Bomet,2014-09,99.22368166666666,80.77614,,,0,0,0.0957,Low,875666
KE036,Bomet,2014-10,99.78771766666667,47.98116,,,0,0,0.0957,Low,875666
KE036,Bomet,2014-11,79.78385116666666,47.550327,,,0,0,0.0957,Low,875666
KE036,Bomet,2014-12,78.36516966666666,47.492447,,,0,0,0.0957,Low,875666
KE036,Bomet,2015-01,29.546883833333336,25.035852,,,0,0,0.0957,Low,875666
KE036,Bomet,2015-02,57.583363,24.708517,,,0,0,0.0957,Low,875666
KE036,Bomet,2015-03,54.24863666666666,20.079155,,,0,0,0.0957,Low,875666
KE036,Bomet,2015-04,147.92992833333332,117.02565,,,0,0,0.0957,Low,875666
KE036,Bomet,2015-05,141.772535,103.55943,,,0,0,0.0957,Low,875666
KE036,Bomet,2015-06,135.0711895,60.381447,,,0,0,0.0957,Low,875666
KE036,Bomet,2015-07,77.33340916666667,60.783493,,,0,0,0.0957,Low,875666
KE036,Bomet,2015-08,65.198156,28.881628,,,0,0,0.0957,Low,875666
KE036,Bomet,2015-09,98.05432466666667,63.236958,,,0,0,0.0957,Low,875666
KE036,Bomet,2015-10,113.61842166666668,60.29337,,,0,0,0.0957,Low,875666
KE036,Bomet,2015-11,125.09630583333335,72.153145,,,0,0,0.0957,Low,875666
KE036,Bomet,2015-12,158.05359083333335,61.854195,,,0,0,0.0957,Low,875666
KE036,Bomet,2016-01,130.85039833333335,74.74199,,,0,0,0.0957,Low,875666
KE036,Bomet,2016-02,62.7542175,43.625973,,,0,0,0.0957,Low,875666
KE036,Bomet,2016-03,82.55339383333333,32.731773,,,0,0,0.0957,Low,875666
KE036,Bomet,2016-04,144.511805,125.15683,,,0,0,0.0957,Low,875666
KE036,Bomet,2016-05,120.0430175,71.872375,,,0,0,0.0957,Low,875666
KE036,Bomet,2016-06,92.205243,57.942806,,,0,0,0.0957,Low,875666
KE036,Bomet,2016-07,98.46624283333334,61.475677,,,0,0,0.0957,Low,875666
KE036,Bomet,2016-08,69.1247715,44.306244,,,0,0,0.0957,Low,875666
KE036,Bomet,2016-09,107.72906083333334,57.911194,,,0,0,0.0957,Low,875666
KE036,Bomet,2016-10,94.45751833333334,44.242386,,,0,0,0.0957,Low,875666
KE036,Bomet,2016-11,107.28966416666667,81.3141,,,0,0,0.0957,Low,875666
KE036,Bomet,2016-12,37.06652616666667,25.396772,,,0,0,0.0957,Low,875666
KE036,Bomet,2017-01,46.16365450000001,24.07983,,,0,0,0.0957,Low,875666
KE036,Bomet,2017-02,97.85170850000002,48.96836,,,0,0,0.0957,Low,875666
KE036,Bomet,2017-03,70.69603233333333,35.66515,,,0,0,0.0957,Low,875666
KE036,Bomet,2017-04,85.47927083333333,32.315876,,,0,0,0.0957,Low,875666
KE036,Bomet,2017-05,99.749325,67.18286,,,0,0,0.0957,Low,875666
KE036,Bomet,2017-06,98.149199,52.2417,,,0,0,0.0957,Low,875666
KE036,Bomet,2017-07,166.24194250000002,127.592255,,,0,0,0.0957,Low,875666
KE036,Bomet,2017-08,106.66302833333333,71.82716,,,0,0,0.0957,Low,875666
KE036,Bomet,2017-09,123.50644666666666,85.9259,,,0,0,0.0957,Low,875666
KE036,Bomet,2017-10,124.60932783333334,62.498127,,,0,0,0.0957,Low,875666
KE036,Bomet,2017-11,99.17816833333332,63.906525,,,0,0,0.0957,Low,875666
KE036,Bomet,2017-12,76.86293183333333,31.842903,,,0,0,0.0957,Low,875666
KE036,Bomet,2018-01,64.64029933333335,44.401394,,,0,0,0.0957,Low,875666
KE036,Bomet,2018-02,68.3187415,34.977993,,,0,0,0.0957,Low,875666
KE036,Bomet,2018-03,193.10823916666666,108.297195,,,0,0,0.0957,Low,875666
KE036,Bomet,2018-04,165.11816233333334,121.842384,,,0,0,0.0957,Low,875666
KE036,Bomet,2018-05,139.74746966666666,114.274124,,,0,0,0.0957,Low,875666
KE036,Bomet,2018-06,144.41168833333333,120.93848,,,0,0,0.0957,Low,875666
KE036,Bomet,2018-07,93.63033083333335,67.05378,,,0,0,0.0957,Low,875666
KE036,Bomet,2018-08,102.36109433333333,39.361496,,,1,0,0.0957,Low,875666
KE036,Bomet,2018-09,66.78761216666668,50.93754,,,0,0,0.0957,Low,875666
KE036,Bomet,2018-10,119.76283516666666,101.764885,,,0,0,0.0957,Low,875666
KE036,Bomet,2018-11,88.05333300000001,47.566635,,,0,0,0.0957,Low,875666
KE036,Bomet,2018-12,120.53894116666667,52.502487,,,0,0,0.0957,Low,875666
KE036,Bomet,2019-01,44.152446499999996,27.937857,,,0,0,0.0957,Low,875666
KE036,Bomet,2019-02,56.91430283333333,28.029638,,,0,0,0.0957,Low,875666
KE036,Bomet,2019-03,56.596290333333336,21.133541,,,0,0,0.0957,Low,875666
KE036,Bomet,2019-04,94.16666933333333,33.559036,,,0,0,0.0957,Low,875666
KE036,Bomet,2019-05,107.43350083333333,76.95006,,,1,1,0.0957,Low,875666
KE036,Bomet,2019-06,160.228235,73.69863,,,0,0,0.0957,Low,875666
KE036,Bomet,2019-07,101.58914666666665,76.90972,,,0,0,0.0957,Low,875666
KE036,Bomet,2019-08,100.90039000000002,68.189445,,,0,0,0.0957,Low,875666
KE036,Bomet,2019-09,118.300327,62.678482,,,0,0,0.0957,Low,875666
KE036,Bomet,2019-10,152.7020075,94.46936,,,0,0,0.0957,Low,875666
KE036,Bomet,2019-11,179.23848166666667,60.94694,,,0,0,0.0957,Low,875666
KE036,Bomet,2019-12,262.02442833333333,148.33836,,,0,0,0.0957,Low,875666
KE036,Bomet,2020-01,200.00384700000004,88.725296,,,0,0,0.0957,Low,875666
KE036,Bomet,2020-02,132.02971833333334,95.42281,,,1,0,0.0957,Low,875666
KE036,Bomet,2020-03,214.48406333333332,150.68912,,,0,0,0.0957,Low,875666
KE036,Bomet,2020-04,140.5967685,48.504444,,,0,0,0.0957,Low,875666
KE036,Bomet,2020-05,97.42950333333333,65.86134,,,0,0,0.0957,Low,875666
KE036,Bomet,2020-06,116.42276083333333,87.18705,,,0,0,0.0957,Low,875666
KE036,Bomet,2020-07,108.52192666666667,74.92842,,,0,0,0.0957,Low,875666
KE036,Bomet,2020-08,99.66424,62.67841,,,0,0,0.0957,Low,875666
KE036,Bomet,2020-09,124.790634,86.019,,,1,0,0.0957,Low,875666
KE036,Bomet,2020-10,180.69627,130.80061,,,0,0,0.0957,Low,875666
KE036,Bomet,2020-11,223.23569333333333,121.51612,,,0,0,0.0957,Low,875666
KE036,Bomet,2020-12,81.01218716666666,54.63867,,,0,0,0.0957,Low,875666
KE036,Bomet,2021-01,110.16589,46.243347,,,0,0,0.0957,Low,875666
KE036,Bomet,2021-02,158.153985,144.35956,,,0,0,0.0957,Low,875666
KE036,Bomet,2021-03,87.85860466666668,59.181404,,,0,0,0.0957,Low,875666
KE036,Bomet,2021-04,129.92792416666666,82.192665,,,0,0,0.0957,Low,875666
KE036,Bomet,2021-05,112.595039,73.75083,,,0,0,0.0957,Low,875666
KE036,Bomet,2021-06,96.92236233333334,57.531063,,,0,0,0.0957,Low,875666
KE036,Bomet,2021-07,103.69894700000002,39.938282,,,0,0,0.0957,Low,875666
KE036,Bomet,2021-08,153.24369266666667,88.00981,,,0,0,0.0957,Low,875666
KE036,Bomet,2021-09,151.25386749999998,106.404305,,,0,0,0.0957,Low,875666
KE036,Bomet,2021-10,96.10227833333333,57.98951,,,0,0,0.0957,Low,875666
KE036,Bomet,2021-11,88.59616866666666,46.545277,,,0,0,0.0957,Low,875666
KE036,Bomet,2021-12,82.8400355,48.075905,,,0,0,0.0957,Low,875666
KE036,Bomet,2022-01,162.729055,67.725685,,,0,0,0.0957,Low,875666
KE036,Bomet,2022-02,326.141985,247.00797,,,0,0,0.0957,Low,875666
KE036,Bomet,2022-03,68.30969733333335,21.19502,,,0,0,0.0957,Low,875666
KE036,Bomet,2022-04,94.28920616666666,36.323215,,,0,0,0.0957,Low,875666
KE036,Bomet,2022-05,138.64564833333333,60.73793,,,0,0,0.0957,Low,875666
KE036,Bomet,2022-06,96.8095455,80.00428,,,0,0,0.0957,Low,875666
KE036,Bomet,2022-07,76.22993583333333,65.056496,,,0,0,0.0957,Low,875666
KE036,Bomet,2022-08,168.79454333333334,128.9884,,,0,0,0.0957,Low,875666
KE036,Bomet,2022-09,134.783175,110.29176,,,0,0,0.0957,Low,875666
KE036,Bomet,2022-10,90.730157,31.16568,,,0,0,0.0957,Low,875666
KE036,Bomet,2022-11,161.77345316666666,88.732704,,,0,0,0.0957,Low,875666
KE036,Bomet,2022-12,223.70244416666665,102.08842,,,0,0,0.0957,Low,875666
KE036,Bomet,2023-01,36.130177833333335,27.425909,,,0,0,0.0957,Low,875666
KE036,Bomet,2023-02,32.02190816666667,20.979021,,,0,0,0.0957,Low,875666
KE036,Bomet,2023-03,144.94081500000001,69.38239,,,0,0,0.0957,Low,875666
KE036,Bomet,2023-04,133.35829333333334,95.82698,,,1,0,0.0957,Low,875666
KE036,Bomet,2023-05,97.04070666666667,66.39409,,,0,0,0.0957,Low,875666
KE036,Bomet,2023-06,142.66220033333335,59.698772,,,0,0,0.0957,Low,875666
KE036,Bomet,2023-07,64.88222866666666,50.98985,,,0,0,0.0957,Low,875666
KE036,Bomet,2023-08,76.0933175,53.377457,,,0,0,0.0957,Low,875666
KE036,Bomet,2023-09,192.269575,169.30586,,,0,0,0.0957,Low,875666
KE036,Bomet,2023-10,129.998185,84.95066,,,0,0,0.0957,Low,875666
KE036,Bomet,2023-11,172.65401666666665,123.97497,,,0,0,0.0957,Low,875666
KE036,Bomet,2023-12,126.36131166666667,97.836914,,,0,0,0.0957,Low,875666
KE036,Bomet,2024-01,306.21955333333335,219.49297,,,0,0,0.0957,Low,875666
KE036,Bomet,2024-02,156.643555,94.58729,,,0,0,0.0957,Low,875666
KE036,Bomet,2024-03,88.69230116666667,21.316914,,,0,0,0.0957,Low,875666
KE036,Bomet,2024-04,127.95146833333332,84.3594,,,0,0,0.0957,Low,875666
KE036,Bomet,2024-05,112.07824683333332,89.15412,,,0,0,0.0957,Low,875666
KE036,Bomet,2024-06,72.07834466666667,62.987907,,,0,0,0.0957,Low,875666
KE036,Bomet,2024-07,154.27510833333335,73.54218,,,0,0,0.0957,Low,875666
KE036,Bomet,2024-08,80.72829116666666,54.204716,,,0,0,0.0957,Low,875666
KE036,Bomet,2024-09,106.3361685,85.283745,,,0,0,0.0957,Low,875666
KE036,Bomet,2024-10,98.0680165,63.348495,,,0,0,0.0957,Low,875666
KE036,Bomet,2024-11,160.35081683333334,78.08583,,,0,0,0.0957,Low,875666
KE036,Bomet,2024-12,118.383471,62.175346,,,0,0,0.0957,Low,875666
KE036,Bomet,2025-01,112.40659866666665,37.165394,,,0,0,0.0957,Low,875666
KE036,Bomet,2025-02,41.96477083333333,28.629759,,,0,0,0.0957,Low,875666
KE036,Bomet,2025-03,135.32096916666666,70.50926,,,0,0,0.0957,Low,875666
KE036,Bomet,2025-04,151.9767858333333,91.756165,,,0,0,0.0957,Low,875666
KE036,Bomet,2025-05,151.782275,118.45169,,,0,0,0.0957,Low,875666
KE036,Bomet,2025-06,89.40713816666666,61.02332,,,0,0,0.0957,Low,875666
KE036,Bomet,2025-07,141.17370166666666,83.291725,,,0,0,0.0957,Low,875666
KE036,Bomet,2025-08,88.40593033333333,50.079952,,,0,0,0.0957,Low,875666
KE036,Bomet,2025-09,92.16744166666666,80.69699,,,0,0,0.0957,Low,875666
KE036,Bomet,2025-10,136.35829833333332,67.94856,,,0,0,0.0957,Low,875666
KE036,Bomet,2025-11,61.0352675,36.67896,,,0,0,0.0957,Low,875666
KE036,Bomet,2025-12,112.42604216666666,31.273191,,,0,0,0.0957,Low,875666
KE039,Bungoma,2006-01,63.1528835,33.893673,,,0,0,0.1153,Low,1670535
KE039,Bungoma,2006-02,147.96898766666666,47.814938,,,0,0,0.1153,Low,1670535
KE039,Bungoma,2006-03,130.44906749999998,88.25112,,,0,0,0.1153,Low,1670535
KE039,Bungoma,2006-04,137.00555649999998,122.45967,,,0,0,0.1153,Low,1670535
KE039,Bungoma,2006-05,78.283725,55.909546,,,0,0,0.1153,Low,1670535
KE039,Bungoma,2006-06,91.19604650000001,52.035133,,,0,0,0.1153,Low,1670535
KE039,Bungoma,2006-07,76.26511183333334,51.831078,,,0,0,0.1153,Low,1670535
KE039,Bungoma,2006-08,88.08715216666667,50.1786,,,0,0,0.1153,Low,1670535
KE039,Bungoma,2006-09,159.72867,117.5959,,,0,0,0.1153,Low,1670535
KE039,Bungoma,2006-10,86.96554816666666,18.558674,,,0,0,0.1153,Low,1670535
KE039,Bungoma,2006-11,201.27336583333332,32.743515,,,0,0,0.1153,Low,1670535
KE039,Bungoma,2006-12,171.50565833333334,77.12122,,,1,2,0.1153,Low,1670535
KE039,Bungoma,2007-01,112.08217816666667,53.335976,,,7,31,0.1153,Low,1670535
KE039,Bungoma,2007-02,195.71168266666666,100.83505,,,0,0,0.1153,Low,1670535
KE039,Bungoma,2007-03,78.07744,24.722258,,,5,13,0.1153,Low,1670535
KE039,Bungoma,2007-04,91.13145566666667,17.080471,,,6,16,0.1153,Low,1670535
KE039,Bungoma,2007-05,98.551425,66.12878,,,0,0,0.1153,Low,1670535
KE039,Bungoma,2007-06,100.37082,70.71314,,,1,5,0.1153,Low,1670535
KE039,Bungoma,2007-07,137.14305233333334,107.512054,,,2,2,0.1153,Low,1670535
KE039,Bungoma,2007-08,136.64275033333334,98.09882,,,5,14,0.1153,Low,1670535
KE039,Bungoma,2007-09,188.61981166666666,159.96896,,,1,3,0.1153,Low,1670535
KE039,Bungoma,2007-10,79.97150066666667,43.239796,,,1,1,0.1153,Low,1670535
KE039,Bungoma,2007-11,56.42660016666667,33.634365,,,1,0,0.1153,Low,1670535
KE039,Bungoma,2007-12,82.02003666666667,28.799456,,,1,1,0.1153,Low,1670535
KE039,Bungoma,2008-01,73.42303233333332,37.39478,,,0,0,0.1153,Low,1670535
KE039,Bungoma,2008-02,85.84115483333333,42.255653,,,0,0,0.1153,Low,1670535
KE039,Bungoma,2008-03,86.85817833333334,52.65843,,,1,3,0.1153,Low,1670535
KE039,Bungoma,2008-04,70.90798483333333,26.07476,,,0,0,0.1153,Low,1670535
KE039,Bungoma,2008-05,96.90947249999999,49.270996,,,1,11,0.1153,Low,1670535
KE039,Bungoma,2008-06,85.215484,31.568369,,,0,0,0.1153,Low,1670535
KE039,Bungoma,2008-07,129.7496075,102.88684,,,0,0,0.1153,Low,1670535
KE039,Bungoma,2008-08,161.59443,134.67824,,,0,0,0.1153,Low,1670535
KE039,Bungoma,2008-09,110.43963233333334,79.592964,,,1,5,0.1153,Low,1670535
KE039,Bungoma,2008-10,105.89829683333333,74.42602,,,1,9,0.1153,Low,1670535
KE039,Bungoma,2008-11,102.02118416666667,24.581497,,,0,0,0.1153,Low,1670535
KE039,Bungoma,2008-12,32.00631333333333,29.670052,,,0,0,0.1153,Low,1670535
KE039,Bungoma,2009-01,101.96333,35.458,,,0,0,0.1153,Low,1670535
KE039,Bungoma,2009-02,47.0072575,30.921352,,,0,0,0.1153,Low,1670535
KE039,Bungoma,2009-03,48.626913333333334,28.80299,,,0,0,0.1153,Low,1670535
KE039,Bungoma,2009-04,140.13977,113.08969,,,0,0,0.1153,Low,1670535
KE039,Bungoma,2009-05,89.84940283333333,39.03655,,,0,0,0.1153,Low,1670535
KE039,Bungoma,2009-06,67.55323033333333,52.29618,,,0,0,0.1153,Low,1670535
KE039,Bungoma,2009-07,73.651109,61.615,,,0,0,0.1153,Low,1670535
KE039,Bungoma,2009-08,84.699999,62.878628,,,0,0,0.1153,Low,1670535
KE039,Bungoma,2009-09,106.44036766666666,82.837296,,,0,0,0.1153,Low,1670535
KE039,Bungoma,2009-10,98.26884150000001,74.97272,,,0,0,0.1153,Low,1670535
KE039,Bungoma,2009-11,82.94902483333334,28.565704,,,0,0,0.1153,Low,1670535
KE039,Bungoma,2009-12,265.37037166666664,128.39969,,,0,0,0.1153,Low,1670535
KE039,Bungoma,2010-01,111.63488266666667,45.866405,,,1,1,0.1153,Low,1670535
KE039,Bungoma,2010-02,281.51989833333334,168.12692,,,0,0,0.1153,Low,1670535
KE039,Bungoma,2010-03,130.32928616666666,54.503525,,,0,0,0.1153,Low,1670535
KE039,Bungoma,2010-04,104.70442683333333,53.025986,,,0,0,0.1153,Low,1670535
KE039,Bungoma,2010-05,130.47685816666666,91.689735,,,0,0,0.1153,Low,1670535
KE039,Bungoma,2010-06,101.67002233333334,90.41365,,,0,0,0.1153,Low,1670535
KE039,Bungoma,2010-07,99.79817866666667,83.875496,,,1,0,0.1153,Low,1670535
KE039,Bungoma,2010-08,83.01463533333333,58.836197,,,0,0,0.1153,Low,1670535
KE039,Bungoma,2010-09,112.90684766666668,54.685146,,,0,0,0.1153,Low,1670535
KE039,Bungoma,2010-10,120.29695,96.24484,,,0,0,0.1153,Low,1670535
KE039,Bungoma,2010-11,62.201003500000006,30.462557,,,0,0,0.1153,Low,1670535
KE039,Bungoma,2010-12,136.26242566666667,49.53658,,,0,0,0.1153,Low,1670535
KE039,Bungoma,2011-01,56.73341283333334,33.343525,,,0,0,0.1153,Low,1670535
KE039,Bungoma,2011-02,66.893242,26.252022,,,0,0,0.1153,Low,1670535
KE039,Bungoma,2011-03,137.52447800000002,54.675728,,,0,0,0.1153,Low,1670535
KE039,Bungoma,2011-04,72.87513033333333,28.886948,,,0,0,0.1153,Low,1670535
KE039,Bungoma,2011-05,94.51991716666667,55.92735,,,0,0,0.1153,Low,1670535
KE039,Bungoma,2011-06,140.01349166666668,126.19617,,,0,0,0.1153,Low,1670535
KE039,Bungoma,2011-07,110.86503833333335,65.25924,,,0,0,0.1153,Low,1670535
KE039,Bungoma,2011-08,151.26960083333333,104.4276,,,0,0,0.1153,Low,1670535
KE039,Bungoma,2011-09,107.22056083333332,94.45617,,,0,0,0.1153,Low,1670535
KE039,Bungoma,2011-10,115.34675066666667,74.133644,,,0,0,0.1153,Low,1670535
KE039,Bungoma,2011-11,173.40003866666666,35.02833,,,0,0,0.1153,Low,1670535
KE039,Bungoma,2011-12,88.63960800000001,32.565273,,,0,0,0.1153,Low,1670535
KE039,Bungoma,2012-01,41.36050216666667,31.312778,,,0,0,0.1153,Low,1670535
KE039,Bungoma,2012-02,52.68476333333333,32.749226,,,1,0,0.1153,Low,1670535
KE039,Bungoma,2012-03,44.792022,18.267437,,,0,0,0.1153,Low,1670535
KE039,Bungoma,2012-04,134.38038166666666,79.838,,,0,0,0.1153,Low,1670535
KE039,Bungoma,2012-05,131.75565666666668,113.23774,,,0,0,0.1153,Low,1670535
KE039,Bungoma,2012-06,120.64591333333333,70.07533,,,0,0,0.1153,Low,1670535
KE039,Bungoma,2012-07,100.913201,74.45522,,,0,0,0.1153,Low,1670535
KE039,Bungoma,2012-08,109.87531266666667,103.71474,,,0,0,0.1153,Low,1670535
KE039,Bungoma,2012-09,189.23402333333334,141.39961,,,0,0,0.1153,Low,1670535
KE039,Bungoma,2012-10,128.61937583333335,81.17028,,,0,0,0.1153,Low,1670535
KE039,Bungoma,2012-11,139.82536083333335,66.5244,,,0,0,0.1153,Low,1670535
KE039,Bungoma,2012-12,168.15877966666667,44.819946,,,0,0,0.1153,Low,1670535
KE039,Bungoma,2013-01,109.50546983333334,37.432693,,,0,0,0.1153,Low,1670535
KE039,Bungoma,2013-02,51.81877766666667,32.108242,,,0,0,0.1153,Low,1670535
KE039,Bungoma,2013-03,148.2734825,86.81337,,,1,0,0.1153,Low,1670535
KE039,Bungoma,2013-04,132.99550766666667,88.879456,,,6,7,0.1153,Low,1670535
KE039,Bungoma,2013-05,87.47290650000001,44.62889,,,0,0,0.1153,Low,1670535
KE039,Bungoma,2013-06,80.77026266666667,69.65657,,,0,0,0.1153,Low,1670535
KE039,Bungoma,2013-07,89.90420283333333,58.937855,,,0,0,0.1153,Low,1670535
KE039,Bungoma,2013-08,114.63845666666667,78.98169,,,0,0,0.1153,Low,1670535
KE039,Bungoma,2013-09,155.41146666666666,103.08013,,,1,1,0.1153,Low,1670535
KE039,Bungoma,2013-10,100.87173283333334,51.77738,,,0,0,0.1153,Low,1670535
KE039,Bungoma,2013-11,96.85768583333333,64.453125,,,0,0,0.1153,Low,1670535
KE039,Bungoma,2013-12,126.19682583333334,47.318615,,,0,0,0.1153,Low,1670535
KE039,Bungoma,2014-01,89.0263575,60.98786,,,0,0,0.1153,Low,1670535
KE039,Bungoma,2014-02,88.83867,71.23348,,,0,0,0.1153,Low,1670535
KE039,Bungoma,2014-03,100.25677166666667,20.486006,,,0,0,0.1153,Low,1670535
KE039,Bungoma,2014-04,59.829286999999994,28.799013,,,0,0,0.1153,Low,1670535
KE039,Bungoma,2014-05,118.38630133333334,70.223404,,,0,0,0.1153,Low,1670535
KE039,Bungoma,2014-06,111.57756549999999,54.117203,,,0,0,0.1153,Low,1670535
KE039,Bungoma,2014-07,111.216475,83.34822,,,0,0,0.1153,Low,1670535
KE039,Bungoma,2014-08,130.60675233333333,82.15682,,,0,0,0.1153,Low,1670535
KE039,Bungoma,2014-09,89.15549583333332,51.27559,,,0,0,0.1153,Low,1670535
KE039,Bungoma,2014-10,149.53611833333335,93.13351,,,0,0,0.1153,Low,1670535
KE039,Bungoma,2014-11,97.25265916666667,67.696465,,,0,0,0.1153,Low,1670535
KE039,Bungoma,2014-12,86.06044066666668,42.192574,,,0,0,0.1153,Low,1670535
KE039,Bungoma,2015-01,37.88861466666667,31.0101,,,0,0,0.1153,Low,1670535
KE039,Bungoma,2015-02,50.19672583333334,28.956085,,,0,0,0.1153,Low,1670535
KE039,Bungoma,2015-03,46.02944033333333,13.064155,,,0,0,0.1153,Low,1670535
KE039,Bungoma,2015-04,119.414359,69.02359,,,0,0,0.1153,Low,1670535
KE039,Bungoma,2015-05,101.72630916666667,68.26873,,,0,0,0.1153,Low,1670535
KE039,Bungoma,2015-06,136.0935145,61.464077,,,0,0,0.1153,Low,1670535
KE039,Bungoma,2015-07,86.61638016666666,51.474606,,,0,0,0.1153,Low,1670535
KE039,Bungoma,2015-08,54.233883,39.693295,,,0,0,0.1153,Low,1670535
KE039,Bungoma,2015-09,103.73159233333332,64.69292,,,0,0,0.1153,Low,1670535
KE039,Bungoma,2015-10,141.55843833333333,48.19465,,,1,1,0.1153,Low,1670535
KE039,Bungoma,2015-11,148.264725,77.86976,,,0,0,0.1153,Low,1670535
KE039,Bungoma,2015-12,160.11771566666667,59.4407,,,0,0,0.1153,Low,1670535
KE039,Bungoma,2016-01,135.0538925,63.818985,,,0,0,0.1153,Low,1670535
KE039,Bungoma,2016-02,50.432952,41.03002,,,0,0,0.1153,Low,1670535
KE039,Bungoma,2016-03,75.53678083333334,32.84222,,,0,0,0.1153,Low,1670535
KE039,Bungoma,2016-04,146.92299333333332,91.27634,,,0,0,0.1153,Low,1670535
KE039,Bungoma,2016-05,95.06795333333332,55.33511,,,0,0,0.1153,Low,1670535
KE039,Bungoma,2016-06,91.54023266666667,54.68361,,,0,0,0.1153,Low,1670535
KE039,Bungoma,2016-07,103.15117833333333,65.66221,,,0,0,0.1153,Low,1670535
KE039,Bungoma,2016-08,63.391555833333335,46.005585,,,0,0,0.1153,Low,1670535
KE039,Bungoma,2016-09,77.08202916666666,40.25403,,,0,0,0.1153,Low,1670535
KE039,Bungoma,2016-10,70.75238966666667,42.76858,,,0,0,0.1153,Low,1670535
KE039,Bungoma,2016-11,72.369388,46.575123,,,0,0,0.1153,Low,1670535
KE039,Bungoma,2016-12,33.38083966666667,23.601921,,,0,0,0.1153,Low,1670535
KE039,Bungoma,2017-01,102.30637366666667,36.654194,,,0,0,0.1153,Low,1670535
KE039,Bungoma,2017-02,172.424408,46.586174,,,2,5,0.1153,Low,1670535
KE039,Bungoma,2017-03,71.92385316666667,46.78044,,,0,0,0.1153,Low,1670535
KE039,Bungoma,2017-04,73.72669916666666,48.036625,,,0,0,0.1153,Low,1670535
KE039,Bungoma,2017-05,120.64469483333333,91.774574,,,1,0,0.1153,Low,1670535
KE039,Bungoma,2017-06,94.46186266666666,73.375046,,,0,0,0.1153,Low,1670535
KE039,Bungoma,2017-07,146.57889416666666,103.18068,,,1,1,0.1153,Low,1670535
KE039,Bungoma,2017-08,117.7447815,100.697395,,,0,0,0.1153,Low,1670535
KE039,Bungoma,2017-09,122.33889833333335,109.64413,,,1,0,0.1153,Low,1670535
KE039,Bungoma,2017-10,113.06356699999999,62.853462,,,0,0,0.1153,Low,1670535
KE039,Bungoma,2017-11,91.39109866666666,39.2229,,,0,0,0.1153,Low,1670535
KE039,Bungoma,2017-12,36.6309755,24.198359,,,0,0,0.1153,Low,1670535
KE039,Bungoma,2018-01,53.882571500000005,47.627007,,,0,0,0.1153,Low,1670535
KE039,Bungoma,2018-02,79.725876,35.099903,,,1,4,0.1153,Low,1670535
KE039,Bungoma,2018-03,166.27555666666666,41.962185,,,0,0,0.1153,Low,1670535
KE039,Bungoma,2018-04,161.26198,119.88914,,,0,0,0.1153,Low,1670535
KE039,Bungoma,2018-05,140.57328666666666,128.33301,,,0,0,0.1153,Low,1670535
KE039,Bungoma,2018-06,125.24621833333333,97.08462,,,0,0,0.1153,Low,1670535
KE039,Bungoma,2018-07,114.38038483333334,56.80628,,,0,0,0.1153,Low,1670535
KE039,Bungoma,2018-08,75.881348,38.908463,,,0,0,0.1153,Low,1670535
KE039,Bungoma,2018-09,66.742421,45.291336,,,0,0,0.1153,Low,1670535
KE039,Bungoma,2018-10,78.57297949999999,40.87985,,,0,0,0.1153,Low,1670535
KE039,Bungoma,2018-11,57.968518499999995,16.189428,,,0,0,0.1153,Low,1670535
KE039,Bungoma,2018-12,100.09201166666666,28.812397,,,2,2,0.1153,Low,1670535
KE039,Bungoma,2019-01,60.182694999999995,43.726566,,,0,0,0.1153,Low,1670535
KE039,Bungoma,2019-02,72.84259800000001,32.856075,,,0,0,0.1153,Low,1670535
KE039,Bungoma,2019-03,83.90229266666667,16.58896,,,0,0,0.1153,Low,1670535
KE039,Bungoma,2019-04,73.747387,27.97609,,,0,0,0.1153,Low,1670535
KE039,Bungoma,2019-05,91.4387175,61.02674,,,0,0,0.1153,Low,1670535
KE039,Bungoma,2019-06,109.05744916666667,64.6565,,,0,0,0.1153,Low,1670535
KE039,Bungoma,2019-07,109.3842375,67.07914,,,0,0,0.1153,Low,1670535
KE039,Bungoma,2019-08,126.10608,100.75717,,,0,0,0.1153,Low,1670535
KE039,Bungoma,2019-09,123.72877166666667,95.23851,,,0,0,0.1153,Low,1670535
KE039,Bungoma,2019-10,171.66256166666668,125.61693,,,0,0,0.1153,Low,1670535
KE039,Bungoma,2019-11,148.50425833333335,76.75326,,,0,0,0.1153,Low,1670535
KE039,Bungoma,2019-12,263.33787333333333,87.78528,,,0,0,0.1153,Low,1670535
KE039,Bungoma,2020-01,157.24047183333332,48.19606,,,0,0,0.1153,Low,1670535
KE039,Bungoma,2020-02,99.30049366666667,50.78439,,,0,0,0.1153,Low,1670535
KE039,Bungoma,2020-03,225.83170166666665,169.0455,,,1,0,0.1153,Low,1670535
KE039,Bungoma,2020-04,108.9817425,21.385687,,,0,0,0.1153,Low,1670535
KE039,Bungoma,2020-05,100.14478416666667,83.36221,,,0,0,0.1153,Low,1670535
KE039,Bungoma,2020-06,146.82367166666666,114.34277,,,0,0,0.1153,Low,1670535
KE039,Bungoma,2020-07,140.671086,104.86198,,,0,0,0.1153,Low,1670535
KE039,Bungoma,2020-08,170.33705999999998,93.78513,,,0,0,0.1153,Low,1670535
KE039,Bungoma,2020-09,146.77422333333334,121.82677,,,0,0,0.1153,Low,1670535
KE039,Bungoma,2020-10,139.90499583333334,103.45982,,,0,0,0.1153,Low,1670535
KE039,Bungoma,2020-11,194.68221333333335,133.51526,,,1,1,0.1153,Low,1670535
KE039,Bungoma,2020-12,47.091537499999994,36.439205,,,0,0,0.1153,Low,1670535
KE039,Bungoma,2021-01,100.04494283333334,45.462486,,,0,0,0.1153,Low,1670535
KE039,Bungoma,2021-02,115.45107900000001,87.79443,,,0,0,0.1153,Low,1670535
KE039,Bungoma,2021-03,64.42097916666667,37.66816,,,0,0,0.1153,Low,1670535
KE039,Bungoma,2021-04,128.34911666666667,76.41217,,,0,0,0.1153,Low,1670535
KE039,Bungoma,2021-05,109.08829200000001,44.383095,,,0,0,0.1153,Low,1670535
KE039,Bungoma,2021-06,88.19815933333332,53.98815,,,0,0,0.1153,Low,1670535
KE039,Bungoma,2021-07,78.48392,30.722454,,,0,0,0.1153,Low,1670535
KE039,Bungoma,2021-08,108.2887615,92.86479,,,2,1,0.1153,Low,1670535
KE039,Bungoma,2021-09,130.35519583333334,112.598465,,,0,0,0.1153,Low,1670535
KE039,Bungoma,2021-10,91.24095666666666,51.14872,,,0,0,0.1153,Low,1670535
KE039,Bungoma,2021-11,64.91818583333333,34.954746,,,0,0,0.1153,Low,1670535
KE039,Bungoma,2021-12,50.936727999999995,26.344957,,,0,0,0.1153,Low,1670535
KE039,Bungoma,2022-01,131.349151,46.259277,,,0,0,0.1153,Low,1670535
KE039,Bungoma,2022-02,169.67077366666666,55.674522,,,0,0,0.1153,Low,1670535
KE039,Bungoma,2022-03,77.74142766666667,19.025206,,,0,0,0.1153,Low,1670535
KE039,Bungoma,2022-04,79.15969716666667,26.360273,,,0,0,0.1153,Low,1670535
KE039,Bungoma,2022-05,97.875221,54.836456,,,0,0,0.1153,Low,1670535
KE039,Bungoma,2022-06,70.14206283333334,58.624535,,,2,1,0.1153,Low,1670535
KE039,Bungoma,2022-07,99.82268916666668,77.56838,,,0,0,0.1153,Low,1670535
KE039,Bungoma,2022-08,167.01702666666668,106.22985,,,0,0,0.1153,Low,1670535
KE039,Bungoma,2022-09,114.27987333333334,85.34571,,,0,0,0.1153,Low,1670535
KE039,Bungoma,2022-10,80.37464116666668,31.626957,,,0,0,0.1153,Low,1670535
KE039,Bungoma,2022-11,116.75117,86.36564,,,0,0,0.1153,Low,1670535
KE039,Bungoma,2022-12,109.54849733333333,74.04723,,,2,2,0.1153,Low,1670535
KE039,Bungoma,2023-01,45.130881666666674,34.31871,,,0,0,0.1153,Low,1670535
KE039,Bungoma,2023-02,46.20857483333333,29.453897,,,0,0,0.1153,Low,1670535
KE039,Bungoma,2023-03,142.40512166666667,63.96508,,,0,0,0.1153,Low,1670535
KE039,Bungoma,2023-04,82.59251833333333,28.74394,,,0,0,0.1153,Low,1670535
KE039,Bungoma,2023-05,98.41549416666668,90.535675,,,0,0,0.1153,Low,1670535
KE039,Bungoma,2023-06,127.97857599999999,98.95715,,,0,0,0.1153,Low,1670535
KE039,Bungoma,2023-07,92.30186333333334,52.02005,,,0,0,0.1153,Low,1670535
KE039,Bungoma,2023-08,95.02953633333334,55.451603,,,0,0,0.1153,Low,1670535
KE039,Bungoma,2023-09,133.80145833333333,119.18392,,,0,0,0.1153,Low,1670535
KE039,Bungoma,2023-10,103.29102433333333,58.777756,,,1,0,0.1153,Low,1670535
KE039,Bungoma,2023-11,85.80910866666666,34.955948,,,0,0,0.1153,Low,1670535
KE039,Bungoma,2023-12,92.54527999999999,61.89786,,,0,0,0.1153,Low,1670535
KE039,Bungoma,2024-01,241.39675333333332,211.68608,,,0,0,0.1153,Low,1670535
KE039,Bungoma,2024-02,186.605905,129.41649,,,3,2,0.1153,Low,1670535
KE039,Bungoma,2024-03,89.0164405,19.889967,,,0,0,0.1153,Low,1670535
KE039,Bungoma,2024-04,108.32170599999999,85.538795,,,0,0,0.1153,Low,1670535
KE039,Bungoma,2024-05,102.040182,54.623676,,,0,0,0.1153,Low,1670535
KE039,Bungoma,2024-06,65.80341166666666,48.43369,,,0,0,0.1153,Low,1670535
KE039,Bungoma,2024-07,129.006199,98.69096,,,0,0,0.1153,Low,1670535
KE039,Bungoma,2024-08,106.51408666666667,68.583374,,,0,0,0.1153,Low,1670535
KE039,Bungoma,2024-09,123.17024083333332,82.18913,,,0,0,0.1153,Low,1670535
KE039,Bungoma,2024-10,91.2154635,55.198174,,,0,0,0.1153,Low,1670535
KE039,Bungoma,2024-11,195.4370865,93.983925,,,0,0,0.1153,Low,1670535
KE039,Bungoma,2024-12,53.08422166666667,25.705517,,,0,0,0.1153,Low,1670535
KE039,Bungoma,2025-01,114.25944333333332,65.71041,,,1,0,0.1153,Low,1670535
KE039,Bungoma,2025-02,48.10156583333333,29.533524,,,0,0,0.1153,Low,1670535
KE039,Bungoma,2025-03,145.575987,69.666336,,,0,0,0.1153,Low,1670535
KE039,Bungoma,2025-04,89.03965966666665,66.27384,,,0,0,0.1153,Low,1670535
KE039,Bungoma,2025-05,134.38574166666666,87.64993,,,0,0,0.1153,Low,1670535
KE039,Bungoma,2025-06,105.29666766666666,84.11503,,,0,0,0.1153,Low,1670535
KE039,Bungoma,2025-07,199.61612333333332,116.59651,,,0,0,0.1153,Low,1670535
KE039,Bungoma,2025-08,84.68652216666668,63.796814,,,1,0,0.1153,Low,1670535
KE039,Bungoma,2025-09,104.44581799999999,90.404884,,,0,0,0.1153,Low,1670535
KE039,Bungoma,2025-10,146.115404,101.488304,,,0,0,0.1153,Low,1670535
KE039,Bungoma,2025-11,48.7193885,18.410421,,,1,0,0.1153,Low,1670535
KE039,Bungoma,2025-12,148.18665966666666,36.817272,,,0,0,0.1153,Low,1670535
KE040,Busia,2006-01,70.6049705,31.825119,,,0,0,0.1221,Low,893653
KE040,Busia,2006-02,125.67655366666668,32.07889,,,0,0,0.1221,Low,893653
KE040,Busia,2006-03,138.04026166666668,106.8872,,,0,0,0.1221,Low,893653
KE040,Busia,2006-04,134.15535833333334,105.44454,,,0,0,0.1221,Low,893653
KE040,Busia,2006-05,99.65495783333334,61.481792,,,0,0,0.1221,Low,893653
KE040,Busia,2006-06,108.284619,80.59307,,,0,0,0.1221,Low,893653
KE040,Busia,2006-07,85.91041716666666,49.65015,,,0,0,0.1221,Low,893653
KE040,Busia,2006-08,79.32649433333334,44.243282,,,0,0,0.1221,Low,893653
KE040,Busia,2006-09,134.18332666666666,93.35432,,,0,0,0.1221,Low,893653
KE040,Busia,2006-10,86.02450066666665,18.811018,,,0,0,0.1221,Low,893653
KE040,Busia,2006-11,230.82900933333335,64.385506,,,0,0,0.1221,Low,893653
KE040,Busia,2006-12,250.54619499999998,145.49654,,,0,0,0.1221,Low,893653
KE040,Busia,2007-01,96.51066333333334,50.630875,,,0,0,0.1221,Low,893653
KE040,Busia,2007-02,187.51599,76.25479,,,0,0,0.1221,Low,893653
KE040,Busia,2007-03,112.22247233333333,38.940186,,,0,0,0.1221,Low,893653
KE040,Busia,2007-04,67.59488466666666,14.358547,,,0,0,0.1221,Low,893653
KE040,Busia,2007-05,105.73193716666667,59.430843,,,0,0,0.1221,Low,893653
KE040,Busia,2007-06,84.17022883333334,53.40961,,,0,0,0.1221,Low,893653
KE040,Busia,2007-07,164.93876,133.34001,,,0,0,0.1221,Low,893653
KE040,Busia,2007-08,132.11498166666667,87.36619,,,0,0,0.1221,Low,893653
KE040,Busia,2007-09,137.2403125,94.56009,,,1,0,0.1221,Low,893653
KE040,Busia,2007-10,92.7415045,53.640358,,,0,0,0.1221,Low,893653
KE040,Busia,2007-11,85.20709016666667,46.30959,,,2,0,0.1221,Low,893653
KE040,Busia,2007-12,83.28750616666666,28.892017,,,1,30,0.1221,Low,893653
KE040,Busia,2008-01,83.986288,32.451923,,,1,1,0.1221,Low,893653
KE040,Busia,2008-02,89.85574533333333,39.11754,,,0,0,0.1221,Low,893653
KE040,Busia,2008-03,86.43590683333333,38.651676,,,0,0,0.1221,Low,893653
KE040,Busia,2008-04,75.43018166666667,26.407242,,,0,0,0.1221,Low,893653
KE040,Busia,2008-05,103.60506666666667,74.03862,,,0,0,0.1221,Low,893653
KE040,Busia,2008-06,85.97542299999999,31.845924,,,0,0,0.1221,Low,893653
KE040,Busia,2008-07,150.053672,117.939606,,,0,0,0.1221,Low,893653
KE040,Busia,2008-08,142.66727,104.96765,,,0,0,0.1221,Low,893653
KE040,Busia,2008-09,106.49806,79.40023,,,0,0,0.1221,Low,893653
KE040,Busia,2008-10,116.62415233333333,106.83388,,,0,0,0.1221,Low,893653
KE040,Busia,2008-11,75.81858583333333,12.81591,,,0,0,0.1221,Low,893653
KE040,Busia,2008-12,39.75867866666667,31.922543,,,0,0,0.1221,Low,893653
KE040,Busia,2009-01,121.77171733333334,29.447115,,,0,0,0.1221,Low,893653
KE040,Busia,2009-02,69.42691566666667,24.51682,,,0,0,0.1221,Low,893653
KE040,Busia,2009-03,59.414643500000004,39.938156,,,0,0,0.1221,Low,893653
KE040,Busia,2009-04,131.19748766666666,97.95621,,,0,0,0.1221,Low,893653
KE040,Busia,2009-05,81.55732483333334,42.57381,,,0,0,0.1221,Low,893653
KE040,Busia,2009-06,60.5932675,42.56345,,,0,0,0.1221,Low,893653
KE040,Busia,2009-07,63.55054116666667,58.85172,,,0,0,0.1221,Low,893653
KE040,Busia,2009-08,78.330223,51.61778,,,0,0,0.1221,Low,893653
KE040,Busia,2009-09,122.86516566666667,104.36647,,,0,0,0.1221,Low,893653
KE040,Busia,2009-10,77.62686766666667,60.867226,,,0,0,0.1221,Low,893653
KE040,Busia,2009-11,96.51326133333333,58.952393,,,0,0,0.1221,Low,893653
KE040,Busia,2009-12,204.545534,123.877144,,,0,0,0.1221,Low,893653
KE040,Busia,2010-01,114.07964683333334,37.226357,,,0,0,0.1221,Low,893653
KE040,Busia,2010-02,208.17709666666667,100.09068,,,0,0,0.1221,Low,893653
KE040,Busia,2010-03,127.81562983333333,94.977585,,,0,0,0.1221,Low,893653
KE040,Busia,2010-04,102.51034550000001,59.806473,,,0,0,0.1221,Low,893653
KE040,Busia,2010-05,113.44605733333333,90.15235,,,0,0,0.1221,Low,893653
KE040,Busia,2010-06,108.79994666666666,84.27504,,,0,0,0.1221,Low,893653
KE040,Busia,2010-07,85.03770733333333,71.79567,,,0,0,0.1221,Low,893653
KE040,Busia,2010-08,89.48760600000001,63.13435,,,0,0,0.1221,Low,893653
KE040,Busia,2010-09,104.86667683333333,47.25059,,,0,0,0.1221,Low,893653
KE040,Busia,2010-10,110.581486,91.57662,,,0,0,0.1221,Low,893653
KE040,Busia,2010-11,62.3184,37.562107,,,0,0,0.1221,Low,893653
KE040,Busia,2010-12,96.06348366666667,29.378462,,,0,0,0.1221,Low,893653
KE040,Busia,2011-01,53.96139300000001,36.438187,,,0,0,0.1221,Low,893653
KE040,Busia,2011-02,54.7905565,20.763811,,,0,0,0.1221,Low,893653
KE040,Busia,2011-03,116.26765383333333,56.041653,,,0,0,0.1221,Low,893653
KE040,Busia,2011-04,73.51165733333333,36.021896,,,1,3,0.1221,Low,893653
KE040,Busia,2011-05,97.83492633333333,73.52316,,,0,0,0.1221,Low,893653
KE040,Busia,2011-06,119.5981325,100.78169,,,0,0,0.1221,Low,893653
KE040,Busia,2011-07,95.3685375,62.78907,,,0,0,0.1221,Low,893653
KE040,Busia,2011-08,156.71279666666666,98.73763,,,0,0,0.1221,Low,893653
KE040,Busia,2011-09,92.88953099999999,76.94423,,,0,0,0.1221,Low,893653
KE040,Busia,2011-10,122.93842916666667,104.08766,,,0,0,0.1221,Low,893653
KE040,Busia,2011-11,155.18214916666668,38.65518,,,0,0,0.1221,Low,893653
KE040,Busia,2011-12,87.27782583333334,28.210602,,,0,0,0.1221,Low,893653
KE040,Busia,2012-01,33.26616933333333,30.635925,,,0,0,0.1221,Low,893653
KE040,Busia,2012-02,52.50629716666666,23.464067,,,0,0,0.1221,Low,893653
KE040,Busia,2012-03,50.906949166666664,16.448387,,,0,0,0.1221,Low,893653
KE040,Busia,2012-04,109.57221416666668,66.350365,,,0,0,0.1221,Low,893653
KE040,Busia,2012-05,108.01632666666667,84.049355,,,0,0,0.1221,Low,893653
KE040,Busia,2012-06,125.3015585,54.062366,,,0,0,0.1221,Low,893653
KE040,Busia,2012-07,110.57139066666667,80.03404,,,1,0,0.1221,Low,893653
KE040,Busia,2012-08,107.30036483333333,101.252785,,,0,0,0.1221,Low,893653
KE040,Busia,2012-09,158.687449,113.118614,,,4,0,0.1221,Low,893653
KE040,Busia,2012-10,123.88265833333332,96.35685,,,0,0,0.1221,Low,893653
KE040,Busia,2012-11,144.08998666666665,87.77557,,,0,0,0.1221,Low,893653
KE040,Busia,2012-12,187.25390833333336,85.80565,,,0,0,0.1221,Low,893653
KE040,Busia,2013-01,88.65505833333333,37.46121,,,1,1,0.1221,Low,893653
KE040,Busia,2013-02,71.72310783333333,32.93623,,,0,0,0.1221,Low,893653
KE040,Busia,2013-03,125.36662416666667,61.4227,,,0,0,0.1221,Low,893653
KE040,Busia,2013-04,116.97932083333335,98.55541,,,2,3,0.1221,Low,893653
KE040,Busia,2013-05,77.29324466666667,56.44852,,,1,1,0.1221,Low,893653
KE040,Busia,2013-06,78.0515485,65.62536,,,0,0,0.1221,Low,893653
KE040,Busia,2013-07,85.31599633333333,44.569027,,,0,0,0.1221,Low,893653
KE040,Busia,2013-08,104.97349833333332,64.37715,,,0,0,0.1221,Low,893653
KE040,Busia,2013-09,145.094345,92.65778,,,0,0,0.1221,Low,893653
KE040,Busia,2013-10,91.28412766666666,47.535686,,,0,0,0.1221,Low,893653
KE040,Busia,2013-11,69.62085033333334,46.794224,,,0,0,0.1221,Low,893653
KE040,Busia,2013-12,104.508156,81.774635,,,0,0,0.1221,Low,893653
KE040,Busia,2014-01,100.17536633333333,47.560684,,,0,0,0.1221,Low,893653
KE040,Busia,2014-02,114.41154,74.52405,,,0,0,0.1221,Low,893653
KE040,Busia,2014-03,87.6847085,22.049173,,,0,0,0.1221,Low,893653
KE040,Busia,2014-04,73.5072085,30.219048,,,0,0,0.1221,Low,893653
KE040,Busia,2014-05,120.02229733333333,84.85621,,,0,0,0.1221,Low,893653
KE040,Busia,2014-06,116.03504116666666,41.39588,,,0,0,0.1221,Low,893653
KE040,Busia,2014-07,118.265829,85.40209,,,0,0,0.1221,Low,893653
KE040,Busia,2014-08,133.44202066666665,118.0662,,,0,0,0.1221,Low,893653
KE040,Busia,2014-09,96.3142625,62.158615,,,0,0,0.1221,Low,893653
KE040,Busia,2014-10,137.07510933333333,118.230736,,,0,0,0.1221,Low,893653
KE040,Busia,2014-11,94.96410483333334,67.836815,,,0,0,0.1221,Low,893653
KE040,Busia,2014-12,81.752504,69.106415,,,0,0,0.1221,Low,893653
KE040,Busia,2015-01,30.265209166666665,25.558393,,,0,0,0.1221,Low,893653
KE040,Busia,2015-02,53.93939683333334,24.030832,,,0,0,0.1221,Low,893653
KE040,Busia,2015-03,56.04388683333334,11.147744,,,0,0,0.1221,Low,893653
KE040,Busia,2015-04,124.499866,80.85141,,,0,0,0.1221,Low,893653
KE040,Busia,2015-05,109.04069833333334,80.96048,,,0,0,0.1221,Low,893653
KE040,Busia,2015-06,153.5718916666667,75.52034,,,0,0,0.1221,Low,893653
KE040,Busia,2015-07,90.62886633333333,58.328175,,,0,0,0.1221,Low,893653
KE040,Busia,2015-08,56.79672033333333,39.24247,,,0,0,0.1221,Low,893653
KE040,Busia,2015-09,114.21236,93.97094,,,0,0,0.1221,Low,893653
KE040,Busia,2015-10,150.651375,67.71969,,,0,0,0.1221,Low,893653
KE040,Busia,2015-11,169.04980666666668,90.14517,,,0,0,0.1221,Low,893653
KE040,Busia,2015-12,165.17387666666664,66.58357,,,0,0,0.1221,Low,893653
KE040,Busia,2016-01,136.1091935,70.159935,,,0,0,0.1221,Low,893653
KE040,Busia,2016-02,47.69970166666667,35.63308,,,0,0,0.1221,Low,893653
KE040,Busia,2016-03,66.114176,21.639738,,,0,0,0.1221,Low,893653
KE040,Busia,2016-04,152.34953833333336,90.80261,,,0,0,0.1221,Low,893653
KE040,Busia,2016-05,94.60025983333333,58.784073,,,0,0,0.1221,Low,893653
KE040,Busia,2016-06,100.46300016666667,60.995304,,,0,0,0.1221,Low,893653
KE040,Busia,2016-07,86.797446,48.308254,,,0,0,0.1221,Low,893653
KE040,Busia,2016-08,69.42476616666666,38.583336,,,0,0,0.1221,Low,893653
KE040,Busia,2016-09,77.87330816666666,54.567234,,,0,0,0.1221,Low,893653
KE040,Busia,2016-10,55.9098155,37.436035,,,0,0,0.1221,Low,893653
KE040,Busia,2016-11,83.819594,63.213303,,,0,0,0.1221,Low,893653
KE040,Busia,2016-12,31.627736,22.865635,,,0,0,0.1221,Low,893653
KE040,Busia,2017-01,94.4244645,25.891766,,,0,0,0.1221,Low,893653
KE040,Busia,2017-02,259.15458716666666,54.420883,,,0,0,0.1221,Low,893653
KE040,Busia,2017-03,66.41466016666666,33.861233,,,0,0,0.1221,Low,893653
KE040,Busia,2017-04,87.36385933333334,56.751823,,,0,0,0.1221,Low,893653
KE040,Busia,2017-05,134.25809733333332,91.912994,,,0,0,0.1221,Low,893653
KE040,Busia,2017-06,90.391234,73.766884,,,0,0,0.1221,Low,893653
KE040,Busia,2017-07,127.9964,81.56672,,,0,0,0.1221,Low,893653
KE040,Busia,2017-08,125.63617233333332,112.803734,,,0,0,0.1221,Low,893653
KE040,Busia,2017-09,115.84780833333333,104.22231,,,0,0,0.1221,Low,893653
KE040,Busia,2017-10,92.32403316666667,71.38684,,,0,0,0.1221,Low,893653
KE040,Busia,2017-11,101.21968766666667,58.82743,,,0,0,0.1221,Low,893653
KE040,Busia,2017-12,31.291404,26.575205,,,0,0,0.1221,Low,893653
KE040,Busia,2018-01,48.19512716666666,37.01923,,,0,0,0.1221,Low,893653
KE040,Busia,2018-02,103.40877616666667,29.24507,,,0,0,0.1221,Low,893653
KE040,Busia,2018-03,155.48174216666666,61.822563,,,0,0,0.1221,Low,893653
KE040,Busia,2018-04,126.61451633333333,100.117134,,,0,0,0.1221,Low,893653
KE040,Busia,2018-05,121.49020533333334,108.74812,,,0,0,0.1221,Low,893653
KE040,Busia,2018-06,108.7310215,77.49554,,,0,0,0.1221,Low,893653
KE040,Busia,2018-07,90.38205,75.63672,,,1,1,0.1221,Low,893653
KE040,Busia,2018-08,80.78633333333333,52.75085,,,0,0,0.1221,Low,893653
KE040,Busia,2018-09,66.08236966666668,50.537323,,,0,0,0.1221,Low,893653
KE040,Busia,2018-10,92.65798133333334,44.877728,,,0,0,0.1221,Low,893653
KE040,Busia,2018-11,69.41634366666666,16.283024,,,0,0,0.1221,Low,893653
KE040,Busia,2018-12,143.84127383333333,46.472538,,,0,0,0.1221,Low,893653
KE040,Busia,2019-01,45.19944916666666,30.76923,,,0,0,0.1221,Low,893653
KE040,Busia,2019-02,122.63077600000001,28.111538,,,0,0,0.1221,Low,893653
KE040,Busia,2019-03,98.1907665,13.341334,,,0,0,0.1221,Low,893653
KE040,Busia,2019-04,86.47921033333334,36.801765,,,0,0,0.1221,Low,893653
KE040,Busia,2019-05,101.69868833333334,78.84877,,,0,0,0.1221,Low,893653
KE040,Busia,2019-06,112.39611916666667,90.274605,,,0,0,0.1221,Low,893653
KE040,Busia,2019-07,123.808251,60.453396,,,0,0,0.1221,Low,893653
KE040,Busia,2019-08,111.0732225,92.916855,,,0,0,0.1221,Low,893653
KE040,Busia,2019-09,112.34274749999999,88.68363,,,0,0,0.1221,Low,893653
KE040,Busia,2019-10,210.75801333333334,144.36447,,,0,0,0.1221,Low,893653
KE040,Busia,2019-11,154.33090083333335,69.38934,,,0,0,0.1221,Low,893653
KE040,Busia,2019-12,246.13647666666665,135.37039,,,0,0,0.1221,Low,893653
KE040,Busia,2020-01,177.15811433333332,56.658356,,,0,0,0.1221,Low,893653
KE040,Busia,2020-02,118.70522433333333,67.465996,,,0,0,0.1221,Low,893653
KE040,Busia,2020-03,219.87952499999997,205.35944,,,2,0,0.1221,Low,893653
KE040,Busia,2020-04,110.35066683333334,31.713661,,,0,0,0.1221,Low,893653
KE040,Busia,2020-05,95.64822066666666,74.59396,,,0,0,0.1221,Low,893653
KE040,Busia,2020-06,148.62246000000002,108.93053,,,0,0,0.1221,Low,893653
KE040,Busia,2020-07,135.35600666666667,106.91227,,,0,0,0.1221,Low,893653
KE040,Busia,2020-08,146.3333,78.18526,,,0,0,0.1221,Low,893653
KE040,Busia,2020-09,154.71105,126.39283,,,0,0,0.1221,Low,893653
KE040,Busia,2020-10,150.995485,135.24553,,,0,0,0.1221,Low,893653
KE040,Busia,2020-11,254.80556166666668,173.41566,,,1,1,0.1221,Low,893653
KE040,Busia,2020-12,59.88813483333333,43.702255,,,0,0,0.1221,Low,893653
KE040,Busia,2021-01,111.109866,46.882256,,,0,0,0.1221,Low,893653
KE040,Busia,2021-02,115.11179733333334,36.49966,,,0,0,0.1221,Low,893653
KE040,Busia,2021-03,69.70773166666667,46.059364,,,0,0,0.1221,Low,893653
KE040,Busia,2021-04,149.83959166666668,96.22194,,,0,0,0.1221,Low,893653
KE040,Busia,2021-05,109.83471616666667,40.710487,,,0,0,0.1221,Low,893653
KE040,Busia,2021-06,92.62455716666666,58.343983,,,0,0,0.1221,Low,893653
KE040,Busia,2021-07,76.851665,35.50167,,,0,0,0.1221,Low,893653
KE040,Busia,2021-08,112.66957716666667,92.19824,,,0,0,0.1221,Low,893653
KE040,Busia,2021-09,127.557795,111.96631,,,0,0,0.1221,Low,893653
KE040,Busia,2021-10,93.60621083333332,56.909275,,,0,0,0.1221,Low,893653
KE040,Busia,2021-11,62.855819999999994,33.015526,,,0,0,0.1221,Low,893653
KE040,Busia,2021-12,58.97992933333333,29.334229,,,0,0,0.1221,Low,893653
KE040,Busia,2022-01,157.9810775,48.55769,,,0,0,0.1221,Low,893653
KE040,Busia,2022-02,230.9638633333333,83.78467,,,0,0,0.1221,Low,893653
KE040,Busia,2022-03,84.3156525,19.818007,,,0,0,0.1221,Low,893653
KE040,Busia,2022-04,80.12280833333334,29.34138,,,0,0,0.1221,Low,893653
KE040,Busia,2022-05,95.15287683333332,44.745182,,,0,0,0.1221,Low,893653
KE040,Busia,2022-06,76.17571266666667,56.98146,,,0,0,0.1221,Low,893653
KE040,Busia,2022-07,81.71606083333333,69.77859,,,0,0,0.1221,Low,893653
KE040,Busia,2022-08,159.06413266666667,86.23946,,,0,0,0.1221,Low,893653
KE040,Busia,2022-09,119.82185566666668,82.34098,,,0,0,0.1221,Low,893653
KE040,Busia,2022-10,65.14952733333332,37.24408,,,0,0,0.1221,Low,893653
KE040,Busia,2022-11,110.151771,88.53006,,,0,0,0.1221,Low,893653
KE040,Busia,2022-12,142.214629,118.774864,,,0,0,0.1221,Low,893653
KE040,Busia,2023-01,44.101052333333335,38.1262,,,1,2,0.1221,Low,893653
KE040,Busia,2023-02,44.854609,21.583467,,,0,0,0.1221,Low,893653
KE040,Busia,2023-03,130.45046083333332,61.028965,,,0,0,0.1221,Low,893653
KE040,Busia,2023-04,117.51422533333334,61.419582,,,0,0,0.1221,Low,893653
KE040,Busia,2023-05,98.72267483333333,91.280334,,,1,0,0.1221,Low,893653
KE040,Busia,2023-06,139.10250333333332,107.02506,,,0,0,0.1221,Low,893653
KE040,Busia,2023-07,80.42999516666667,48.06885,,,1,1,0.1221,Low,893653
KE040,Busia,2023-08,102.08306,61.53775,,,0,0,0.1221,Low,893653
KE040,Busia,2023-09,127.85384833333335,105.45131,,,0,0,0.1221,Low,893653
KE040,Busia,2023-10,145.24415416666668,91.51751,,,0,0,0.1221,Low,893653
KE040,Busia,2023-11,127.316754,106.42819,,,0,0,0.1221,Low,893653
KE040,Busia,2023-12,99.143604,79.37497,,,0,0,0.1221,Low,893653
KE040,Busia,2024-01,228.21265833333337,178.46426,,,0,0,0.1221,Low,893653
KE040,Busia,2024-02,215.31048833333332,141.4556,,,0,0,0.1221,Low,893653
KE040,Busia,2024-03,89.09093483333334,12.404598,,,2,0,0.1221,Low,893653
KE040,Busia,2024-04,123.35338583333333,78.937675,,,0,0,0.1221,Low,893653
KE040,Busia,2024-05,95.26070416666666,84.151825,,,0,0,0.1221,Low,893653
KE040,Busia,2024-06,70.3213235,50.3848,,,0,0,0.1221,Low,893653
KE040,Busia,2024-07,110.64209849999999,91.869576,,,0,0,0.1221,Low,893653
KE040,Busia,2024-08,106.77245749999999,71.17882,,,0,0,0.1221,Low,893653
KE040,Busia,2024-09,115.5182875,104.140816,,,0,0,0.1221,Low,893653
KE040,Busia,2024-10,99.678576,67.98842,,,0,0,0.1221,Low,893653
KE040,Busia,2024-11,202.27206666666666,89.22719,,,0,0,0.1221,Low,893653
KE040,Busia,2024-12,67.4222685,48.89038,,,0,0,0.1221,Low,893653
KE040,Busia,2025-01,120.98052216666666,54.30767,,,1,0,0.1221,Low,893653
KE040,Busia,2025-02,44.135494333333334,21.223347,,,0,0,0.1221,Low,893653
KE040,Busia,2025-03,115.80475683333333,53.079105,,,0,0,0.1221,Low,893653
KE040,Busia,2025-04,95.36478033333333,52.373253,,,0,0,0.1221,Low,893653
KE040,Busia,2025-05,140.6055625,111.20555,,,0,0,0.1221,Low,893653
KE040,Busia,2025-06,109.79703783333333,68.638916,,,0,0,0.1221,Low,893653
KE040,Busia,2025-07,193.91137,72.97789,,,0,0,0.1221,Low,893653
KE040,Busia,2025-08,80.6499405,59.623493,,,0,0,0.1221,Low,893653
KE040,Busia,2025-09,101.69655266666666,84.08365,,,0,0,0.1221,Low,893653
KE040,Busia,2025-10,130.87268333333336,71.72996,,,0,0,0.1221,Low,893653
KE040,Busia,2025-11,44.760165,17.165838,,,0,0,0.1221,Low,893653
KE040,Busia,2025-12,168.12817033333334,27.896276,,,0,0,0.1221,Low,893653
KE028,Elgeyo-Marakwet,2006-01,73.22109633333334,49.70949,,,0,0,0.1386,Low,454468
KE028,Elgeyo-Marakwet,2006-02,101.9440055,40.790653,,,0,0,0.1386,Low,454468
KE028,Elgeyo-Marakwet,2006-03,120.72145083333334,62.844234,,,0,0,0.1386,Low,454468
KE028,Elgeyo-Marakwet,2006-04,121.0969175,75.70478,,,0,0,0.1386,Low,454468
KE028,Elgeyo-Marakwet,2006-05,83.28393966666667,57.44278,,,0,0,0.1386,Low,454468
KE028,Elgeyo-Marakwet,2006-06,89.37972666666667,46.29581,,,0,0,0.1386,Low,454468
KE028,Elgeyo-Marakwet,2006-07,75.30994833333334,67.45916,,,0,0,0.1386,Low,454468
KE028,Elgeyo-Marakwet,2006-08,130.04832766666667,54.84776,,,0,0,0.1386,Low,454468
KE028,Elgeyo-Marakwet,2006-09,108.621915,70.59845,,,0,0,0.1386,Low,454468
KE028,Elgeyo-Marakwet,2006-10,106.48897966666668,34.590183,,,0,0,0.1386,Low,454468
KE028,Elgeyo-Marakwet,2006-11,250.22012499999997,52.38708,,,0,0,0.1386,Low,454468
KE028,Elgeyo-Marakwet,2006-12,183.0805475,44.09266,,,0,0,0.1386,Low,454468
KE028,Elgeyo-Marakwet,2007-01,141.566609,88.59352,,,0,0,0.1386,Low,454468
KE028,Elgeyo-Marakwet,2007-02,236.23357333333334,126.19339,,,0,0,0.1386,Low,454468
KE028,Elgeyo-Marakwet,2007-03,87.16377266666666,32.48982,,,0,0,0.1386,Low,454468
KE028,Elgeyo-Marakwet,2007-04,117.1756145,22.807663,,,0,0,0.1386,Low,454468
KE028,Elgeyo-Marakwet,2007-05,122.914376,39.24252,,,0,0,0.1386,Low,454468
KE028,Elgeyo-Marakwet,2007-06,153.613335,106.22366,,,0,0,0.1386,Low,454468
KE028,Elgeyo-Marakwet,2007-07,115.08826499999999,54.96241,,,0,0,0.1386,Low,454468
KE028,Elgeyo-Marakwet,2007-08,127.11007666666666,80.55985,,,0,0,0.1386,Low,454468
KE028,Elgeyo-Marakwet,2007-09,240.03859166666666,172.39703,,,0,0,0.1386,Low,454468
KE028,Elgeyo-Marakwet,2007-10,58.80476483333333,41.853615,,,0,0,0.1386,Low,454468
KE028,Elgeyo-Marakwet,2007-11,47.4167425,33.356834,,,1,0,0.1386,Low,454468
KE028,Elgeyo-Marakwet,2007-12,63.757883,36.44121,,,0,0,0.1386,Low,454468
KE028,Elgeyo-Marakwet,2008-01,71.77809766666667,50.45916,,,0,0,0.1386,Low,454468
KE028,Elgeyo-Marakwet,2008-02,86.25535450000001,38.005424,,,0,0,0.1386,Low,454468
KE028,Elgeyo-Marakwet,2008-03,115.81391883333333,43.98316,,,0,0,0.1386,Low,454468
KE028,Elgeyo-Marakwet,2008-04,51.97829483333334,41.46991,,,0,0,0.1386,Low,454468
KE028,Elgeyo-Marakwet,2008-05,63.66486533333333,23.683306,,,0,0,0.1386,Low,454468
KE028,Elgeyo-Marakwet,2008-06,73.673495,41.54124,,,0,0,0.1386,Low,454468
KE028,Elgeyo-Marakwet,2008-07,107.53967733333333,99.3493,,,0,0,0.1386,Low,454468
KE028,Elgeyo-Marakwet,2008-08,110.49918100000001,86.868706,,,0,0,0.1386,Low,454468
KE028,Elgeyo-Marakwet,2008-09,116.61209766666667,65.82523,,,0,0,0.1386,Low,454468
KE028,Elgeyo-Marakwet,2008-10,156.85359000000003,64.40581,,,0,0,0.1386,Low,454468
KE028,Elgeyo-Marakwet,2008-11,132.2917695,33.260704,,,0,0,0.1386,Low,454468
KE028,Elgeyo-Marakwet,2008-12,44.75808116666667,32.45075,,,0,0,0.1386,Low,454468
KE028,Elgeyo-Marakwet,2009-01,76.60428166666667,31.461176,,,0,0,0.1386,Low,454468
KE028,Elgeyo-Marakwet,2009-02,44.132251,32.88528,,,0,0,0.1386,Low,454468
KE028,Elgeyo-Marakwet,2009-03,43.04168416666667,24.756823,,,0,0,0.1386,Low,454468
KE028,Elgeyo-Marakwet,2009-04,92.89233566666667,47.05682,,,0,0,0.1386,Low,454468
KE028,Elgeyo-Marakwet,2009-05,108.221115,37.691658,,,0,0,0.1386,Low,454468
KE028,Elgeyo-Marakwet,2009-06,59.939034,38.103386,,,0,0,0.1386,Low,454468
KE028,Elgeyo-Marakwet,2009-07,72.1866605,39.211388,,,0,0,0.1386,Low,454468
KE028,Elgeyo-Marakwet,2009-08,57.687271333333335,45.0174,,,0,0,0.1386,Low,454468
KE028,Elgeyo-Marakwet,2009-09,73.86405133333334,61.106747,,,0,0,0.1386,Low,454468
KE028,Elgeyo-Marakwet,2009-10,85.26800616666667,54.39928,,,1,1,0.1386,Low,454468
KE028,Elgeyo-Marakwet,2009-11,76.03836933333334,38.78813,,,0,0,0.1386,Low,454468
KE028,Elgeyo-Marakwet,2009-12,264.05435666666665,126.96069,,,0,0,0.1386,Low,454468
KE028,Elgeyo-Marakwet,2010-01,143.32062616666667,40.54571,,,0,0,0.1386,Low,454468
KE028,Elgeyo-Marakwet,2010-02,283.781585,125.71188,,,0,0,0.1386,Low,454468
KE028,Elgeyo-Marakwet,2010-03,161.29987933333334,52.36305,,,0,0,0.1386,Low,454468
KE028,Elgeyo-Marakwet,2010-04,95.39650733333333,38.918606,,,1,0,0.1386,Low,454468
KE028,Elgeyo-Marakwet,2010-05,156.8313,91.21115,,,0,0,0.1386,Low,454468
KE028,Elgeyo-Marakwet,2010-06,92.02663916666666,63.892235,,,0,0,0.1386,Low,454468
KE028,Elgeyo-Marakwet,2010-07,103.53895299999999,48.990932,,,0,0,0.1386,Low,454468
KE028,Elgeyo-Marakwet,2010-08,112.34445533333333,65.27964,,,0,0,0.1386,Low,454468
KE028,Elgeyo-Marakwet,2010-09,114.59382433333333,65.970116,,,0,0,0.1386,Low,454468
KE028,Elgeyo-Marakwet,2010-10,113.15160083333332,89.07127,,,0,0,0.1386,Low,454468
KE028,Elgeyo-Marakwet,2010-11,49.818822000000004,37.057808,,,0,0,0.1386,Low,454468
KE028,Elgeyo-Marakwet,2010-12,69.60652116666667,41.051785,,,0,0,0.1386,Low,454468
KE028,Elgeyo-Marakwet,2011-01,56.580871,41.101788,,,1,1,0.1386,Low,454468
KE028,Elgeyo-Marakwet,2011-02,60.26363733333333,40.069614,,,0,0,0.1386,Low,454468
KE028,Elgeyo-Marakwet,2011-03,126.66341083333333,58.68031,,,0,0,0.1386,Low,454468
KE028,Elgeyo-Marakwet,2011-04,49.81945516666667,27.110386,,,0,0,0.1386,Low,454468
KE028,Elgeyo-Marakwet,2011-05,79.76001533333333,35.422752,,,0,0,0.1386,Low,454468
KE028,Elgeyo-Marakwet,2011-06,118.54258499999999,80.35111,,,0,0,0.1386,Low,454468
KE028,Elgeyo-Marakwet,2011-07,106.42813333333334,67.81224,,,0,0,0.1386,Low,454468
KE028,Elgeyo-Marakwet,2011-08,164.56883166666668,126.59491,,,0,0,0.1386,Low,454468
KE028,Elgeyo-Marakwet,2011-09,133.41059333333334,89.76496,,,0,0,0.1386,Low,454468
KE028,Elgeyo-Marakwet,2011-10,104.88746866666668,42.819645,,,0,0,0.1386,Low,454468
KE028,Elgeyo-Marakwet,2011-11,254.6063596666667,55.437218,,,0,0,0.1386,Low,454468
KE028,Elgeyo-Marakwet,2011-12,113.59353749999998,33.806,,,0,0,0.1386,Low,454468
KE028,Elgeyo-Marakwet,2012-01,44.22189933333333,31.461176,,,0,0,0.1386,Low,454468
KE028,Elgeyo-Marakwet,2012-02,57.70145349999999,37.30592,,,0,0,0.1386,Low,454468
KE028,Elgeyo-Marakwet,2012-03,59.112518666666666,26.045073,,,0,0,0.1386,Low,454468
KE028,Elgeyo-Marakwet,2012-04,160.23831166666665,87.54401,,,0,0,0.1386,Low,454468
KE028,Elgeyo-Marakwet,2012-05,187.9508066666667,134.89958,,,0,0,0.1386,Low,454468
KE028,Elgeyo-Marakwet,2012-06,106.11564950000002,56.957657,,,0,0,0.1386,Low,454468
KE028,Elgeyo-Marakwet,2012-07,110.48044599999999,67.33276,,,0,0,0.1386,Low,454468
KE028,Elgeyo-Marakwet,2012-08,117.61912333333333,91.18507,,,0,0,0.1386,Low,454468
KE028,Elgeyo-Marakwet,2012-09,178.51150266666664,111.196686,,,0,0,0.1386,Low,454468
KE028,Elgeyo-Marakwet,2012-10,140.40157433333334,102.459076,,,0,0,0.1386,Low,454468
KE028,Elgeyo-Marakwet,2012-11,90.99246216666667,44.123302,,,0,0,0.1386,Low,454468
KE028,Elgeyo-Marakwet,2012-12,148.01983833333333,56.34558,,,0,0,0.1386,Low,454468
KE028,Elgeyo-Marakwet,2013-01,121.217938,56.70661,,,0,0,0.1386,Low,454468
KE028,Elgeyo-Marakwet,2013-02,60.60394616666667,31.699253,,,0,0,0.1386,Low,454468
KE028,Elgeyo-Marakwet,2013-03,129.337695,55.367775,,,0,0,0.1386,Low,454468
KE028,Elgeyo-Marakwet,2013-04,165.33206583333333,97.15044,,,0,0,0.1386,Low,454468
KE028,Elgeyo-Marakwet,2013-05,98.97257616666667,35.55215,,,0,0,0.1386,Low,454468
KE028,Elgeyo-Marakwet,2013-06,106.65996266666667,54.861526,,,0,0,0.1386,Low,454468
KE028,Elgeyo-Marakwet,2013-07,109.20970066666666,63.870834,,,0,0,0.1386,Low,454468
KE028,Elgeyo-Marakwet,2013-08,127.47940866666666,72.899994,,,1,0,0.1386,Low,454468
KE028,Elgeyo-Marakwet,2013-09,152.28289166666667,125.71996,,,0,0,0.1386,Low,454468
KE028,Elgeyo-Marakwet,2013-10,109.13317733333334,47.491665,,,0,0,0.1386,Low,454468
KE028,Elgeyo-Marakwet,2013-11,111.559085,63.301075,,,0,0,0.1386,Low,454468
KE028,Elgeyo-Marakwet,2013-12,143.1873785,37.118835,,,0,0,0.1386,Low,454468
KE028,Elgeyo-Marakwet,2014-01,64.03940333333334,49.17151,,,0,0,0.1386,Low,454468
KE028,Elgeyo-Marakwet,2014-02,96.7668135,46.732338,,,0,0,0.1386,Low,454468
KE028,Elgeyo-Marakwet,2014-03,102.42385916666666,34.07859,,,0,0,0.1386,Low,454468
KE028,Elgeyo-Marakwet,2014-04,38.14134766666667,19.215094,,,0,0,0.1386,Low,454468
KE028,Elgeyo-Marakwet,2014-05,73.96734333333333,60.00503,,,0,0,0.1386,Low,454468
KE028,Elgeyo-Marakwet,2014-06,79.39942883333333,54.071342,,,0,0,0.1386,Low,454468
KE028,Elgeyo-Marakwet,2014-07,82.49369883333333,60.543907,,,0,0,0.1386,Low,454468
KE028,Elgeyo-Marakwet,2014-08,119.34451666666666,68.68377,,,0,0,0.1386,Low,454468
KE028,Elgeyo-Marakwet,2014-09,78.52884833333333,42.58455,,,0,0,0.1386,Low,454468
KE028,Elgeyo-Marakwet,2014-10,146.76435666666666,77.68357,,,0,0,0.1386,Low,454468
KE028,Elgeyo-Marakwet,2014-11,95.62753400000001,37.39895,,,0,0,0.1386,Low,454468
KE028,Elgeyo-Marakwet,2014-12,83.81171166666667,55.80896,,,0,0,0.1386,Low,454468
KE028,Elgeyo-Marakwet,2015-01,46.366864166666666,34.234352,,,0,0,0.1386,Low,454468
KE028,Elgeyo-Marakwet,2015-02,55.81815016666667,34.484154,,,0,0,0.1386,Low,454468
KE028,Elgeyo-Marakwet,2015-03,38.541920833333336,27.725399,,,0,0,0.1386,Low,454468
KE028,Elgeyo-Marakwet,2015-04,119.178703,51.867313,,,0,0,0.1386,Low,454468
KE028,Elgeyo-Marakwet,2015-05,83.63360416666667,49.110264,,,0,0,0.1386,Low,454468
KE028,Elgeyo-Marakwet,2015-06,106.80993166666667,53.11183,,,0,0,0.1386,Low,454468
KE028,Elgeyo-Marakwet,2015-07,75.51590683333333,57.367825,,,0,0,0.1386,Low,454468
KE028,Elgeyo-Marakwet,2015-08,42.680742,23.865383,,,0,0,0.1386,Low,454468
KE028,Elgeyo-Marakwet,2015-09,82.56831983333333,55.88717,,,0,0,0.1386,Low,454468
KE028,Elgeyo-Marakwet,2015-10,91.12069583333334,54.19637,,,0,0,0.1386,Low,454468
KE028,Elgeyo-Marakwet,2015-11,135.71799000000001,66.28108,,,2,2,0.1386,Low,454468
KE028,Elgeyo-Marakwet,2015-12,141.19762899999998,44.27155,,,0,0,0.1386,Low,454468
KE028,Elgeyo-Marakwet,2016-01,128.5048828333333,50.355072,,,0,0,0.1386,Low,454468
KE028,Elgeyo-Marakwet,2016-02,52.233062499999996,40.54054,,,0,0,0.1386,Low,454468
KE028,Elgeyo-Marakwet,2016-03,75.30498133333334,28.2295,,,0,0,0.1386,Low,454468
KE028,Elgeyo-Marakwet,2016-04,144.90137266666667,108.15273,,,0,0,0.1386,Low,454468
KE028,Elgeyo-Marakwet,2016-05,126.24169633333332,49.151764,,,0,0,0.1386,Low,454468
KE028,Elgeyo-Marakwet,2016-06,109.67362833333334,62.891865,,,0,0,0.1386,Low,454468
KE028,Elgeyo-Marakwet,2016-07,102.102301,74.09181,,,1,4,0.1386,Low,454468
KE028,Elgeyo-Marakwet,2016-08,54.12964983333333,40.89475,,,0,0,0.1386,Low,454468
KE028,Elgeyo-Marakwet,2016-09,81.48196266666666,42.416264,,,0,0,0.1386,Low,454468
KE028,Elgeyo-Marakwet,2016-10,81.43451666666667,52.063053,,,0,0,0.1386,Low,454468
KE028,Elgeyo-Marakwet,2016-11,61.1849985,37.9876,,,0,0,0.1386,Low,454468
KE028,Elgeyo-Marakwet,2016-12,39.01192416666667,28.3097,,,3,3,0.1386,Low,454468
KE028,Elgeyo-Marakwet,2017-01,98.22195599999999,40.832584,,,1,0,0.1386,Low,454468
KE028,Elgeyo-Marakwet,2017-02,134.14897583333334,54.793404,,,2,3,0.1386,Low,454468
KE028,Elgeyo-Marakwet,2017-03,49.781193,35.230354,,,0,0,0.1386,Low,454468
KE028,Elgeyo-Marakwet,2017-04,46.190899,26.691422,,,2,6,0.1386,Low,454468
KE028,Elgeyo-Marakwet,2017-05,102.60578083333333,87.34377,,,1,0,0.1386,Low,454468
KE028,Elgeyo-Marakwet,2017-06,70.19349383333333,54.094963,,,1,1,0.1386,Low,454468
KE028,Elgeyo-Marakwet,2017-07,204.64006000000003,152.83546,,,2,1,0.1386,Low,454468
KE028,Elgeyo-Marakwet,2017-08,126.4789315,81.26365,,,1,0,0.1386,Low,454468
KE028,Elgeyo-Marakwet,2017-09,166.284075,142.92453,,,0,0,0.1386,Low,454468
KE028,Elgeyo-Marakwet,2017-10,171.53355683333334,51.624195,,,1,1,0.1386,Low,454468
KE028,Elgeyo-Marakwet,2017-11,90.98430283333333,46.643387,,,1,0,0.1386,Low,454468
KE028,Elgeyo-Marakwet,2017-12,53.829291500000004,38.699963,,,1,5,0.1386,Low,454468
KE028,Elgeyo-Marakwet,2018-01,50.99872266666667,35.38187,,,3,2,0.1386,Low,454468
KE028,Elgeyo-Marakwet,2018-02,58.89392433333334,40.42536,,,0,0,0.1386,Low,454468
KE028,Elgeyo-Marakwet,2018-03,181.12002200000003,44.35709,,,0,0,0.1386,Low,454468
KE028,Elgeyo-Marakwet,2018-04,219.93279500000003,167.88348,,,0,0,0.1386,Low,454468
KE028,Elgeyo-Marakwet,2018-05,188.00755833333332,162.96983,,,0,0,0.1386,Low,454468
KE028,Elgeyo-Marakwet,2018-06,192.38329833333333,150.19357,,,2,4,0.1386,Low,454468
KE028,Elgeyo-Marakwet,2018-07,101.03995033333332,46.15866,,,0,0,0.1386,Low,454468
KE028,Elgeyo-Marakwet,2018-08,95.15870566666666,37.529186,,,0,0,0.1386,Low,454468
KE028,Elgeyo-Marakwet,2018-09,58.54450549999999,45.84238,,,0,0,0.1386,Low,454468
KE028,Elgeyo-Marakwet,2018-10,77.26308433333334,47.49587,,,3,3,0.1386,Low,454468
KE028,Elgeyo-Marakwet,2018-11,39.977303,27.637144,,,2,1,0.1386,Low,454468
KE028,Elgeyo-Marakwet,2018-12,136.264695,38.17292,,,0,0,0.1386,Low,454468
KE028,Elgeyo-Marakwet,2019-01,66.54075016666667,48.741123,,,0,0,0.1386,Low,454468
KE028,Elgeyo-Marakwet,2019-02,59.05171933333333,36.658997,,,1,1,0.1386,Low,454468
KE028,Elgeyo-Marakwet,2019-03,63.51450283333333,32.99042,,,1,2,0.1386,Low,454468
KE028,Elgeyo-Marakwet,2019-04,65.10903683333333,23.683077,,,0,0,0.1386,Low,454468
KE028,Elgeyo-Marakwet,2019-05,59.515480000000004,39.44347,,,0,0,0.1386,Low,454468
KE028,Elgeyo-Marakwet,2019-06,161.74654416666667,81.088875,,,0,0,0.1386,Low,454468
KE028,Elgeyo-Marakwet,2019-07,111.76067666666667,66.53896,,,0,0,0.1386,Low,454468
KE028,Elgeyo-Marakwet,2019-08,134.94664833333334,90.27435,,,0,0,0.1386,Low,454468
KE028,Elgeyo-Marakwet,2019-09,124.67790433333334,83.108696,,,0,0,0.1386,Low,454468
KE028,Elgeyo-Marakwet,2019-10,185.491635,136.55255,,,0,0,0.1386,Low,454468
KE028,Elgeyo-Marakwet,2019-11,146.80388633333334,54.166515,,,0,0,0.1386,Low,454468
KE028,Elgeyo-Marakwet,2019-12,229.95251299999998,72.730034,,,0,0,0.1386,Low,454468
KE028,Elgeyo-Marakwet,2020-01,140.29136733333334,54.374092,,,0,0,0.1386,Low,454468
KE028,Elgeyo-Marakwet,2020-02,96.41068283333334,47.233578,,,0,0,0.1386,Low,454468
KE028,Elgeyo-Marakwet,2020-03,201.21835166666665,88.72128,,,0,0,0.1386,Low,454468
KE028,Elgeyo-Marakwet,2020-04,157.68655616666666,24.566414,,,0,0,0.1386,Low,454468
KE028,Elgeyo-Marakwet,2020-05,95.33548666666667,60.94654,,,1,1,0.1386,Low,454468
KE028,Elgeyo-Marakwet,2020-06,191.01509833333333,144.48708,,,0,0,0.1386,Low,454468
KE028,Elgeyo-Marakwet,2020-07,187.90127733333335,112.685844,,,0,0,0.1386,Low,454468
KE028,Elgeyo-Marakwet,2020-08,183.84468,144.78119,,,0,0,0.1386,Low,454468
KE028,Elgeyo-Marakwet,2020-09,167.70110666666667,114.78047,,,0,0,0.1386,Low,454468
KE028,Elgeyo-Marakwet,2020-10,133.11300833333334,52.37251,,,1,2,0.1386,Low,454468
KE028,Elgeyo-Marakwet,2020-11,143.05142266666667,93.83363,,,0,0,0.1386,Low,454468
KE028,Elgeyo-Marakwet,2020-12,61.79449116666667,42.012802,,,0,0,0.1386,Low,454468
KE028,Elgeyo-Marakwet,2021-01,96.85911800000001,50.989418,,,0,0,0.1386,Low,454468
KE028,Elgeyo-Marakwet,2021-02,94.60652583333332,65.1372,,,0,0,0.1386,Low,454468
KE028,Elgeyo-Marakwet,2021-03,49.517908,38.92758,,,2,7,0.1386,Low,454468
KE028,Elgeyo-Marakwet,2021-04,70.07008499999999,30.60645,,,0,0,0.1386,Low,454468
KE028,Elgeyo-Marakwet,2021-05,142.54875833333332,48.775043,,,0,0,0.1386,Low,454468
KE028,Elgeyo-Marakwet,2021-06,83.25089083333333,48.85695,,,0,0,0.1386,Low,454468
KE028,Elgeyo-Marakwet,2021-07,87.32944266666665,42.121735,,,2,6,0.1386,Low,454468
KE028,Elgeyo-Marakwet,2021-08,84.19593666666667,76.54733,,,0,0,0.1386,Low,454468
KE028,Elgeyo-Marakwet,2021-09,151.53258566666668,107.89136,,,2,4,0.1386,Low,454468
KE028,Elgeyo-Marakwet,2021-10,114.18361716666668,60.881943,,,3,11,0.1386,Low,454468
KE028,Elgeyo-Marakwet,2021-11,49.93210366666667,32.377308,,,4,6,0.1386,Low,454468
KE028,Elgeyo-Marakwet,2021-12,61.71548533333333,46.8634,,,0,0,0.1386,Low,454468
KE028,Elgeyo-Marakwet,2022-01,123.92321400000002,57.854034,,,7,6,0.1386,Low,454468
KE028,Elgeyo-Marakwet,2022-02,82.35088900000001,47.365864,,,4,12,0.1386,Low,454468
KE028,Elgeyo-Marakwet,2022-03,62.375372666666664,35.298103,,,3,2,0.1386,Low,454468
KE028,Elgeyo-Marakwet,2022-04,72.97756650000001,28.655449,,,1,0,0.1386,Low,454468
KE028,Elgeyo-Marakwet,2022-05,76.61503900000001,42.79845,,,4,9,0.1386,Low,454468
KE028,Elgeyo-Marakwet,2022-06,74.91965666666667,52.01384,,,1,0,0.1386,Low,454468
KE028,Elgeyo-Marakwet,2022-07,80.21258533333334,62.098537,,,3,1,0.1386,Low,454468
KE028,Elgeyo-Marakwet,2022-08,161.598015,86.37554,,,0,0,0.1386,Low,454468
KE028,Elgeyo-Marakwet,2022-09,124.19428433333333,101.68874,,,2,1,0.1386,Low,454468
KE028,Elgeyo-Marakwet,2022-10,82.49845516666667,23.240065,,,0,0,0.1386,Low,454468
KE028,Elgeyo-Marakwet,2022-11,123.98399450000001,47.064663,,,0,0,0.1386,Low,454468
KE028,Elgeyo-Marakwet,2022-12,106.37114833333334,66.06844,,,2,3,0.1386,Low,454468
KE028,Elgeyo-Marakwet,2023-01,46.95392066666667,34.13872,,,4,8,0.1386,Low,454468
KE028,Elgeyo-Marakwet,2023-02,40.037451833333336,34.179127,,,2,2,0.1386,Low,454468
KE028,Elgeyo-Marakwet,2023-03,132.13455816666666,54.247974,,,2,2,0.1386,Low,454468
KE028,Elgeyo-Marakwet,2023-04,101.42145016666666,22.58202,,,2,2,0.1386,Low,454468
KE028,Elgeyo-Marakwet,2023-05,78.16042266666666,58.811474,,,0,0,0.1386,Low,454468
KE028,Elgeyo-Marakwet,2023-06,99.15374333333334,65.83389,,,0,0,0.1386,Low,454468
KE028,Elgeyo-Marakwet,2023-07,76.0200345,46.688282,,,2,1,0.1386,Low,454468
KE028,Elgeyo-Marakwet,2023-08,78.98852966666666,35.59583,,,2,1,0.1386,Low,454468
KE028,Elgeyo-Marakwet,2023-09,144.52996,85.95553,,,1,1,0.1386,Low,454468
KE028,Elgeyo-Marakwet,2023-10,124.40712666666667,90.22214,,,0,0,0.1386,Low,454468
KE028,Elgeyo-Marakwet,2023-11,100.21477599999999,63.62101,,,3,3,0.1386,Low,454468
KE028,Elgeyo-Marakwet,2023-12,54.912060833333335,49.36882,,,3,10,0.1386,Low,454468
KE028,Elgeyo-Marakwet,2024-01,159.64579666666666,71.22875,,,1,1,0.1386,Low,454468
KE028,Elgeyo-Marakwet,2024-02,140.17038399999998,63.829784,,,1,2,0.1386,Low,454468
KE028,Elgeyo-Marakwet,2024-03,80.66469116666667,40.94397,,,3,3,0.1386,Low,454468
KE028,Elgeyo-Marakwet,2024-04,156.29520666666667,95.98629,,,1,0,0.1386,Low,454468
KE028,Elgeyo-Marakwet,2024-05,145.50001783333335,46.098103,,,0,0,0.1386,Low,454468
KE028,Elgeyo-Marakwet,2024-06,66.81585616666666,61.29591,,,0,0,0.1386,Low,454468
KE028,Elgeyo-Marakwet,2024-07,139.3449016666667,106.99397,,,1,2,0.1386,Low,454468
KE028,Elgeyo-Marakwet,2024-08,126.31081766666667,65.274826,,,1,1,0.1386,Low,454468
KE028,Elgeyo-Marakwet,2024-09,94.15960566666666,73.38113,,,0,0,0.1386,Low,454468
KE028,Elgeyo-Marakwet,2024-10,86.52299316666667,49.689857,,,1,1,0.1386,Low,454468
KE028,Elgeyo-Marakwet,2024-11,163.46371583333334,62.97136,,,0,0,0.1386,Low,454468
KE028,Elgeyo-Marakwet,2024-12,40.30641483333333,33.79215,,,1,3,0.1386,Low,454468
KE028,Elgeyo-Marakwet,2025-01,101.22712166666668,67.0343,,,3,7,0.1386,Low,454468
KE028,Elgeyo-Marakwet,2025-02,45.0886695,40.91958,,,1,0,0.1386,Low,454468
KE028,Elgeyo-Marakwet,2025-03,146.98314666666667,108.12268,,,2,2,0.1386,Low,454468
KE028,Elgeyo-Marakwet,2025-04,98.86627399999999,35.288055,,,1,0,0.1386,Low,454468
KE028,Elgeyo-Marakwet,2025-05,117.19147166666669,47.88111,,,5,2,0.1386,Low,454468
KE028,Elgeyo-Marakwet,2025-06,109.71029600000001,92.09964,,,0,0,0.1386,Low,454468
KE028,Elgeyo-Marakwet,2025-07,158.41597833333333,91.32801,,,1,0,0.1386,Low,454468
KE028,Elgeyo-Marakwet,2025-08,122.65827333333334,90.93115,,,1,0,0.1386,Low,454468
KE028,Elgeyo-Marakwet,2025-09,145.47805666666667,129.09949,,,2,0,0.1386,Low,454468
KE028,Elgeyo-Marakwet,2025-10,197.12623333333332,109.89647,,,3,2,0.1386,Low,454468
KE028,Elgeyo-Marakwet,2025-11,53.11382183333333,32.49167,,,0,0,0.1386,Low,454468
KE028,Elgeyo-Marakwet,2025-12,102.02422733333333,46.325745,,,2,1,0.1386,Low,454468
KE014,Embu,2006-01,66.0182445,55.07967,,,0,0,0.0761,Low,608575
KE014,Embu,2006-02,100.30169833333333,53.971905,,,0,0,0.0761,Low,608575
KE014,Embu,2006-03,121.33807266666666,68.70497,,,0,0,0.0761,Low,608575
KE014,Embu,2006-04,96.01046649999999,55.978065,,,1,1,0.0761,Low,608575
KE014,Embu,2006-05,117.13890466666668,62.909824,,,0,0,0.0761,Low,608575
KE014,Embu,2006-06,90.640511,66.214806,,,0,0,0.0761,Low,608575
KE014,Embu,2006-07,83.824815,78.72196,,,0,0,0.0761,Low,608575
KE014,Embu,2006-08,93.79908266666666,78.39722,,,0,0,0.0761,Low,608575
KE014,Embu,2006-09,133.58838166666666,108.81369,,,0,0,0.0761,Low,608575
KE014,Embu,2006-10,135.09036583333332,77.81624,,,0,0,0.0761,Low,608575
KE014,Embu,2006-11,167.90751916666667,107.29311,,,0,0,0.0761,Low,608575
KE014,Embu,2006-12,279.13691066666667,106.41961,,,0,0,0.0761,Low,608575
KE014,Embu,2007-01,107.9793525,72.59234,,,0,0,0.0761,Low,608575
KE014,Embu,2007-02,93.25190500000001,67.0336,,,0,0,0.0761,Low,608575
KE014,Embu,2007-03,73.3800035,47.558308,,,0,0,0.0761,Low,608575
KE014,Embu,2007-04,87.71008266666666,39.371372,,,0,0,0.0761,Low,608575
KE014,Embu,2007-05,112.78765316666666,72.72211,,,0,0,0.0761,Low,608575
KE014,Embu,2007-06,97.67670600000001,84.862976,,,0,0,0.0761,Low,608575
KE014,Embu,2007-07,126.35327916666665,92.45592,,,0,0,0.0761,Low,608575
KE014,Embu,2007-08,110.00145666666667,76.37168,,,0,0,0.0761,Low,608575
KE014,Embu,2007-09,104.069295,94.54685,,,0,0,0.0761,Low,608575
KE014,Embu,2007-10,136.4472565,75.27494,,,0,0,0.0761,Low,608575
KE014,Embu,2007-11,72.82518033333334,41.810593,,,0,0,0.0761,Low,608575
KE014,Embu,2007-12,66.71185633333333,55.748524,,,0,0,0.0761,Low,608575
KE014,Embu,2008-01,148.059527,45.1546,,,0,0,0.0761,Low,608575
KE014,Embu,2008-02,71.511787,54.464798,,,0,0,0.0761,Low,608575
KE014,Embu,2008-03,125.15455466666667,63.275738,,,0,0,0.0761,Low,608575
KE014,Embu,2008-04,82.291202,40.599167,,,0,0,0.0761,Low,608575
KE014,Embu,2008-05,35.37683666666667,23.373178,,,0,0,0.0761,Low,608575
KE014,Embu,2008-06,81.02019416666667,61.001045,,,0,0,0.0761,Low,608575
KE014,Embu,2008-07,105.9643785,80.907425,,,0,0,0.0761,Low,608575
KE014,Embu,2008-08,76.988658,67.46912,,,0,0,0.0761,Low,608575
KE014,Embu,2008-09,90.01668316666667,77.83868,,,0,0,0.0761,Low,608575
KE014,Embu,2008-10,138.07862833333334,51.4935,,,0,0,0.0761,Low,608575
KE014,Embu,2008-11,65.74966166666667,42.769073,,,0,0,0.0761,Low,608575
KE014,Embu,2008-12,39.98355133333333,26.808552,,,0,0,0.0761,Low,608575
KE014,Embu,2009-01,106.58627916666667,67.44628,,,0,0,0.0761,Low,608575
KE014,Embu,2009-02,84.3469035,60.379528,,,0,0,0.0761,Low,608575
KE014,Embu,2009-03,67.78772566666667,52.068146,,,0,0,0.0761,Low,608575
KE014,Embu,2009-04,61.101774666666664,49.03004,,,0,0,0.0761,Low,608575
KE014,Embu,2009-05,83.81619416666666,50.041454,,,0,0,0.0761,Low,608575
KE014,Embu,2009-06,82.02412333333334,68.10997,,,0,0,0.0761,Low,608575
KE014,Embu,2009-07,67.32895316666666,56.90007,,,0,0,0.0761,Low,608575
KE014,Embu,2009-08,72.36916216666667,57.728863,,,0,0,0.0761,Low,608575
KE014,Embu,2009-09,74.91670599999999,59.05302,,,0,0,0.0761,Low,608575
KE014,Embu,2009-10,124.19849266666667,70.19394,,,0,0,0.0761,Low,608575
KE014,Embu,2009-11,72.79311266666666,44.02654,,,0,0,0.0761,Low,608575
KE014,Embu,2009-12,99.17632266666665,43.00736,,,0,0,0.0761,Low,608575
KE014,Embu,2010-01,93.16325583333332,62.09511,,,0,0,0.0761,Low,608575
KE014,Embu,2010-02,222.51773400000002,92.127174,,,0,0,0.0761,Low,608575
KE014,Embu,2010-03,174.49162249999998,77.14773,,,0,0,0.0761,Low,608575
KE014,Embu,2010-04,96.37645216666668,45.784683,,,0,0,0.0761,Low,608575
KE014,Embu,2010-05,107.27051,62.47818,,,0,0,0.0761,Low,608575
KE014,Embu,2010-06,87.18134400000001,66.99687,,,2,10,0.0761,Low,608575
KE014,Embu,2010-07,106.37149166666666,86.618546,,,0,0,0.0761,Low,608575
KE014,Embu,2010-08,105.25597499999999,89.32531,,,0,0,0.0761,Low,608575
KE014,Embu,2010-09,77.04315916666667,62.51108,,,0,0,0.0761,Low,608575
KE014,Embu,2010-10,77.05348566666667,34.132236,,,0,0,0.0761,Low,608575
KE014,Embu,2010-11,79.33592116666667,52.215378,,,0,0,0.0761,Low,608575
KE014,Embu,2010-12,45.99913483333333,42.33628,,,0,0,0.0761,Low,608575
KE014,Embu,2011-01,62.997607833333326,46.711655,,,0,0,0.0761,Low,608575
KE014,Embu,2011-02,98.8949625,62.28695,,,0,0,0.0761,Low,608575
KE014,Embu,2011-03,64.70389883333333,43.519215,,,0,0,0.0761,Low,608575
KE014,Embu,2011-04,68.5271075,33.229702,,,0,0,0.0761,Low,608575
KE014,Embu,2011-05,107.68648333333334,65.40186,,,0,0,0.0761,Low,608575
KE014,Embu,2011-06,100.11263650000001,80.55266,,,0,0,0.0761,Low,608575
KE014,Embu,2011-07,82.82095916666667,74.959145,,,0,0,0.0761,Low,608575
KE014,Embu,2011-08,126.44652766666667,87.62645,,,0,0,0.0761,Low,608575
KE014,Embu,2011-09,134.5892825,102.313995,,,0,0,0.0761,Low,608575
KE014,Embu,2011-10,148.57033116666665,52.309387,,,0,0,0.0761,Low,608575
KE014,Embu,2011-11,134.338539,117.940834,,,0,0,0.0761,Low,608575
KE014,Embu,2011-12,81.36501933333334,32.754948,,,0,0,0.0761,Low,608575
KE014,Embu,2012-01,49.77179533333333,45.834328,,,0,0,0.0761,Low,608575
KE014,Embu,2012-02,80.30818583333333,59.75434,,,0,0,0.0761,Low,608575
KE014,Embu,2012-03,40.8325135,22.102457,,,0,0,0.0761,Low,608575
KE014,Embu,2012-04,131.468952,62.010162,,,0,0,0.0761,Low,608575
KE014,Embu,2012-05,123.08571833333333,82.6098,,,0,0,0.0761,Low,608575
KE014,Embu,2012-06,110.00402816666667,82.781784,,,0,0,0.0761,Low,608575
KE014,Embu,2012-07,103.201003,88.05324,,,0,0,0.0761,Low,608575
KE014,Embu,2012-08,109.70621166666666,92.43841,,,0,0,0.0761,Low,608575
KE014,Embu,2012-09,90.92099183333333,65.437126,,,0,0,0.0761,Low,608575
KE014,Embu,2012-10,152.48317466666666,43.77427,,,0,0,0.0761,Low,608575
KE014,Embu,2012-11,97.57919266666666,61.953056,,,0,0,0.0761,Low,608575
KE014,Embu,2012-12,133.20077233333333,68.115814,,,0,0,0.0761,Low,608575
KE014,Embu,2013-01,78.7968895,62.727077,,,0,0,0.0761,Low,608575
KE014,Embu,2013-02,63.468196666666664,49.535854,,,0,0,0.0761,Low,608575
KE014,Embu,2013-03,120.71791150000001,57.2613,,,0,0,0.0761,Low,608575
KE014,Embu,2013-04,138.3130615,49.367393,,,0,0,0.0761,Low,608575
KE014,Embu,2013-05,43.25262566666667,27.51736,,,0,0,0.0761,Low,608575
KE014,Embu,2013-06,97.95011749999999,69.86444,,,0,0,0.0761,Low,608575
KE014,Embu,2013-07,96.57476766666667,73.29261,,,0,0,0.0761,Low,608575
KE014,Embu,2013-08,95.79141,81.253555,,,0,0,0.0761,Low,608575
KE014,Embu,2013-09,108.64321833333334,87.31707,,,0,0,0.0761,Low,608575
KE014,Embu,2013-10,53.07590483333333,29.685158,,,0,0,0.0761,Low,608575
KE014,Embu,2013-11,75.20174016666667,34.120186,,,0,0,0.0761,Low,608575
KE014,Embu,2013-12,82.97833366666667,41.077206,,,0,0,0.0761,Low,608575
KE014,Embu,2014-01,47.522108833333334,43.59754,,,0,0,0.0761,Low,608575
KE014,Embu,2014-02,149.89957166666667,70.34397,,,0,0,0.0761,Low,608575
KE014,Embu,2014-03,148.27825366666667,39.430782,,,0,0,0.0761,Low,608575
KE014,Embu,2014-04,72.55577666666666,45.782055,,,0,0,0.0761,Low,608575
KE014,Embu,2014-05,61.27566816666666,47.022636,,,0,0,0.0761,Low,608575
KE014,Embu,2014-06,140.281325,124.37675,,,0,0,0.0761,Low,608575
KE014,Embu,2014-07,90.62037566666667,76.07071,,,0,0,0.0761,Low,608575
KE014,Embu,2014-08,161.633955,74.23427,,,0,0,0.0761,Low,608575
KE014,Embu,2014-09,112.18246083333334,72.35325,,,0,0,0.0761,Low,608575
KE014,Embu,2014-10,85.42696066666667,48.546696,,,0,0,0.0761,Low,608575
KE014,Embu,2014-11,82.63845433333334,44.150116,,,0,0,0.0761,Low,608575
KE014,Embu,2014-12,84.17934133333333,59.064068,,,1,1,0.0761,Low,608575
KE014,Embu,2015-01,57.570706333333334,52.272564,,,0,0,0.0761,Low,608575
KE014,Embu,2015-02,87.63523583333334,61.97707,,,0,0,0.0761,Low,608575
KE014,Embu,2015-03,60.52620783333333,38.437885,,,0,0,0.0761,Low,608575
KE014,Embu,2015-04,145.44516083333335,113.800095,,,0,0,0.0761,Low,608575
KE014,Embu,2015-05,84.03874,74.65187,,,0,0,0.0761,Low,608575
KE014,Embu,2015-06,82.15013666666667,72.090416,,,0,0,0.0761,Low,608575
KE014,Embu,2015-07,112.82074583333333,97.4847,,,0,0,0.0761,Low,608575
KE014,Embu,2015-08,88.37797916666666,62.705166,,,0,0,0.0761,Low,608575
KE014,Embu,2015-09,72.66874066666666,58.521015,,,0,0,0.0761,Low,608575
KE014,Embu,2015-10,107.20187416666666,74.79503,,,0,0,0.0761,Low,608575
KE014,Embu,2015-11,134.40450516666667,111.152306,,,0,0,0.0761,Low,608575
KE014,Embu,2015-12,130.952164,47.603874,,,0,0,0.0761,Low,608575
KE014,Embu,2016-01,126.440455,100.7637,,,0,0,0.0761,Low,608575
KE014,Embu,2016-02,93.95209416666667,66.78715,,,0,0,0.0761,Low,608575
KE014,Embu,2016-03,68.22139283333333,26.488546,,,0,0,0.0761,Low,608575
KE014,Embu,2016-04,113.97244,84.59009,,,0,0,0.0761,Low,608575
KE014,Embu,2016-05,71.48469,44.00011,,,0,0,0.0761,Low,608575
KE014,Embu,2016-06,97.13823083333334,93.59887,,,0,0,0.0761,Low,608575
KE014,Embu,2016-07,79.38750833333334,71.689896,,,0,0,0.0761,Low,608575
KE014,Embu,2016-08,92.19210916666667,81.67896,,,0,0,0.0761,Low,608575
KE014,Embu,2016-09,94.10082433333334,81.94897,,,0,0,0.0761,Low,608575
KE014,Embu,2016-10,43.8688305,22.678236,,,0,0,0.0761,Low,608575
KE014,Embu,2016-11,118.6361725,67.627075,,,0,0,0.0761,Low,608575
KE014,Embu,2016-12,47.536509833333334,32.899975,,,0,0,0.0761,Low,608575
KE014,Embu,2017-01,48.68603933333333,42.707794,,,0,0,0.0761,Low,608575
KE014,Embu,2017-02,111.71237433333333,85.737526,,,0,0,0.0761,Low,608575
KE014,Embu,2017-03,38.422227666666664,28.861359,,,0,0,0.0761,Low,608575
KE014,Embu,2017-04,65.56408983333334,45.042515,,,0,0,0.0761,Low,608575
KE014,Embu,2017-05,77.35391016666667,54.1566,,,0,0,0.0761,Low,608575
KE014,Embu,2017-06,76.42004166666666,57.872784,,,0,0,0.0761,Low,608575
KE014,Embu,2017-07,91.51581733333335,76.82728,,,0,0,0.0761,Low,608575
KE014,Embu,2017-08,107.42780816666668,96.26851,,,0,0,0.0761,Low,608575
KE014,Embu,2017-09,105.30040166666667,75.36585,,,0,0,0.0761,Low,608575
KE014,Embu,2017-10,101.34600866666666,50.761772,,,0,0,0.0761,Low,608575
KE014,Embu,2017-11,102.85251,41.018124,,,0,0,0.0761,Low,608575
KE014,Embu,2017-12,33.288134500000005,29.15048,,,0,0,0.0761,Low,608575
KE014,Embu,2018-01,50.67939783333333,41.81805,,,0,0,0.0761,Low,608575
KE014,Embu,2018-02,64.30952166666667,53.232563,,,0,0,0.0761,Low,608575
KE014,Embu,2018-03,239.66574016666667,121.864525,,,0,0,0.0761,Low,608575
KE014,Embu,2018-04,202.40707833333332,130.96506,,,0,0,0.0761,Low,608575
KE014,Embu,2018-05,175.6150233333333,104.04302,,,0,0,0.0761,Low,608575
KE014,Embu,2018-06,174.74846233333335,120.29599,,,0,0,0.0761,Low,608575
KE014,Embu,2018-07,134.5338866666667,96.25503,,,1,1,0.0761,Low,608575
KE014,Embu,2018-08,81.17320166666667,60.49441,,,0,0,0.0761,Low,608575
KE014,Embu,2018-09,137.517664,97.744354,,,0,0,0.0761,Low,608575
KE014,Embu,2018-10,54.28123883333333,42.63243,,,0,0,0.0761,Low,608575
KE014,Embu,2018-11,70.659732,63.370716,,,0,0,0.0761,Low,608575
KE014,Embu,2018-12,185.71358166666667,43.17566,,,1,0,0.0761,Low,608575
KE014,Embu,2019-01,106.60928100000001,71.556786,,,0,0,0.0761,Low,608575
KE014,Embu,2019-02,97.8036575,73.0331,,,0,0,0.0761,Low,608575
KE014,Embu,2019-03,35.623477333333334,22.491653,,,0,0,0.0761,Low,608575
KE014,Embu,2019-04,71.31778833333334,24.965214,,,0,0,0.0761,Low,608575
KE014,Embu,2019-05,101.39006466666666,71.34753,,,2,1,0.0761,Low,608575
KE014,Embu,2019-06,121.26936333333333,94.87057,,,0,0,0.0761,Low,608575
KE014,Embu,2019-07,84.69613916666667,74.959145,,,1,1,0.0761,Low,608575
KE014,Embu,2019-08,90.94747833333334,76.734245,,,0,0,0.0761,Low,608575
KE014,Embu,2019-09,129.059729,109.649124,,,0,0,0.0761,Low,608575
KE014,Embu,2019-10,339.97028166666666,212.25488,,,0,0,0.0761,Low,608575
KE014,Embu,2019-11,163.950344,93.001564,,,0,0,0.0761,Low,608575
KE014,Embu,2019-12,247.17596,84.02539,,,1,0,0.0761,Low,608575
KE014,Embu,2020-01,214.6304733333333,142.0845,,,0,0,0.0761,Low,608575
KE014,Embu,2020-02,200.63869666666665,84.22724,,,0,0,0.0761,Low,608575
KE014,Embu,2020-03,159.06663,56.096375,,,0,0,0.0761,Low,608575
KE014,Embu,2020-04,190.14935066666666,68.26517,,,0,0,0.0761,Low,608575
KE014,Embu,2020-05,123.44283233333334,87.91782,,,1,0,0.0761,Low,608575
KE014,Embu,2020-06,132.50697333333332,105.70825,,,0,0,0.0761,Low,608575
KE014,Embu,2020-07,109.35114333333333,91.457756,,,0,0,0.0761,Low,608575
KE014,Embu,2020-08,121.55424666666666,93.59048,,,0,0,0.0761,Low,608575
KE014,Embu,2020-09,129.96332833333335,94.27985,,,0,0,0.0761,Low,608575
KE014,Embu,2020-10,68.62369816666667,58.931774,,,0,0,0.0761,Low,608575
KE014,Embu,2020-11,91.59052533333333,30.133108,,,0,0,0.0761,Low,608575
KE014,Embu,2020-12,84.77347416666667,55.029343,,,0,0,0.0761,Low,608575
KE014,Embu,2021-01,90.16624250000001,58.72523,,,0,0,0.0761,Low,608575
KE014,Embu,2021-02,135.32917,74.42702,,,0,0,0.0761,Low,608575
KE014,Embu,2021-03,67.07365133333333,52.013992,,,0,0,0.0761,Low,608575
KE014,Embu,2021-04,91.780028,57.556553,,,1,0,0.0761,Low,608575
KE014,Embu,2021-05,148.3623475,83.79796,,,0,0,0.0761,Low,608575
KE014,Embu,2021-06,74.47104083333333,57.35141,,,0,0,0.0761,Low,608575
KE014,Embu,2021-07,108.61942166666667,102.04718,,,0,0,0.0761,Low,608575
KE014,Embu,2021-08,86.138305,68.065796,,,1,0,0.0761,Low,608575
KE014,Embu,2021-09,88.16263,73.15127,,,0,0,0.0761,Low,608575
KE014,Embu,2021-10,65.61684983333333,49.59133,,,0,0,0.0761,Low,608575
KE014,Embu,2021-11,66.60755583333334,30.102438,,,0,0,0.0761,Low,608575
KE014,Embu,2021-12,193.74430833333335,87.37792,,,0,0,0.0761,Low,608575
KE014,Embu,2022-01,87.64204633333333,51.382816,,,0,0,0.0761,Low,608575
KE014,Embu,2022-02,92.46887883333333,60.75979,,,0,0,0.0761,Low,608575
KE014,Embu,2022-03,51.52150783333334,29.447556,,,1,0,0.0761,Low,608575
KE014,Embu,2022-04,83.47504049999999,29.39479,,,0,0,0.0761,Low,608575
KE014,Embu,2022-05,43.05744033333334,21.383972,,,0,0,0.0761,Low,608575
KE014,Embu,2022-06,77.80200066666667,63.086544,,,0,0,0.0761,Low,608575
KE014,Embu,2022-07,105.268959,88.715164,,,0,0,0.0761,Low,608575
KE014,Embu,2022-08,114.48751166666666,86.42058,,,2,0,0.0761,Low,608575
KE014,Embu,2022-09,95.76632,73.15127,,,1,0,0.0761,Low,608575
KE014,Embu,2022-10,47.230174833333336,29.181087,,,0,0,0.0761,Low,608575
KE014,Embu,2022-11,99.62362999999999,78.83247,,,1,1,0.0761,Low,608575
KE014,Embu,2022-12,71.50293,46.533184,,,0,0,0.0761,Low,608575
KE014,Embu,2023-01,79.65760083333333,71.81229,,,0,0,0.0761,Low,608575
KE014,Embu,2023-02,58.9489045,47.56428,,,0,0,0.0761,Low,608575
KE014,Embu,2023-03,99.70505783333333,43.321793,,,0,0,0.0761,Low,608575
KE014,Embu,2023-04,141.59237,100.47328,,,1,2,0.0761,Low,608575
KE014,Embu,2023-05,59.66902916666667,43.80821,,,0,0,0.0761,Low,608575
KE014,Embu,2023-06,122.32809066666668,103.06672,,,0,0,0.0761,Low,608575
KE014,Embu,2023-07,112.17940266666666,97.61034,,,0,0,0.0761,Low,608575
KE014,Embu,2023-08,91.45472816666667,76.25911,,,0,0,0.0761,Low,608575
KE014,Embu,2023-09,100.86990433333334,90.97561,,,0,0,0.0761,Low,608575
KE014,Embu,2023-10,117.77358816666667,87.65208,,,0,0,0.0761,Low,608575
KE014,Embu,2023-11,182.99935566666667,122.894,,,0,0,0.0761,Low,608575
KE014,Embu,2023-12,75.74797600000001,32.863216,,,0,0,0.0761,Low,608575
KE014,Embu,2024-01,141.25396,71.37742,,,0,0,0.0761,Low,608575
KE014,Embu,2024-02,231.83843000000002,107.92705,,,0,0,0.0761,Low,608575
KE014,Embu,2024-03,52.627691666666664,29.93429,,,0,0,0.0761,Low,608575
KE014,Embu,2024-04,195.43785833333334,92.12922,,,1,0,0.0761,Low,608575
KE014,Embu,2024-05,163.107166,88.09934,,,0,0,0.0761,Low,608575
KE014,Embu,2024-06,84.23464916666667,53.701775,,,0,0,0.0761,Low,608575
KE014,Embu,2024-07,108.4483125,82.80082,,,0,0,0.0761,Low,608575
KE014,Embu,2024-08,99.64931833333333,89.80045,,,0,0,0.0761,Low,608575
KE014,Embu,2024-09,79.0290615,62.245075,,,1,0,0.0761,Low,608575
KE014,Embu,2024-10,50.55685883333334,34.528427,,,0,0,0.0761,Low,608575
KE014,Embu,2024-11,120.83349416666668,74.78012,,,0,0,0.0761,Low,608575
KE014,Embu,2024-12,84.23162933333333,38.965332,,,1,0,0.0761,Low,608575
KE014,Embu,2025-01,92.32726416666667,50.34352,,,0,0,0.0761,Low,608575
KE014,Embu,2025-02,63.75597533333333,53.232563,,,0,0,0.0761,Low,608575
KE014,Embu,2025-03,186.27546066666665,80.440834,,,0,0,0.0761,Low,608575
KE014,Embu,2025-04,115.7090925,74.01661,,,1,0,0.0761,Low,608575
KE014,Embu,2025-05,92.42587066666665,62.809967,,,0,0,0.0761,Low,608575
KE014,Embu,2025-06,102.13013333333333,82.11679,,,0,0,0.0761,Low,608575
KE014,Embu,2025-07,88.35183433333333,63.018356,,,2,0,0.0761,Low,608575
KE014,Embu,2025-08,117.95242,107.62905,,,0,0,0.0761,Low,608575
KE014,Embu,2025-09,96.171094,78.47136,,,0,0,0.0761,Low,608575
KE014,Embu,2025-10,132.5479361666667,45.655697,,,0,0,0.0761,Low,608575
KE014,Embu,2025-11,39.6364025,34.94137,,,1,1,0.0761,Low,608575
KE014,Embu,2025-12,132.28618983333334,50.544655,,,0,0,0.0761,Low,608575
KE007,Garissa,2006-01,82.21283733333333,65.97869,,,0,0,0.291,Medium,841319
KE007,Garissa,2006-02,99.22927433333332,91.9253,,,0,0,0.291,Medium,841319
KE007,Garissa,2006-03,86.35015716666668,40.529453,,,0,0,0.291,Medium,841319
KE007,Garissa,2006-04,118.60385733333334,56.07031,,,0,0,0.291,Medium,841319
KE007,Garissa,2006-05,104.759563,46.834103,,,0,0,0.291,Medium,841319
KE007,Garissa,2006-06,114.319519,84.28442,,,0,0,0.291,Medium,841319
KE007,Garissa,2006-07,103.31001166666665,77.73749,,,0,0,0.291,Medium,841319
KE007,Garissa,2006-08,112.16459066666668,96.63863,,,0,0,0.291,Medium,841319
KE007,Garissa,2006-09,140.84671166666666,102.52491,,,0,0,0.291,Medium,841319
KE007,Garissa,2006-10,124.70339,79.29348,,,0,0,0.291,Medium,841319
KE007,Garissa,2006-11,186.80868166666667,146.07155,,,0,0,0.291,Medium,841319
KE007,Garissa,2006-12,142.52225833333333,35.44265,,,1,0,0.291,Medium,841319
KE007,Garissa,2007-01,87.00643383333333,75.40399,,,2,1,0.291,Medium,841319
KE007,Garissa,2007-02,100.73401766666666,89.49065,,,0,0,0.291,Medium,841319
KE007,Garissa,2007-03,71.359289,37.710045,,,0,0,0.291,Medium,841319
KE007,Garissa,2007-04,65.14916516666666,24.26255,,,0,0,0.291,Medium,841319
KE007,Garissa,2007-05,168.359134,95.197754,,,0,0,0.291,Medium,841319
KE007,Garissa,2007-06,89.11806266666667,65.89685,,,0,0,0.291,Medium,841319
KE007,Garissa,2007-07,81.91342583333333,56.97172,,,0,0,0.291,Medium,841319
KE007,Garissa,2007-08,117.10409,93.57988,,,0,0,0.291,Medium,841319
KE007,Garissa,2007-09,200.19278999999997,99.38438,,,0,0,0.291,Medium,841319
KE007,Garissa,2007-10,68.71536066666667,37.318436,,,0,0,0.291,Medium,841319
KE007,Garissa,2007-11,91.965936,29.043194,,,0,0,0.291,Medium,841319
KE007,Garissa,2007-12,67.98776366666667,51.414986,,,0,0,0.291,Medium,841319
KE007,Garissa,2008-01,155.64552266666666,73.08555,,,0,0,0.291,Medium,841319
KE007,Garissa,2008-02,94.8356625,90.35769,,,0,0,0.291,Medium,841319
KE007,Garissa,2008-03,127.15814733333333,61.13928,,,1,8,0.291,Medium,841319
KE007,Garissa,2008-04,99.53774516666665,36.972626,,,0,0,0.291,Medium,841319
KE007,Garissa,2008-05,121.41823433333333,54.279526,,,1,4,0.291,Medium,841319
KE007,Garissa,2008-06,97.12070166666666,88.66668,,,1,0,0.291,Medium,841319
KE007,Garissa,2008-07,82.22159166666667,64.99196,,,0,0,0.291,Medium,841319
KE007,Garissa,2008-08,95.24164833333333,89.37445,,,0,0,0.291,Medium,841319
KE007,Garissa,2008-09,82.12479833333333,65.27278,,,0,0,0.291,Medium,841319
KE007,Garissa,2008-10,61.760640333333335,32.908203,,,0,0,0.291,Medium,841319
KE007,Garissa,2008-11,95.13862216666666,26.23013,,,0,0,0.291,Medium,841319
KE007,Garissa,2008-12,39.780198000000006,23.751707,,,1,0,0.291,Medium,841319
KE007,Garissa,2009-01,97.97661699999999,74.351204,,,0,0,0.291,Medium,841319
KE007,Garissa,2009-02,92.84680733333333,88.70682,,,0,0,0.291,Medium,841319
KE007,Garissa,2009-03,48.62833466666667,34.049767,,,0,0,0.291,Medium,841319
KE007,Garissa,2009-04,60.151801999999996,37.332912,,,0,0,0.291,Medium,841319
KE007,Garissa,2009-05,88.98589833333334,39.68446,,,0,0,0.291,Medium,841319
KE007,Garissa,2009-06,105.11280166666667,83.7438,,,0,0,0.291,Medium,841319
KE007,Garissa,2009-07,85.76129666666667,72.11515,,,0,0,0.291,Medium,841319
KE007,Garissa,2009-08,92.78786500000001,78.011505,,,0,0,0.291,Medium,841319
KE007,Garissa,2009-09,82.33158433333334,58.95287,,,0,0,0.291,Medium,841319
KE007,Garissa,2009-10,277.86548666666664,104.07556,,,0,0,0.291,Medium,841319
KE007,Garissa,2009-11,39.31703016666666,21.488213,,,0,0,0.291,Medium,841319
KE007,Garissa,2009-12,121.16364750000001,68.414825,,,0,0,0.291,Medium,841319
KE007,Garissa,2010-01,80.22684266666667,69.28876,,,0,0,0.291,Medium,841319
KE007,Garissa,2010-02,101.53041516666667,93.01195,,,1,0,0.291,Medium,841319
KE007,Garissa,2010-03,202.77203666666665,126.53698,,,0,0,0.291,Medium,841319
KE007,Garissa,2010-04,110.13712683333334,59.673416,,,0,0,0.291,Medium,841319
KE007,Garissa,2010-05,126.20722883333333,55.134743,,,0,0,0.291,Medium,841319
KE007,Garissa,2010-06,107.47120716666666,90.436714,,,0,0,0.291,Medium,841319
KE007,Garissa,2010-07,135.88278833333334,90.76397,,,1,0,0.291,Medium,841319
KE007,Garissa,2010-08,106.07580716666666,97.055885,,,0,0,0.291,Medium,841319
KE007,Garissa,2010-09,93.21000500000001,71.65193,,,0,0,0.291,Medium,841319
KE007,Garissa,2010-10,52.222410833333335,30.706161,,,0,0,0.291,Medium,841319
KE007,Garissa,2010-11,65.9583575,49.28587,,,0,0,0.291,Medium,841319
KE007,Garissa,2010-12,61.22310133333334,39.070408,,,0,0,0.291,Medium,841319
KE007,Garissa,2011-01,87.86647816666668,74.00306,,,2,2,0.291,Medium,841319
KE007,Garissa,2011-02,93.160236,87.73549,,,2,0,0.291,Medium,841319
KE007,Garissa,2011-03,56.21167483333334,33.08075,,,4,14,0.291,Medium,841319
KE007,Garissa,2011-04,78.89251966666667,31.435888,,,0,0,0.291,Medium,841319
KE007,Garissa,2011-05,74.193061,51.33646,,,2,2,0.291,Medium,841319
KE007,Garissa,2011-06,76.25718483333334,54.190193,,,1,0,0.291,Medium,841319
KE007,Garissa,2011-07,92.74911083333332,62.05461,,,0,0,0.291,Medium,841319
KE007,Garissa,2011-08,114.29378233333334,94.39701,,,2,1,0.291,Medium,841319
KE007,Garissa,2011-09,122.23902433333335,95.286705,,,0,0,0.291,Medium,841319
KE007,Garissa,2011-10,206.6375641666667,85.94381,,,1,0,0.291,Medium,841319
KE007,Garissa,2011-11,127.82475066666666,89.450134,,,1,6,0.291,Medium,841319
KE007,Garissa,2011-12,91.14674133333334,48.827015,,,8,24,0.291,Medium,841319
KE007,Garissa,2012-01,78.47558,65.36675,,,2,0,0.291,Medium,841319
KE007,Garissa,2012-02,97.33041266666667,92.7032,,,0,0,0.291,Medium,841319
KE007,Garissa,2012-03,51.056100166666674,30.434292,,,2,2,0.291,Medium,841319
KE007,Garissa,2012-04,48.350988,34.864456,,,0,0,0.291,Medium,841319
KE007,Garissa,2012-05,79.85303850000001,35.032322,,,4,2,0.291,Medium,841319
KE007,Garissa,2012-06,80.15229316666667,53.748806,,,4,20,0.291,Medium,841319
KE007,Garissa,2012-07,78.63809400000001,54.558,,,5,5,0.291,Medium,841319
KE007,Garissa,2012-08,97.65423500000001,86.959145,,,2,1,0.291,Medium,841319
KE007,Garissa,2012-09,94.23766283333333,61.421577,,,7,4,0.291,Medium,841319
KE007,Garissa,2012-10,105.62372066666667,23.494698,,,8,8,0.291,Medium,841319
KE007,Garissa,2012-11,95.9730645,46.519703,,,4,5,0.291,Medium,841319
KE007,Garissa,2012-12,131.80739183333333,61.268967,,,6,18,0.291,Medium,841319
KE007,Garissa,2013-01,91.75193433333334,74.935326,,,4,1,0.291,Medium,841319
KE007,Garissa,2013-02,96.65647150000001,89.734024,,,5,11,0.291,Medium,841319
KE007,Garissa,2013-03,190.28775499999998,91.57993,,,3,6,0.291,Medium,841319
KE007,Garissa,2013-04,104.5476895,50.311577,,,3,11,0.291,Medium,841319
KE007,Garissa,2013-05,98.36054916666667,54.327305,,,5,11,0.291,Medium,841319
KE007,Garissa,2013-06,77.07724,53.46138,,,1,0,0.291,Medium,841319
KE007,Garissa,2013-07,92.25160699999999,63.063526,,,2,8,0.291,Medium,841319
KE007,Garissa,2013-08,91.19088266666667,82.94742,,,1,20,0.291,Medium,841319
KE007,Garissa,2013-09,108.51726833333333,78.4304,,,1,0,0.291,Medium,841319
KE007,Garissa,2013-10,76.45855633333333,23.053482,,,1,4,0.291,Medium,841319
KE007,Garissa,2013-11,70.90403283333333,34.13922,,,0,0,0.291,Medium,841319
KE007,Garissa,2013-12,76.0183305,46.257103,,,3,5,0.291,Medium,841319
KE007,Garissa,2014-01,79.65583249999999,68.69528,,,1,2,0.291,Medium,841319
KE007,Garissa,2014-02,97.8174015,89.77071,,,0,0,0.291,Medium,841319
KE007,Garissa,2014-03,106.19348583333334,57.436665,,,2,0,0.291,Medium,841319
KE007,Garissa,2014-04,114.04142933333333,65.69022,,,2,0,0.291,Medium,841319
KE007,Garissa,2014-05,124.62631749999998,73.84055,,,3,2,0.291,Medium,841319
KE007,Garissa,2014-06,95.93226533333332,73.76296,,,2,1,0.291,Medium,841319
KE007,Garissa,2014-07,88.9328095,63.599907,,,2,1,0.291,Medium,841319
KE007,Garissa,2014-08,98.427096,85.10221,,,2,6,0.291,Medium,841319
KE007,Garissa,2014-09,85.64825633333334,54.904182,,,3,3,0.291,Medium,841319
KE007,Garissa,2014-10,58.463835499999995,32.6568,,,1,0,0.291,Medium,841319
KE007,Garissa,2014-11,111.962561,54.01892,,,5,17,0.291,Medium,841319
KE007,Garissa,2014-12,79.565884,47.349163,,,2,3,0.291,Medium,841319
KE007,Garissa,2015-01,82.197259,70.54046,,65.0,0,0,0.291,Medium,841319
KE007,Garissa,2015-02,95.20104166666665,89.58728,,65.0,0,0,0.291,Medium,841319
KE007,Garissa,2015-03,111.40006233333334,48.819153,,65.0,3,153,0.291,Medium,841319
KE007,Garissa,2015-04,131.98280333333332,75.53761,,65.0,1,0,0.291,Medium,841319
KE007,Garissa,2015-05,93.301878,56.795788,,60.0,4,20,0.291,Medium,841319
KE007,Garissa,2015-06,86.563191,55.29035,,50.0,0,0,0.291,Medium,841319
KE007,Garissa,2015-07,91.971571,82.624146,,50.0,0,0,0.291,Medium,841319
KE007,Garissa,2015-08,103.89751733333333,95.44648,,50.0,0,0,0.291,Medium,841319
KE007,Garissa,2015-09,96.27411083333334,73.86389,,50.0,1,3,0.291,Medium,841319
KE007,Garissa,2015-10,91.95362216666666,44.176647,,50.0,3,0,0.291,Medium,841319
KE007,Garissa,2015-11,150.74128166666665,104.09224,,50.0,3,1,0.291,Medium,841319
KE007,Garissa,2015-12,89.54520916666667,50.42612,,50.0,0,0,0.291,Medium,841319
KE007,Garissa,2016-01,101.02548933333334,78.35665,,50.0,1,4,0.291,Medium,841319
KE007,Garissa,2016-02,111.12305250000001,98.27566,,50.0,0,0,0.291,Medium,841319
KE007,Garissa,2016-03,63.29829633333333,29.572672,,50.0,1,4,0.291,Medium,841319
KE007,Garissa,2016-04,90.132257,52.493332,,,0,0,0.291,Medium,841319
KE007,Garissa,2016-05,82.05503433333332,39.822853,,51.0,1,10,0.291,Medium,841319
KE007,Garissa,2016-06,86.179013,66.36177,,60.0,1,1,0.291,Medium,841319
KE007,Garissa,2016-07,83.86512950000001,51.556797,,50.0,0,0,0.291,Medium,841319
KE007,Garissa,2016-08,93.31559933333334,80.44335,,50.0,0,0,0.291,Medium,841319
KE007,Garissa,2016-09,86.47718533333334,58.854122,,50.0,2,7,0.291,Medium,841319
KE007,Garissa,2016-10,41.946836,21.743628,,55.0,1,4,0.291,Medium,841319
KE007,Garissa,2016-11,98.07866033333335,50.944458,,55.0,1,0,0.291,Medium,841319
KE007,Garissa,2016-12,67.10016816666666,31.479534,,55.0,0,0,0.291,Medium,841319
KE007,Garissa,2017-01,97.92439333333334,82.99077,,55.0,0,0,0.291,Medium,841319
KE007,Garissa,2017-02,101.52506716666666,91.825134,,55.0,2,3,0.291,Medium,841319
KE007,Garissa,2017-03,52.40812616666667,30.120579,,59.0,3,4,0.291,Medium,841319
KE007,Garissa,2017-04,101.4191525,64.88502,,60.0,0,0,0.291,Medium,841319
KE007,Garissa,2017-05,120.26034483333332,64.28014,,50.0,7,25,0.291,Medium,841319
KE007,Garissa,2017-06,106.64473666666667,80.25124,,60.0,2,0,0.291,Medium,841319
KE007,Garissa,2017-07,80.79745666666666,57.916786,,60.0,3,20,0.291,Medium,841319
KE007,Garissa,2017-08,105.06961416666667,91.91985,,65.0,2,0,0.291,Medium,841319
KE007,Garissa,2017-09,104.75898416666666,67.72174,,65.0,0,0,0.291,Medium,841319
KE007,Garissa,2017-10,76.14555283333334,34.02708,,65.0,2,0,0.291,Medium,841319
KE007,Garissa,2017-11,89.83495416666666,34.070465,,65.0,2,0,0.291,Medium,841319
KE007,Garissa,2017-12,34.8598335,22.644402,,65.0,3,5,0.291,Medium,841319
KE007,Garissa,2018-01,82.88178333333333,68.349976,,65.0,2,2,0.291,Medium,841319
KE007,Garissa,2018-02,100.74885433333334,94.649956,,65.0,1,5,0.291,Medium,841319
KE007,Garissa,2018-03,261.49379833333336,122.56181,,65.0,1,0,0.291,Medium,841319
KE007,Garissa,2018-04,154.8203425,86.808495,,80.0,0,0,0.291,Medium,841319
KE007,Garissa,2018-05,144.58732733333335,82.6678,,60.0,0,0,0.291,Medium,841319
KE007,Garissa,2018-06,149.42124,91.27491,,60.0,3,0,0.291,Medium,841319
KE007,Garissa,2018-07,108.2523575,104.11799,,60.0,1,0,0.291,Medium,841319
KE007,Garissa,2018-08,100.17414000000001,84.28362,,60.0,1,2,0.291,Medium,841319
KE007,Garissa,2018-09,99.78022983333334,74.81188,,60.0,0,0,0.291,Medium,841319
KE007,Garissa,2018-10,92.75698599999998,54.021145,,60.0,1,0,0.291,Medium,841319
KE007,Garissa,2018-11,43.45599133333334,25.459295,,60.0,1,1,0.291,Medium,841319
KE007,Garissa,2018-12,186.55611666666667,81.97613,,60.0,0,0,0.291,Medium,841319
KE007,Garissa,2019-01,114.1698655,96.694305,,65.0,1,0,0.291,Medium,841319
KE007,Garissa,2019-02,114.62735316666665,100.20981,,65.0,0,0,0.291,Medium,841319
KE007,Garissa,2019-03,49.358092,34.65683,,65.0,1,2,0.291,Medium,841319
KE007,Garissa,2019-04,77.14388683333333,27.254633,,65.0,0,0,0.291,Medium,841319
KE007,Garissa,2019-05,90.36705733333334,68.71567,,65.0,0,0,0.291,Medium,841319
KE007,Garissa,2019-06,75.32232433333333,50.5533,,67.0,2,3,0.291,Medium,841319
KE007,Garissa,2019-07,130.3251465,90.342514,,68.0,0,0,0.291,Medium,841319
KE007,Garissa,2019-08,107.27162333333332,90.98313,,68.0,0,0,0.291,Medium,841319
KE007,Garissa,2019-09,128.98579766666668,69.36096,,68.0,2,3,0.291,Medium,841319
KE007,Garissa,2019-10,256.748225,148.77217,,67.0,0,0,0.291,Medium,841319
KE007,Garissa,2019-11,202.627505,53.43361,,68.0,2,1,0.291,Medium,841319
KE007,Garissa,2019-12,153.54634,106.03034,,68.0,3,20,0.291,Medium,841319
KE007,Garissa,2020-01,261.5770166666667,201.76477,,,2,1,0.291,Medium,841319
KE007,Garissa,2020-02,115.71867333333334,96.8651,,,2,0,0.291,Medium,841319
KE007,Garissa,2020-03,136.7757225,74.348625,,,3,17,0.291,Medium,841319
KE007,Garissa,2020-04,166.65148266666668,66.59816,,68.0,3,6,0.291,Medium,841319
KE007,Garissa,2020-05,80.67207416666666,68.34805,,68.0,1,0,0.291,Medium,841319
KE007,Garissa,2020-06,90.93914333333333,56.95644,,68.0,0,0,0.291,Medium,841319
KE007,Garissa,2020-07,220.75805833333334,182.06754,,68.0,3,9,0.291,Medium,841319
KE007,Garissa,2020-08,101.62587833333333,84.32435,,68.0,4,2,0.291,Medium,841319
KE007,Garissa,2020-09,87.49300916666668,68.94622,,70.0,0,0,0.291,Medium,841319
KE007,Garissa,2020-10,61.99919166666666,33.248585,,70.0,0,0,0.291,Medium,841319
KE007,Garissa,2020-11,61.9640805,32.292637,,70.0,2,4,0.291,Medium,841319
KE007,Garissa,2020-12,82.36334116666667,30.944761,,70.0,1,4,0.291,Medium,841319
KE007,Garissa,2021-01,88.17631633333333,79.10365,,,0,0,0.291,Medium,841319
KE007,Garissa,2021-02,96.0033145,93.5484,,,0,0,0.291,Medium,841319
KE007,Garissa,2021-03,58.78759866666667,45.601162,,,0,0,0.291,Medium,841319
KE007,Garissa,2021-04,72.31208466666666,50.027573,,,1,0,0.291,Medium,841319
KE007,Garissa,2021-05,56.057171333333336,28.39382,,,0,0,0.291,Medium,841319
KE007,Garissa,2021-06,87.99534833333333,66.27724,,,1,2,0.291,Medium,841319
KE007,Garissa,2021-07,88.068873,64.07243,,,1,0,0.291,Medium,841319
KE007,Garissa,2021-08,89.41769099999999,74.99797,,,0,0,0.291,Medium,841319
KE007,Garissa,2021-09,86.56505416666668,69.815216,,,0,0,0.291,Medium,841319
KE007,Garissa,2021-10,47.309644666666664,27.16919,,,0,0,0.291,Medium,841319
KE007,Garissa,2021-11,53.27469550000001,25.192076,,,0,0,0.291,Medium,841319
KE007,Garissa,2021-12,309.68315583333333,65.281395,,,1,0,0.291,Medium,841319
KE007,Garissa,2022-01,96.37560833333333,73.37765,,,0,0,0.291,Medium,841319
KE007,Garissa,2022-02,101.60008166666667,92.58554,,,4,6,0.291,Medium,841319
KE007,Garissa,2022-03,52.105069333333326,35.925156,,,4,4,0.291,Medium,841319
KE007,Garissa,2022-04,69.46120333333333,30.198458,,,4,0,0.291,Medium,841319
KE007,Garissa,2022-05,82.8336525,42.609955,,,5,10,0.291,Medium,841319
KE007,Garissa,2022-06,84.51287166666667,68.56819,,,1,10,0.291,Medium,841319
KE007,Garissa,2022-07,92.74877366666668,70.77725,,,2,0,0.291,Medium,841319
KE007,Garissa,2022-08,88.10184166666666,78.1319,,,2,24,0.291,Medium,841319
KE007,Garissa,2022-09,88.32247749999999,64.36428,,,0,0,0.291,Medium,841319
KE007,Garissa,2022-10,58.5074315,33.948246,,,1,1,0.291,Medium,841319
KE007,Garissa,2022-11,86.18686183333334,58.316933,,,0,0,0.291,Medium,841319
KE007,Garissa,2022-12,53.56361666666667,37.988018,,,2,3,0.291,Medium,841319
KE007,Garissa,2023-01,88.37156499999999,83.20621,,,7,25,0.291,Medium,841319
KE007,Garissa,2023-02,93.09452483333332,89.22042,,,5,2,0.291,Medium,841319
KE007,Garissa,2023-03,120.81326,68.91736,,,0,0,0.291,Medium,841319
KE007,Garissa,2023-04,226.56814416666666,90.01391,,,2,1,0.291,Medium,841319
KE007,Garissa,2023-05,51.16243133333333,34.392296,,,2,5,0.291,Medium,841319
KE007,Garissa,2023-06,74.86928583333334,57.71706,,,2,0,0.291,Medium,841319
KE007,Garissa,2023-07,94.01674666666668,82.041336,,,5,8,0.291,Medium,841319
KE007,Garissa,2023-08,110.09181566666666,94.57537,,,1,3,0.291,Medium,841319
KE007,Garissa,2023-09,95.94257666666665,89.58464,,,9,11,0.291,Medium,841319
KE007,Garissa,2023-10,91.11308666666667,43.72854,,,8,26,0.291,Medium,841319
KE007,Garissa,2023-11,190.59444833333336,150.72954,,,9,9,0.291,Medium,841319
KE007,Garissa,2023-12,185.05569466666665,38.397278,174.33333333333334,100.4,8,12,0.291,Medium,841319
KE007,Garissa,2024-01,105.42252833333333,83.89197,,,1,4,0.291,Medium,841319
KE007,Garissa,2024-02,108.871375,93.40974,,,3,5,0.291,Medium,841319
KE007,Garissa,2024-03,82.29370233333333,51.342415,165.55555555555554,96.72727272727273,5,2,0.291,Medium,841319
KE007,Garissa,2024-04,140.57007666666667,70.0621,,,5,2,0.291,Medium,841319
KE007,Garissa,2024-05,95.43394833333333,55.9584,,,0,0,0.291,Medium,841319
KE007,Garissa,2024-06,78.96864133333334,49.969994,162.44444444444446,87.0,2,0,0.291,Medium,841319
KE007,Garissa,2024-07,94.88575416666667,70.02376,,,4,2,0.291,Medium,841319
KE007,Garissa,2024-08,117.43034483333334,81.791695,,,2,1,0.291,Medium,841319
KE007,Garissa,2024-09,79.58040833333334,56.38541,164.0,89.57142857142857,7,15,0.291,Medium,841319
KE007,Garissa,2024-10,50.31856766666667,26.059261,,,2,2,0.291,Medium,841319
KE007,Garissa,2024-11,142.79815166666666,39.60626,,,2,1,0.291,Medium,841319
KE007,Garissa,2024-12,60.308049000000004,36.838314,,,2,1,0.291,Medium,841319
KE007,Garissa,2025-01,79.91244,68.221725,,,0,0,0.291,Medium,841319
KE007,Garissa,2025-02,91.39317333333334,86.57903,,,2,3,0.291,Medium,841319
KE007,Garissa,2025-03,156.15032766666664,84.128136,125.0,81.0,6,11,0.291,Medium,841319
KE007,Garissa,2025-04,102.20151516666665,84.652756,,,0,0,0.291,Medium,841319
KE007,Garissa,2025-05,76.56135533333334,45.173058,,,3,8,0.291,Medium,841319
KE007,Garissa,2025-06,170.50325833333332,119.51042,130.0,63.0,0,0,0.291,Medium,841319
KE007,Garissa,2025-07,82.32511166666667,57.68691,,,0,0,0.291,Medium,841319
KE007,Garissa,2025-08,94.61166733333334,87.6232,,,3,2,0.291,Medium,841319
KE007,Garissa,2025-09,96.54418,64.12729,118.33333333333333,65.0,1,0,0.291,Medium,841319
KE007,Garissa,2025-10,73.447794,44.117935,,,1,0,0.291,Medium,841319
KE007,Garissa,2025-11,51.17159116666667,24.665747,,,4,3,0.291,Medium,841319
KE007,Garissa,2025-12,89.502784,38.927624,108.66666666666667,60.0,7,17,0.291,Medium,841319
KE043,Homa Bay,2006-01,86.88470575000001,35.89329,,,0,0,0.108,Low,1131927
KE043,Homa Bay,2006-02,90.22505358333335,32.483826,,,0,0,0.108,Low,1131927
KE043,Homa Bay,2006-03,136.47574133333333,68.93467,,,0,0,0.108,Low,1131927
KE043,Homa Bay,2006-04,110.51080491666666,91.60874,,,0,0,0.108,Low,1131927
KE043,Homa Bay,2006-05,142.81210833333333,103.42233,,,0,0,0.108,Low,1131927
KE043,Homa Bay,2006-06,96.38254866666666,46.30294,,,0,0,0.108,Low,1131927
KE043,Homa Bay,2006-07,76.63926133333334,51.90311,,,0,0,0.108,Low,1131927
KE043,Homa Bay,2006-08,74.01253041666666,29.479336,,,0,0,0.108,Low,1131927
KE043,Homa Bay,2006-09,100.92781783333334,56.948334,,,0,0,0.108,Low,1131927
KE043,Homa Bay,2006-10,92.19390475,31.761213,,,0,0,0.108,Low,1131927
KE043,Homa Bay,2006-11,221.91589591666664,113.034805,,,0,0,0.108,Low,1131927
KE043,Homa Bay,2006-12,212.15708416666666,112.53679,,,0,0,0.108,Low,1131927
KE043,Homa Bay,2007-01,142.51334875,88.75521,,,1,0,0.108,Low,1131927
KE043,Homa Bay,2007-02,156.10701575,82.663055,,,0,0,0.108,Low,1131927
KE043,Homa Bay,2007-03,123.069725,49.61366,,,0,0,0.108,Low,1131927
KE043,Homa Bay,2007-04,79.312108,17.868761,,,0,0,0.108,Low,1131927
KE043,Homa Bay,2007-05,86.14703666666666,54.033173,,,0,0,0.108,Low,1131927
KE043,Homa Bay,2007-06,119.19260325,52.763813,,,0,0,0.108,Low,1131927
KE043,Homa Bay,2007-07,153.85421208333332,76.642815,,,0,0,0.108,Low,1131927
KE043,Homa Bay,2007-08,103.2277625,67.61821,,,0,0,0.108,Low,1131927
KE043,Homa Bay,2007-09,116.87444416666666,65.6058,,,0,0,0.108,Low,1131927
KE043,Homa Bay,2007-10,73.69964633333333,32.27638,,,0,0,0.108,Low,1131927
KE043,Homa Bay,2007-11,87.68589200000001,30.904585,,,0,0,0.108,Low,1131927
KE043,Homa Bay,2007-12,80.78792041666667,39.478848,,,0,0,0.108,Low,1131927
KE043,Homa Bay,2008-01,70.310931,28.253841,,,0,0,0.108,Low,1131927
KE043,Homa Bay,2008-02,103.00957833333332,35.390087,,,0,0,0.108,Low,1131927
KE043,Homa Bay,2008-03,101.86439225,33.85535,,,0,0,0.108,Low,1131927
KE043,Homa Bay,2008-04,79.53460125,42.28466,,,0,0,0.108,Low,1131927
KE043,Homa Bay,2008-05,84.64159541666668,53.51348,,,0,0,0.108,Low,1131927
KE043,Homa Bay,2008-06,90.04639049999999,26.962196,,,0,0,0.108,Low,1131927
KE043,Homa Bay,2008-07,149.5057025,124.10532,,,0,0,0.108,Low,1131927
KE043,Homa Bay,2008-08,113.5550085,85.780716,,,0,0,0.108,Low,1131927
KE043,Homa Bay,2008-09,107.53765874999999,66.190605,,,0,0,0.108,Low,1131927
KE043,Homa Bay,2008-10,122.84855541666667,77.41221,,,0,0,0.108,Low,1131927
KE043,Homa Bay,2008-11,86.03403183333334,18.241278,,,0,0,0.108,Low,1131927
KE043,Homa Bay,2008-12,49.01375041666666,37.418777,,,0,0,0.108,Low,1131927
KE043,Homa Bay,2009-01,119.87024566666666,27.937485,,,0,0,0.108,Low,1131927
KE043,Homa Bay,2009-02,89.8820735,36.537315,,,0,0,0.108,Low,1131927
KE043,Homa Bay,2009-03,57.503367749999995,39.84309,,,0,0,0.108,Low,1131927
KE043,Homa Bay,2009-04,115.94086233333333,59.919853,,,0,0,0.108,Low,1131927
KE043,Homa Bay,2009-05,95.86090424999999,35.686466,,,0,0,0.108,Low,1131927
KE043,Homa Bay,2009-06,56.30802641666667,42.84898,,,0,0,0.108,Low,1131927
KE043,Homa Bay,2009-07,63.14449391666667,45.96851,,,0,0,0.108,Low,1131927
KE043,Homa Bay,2009-08,87.77863541666666,60.515923,,,0,0,0.108,Low,1131927
KE043,Homa Bay,2009-09,132.66153416666666,113.88813,,,0,0,0.108,Low,1131927
KE043,Homa Bay,2009-10,70.900523,48.431877,,,0,0,0.108,Low,1131927
KE043,Homa Bay,2009-11,89.41765600000001,45.070354,,,0,0,0.108,Low,1131927
KE043,Homa Bay,2009-12,166.6524425,133.02164,,,0,0,0.108,Low,1131927
KE043,Homa Bay,2010-01,96.41918516666668,34.980373,,,0,0,0.108,Low,1131927
KE043,Homa Bay,2010-02,196.18649666666667,75.66355,,,0,0,0.108,Low,1131927
KE043,Homa Bay,2010-03,134.18389066666666,42.86602,,,0,0,0.108,Low,1131927
KE043,Homa Bay,2010-04,88.13305341666667,33.11714,,,0,0,0.108,Low,1131927
KE043,Homa Bay,2010-05,119.89158158333333,82.208885,,,0,0,0.108,Low,1131927
KE043,Homa Bay,2010-06,107.73003466666667,59.591602,,,0,0,0.108,Low,1131927
KE043,Homa Bay,2010-07,84.27883091666666,70.00591,,,0,0,0.108,Low,1131927
KE043,Homa Bay,2010-08,98.04475991666668,69.48466,,,0,0,0.108,Low,1131927
KE043,Homa Bay,2010-09,112.51379250000001,48.756332,,,0,0,0.108,Low,1131927
KE043,Homa Bay,2010-10,102.76151650000001,82.772354,,,0,0,0.108,Low,1131927
KE043,Homa Bay,2010-11,58.43316041666666,25.540478,,,0,0,0.108,Low,1131927
KE043,Homa Bay,2010-12,86.34559666666667,26.96273,,,0,0,0.108,Low,1131927
KE043,Homa Bay,2011-01,73.080632,46.46439,,,0,0,0.108,Low,1131927
KE043,Homa Bay,2011-02,87.494626,33.64862,,,0,0,0.108,Low,1131927
KE043,Homa Bay,2011-03,76.05355558333333,36.646935,,,0,0,0.108,Low,1131927
KE043,Homa Bay,2011-04,60.55918783333334,22.823965,,,0,0,0.108,Low,1131927
KE043,Homa Bay,2011-05,90.94480733333334,55.154716,,,0,0,0.108,Low,1131927
KE043,Homa Bay,2011-06,110.38077241666667,68.157455,,,0,0,0.108,Low,1131927
KE043,Homa Bay,2011-07,108.55958008333333,59.786667,,,0,0,0.108,Low,1131927
KE043,Homa Bay,2011-08,190.7518770833333,86.83037,,,0,0,0.108,Low,1131927
KE043,Homa Bay,2011-09,125.41203866666666,76.75821,,,0,0,0.108,Low,1131927
KE043,Homa Bay,2011-10,120.77459625,97.36089,,,0,0,0.108,Low,1131927
KE043,Homa Bay,2011-11,184.80945716666668,77.00367,,,0,0,0.108,Low,1131927
KE043,Homa Bay,2011-12,83.13771799999999,47.053547,,,0,0,0.108,Low,1131927
KE043,Homa Bay,2012-01,40.111114083333334,31.285366,,,0,0,0.108,Low,1131927
KE043,Homa Bay,2012-02,82.07299241666666,34.051975,,,0,0,0.108,Low,1131927
KE043,Homa Bay,2012-03,79.44191666666667,22.90864,,,0,0,0.108,Low,1131927
KE043,Homa Bay,2012-04,137.2935175,95.34776,,,0,0,0.108,Low,1131927
KE043,Homa Bay,2012-05,112.08108924999999,80.27956,,,0,0,0.108,Low,1131927
KE043,Homa Bay,2012-06,170.09092508333333,57.868378,,,0,0,0.108,Low,1131927
KE043,Homa Bay,2012-07,128.49621816666667,86.62542,,,0,0,0.108,Low,1131927
KE043,Homa Bay,2012-08,115.38998058333334,77.98299,,,0,0,0.108,Low,1131927
KE043,Homa Bay,2012-09,167.95372408333333,106.228165,,,0,0,0.108,Low,1131927
KE043,Homa Bay,2012-10,105.79576591666667,58.866493,,,0,0,0.108,Low,1131927
KE043,Homa Bay,2012-11,130.56600983333334,68.70552,,,0,0,0.108,Low,1131927
KE043,Homa Bay,2012-12,154.80304883333335,40.53137,,,0,0,0.108,Low,1131927
KE043,Homa Bay,2013-01,87.05238666666666,46.792767,,,1,0,0.108,Low,1131927
KE043,Homa Bay,2013-02,74.954244,36.25154,,,0,0,0.108,Low,1131927
KE043,Homa Bay,2013-03,118.56555458333332,79.34967,,,0,0,0.108,Low,1131927
KE043,Homa Bay,2013-04,143.48004208333333,89.259705,,,0,0,0.108,Low,1131927
KE043,Homa Bay,2013-05,81.44146758333333,44.27425,,,0,0,0.108,Low,1131927
KE043,Homa Bay,2013-06,88.38137583333334,58.947365,,,0,0,0.108,Low,1131927
KE043,Homa Bay,2013-07,97.167167,52.1563,,,0,0,0.108,Low,1131927
KE043,Homa Bay,2013-08,114.48914966666666,96.16077,,,0,0,0.108,Low,1131927
KE043,Homa Bay,2013-09,125.38565833333332,56.64782,,,1,1,0.108,Low,1131927
KE043,Homa Bay,2013-10,88.16429241666667,36.80035,,,0,0,0.108,Low,1131927
KE043,Homa Bay,2013-11,109.47769816666666,80.981674,,,0,0,0.108,Low,1131927
KE043,Homa Bay,2013-12,93.18555491666666,51.572926,,,0,0,0.108,Low,1131927
KE043,Homa Bay,2014-01,95.36460991666667,47.92051,,,0,0,0.108,Low,1131927
KE043,Homa Bay,2014-02,133.00551041666668,91.74282,,,0,0,0.108,Low,1131927
KE043,Homa Bay,2014-03,88.75839024999999,20.140743,,,0,0,0.108,Low,1131927
KE043,Homa Bay,2014-04,60.17867733333333,22.272501,,,0,0,0.108,Low,1131927
KE043,Homa Bay,2014-05,106.80174125,92.94824,,,1,1,0.108,Low,1131927
KE043,Homa Bay,2014-06,105.92675475,38.4763,,,0,0,0.108,Low,1131927
KE043,Homa Bay,2014-07,99.83444508333334,66.78049,,,0,0,0.108,Low,1131927
KE043,Homa Bay,2014-08,211.51884416666667,115.69196,,,0,0,0.108,Low,1131927
KE043,Homa Bay,2014-09,111.38524683333333,56.37136,,,0,0,0.108,Low,1131927
KE043,Homa Bay,2014-10,124.46693616666666,96.47815,,,0,0,0.108,Low,1131927
KE043,Homa Bay,2014-11,83.64773925,47.219734,,,0,0,0.108,Low,1131927
KE043,Homa Bay,2014-12,82.50454958333334,48.36582,,,0,0,0.108,Low,1131927
KE043,Homa Bay,2015-01,35.39404591666666,27.000227,,,0,0,0.108,Low,1131927
KE043,Homa Bay,2015-02,62.67652183333334,28.364325,,,0,0,0.108,Low,1131927
KE043,Homa Bay,2015-03,62.22473666666667,13.773561,,,0,0,0.108,Low,1131927
KE043,Homa Bay,2015-04,130.97761216666666,92.65017,,,0,0,0.108,Low,1131927
KE043,Homa Bay,2015-05,122.76320908333334,104.15237,,,0,0,0.108,Low,1131927
KE043,Homa Bay,2015-06,156.07912741666667,84.244865,,,0,0,0.108,Low,1131927
KE043,Homa Bay,2015-07,73.93498783333332,53.860672,,,0,0,0.108,Low,1131927
KE043,Homa Bay,2015-08,56.54854825,24.160755,,,0,0,0.108,Low,1131927
KE043,Homa Bay,2015-09,95.32249366666667,73.57138,,,0,0,0.108,Low,1131927
KE043,Homa Bay,2015-10,158.594255,64.96999,,,0,0,0.108,Low,1131927
KE043,Homa Bay,2015-11,138.86718208333335,52.293648,,,0,0,0.108,Low,1131927
KE043,Homa Bay,2015-12,177.08219283333332,60.049294,,,0,0,0.108,Low,1131927
KE043,Homa Bay,2016-01,109.91998124999999,64.662155,,,0,0,0.108,Low,1131927
KE043,Homa Bay,2016-02,54.943924583333335,45.786064,,,0,0,0.108,Low,1131927
KE043,Homa Bay,2016-03,69.14122991666666,22.083101,,,0,0,0.108,Low,1131927
KE043,Homa Bay,2016-04,155.48274916666665,98.41497,,,0,0,0.108,Low,1131927
KE043,Homa Bay,2016-05,94.20202008333332,37.98371,,,0,0,0.108,Low,1131927
KE043,Homa Bay,2016-06,64.04992691666666,36.994015,,,0,0,0.108,Low,1131927
KE043,Homa Bay,2016-07,82.73438241666666,55.04136,,,0,0,0.108,Low,1131927
KE043,Homa Bay,2016-08,66.11822666666667,29.537788,,,0,0,0.108,Low,1131927
KE043,Homa Bay,2016-09,85.14091258333333,51.17642,,,0,0,0.108,Low,1131927
KE043,Homa Bay,2016-10,70.734115,28.789421,,,0,0,0.108,Low,1131927
KE043,Homa Bay,2016-11,92.35468150000001,53.605724,,,0,0,0.108,Low,1131927
KE043,Homa Bay,2016-12,32.87944983333333,21.819323,,,0,0,0.108,Low,1131927
KE043,Homa Bay,2017-01,60.438820666666665,30.47795,,,0,0,0.108,Low,1131927
KE043,Homa Bay,2017-02,187.49772516666667,80.14672,,,0,0,0.108,Low,1131927
KE043,Homa Bay,2017-03,84.42050108333333,40.038826,,,0,0,0.108,Low,1131927
KE043,Homa Bay,2017-04,89.81107374999999,48.80124,,,1,0,0.108,Low,1131927
KE043,Homa Bay,2017-05,106.88267858333334,63.474483,,,0,0,0.108,Low,1131927
KE043,Homa Bay,2017-06,100.14759358333333,47.74383,,,0,0,0.108,Low,1131927
KE043,Homa Bay,2017-07,150.1482988333333,119.542336,,,0,0,0.108,Low,1131927
KE043,Homa Bay,2017-08,131.87203216666668,113.945076,,,0,0,0.108,Low,1131927
KE043,Homa Bay,2017-09,120.85474508333334,66.3455,,,0,0,0.108,Low,1131927
KE043,Homa Bay,2017-10,97.48253916666665,68.10146,,,0,0,0.108,Low,1131927
KE043,Homa Bay,2017-11,84.26163175,24.786074,,,0,0,0.108,Low,1131927
KE043,Homa Bay,2017-12,58.51492116666666,32.04123,,,0,0,0.108,Low,1131927
KE043,Homa Bay,2018-01,59.073764833333335,42.235973,,,0,0,0.108,Low,1131927
KE043,Homa Bay,2018-02,90.83639433333333,32.390907,,,0,0,0.108,Low,1131927
KE043,Homa Bay,2018-03,129.03454125,77.1056,,,1,0,0.108,Low,1131927
KE043,Homa Bay,2018-04,128.00948208333332,86.17226,,,0,0,0.108,Low,1131927
KE043,Homa Bay,2018-05,133.10768175,109.384346,,,0,0,0.108,Low,1131927
KE043,Homa Bay,2018-06,121.191332,69.958534,,,0,0,0.108,Low,1131927
KE043,Homa Bay,2018-07,79.50270450000001,51.09521,,,0,0,0.108,Low,1131927
KE043,Homa Bay,2018-08,102.47108583333333,47.610813,,,0,0,0.108,Low,1131927
KE043,Homa Bay,2018-09,65.50780866666666,53.694756,,,1,0,0.108,Low,1131927
KE043,Homa Bay,2018-10,150.09697500000001,108.85236,,,0,0,0.108,Low,1131927
KE043,Homa Bay,2018-11,75.28305208333333,24.149216,,,0,0,0.108,Low,1131927
KE043,Homa Bay,2018-12,152.81930333333332,89.16097,,,0,0,0.108,Low,1131927
KE043,Homa Bay,2019-01,48.937502333333335,36.097603,,,1,1,0.108,Low,1131927
KE043,Homa Bay,2019-02,111.82712758333334,34.307327,,,0,0,0.108,Low,1131927
KE043,Homa Bay,2019-03,84.777976,18.161804,,,0,0,0.108,Low,1131927
KE043,Homa Bay,2019-04,83.97763183333333,38.55366,,,1,0,0.108,Low,1131927
KE043,Homa Bay,2019-05,121.6457725,89.87962,,,0,0,0.108,Low,1131927
KE043,Homa Bay,2019-06,131.90934791666666,72.3049,,,0,0,0.108,Low,1131927
KE043,Homa Bay,2019-07,127.40194258333334,48.893463,,,0,0,0.108,Low,1131927
KE043,Homa Bay,2019-08,116.62582816666666,72.9925,,,0,0,0.108,Low,1131927
KE043,Homa Bay,2019-09,122.715145,62.74094,,,0,0,0.108,Low,1131927
KE043,Homa Bay,2019-10,243.44755666666666,177.2073,,,1,1,0.108,Low,1131927
KE043,Homa Bay,2019-11,152.93443866666667,48.203274,,,0,0,0.108,Low,1131927
KE043,Homa Bay,2019-12,198.65708708333332,103.0738,,,0,0,0.108,Low,1131927
KE043,Homa Bay,2020-01,185.23924233333332,60.799873,,,0,0,0.108,Low,1131927
KE043,Homa Bay,2020-02,136.60961991666667,92.0597,,,0,0,0.108,Low,1131927
KE043,Homa Bay,2020-03,196.93768666666665,155.64037,,,2,2,0.108,Low,1131927
KE043,Homa Bay,2020-04,115.08514874999999,28.630955,,,0,0,0.108,Low,1131927
KE043,Homa Bay,2020-05,90.10476375,60.274624,,,0,0,0.108,Low,1131927
KE043,Homa Bay,2020-06,121.50443116666666,95.76892,,,0,0,0.108,Low,1131927
KE043,Homa Bay,2020-07,137.78574949999998,88.31703,,,0,0,0.108,Low,1131927
KE043,Homa Bay,2020-08,114.01632308333335,77.35797,,,0,0,0.108,Low,1131927
KE043,Homa Bay,2020-09,147.505837,74.63848,,,0,0,0.108,Low,1131927
KE043,Homa Bay,2020-10,204.53067583333333,160.4231,,,0,0,0.108,Low,1131927
KE043,Homa Bay,2020-11,285.98161250000004,154.4689,,,0,0,0.108,Low,1131927
KE043,Homa Bay,2020-12,86.17565483333334,64.49908,,,0,0,0.108,Low,1131927
KE043,Homa Bay,2021-01,106.58771083333335,71.06322,,,0,0,0.108,Low,1131927
KE043,Homa Bay,2021-02,130.50393208333332,75.0033,,,0,0,0.108,Low,1131927
KE043,Homa Bay,2021-03,83.33252908333333,51.874096,,,0,0,0.108,Low,1131927
KE043,Homa Bay,2021-04,131.96978766666666,74.339,,,0,0,0.108,Low,1131927
KE043,Homa Bay,2021-05,110.50909966666667,37.584145,,,0,0,0.108,Low,1131927
KE043,Homa Bay,2021-06,77.31284633333334,43.4203,,,0,0,0.108,Low,1131927
KE043,Homa Bay,2021-07,87.27042691666666,37.93723,,,1,1,0.108,Low,1131927
KE043,Homa Bay,2021-08,97.23254383333334,59.217995,,,0,0,0.108,Low,1131927
KE043,Homa Bay,2021-09,134.65188783333335,99.95207,,,0,0,0.108,Low,1131927
KE043,Homa Bay,2021-10,100.16072233333334,48.477394,,,0,0,0.108,Low,1131927
KE043,Homa Bay,2021-11,78.74067933333333,39.954903,,,0,0,0.108,Low,1131927
KE043,Homa Bay,2021-12,86.48895499999999,51.80605,,,0,0,0.108,Low,1131927
KE043,Homa Bay,2022-01,194.55111250000002,85.21948,,,0,0,0.108,Low,1131927
KE043,Homa Bay,2022-02,300.0007375,149.59811,,,1,0,0.108,Low,1131927
KE043,Homa Bay,2022-03,76.53476541666667,24.75141,,,0,0,0.108,Low,1131927
KE043,Homa Bay,2022-04,93.70116641666668,21.418701,,,1,0,0.108,Low,1131927
KE043,Homa Bay,2022-05,117.98285166666666,41.300373,,,1,0,0.108,Low,1131927
KE043,Homa Bay,2022-06,104.29515858333333,81.36633,,,1,1,0.108,Low,1131927
KE043,Homa Bay,2022-07,85.2401135,52.092712,,,0,0,0.108,Low,1131927
KE043,Homa Bay,2022-08,163.81305216666667,105.414246,,,0,0,0.108,Low,1131927
KE043,Homa Bay,2022-09,129.32148958333332,88.739815,,,0,0,0.108,Low,1131927
KE043,Homa Bay,2022-10,68.67317391666667,39.56298,,,0,0,0.108,Low,1131927
KE043,Homa Bay,2022-11,128.81827791666666,77.30357,,,0,0,0.108,Low,1131927
KE043,Homa Bay,2022-12,197.61477416666665,140.8537,,,0,0,0.108,Low,1131927
KE043,Homa Bay,2023-01,54.468620249999994,41.530014,,,0,0,0.108,Low,1131927
KE043,Homa Bay,2023-02,44.49504033333333,29.13827,,,0,0,0.108,Low,1131927
KE043,Homa Bay,2023-03,171.14208283333335,81.048294,,,0,0,0.108,Low,1131927
KE043,Homa Bay,2023-04,125.021665,62.23622,,,1,1,0.108,Low,1131927
KE043,Homa Bay,2023-05,85.72734841666666,62.068565,,,1,1,0.108,Low,1131927
KE043,Homa Bay,2023-06,128.68758625,79.6991,,,0,0,0.108,Low,1131927
KE043,Homa Bay,2023-07,82.49360691666668,52.077854,,,0,0,0.108,Low,1131927
KE043,Homa Bay,2023-08,86.41399058333333,48.63926,,,0,0,0.108,Low,1131927
KE043,Homa Bay,2023-09,149.25374,122.97128,,,1,0,0.108,Low,1131927
KE043,Homa Bay,2023-10,165.17280616666667,52.05272,,,0,0,0.108,Low,1131927
KE043,Homa Bay,2023-11,182.46216416666667,155.40578,,,1,0,0.108,Low,1131927
KE043,Homa Bay,2023-12,116.04776983333333,70.84325,,,0,0,0.108,Low,1131927
KE043,Homa Bay,2024-01,169.2350755,104.735306,,,0,0,0.108,Low,1131927
KE043,Homa Bay,2024-02,164.9118975,147.55867,,,0,0,0.108,Low,1131927
KE043,Homa Bay,2024-03,88.69851008333335,17.134571,,,0,0,0.108,Low,1131927
KE043,Homa Bay,2024-04,127.7979265,59.888298,,,1,1,0.108,Low,1131927
KE043,Homa Bay,2024-05,83.02710791666667,41.97733,,,0,0,0.108,Low,1131927
KE043,Homa Bay,2024-06,70.59009833333333,52.898426,,,1,1,0.108,Low,1131927
KE043,Homa Bay,2024-07,134.99828375,87.44129,,,0,0,0.108,Low,1131927
KE043,Homa Bay,2024-08,113.20372233333335,61.468678,,,0,0,0.108,Low,1131927
KE043,Homa Bay,2024-09,84.87022616666667,72.11086,,,1,2,0.108,Low,1131927
KE043,Homa Bay,2024-10,110.51140325,83.52295,,,1,0,0.108,Low,1131927
KE043,Homa Bay,2024-11,151.01790725,56.226963,,,0,0,0.108,Low,1131927
KE043,Homa Bay,2024-12,99.87893458333333,76.081215,,,0,0,0.108,Low,1131927
KE043,Homa Bay,2025-01,109.15189475,51.369076,,,2,3,0.108,Low,1131927
KE043,Homa Bay,2025-02,48.92591908333333,29.75167,,,0,0,0.108,Low,1131927
KE043,Homa Bay,2025-03,116.84072583333334,76.30183,,,0,0,0.108,Low,1131927
KE043,Homa Bay,2025-04,108.3085075,64.34796,,,2,1,0.108,Low,1131927
KE043,Homa Bay,2025-05,156.91434083333334,116.09107,,,0,0,0.108,Low,1131927
KE043,Homa Bay,2025-06,76.56945491666666,57.826923,,,1,0,0.108,Low,1131927
KE043,Homa Bay,2025-07,142.75929058333332,51.447124,,,0,0,0.108,Low,1131927
KE043,Homa Bay,2025-08,91.253711,53.82346,,,0,0,0.108,Low,1131927
KE043,Homa Bay,2025-09,82.99723291666668,67.765884,,,1,0,0.108,Low,1131927
KE043,Homa Bay,2025-10,119.1852875,54.09568,,,1,0,0.108,Low,1131927
KE043,Homa Bay,2025-11,48.68016983333334,19.487848,,,0,0,0.108,Low,1131927
KE043,Homa Bay,2025-12,151.5938235,26.460287,,,0,0,0.108,Low,1131927
KE011,Isiolo,2006-01,81.82119999999999,68.22737,,,0,0,0.1962,Medium,267993
KE011,Isiolo,2006-02,97.12258333333334,74.66908,,,0,0,0.1962,Medium,267993
KE011,Isiolo,2006-03,54.50087666666667,34.242836,,,0,0,0.1962,Medium,267993
KE011,Isiolo,2006-04,103.26625833333333,29.42338,,,2,0,0.1962,Medium,267993
KE011,Isiolo,2006-05,92.27316466666667,85.28849,,,0,0,0.1962,Medium,267993
KE011,Isiolo,2006-06,97.673468,95.23183,,,0,0,0.1962,Medium,267993
KE011,Isiolo,2006-07,96.89587,96.15706,,,0,0,0.1962,Medium,267993
KE011,Isiolo,2006-08,106.51795666666665,99.78348,,,0,0,0.1962,Medium,267993
KE011,Isiolo,2006-09,98.89520666666665,96.79231,,,0,0,0.1962,Medium,267993
KE011,Isiolo,2006-10,122.77473000000002,84.45554,,,0,0,0.1962,Medium,267993
KE011,Isiolo,2006-11,146.89547333333334,113.80366,,,0,0,0.1962,Medium,267993
KE011,Isiolo,2006-12,150.84275333333332,98.66503,,,0,0,0.1962,Medium,267993
KE011,Isiolo,2007-01,94.49406666666665,79.11294,,,0,0,0.1962,Medium,267993
KE011,Isiolo,2007-02,87.78206333333333,74.74149,,,0,0,0.1962,Medium,267993
KE011,Isiolo,2007-03,82.82175933333333,44.649757,,,0,0,0.1962,Medium,267993
KE011,Isiolo,2007-04,61.43977533333334,21.962456,,,0,0,0.1962,Medium,267993
KE011,Isiolo,2007-05,109.941325,96.54575,,,0,0,0.1962,Medium,267993
KE011,Isiolo,2007-06,104.64317999999999,101.37488,,,0,0,0.1962,Medium,267993
KE011,Isiolo,2007-07,104.79565666666667,96.41741,,,0,0,0.1962,Medium,267993
KE011,Isiolo,2007-08,100.45095666666667,98.70593,,,0,0,0.1962,Medium,267993
KE011,Isiolo,2007-09,101.27425166666667,99.92782,,,0,0,0.1962,Medium,267993
KE011,Isiolo,2007-10,88.89159966666666,73.410065,,,0,0,0.1962,Medium,267993
KE011,Isiolo,2007-11,74.66589266666666,51.602848,,,0,0,0.1962,Medium,267993
KE011,Isiolo,2007-12,62.927796666666666,58.538025,,,0,0,0.1962,Medium,267993
KE011,Isiolo,2008-01,136.15107666666668,61.42211,,,0,0,0.1962,Medium,267993
KE011,Isiolo,2008-02,80.40570000000001,73.85809,,,0,0,0.1962,Medium,267993
KE011,Isiolo,2008-03,79.43396266666667,47.152782,,,0,0,0.1962,Medium,267993
KE011,Isiolo,2008-04,94.34161266666666,18.820248,,,0,0,0.1962,Medium,267993
KE011,Isiolo,2008-05,71.752,49.0754,,,0,0,0.1962,Medium,267993
KE011,Isiolo,2008-06,97.39179999999999,95.83443,,,0,0,0.1962,Medium,267993
KE011,Isiolo,2008-07,97.79341333333333,95.40251,,,0,0,0.1962,Medium,267993
KE011,Isiolo,2008-08,96.423745,95.9155,,,0,0,0.1962,Medium,267993
KE011,Isiolo,2008-09,98.77212333333334,96.23055,,,1,5,0.1962,Medium,267993
KE011,Isiolo,2008-10,97.61819100000001,63.847363,,,0,0,0.1962,Medium,267993
KE011,Isiolo,2008-11,89.16571699999999,41.348297,,,0,0,0.1962,Medium,267993
KE011,Isiolo,2008-12,48.605459999999994,37.9078,,,1,0,0.1962,Medium,267993
KE011,Isiolo,2009-01,103.69729333333333,77.26997,,,0,0,0.1962,Medium,267993
KE011,Isiolo,2009-02,86.95902333333333,79.34676,,,0,0,0.1962,Medium,267993
KE011,Isiolo,2009-03,43.418227,35.167294,,,2,4,0.1962,Medium,267993
KE011,Isiolo,2009-04,53.07000966666667,24.358051,,,2,0,0.1962,Medium,267993
KE011,Isiolo,2009-05,99.28120366666667,83.014755,,,6,5,0.1962,Medium,267993
KE011,Isiolo,2009-06,96.36595333333332,95.12794,,,0,0,0.1962,Medium,267993
KE011,Isiolo,2009-07,94.89530466666668,94.32113,,,1,2,0.1962,Medium,267993
KE011,Isiolo,2009-08,96.97707533333333,96.501656,,,0,0,0.1962,Medium,267993
KE011,Isiolo,2009-09,97.428375,92.391815,,,0,0,0.1962,Medium,267993
KE011,Isiolo,2009-10,138.74058466666665,95.882324,,,3,17,0.1962,Medium,267993
KE011,Isiolo,2009-11,49.503032,33.02249,,,3,0,0.1962,Medium,267993
KE011,Isiolo,2009-12,115.700945,111.2988,,,1,0,0.1962,Medium,267993
KE011,Isiolo,2010-01,104.11071299999999,79.876495,,,0,0,0.1962,Medium,267993
KE011,Isiolo,2010-02,135.22074166666667,97.59671,,,0,0,0.1962,Medium,267993
KE011,Isiolo,2010-03,209.16171999999997,156.49573,,,0,0,0.1962,Medium,267993
KE011,Isiolo,2010-04,83.66001433333334,56.277363,,,0,0,0.1962,Medium,267993
KE011,Isiolo,2010-05,102.32359333333333,87.11778,,,0,0,0.1962,Medium,267993
KE011,Isiolo,2010-06,97.98122166666667,95.772095,,,0,0,0.1962,Medium,267993
KE011,Isiolo,2010-07,101.11751033333333,98.47795,,,0,0,0.1962,Medium,267993
KE011,Isiolo,2010-08,101.54897,98.67987,,,0,0,0.1962,Medium,267993
KE011,Isiolo,2010-09,97.88222333333333,93.60898,,,0,0,0.1962,Medium,267993
KE011,Isiolo,2010-10,77.04958233333333,56.025867,,,1,1,0.1962,Medium,267993
KE011,Isiolo,2010-11,60.66355266666667,45.83403,,,0,0,0.1962,Medium,267993
KE011,Isiolo,2010-12,47.734048,38.883034,,,0,0,0.1962,Medium,267993
KE011,Isiolo,2011-01,75.42281100000001,62.890373,,,0,0,0.1962,Medium,267993
KE011,Isiolo,2011-02,94.158112,81.2586,,,0,0,0.1962,Medium,267993
KE011,Isiolo,2011-03,52.306016,35.221355,,,0,0,0.1962,Medium,267993
KE011,Isiolo,2011-04,29.32763133333333,18.07596,,,0,0,0.1962,Medium,267993
KE011,Isiolo,2011-05,90.13833,87.72195,,,0,0,0.1962,Medium,267993
KE011,Isiolo,2011-06,102.62407,99.55394,,,1,10,0.1962,Medium,267993
KE011,Isiolo,2011-07,102.05393833333333,97.239235,,,0,0,0.1962,Medium,267993
KE011,Isiolo,2011-08,104.20993333333332,97.377144,,,0,0,0.1962,Medium,267993
KE011,Isiolo,2011-09,98.96911,96.43653,,,0,0,0.1962,Medium,267993
KE011,Isiolo,2011-10,192.78133000000003,72.62396,,,1,1,0.1962,Medium,267993
KE011,Isiolo,2011-11,154.88590133333335,112.38779,,,0,0,0.1962,Medium,267993
KE011,Isiolo,2011-12,86.70060166666667,42.02086,,,0,0,0.1962,Medium,267993
KE011,Isiolo,2012-01,69.01051166666667,63.17004,,,0,0,0.1962,Medium,267993
KE011,Isiolo,2012-02,87.54072466666666,83.27988,,,0,0,0.1962,Medium,267993
KE011,Isiolo,2012-03,42.350731,28.820423,,,0,0,0.1962,Medium,267993
KE011,Isiolo,2012-04,112.67852166666667,81.51138,,,0,0,0.1962,Medium,267993
KE011,Isiolo,2012-05,98.38858333333333,96.0964,,,0,0,0.1962,Medium,267993
KE011,Isiolo,2012-06,102.47850266666667,97.546814,,,1,0,0.1962,Medium,267993
KE011,Isiolo,2012-07,100.91046466666667,98.718094,,,0,0,0.1962,Medium,267993
KE011,Isiolo,2012-08,100.95537133333333,99.647964,,,0,0,0.1962,Medium,267993
KE011,Isiolo,2012-09,98.05165666666666,94.18947,,,0,0,0.1962,Medium,267993
KE011,Isiolo,2012-10,108.06575666666667,56.99721,,,0,0,0.1962,Medium,267993
KE011,Isiolo,2012-11,71.68787866666666,41.404026,,,3,7,0.1962,Medium,267993
KE011,Isiolo,2012-12,104.99717,72.20095,,,0,0,0.1962,Medium,267993
KE011,Isiolo,2013-01,97.65153666666667,93.07122,,,0,0,0.1962,Medium,267993
KE011,Isiolo,2013-02,81.75856,75.58145,,,1,0,0.1962,Medium,267993
KE011,Isiolo,2013-03,177.57354866666665,64.99658,,,0,0,0.1962,Medium,267993
KE011,Isiolo,2013-04,127.35097900000001,39.591297,,,0,0,0.1962,Medium,267993
KE011,Isiolo,2013-05,73.185502,52.100666,,,0,0,0.1962,Medium,267993
KE011,Isiolo,2013-06,99.67769,93.94351,,,0,0,0.1962,Medium,267993
KE011,Isiolo,2013-07,98.67294166666666,96.89752,,,0,0,0.1962,Medium,267993
KE011,Isiolo,2013-08,97.46344800000001,96.08361,,,0,0,0.1962,Medium,267993
KE011,Isiolo,2013-09,114.53192666666666,99.95188,,,2,2,0.1962,Medium,267993
KE011,Isiolo,2013-10,74.86507966666666,41.689476,,,0,0,0.1962,Medium,267993
KE011,Isiolo,2013-11,90.169742,43.13309,,,0,0,0.1962,Medium,267993
KE011,Isiolo,2013-12,62.18199233333333,54.108257,,,0,0,0.1962,Medium,267993
KE011,Isiolo,2014-01,69.08466299999999,64.381935,,,0,0,0.1962,Medium,267993
KE011,Isiolo,2014-02,108.76362,83.68802,,,0,0,0.1962,Medium,267993
KE011,Isiolo,2014-03,143.47589866666667,51.584846,,,0,0,0.1962,Medium,267993
KE011,Isiolo,2014-04,91.55046466666666,35.96759,,,0,0,0.1962,Medium,267993
KE011,Isiolo,2014-05,81.92708566666666,60.086967,,,0,0,0.1962,Medium,267993
KE011,Isiolo,2014-06,99.17526,98.41776,,,0,0,0.1962,Medium,267993
KE011,Isiolo,2014-07,97.06704466666667,94.6132,,,0,0,0.1962,Medium,267993
KE011,Isiolo,2014-08,106.81242333333334,97.71178,,,1,8,0.1962,Medium,267993
KE011,Isiolo,2014-09,99.51570333333332,98.0282,,,0,0,0.1962,Medium,267993
KE011,Isiolo,2014-10,78.05983433333334,48.153843,,,0,0,0.1962,Medium,267993
KE011,Isiolo,2014-11,94.48670800000001,55.28968,,,0,0,0.1962,Medium,267993
KE011,Isiolo,2014-12,88.00564666666666,64.29232,,,0,0,0.1962,Medium,267993
KE011,Isiolo,2015-01,76.95159333333334,72.02619,,,0,0,0.1962,Medium,267993
KE011,Isiolo,2015-02,97.31887333333333,82.17669,,,0,0,0.1962,Medium,267993
KE011,Isiolo,2015-03,87.577961,44.696083,,,0,0,0.1962,Medium,267993
KE011,Isiolo,2015-04,124.79757000000001,103.74366,,,0,0,0.1962,Medium,267993
KE011,Isiolo,2015-05,95.10972,86.01013,,,0,0,0.1962,Medium,267993
KE011,Isiolo,2015-06,96.96778033333334,95.21105,,,1,3,0.1962,Medium,267993
KE011,Isiolo,2015-07,100.03185,97.07503,,,0,0,0.1962,Medium,267993
KE011,Isiolo,2015-08,97.12334666666668,95.07394,,,0,0,0.1962,Medium,267993
KE011,Isiolo,2015-09,97.32226333333334,92.07348,,,0,0,0.1962,Medium,267993
KE011,Isiolo,2015-10,117.49503666666665,48.52973,,,0,0,0.1962,Medium,267993
KE011,Isiolo,2015-11,127.41483,114.36516,,,0,0,0.1962,Medium,267993
KE011,Isiolo,2015-12,110.57339200000001,41.842686,,,0,0,0.1962,Medium,267993
KE011,Isiolo,2016-01,127.77990466666665,107.095314,,,1,3,0.1962,Medium,267993
KE011,Isiolo,2016-02,102.49240666666667,95.27694,,,0,0,0.1962,Medium,267993
KE011,Isiolo,2016-03,54.95847733333333,31.772205,,,1,1,0.1962,Medium,267993
KE011,Isiolo,2016-04,89.94078133333335,52.22911,,,0,0,0.1962,Medium,267993
KE011,Isiolo,2016-05,121.94987333333334,82.82147,,,0,0,0.1962,Medium,267993
KE011,Isiolo,2016-06,99.37191333333332,96.04222,,,0,0,0.1962,Medium,267993
KE011,Isiolo,2016-07,96.61086499999999,96.261375,,,0,0,0.1962,Medium,267993
KE011,Isiolo,2016-08,96.55637133333333,95.89335,,,1,1,0.1962,Medium,267993
KE011,Isiolo,2016-09,98.53318,95.70623,,,0,0,0.1962,Medium,267993
KE011,Isiolo,2016-10,53.584011000000004,32.010235,,,1,4,0.1962,Medium,267993
KE011,Isiolo,2016-11,107.06208333333332,63.18252,,,0,0,0.1962,Medium,267993
KE011,Isiolo,2016-12,65.134441,46.17542,,,0,0,0.1962,Medium,267993
KE011,Isiolo,2017-01,73.33429666666667,69.06637,,,0,0,0.1962,Medium,267993
KE011,Isiolo,2017-02,111.67297666666667,96.60133,,,2,1,0.1962,Medium,267993
KE011,Isiolo,2017-03,44.51392166666667,31.236992,,,2,15,0.1962,Medium,267993
KE011,Isiolo,2017-04,46.224831333333334,30.918917,,,1,1,0.1962,Medium,267993
KE011,Isiolo,2017-05,115.97339666666666,91.066925,,,1,10,0.1962,Medium,267993
KE011,Isiolo,2017-06,96.00778666666668,93.13312,,,0,0,0.1962,Medium,267993
KE011,Isiolo,2017-07,98.57596333333333,97.11109,,,0,0,0.1962,Medium,267993
KE011,Isiolo,2017-08,102.17933333333333,99.40271,,,1,3,0.1962,Medium,267993
KE011,Isiolo,2017-09,99.35443533333334,98.121826,,,0,0,0.1962,Medium,267993
KE011,Isiolo,2017-10,101.87115466666667,81.25041,,,0,0,0.1962,Medium,267993
KE011,Isiolo,2017-11,80.21793533333333,40.572346,,,4,17,0.1962,Medium,267993
KE011,Isiolo,2017-12,43.90631666666667,35.379967,,,0,0,0.1962,Medium,267993
KE011,Isiolo,2018-01,69.61656833333333,61.946495,,,0,0,0.1962,Medium,267993
KE011,Isiolo,2018-02,84.62814133333333,81.82318,,,2,2,0.1962,Medium,267993
KE011,Isiolo,2018-03,324.6908133333333,183.43758,,,4,8,0.1962,Medium,267993
KE011,Isiolo,2018-04,205.79831000000001,131.36113,,,0,0,0.1962,Medium,267993
KE011,Isiolo,2018-05,108.38454533333334,78.19963,,,2,2,0.1962,Medium,267993
KE011,Isiolo,2018-06,121.21039333333333,103.98729,,,0,0,0.1962,Medium,267993
KE011,Isiolo,2018-07,102.49521066666667,98.180756,,,0,0,0.1962,Medium,267993
KE011,Isiolo,2018-08,97.92409466666668,96.45765,,,0,0,0.1962,Medium,267993
KE011,Isiolo,2018-09,103.31085333333333,99.98956,,,0,0,0.1962,Medium,267993
KE011,Isiolo,2018-10,66.35943,56.586193,,,1,1,0.1962,Medium,267993
KE011,Isiolo,2018-11,56.116887999999996,49.025856,,,0,0,0.1962,Medium,267993
KE011,Isiolo,2018-12,180.28569666666667,86.08262,,,0,0,0.1962,Medium,267993
KE011,Isiolo,2019-01,100.53878666666667,84.67577,,,0,0,0.1962,Medium,267993
KE011,Isiolo,2019-02,99.83821499999999,86.18225,,,0,0,0.1962,Medium,267993
KE011,Isiolo,2019-03,53.48091133333333,33.905094,,,0,0,0.1962,Medium,267993
KE011,Isiolo,2019-04,73.32842733333332,18.826698,,,2,4,0.1962,Medium,267993
KE011,Isiolo,2019-05,102.20791966666667,64.57136,,,0,0,0.1962,Medium,267993
KE011,Isiolo,2019-06,109.16931133333333,99.3804,,,1,1,0.1962,Medium,267993
KE011,Isiolo,2019-07,98.51501666666667,96.54406,,,0,0,0.1962,Medium,267993
KE011,Isiolo,2019-08,98.91072000000001,98.12602,,,2,6,0.1962,Medium,267993
KE011,Isiolo,2019-09,104.28441500000001,100.01364,,,3,11,0.1962,Medium,267993
KE011,Isiolo,2019-10,260.6358933333333,231.59444,,,0,0,0.1962,Medium,267993
KE011,Isiolo,2019-11,207.65778333333333,179.52596,,,1,2,0.1962,Medium,267993
KE011,Isiolo,2019-12,157.08163666666667,125.6354,,,0,0,0.1962,Medium,267993
KE011,Isiolo,2020-01,186.34222,130.02237,,,0,0,0.1962,Medium,267993
KE011,Isiolo,2020-02,124.47744666666667,92.75707,,,0,0,0.1962,Medium,267993
KE011,Isiolo,2020-03,148.30671866666668,101.219986,,,0,0,0.1962,Medium,267993
KE011,Isiolo,2020-04,188.85463833333333,41.133835,,,0,0,0.1962,Medium,267993
KE011,Isiolo,2020-05,95.15969666666666,89.68785,,,0,0,0.1962,Medium,267993
KE011,Isiolo,2020-06,110.68611499999999,105.2482,,,0,0,0.1962,Medium,267993
KE011,Isiolo,2020-07,100.71403666666667,99.47426,,,0,0,0.1962,Medium,267993
KE011,Isiolo,2020-08,107.00951333333335,99.65821,,,0,0,0.1962,Medium,267993
KE011,Isiolo,2020-09,101.40785366666667,99.98956,,,0,0,0.1962,Medium,267993
KE011,Isiolo,2020-10,98.36285099999999,59.668003,,,2,0,0.1962,Medium,267993
KE011,Isiolo,2020-11,60.671793666666666,32.448845,,,2,8,0.1962,Medium,267993
KE011,Isiolo,2020-12,84.45236266666667,39.309998,,,1,4,0.1962,Medium,267993
KE011,Isiolo,2021-01,88.800342,76.38905,,,3,8,0.1962,Medium,267993
KE011,Isiolo,2021-02,97.35474333333333,89.15106,,,1,1,0.1962,Medium,267993
KE011,Isiolo,2021-03,60.996658,51.758904,,,0,0,0.1962,Medium,267993
KE011,Isiolo,2021-04,57.066102666666666,35.39334,,,1,1,0.1962,Medium,267993
KE011,Isiolo,2021-05,128.680468,94.888054,,,1,1,0.1962,Medium,267993
KE011,Isiolo,2021-06,96.20978666666667,93.07078,,,3,9,0.1962,Medium,267993
KE011,Isiolo,2021-07,98.10016466666667,97.846954,,,3,5,0.1962,Medium,267993
KE011,Isiolo,2021-08,96.85554033333334,95.995605,,,0,0,0.1962,Medium,267993
KE011,Isiolo,2021-09,99.06730666666665,97.26046,,,2,8,0.1962,Medium,267993
KE011,Isiolo,2021-10,65.228505,45.66602,,,1,5,0.1962,Medium,267993
KE011,Isiolo,2021-11,69.69319333333333,34.99271,,,1,0,0.1962,Medium,267993
KE011,Isiolo,2021-12,188.60385,69.72648,,,2,8,0.1962,Medium,267993
KE011,Isiolo,2022-01,109.08816,91.24751,,,2,2,0.1962,Medium,267993
KE011,Isiolo,2022-02,93.45983,78.78197,,,4,14,0.1962,Medium,267993
KE011,Isiolo,2022-03,53.152202666666675,44.78854,,,5,3,0.1962,Medium,267993
KE011,Isiolo,2022-04,76.635157,23.454031,,,2,11,0.1962,Medium,267993
KE011,Isiolo,2022-05,94.449793,85.8086,,,5,2,0.1962,Medium,267993
KE011,Isiolo,2022-06,96.26362333333333,93.25779,,,4,12,0.1962,Medium,267993
KE011,Isiolo,2022-07,100.43934999999999,97.63832,,,0,0,0.1962,Medium,267993
KE011,Isiolo,2022-08,100.73116466666666,98.041534,,,1,2,0.1962,Medium,267993
KE011,Isiolo,2022-09,99.61295533333333,98.60869,,,1,1,0.1962,Medium,267993
KE011,Isiolo,2022-10,57.925356666666666,44.49383,,,1,2,0.1962,Medium,267993
KE011,Isiolo,2022-11,90.88556999999999,73.40001,,,0,0,0.1962,Medium,267993
KE011,Isiolo,2022-12,90.610052,75.582146,,,2,2,0.1962,Medium,267993
KE011,Isiolo,2023-01,90.57346333333334,82.9036,,,3,6,0.1962,Medium,267993
KE011,Isiolo,2023-02,82.72320466666667,80.21568,,,2,5,0.1962,Medium,267993
KE011,Isiolo,2023-03,158.43584,56.4904,,,2,2,0.1962,Medium,267993
KE011,Isiolo,2023-04,227.64960333333337,78.41719,,,1,1,0.1962,Medium,267993
KE011,Isiolo,2023-05,92.20263166666666,81.18061,,,2,3,0.1962,Medium,267993
KE011,Isiolo,2023-06,101.88409,100.64099,,,0,0,0.1962,Medium,267993
KE011,Isiolo,2023-07,103.37472833333334,100.42777,,,0,0,0.1962,Medium,267993
KE011,Isiolo,2023-08,98.77920533333334,96.978516,,,0,0,0.1962,Medium,267993
KE011,Isiolo,2023-09,100.44497,99.90375,,,4,5,0.1962,Medium,267993
KE011,Isiolo,2023-10,119.93756,84.01428,,,1,1,0.1962,Medium,267993
KE011,Isiolo,2023-11,233.79719,205.73926,,,5,6,0.1962,Medium,267993
KE011,Isiolo,2023-12,68.52464733333333,39.256626,198.42857142857142,102.77777777777777,2,1,0.1962,Medium,267993
KE011,Isiolo,2024-01,109.05067333333334,77.36141,,,1,1,0.1962,Medium,267993
KE011,Isiolo,2024-02,151.07854666666665,110.22235,,,1,3,0.1962,Medium,267993
KE011,Isiolo,2024-03,48.40076200000001,41.717667,173.28571428571428,84.8,1,1,0.1962,Medium,267993
KE011,Isiolo,2024-04,163.00050566666667,38.539757,,,0,0,0.1962,Medium,267993
KE011,Isiolo,2024-05,150.07076333333333,97.91768,,,0,0,0.1962,Medium,267993
KE011,Isiolo,2024-06,95.98217,92.59285,160.41666666666666,85.42857142857143,1,0,0.1962,Medium,267993
KE011,Isiolo,2024-07,101.85781666666666,99.73124,,,0,0,0.1962,Medium,267993
KE011,Isiolo,2024-08,102.18831,97.86436,,,1,1,0.1962,Medium,267993
KE011,Isiolo,2024-09,97.54697,92.7476,135.14285714285714,81.27272727272727,2,3,0.1962,Medium,267993
KE011,Isiolo,2024-10,63.07371933333334,37.124355,,,2,3,0.1962,Medium,267993
KE011,Isiolo,2024-11,129.65596000000002,100.55061,,,0,0,0.1962,Medium,267993
KE011,Isiolo,2024-12,46.284546,34.142735,,,1,0,0.1962,Medium,267993
KE011,Isiolo,2025-01,76.19261566666667,61.561947,,,4,1,0.1962,Medium,267993
KE011,Isiolo,2025-02,85.15512,78.43368,,,5,2,0.1962,Medium,267993
KE011,Isiolo,2025-03,174.86504,119.03822,,,2,0,0.1962,Medium,267993
KE011,Isiolo,2025-04,115.07663000000001,38.36977,,,0,0,0.1962,Medium,267993
KE011,Isiolo,2025-05,112.20719166666667,80.367805,,,1,3,0.1962,Medium,267993
KE011,Isiolo,2025-06,97.94051133333335,96.10456,,116.0,2,2,0.1962,Medium,267993
KE011,Isiolo,2025-07,97.19691866666666,93.86214,,,1,1,0.1962,Medium,267993
KE011,Isiolo,2025-08,104.74171000000001,100.72123,,,0,0,0.1962,Medium,267993
KE011,Isiolo,2025-09,99.848415,99.507515,,,2,1,0.1962,Medium,267993
KE011,Isiolo,2025-10,95.634949,55.731697,,,3,2,0.1962,Medium,267993
KE011,Isiolo,2025-11,45.84220533333333,40.752403,,,3,10,0.1962,Medium,267993
KE011,Isiolo,2025-12,70.844901,43.807693,111.5,80.66666666666667,6,6,0.1962,Medium,267993
KE034,Kajiado,2006-01,45.102715666666676,38.899303,,,0,0,0.1108,Low,1117802
KE034,Kajiado,2006-02,92.98026566666665,34.69631,,,0,0,0.1108,Low,1117802
KE034,Kajiado,2006-03,133.33373033333334,55.152935,,,0,0,0.1108,Low,1117802
KE034,Kajiado,2006-04,128.20865666666666,107.82212,,,0,0,0.1108,Low,1117802
KE034,Kajiado,2006-05,92.36986866666666,65.44382,,,0,0,0.1108,Low,1117802
KE034,Kajiado,2006-06,84.95370333333334,72.94868,,,0,0,0.1108,Low,1117802
KE034,Kajiado,2006-07,96.51265166666667,95.184105,,,0,0,0.1108,Low,1117802
KE034,Kajiado,2006-08,101.46899666666667,94.85981,,,0,0,0.1108,Low,1117802
KE034,Kajiado,2006-09,101.85181,97.31915,,,0,0,0.1108,Low,1117802
KE034,Kajiado,2006-10,104.326422,90.15867,,,0,0,0.1108,Low,1117802
KE034,Kajiado,2006-11,177.37201333333334,110.74878,,,0,0,0.1108,Low,1117802
KE034,Kajiado,2006-12,194.339622,68.058876,,,0,0,0.1108,Low,1117802
KE034,Kajiado,2007-01,83.196252,67.71215,,,0,0,0.1108,Low,1117802
KE034,Kajiado,2007-02,154.18133,102.44616,,,0,0,0.1108,Low,1117802
KE034,Kajiado,2007-03,55.632686666666665,36.36333,,,0,0,0.1108,Low,1117802
KE034,Kajiado,2007-04,89.54816333333333,48.60738,,,0,0,0.1108,Low,1117802
KE034,Kajiado,2007-05,75.22761733333333,41.656662,,,0,0,0.1108,Low,1117802
KE034,Kajiado,2007-06,96.85362966666666,96.007904,,,0,0,0.1108,Low,1117802
KE034,Kajiado,2007-07,105.47224666666666,99.72053,,,0,0,0.1108,Low,1117802
KE034,Kajiado,2007-08,103.749912,96.90345,,,0,0,0.1108,Low,1117802
KE034,Kajiado,2007-09,104.71582666666666,92.96263,,,0,0,0.1108,Low,1117802
KE034,Kajiado,2007-10,77.57301166666666,69.51982,,,0,0,0.1108,Low,1117802
KE034,Kajiado,2007-11,65.45678333333333,53.88949,,,0,0,0.1108,Low,1117802
KE034,Kajiado,2007-12,79.25626433333333,62.499283,,,0,0,0.1108,Low,1117802
KE034,Kajiado,2008-01,89.48611433333333,37.405113,,,0,0,0.1108,Low,1117802
KE034,Kajiado,2008-02,89.798781,56.842358,,,1,14,0.1108,Low,1117802
KE034,Kajiado,2008-03,180.75624333333334,59.09032,,,0,0,0.1108,Low,1117802
KE034,Kajiado,2008-04,65.06668166666667,38.210575,,,0,0,0.1108,Low,1117802
KE034,Kajiado,2008-05,63.89338633333333,37.350525,,,0,0,0.1108,Low,1117802
KE034,Kajiado,2008-06,91.67592333333334,83.90264,,,0,0,0.1108,Low,1117802
KE034,Kajiado,2008-07,103.04780866666665,100.22865,,,0,0,0.1108,Low,1117802
KE034,Kajiado,2008-08,90.13857666666667,88.43042,,,1,3,0.1108,Low,1117802
KE034,Kajiado,2008-09,104.31647666666667,98.045135,,,0,0,0.1108,Low,1117802
KE034,Kajiado,2008-10,115.34743866666668,90.43876,,,0,0,0.1108,Low,1117802
KE034,Kajiado,2008-11,83.41257633333333,50.269012,,,0,0,0.1108,Low,1117802
KE034,Kajiado,2008-12,33.639697000000005,25.843445,,,0,0,0.1108,Low,1117802
KE034,Kajiado,2009-01,67.80219166666667,40.21065,,,0,0,0.1108,Low,1117802
KE034,Kajiado,2009-02,79.361299,39.692772,,,1,0,0.1108,Low,1117802
KE034,Kajiado,2009-03,37.943054,36.833168,,,0,0,0.1108,Low,1117802
KE034,Kajiado,2009-04,64.90198633333334,53.404163,,,0,0,0.1108,Low,1117802
KE034,Kajiado,2009-05,102.23478833333333,61.69068,,,1,0,0.1108,Low,1117802
KE034,Kajiado,2009-06,106.60702333333332,95.59197,,,0,0,0.1108,Low,1117802
KE034,Kajiado,2009-07,96.74372833333332,95.99158,,,0,0,0.1108,Low,1117802
KE034,Kajiado,2009-08,90.58618799999999,88.342834,,,0,0,0.1108,Low,1117802
KE034,Kajiado,2009-09,91.58207800000001,84.25539,,,0,0,0.1108,Low,1117802
KE034,Kajiado,2009-10,123.73178499999999,103.719795,,,1,0,0.1108,Low,1117802
KE034,Kajiado,2009-11,79.790981,51.784283,,,1,0,0.1108,Low,1117802
KE034,Kajiado,2009-12,162.02026666666669,76.73099,,,3,5,0.1108,Low,1117802
KE034,Kajiado,2010-01,127.45253333333334,41.10885,,,0,0,0.1108,Low,1117802
KE034,Kajiado,2010-02,145.67407466666666,91.38078,,,0,0,0.1108,Low,1117802
KE034,Kajiado,2010-03,149.23575666666667,39.88444,,,0,0,0.1108,Low,1117802
KE034,Kajiado,2010-04,73.48545333333333,63.658375,,,0,0,0.1108,Low,1117802
KE034,Kajiado,2010-05,134.14562833333335,78.17457,,,0,0,0.1108,Low,1117802
KE034,Kajiado,2010-06,100.558698,93.02122,,,1,2,0.1108,Low,1117802
KE034,Kajiado,2010-07,96.30295066666667,95.746506,,,0,0,0.1108,Low,1117802
KE034,Kajiado,2010-08,94.57281666666667,91.42657,,,0,0,0.1108,Low,1117802
KE034,Kajiado,2010-09,99.53660666666667,98.859314,,,0,0,0.1108,Low,1117802
KE034,Kajiado,2010-10,93.52853,87.17108,,,0,0,0.1108,Low,1117802
KE034,Kajiado,2010-11,74.23471133333334,55.33444,,,0,0,0.1108,Low,1117802
KE034,Kajiado,2010-12,84.77028666666668,34.133785,,,0,0,0.1108,Low,1117802
KE034,Kajiado,2011-01,44.313673333333334,38.193188,,,0,0,0.1108,Low,1117802
KE034,Kajiado,2011-02,118.37137233333334,53.146587,,,0,0,0.1108,Low,1117802
KE034,Kajiado,2011-03,96.84105333333332,36.7364,,,1,0,0.1108,Low,1117802
KE034,Kajiado,2011-04,33.96085433333334,24.81736,,,0,0,0.1108,Low,1117802
KE034,Kajiado,2011-05,76.56193133333333,65.373634,,,0,0,0.1108,Low,1117802
KE034,Kajiado,2011-06,109.96859333333333,88.40366,,,0,0,0.1108,Low,1117802
KE034,Kajiado,2011-07,100.09609466666666,95.615234,,,2,4,0.1108,Low,1117802
KE034,Kajiado,2011-08,107.29672333333333,95.1957,,,0,0,0.1108,Low,1117802
KE034,Kajiado,2011-09,102.38684,100.54387,,,0,0,0.1108,Low,1117802
KE034,Kajiado,2011-10,178.42828333333333,116.74801,,,0,0,0.1108,Low,1117802
KE034,Kajiado,2011-11,134.58275333333333,89.69849,,,0,0,0.1108,Low,1117802
KE034,Kajiado,2011-12,82.94385466666667,42.39125,,,0,0,0.1108,Low,1117802
KE034,Kajiado,2012-01,45.14154566666667,37.808605,,,0,0,0.1108,Low,1117802
KE034,Kajiado,2012-02,74.39672333333334,35.310017,,,0,0,0.1108,Low,1117802
KE034,Kajiado,2012-03,58.321989333333335,24.11609,,,0,0,0.1108,Low,1117802
KE034,Kajiado,2012-04,186.724385,100.833115,,,0,0,0.1108,Low,1117802
KE034,Kajiado,2012-05,120.95275666666667,94.351105,,,0,0,0.1108,Low,1117802
KE034,Kajiado,2012-06,105.79676666666667,88.36436,,,0,0,0.1108,Low,1117802
KE034,Kajiado,2012-07,97.93889166666666,96.84929,,,0,0,0.1108,Low,1117802
KE034,Kajiado,2012-08,105.33107333333334,104.1723,,,0,0,0.1108,Low,1117802
KE034,Kajiado,2012-09,96.51988666666666,93.32435,,,0,0,0.1108,Low,1117802
KE034,Kajiado,2012-10,118.92662666666666,103.46667,,,0,0,0.1108,Low,1117802
KE034,Kajiado,2012-11,117.610171,56.434113,,,0,0,0.1108,Low,1117802
KE034,Kajiado,2012-12,129.10769666666667,78.74447,,,0,0,0.1108,Low,1117802
KE034,Kajiado,2013-01,81.57762966666667,34.727192,,,0,0,0.1108,Low,1117802
KE034,Kajiado,2013-02,57.198207333333336,32.080288,,,1,1,0.1108,Low,1117802
KE034,Kajiado,2013-03,142.94006666666667,72.39313,,,0,0,0.1108,Low,1117802
KE034,Kajiado,2013-04,157.03637666666665,72.75771,,,0,0,0.1108,Low,1117802
KE034,Kajiado,2013-05,58.049662000000005,43.8838,,,1,0,0.1108,Low,1117802
KE034,Kajiado,2013-06,96.07742333333333,73.808105,,,0,0,0.1108,Low,1117802
KE034,Kajiado,2013-07,96.90064666666667,95.82002,,,0,0,0.1108,Low,1117802
KE034,Kajiado,2013-08,98.52036666666667,94.62646,,,0,0,0.1108,Low,1117802
KE034,Kajiado,2013-09,115.97474333333332,98.46547,,,0,0,0.1108,Low,1117802
KE034,Kajiado,2013-10,83.41584999999999,54.64647,,,0,0,0.1108,Low,1117802
KE034,Kajiado,2013-11,83.319375,52.27704,,,0,0,0.1108,Low,1117802
KE034,Kajiado,2013-12,145.12581466666668,30.813944,,,0,0,0.1108,Low,1117802
KE034,Kajiado,2014-01,40.608808,34.000637,,,0,0,0.1108,Low,1117802
KE034,Kajiado,2014-02,155.57901666666666,53.27226,,,0,0,0.1108,Low,1117802
KE034,Kajiado,2014-03,122.62319466666668,30.648474,,,0,0,0.1108,Low,1117802
KE034,Kajiado,2014-04,47.62688433333333,31.411993,,,0,0,0.1108,Low,1117802
KE034,Kajiado,2014-05,64.66638999999999,56.01046,,,0,0,0.1108,Low,1117802
KE034,Kajiado,2014-06,113.18003333333333,107.71238,,,1,2,0.1108,Low,1117802
KE034,Kajiado,2014-07,97.34649333333334,96.16312,,,0,0,0.1108,Low,1117802
KE034,Kajiado,2014-08,101.76520333333333,93.10305,,,0,0,0.1108,Low,1117802
KE034,Kajiado,2014-09,102.94581666666666,98.02544,,,0,0,0.1108,Low,1117802
KE034,Kajiado,2014-10,104.50634000000001,70.43848,,,0,0,0.1108,Low,1117802
KE034,Kajiado,2014-11,93.86366666666667,78.35053,,,0,0,0.1108,Low,1117802
KE034,Kajiado,2014-12,103.18218766666666,52.953373,,,0,0,0.1108,Low,1117802
KE034,Kajiado,2015-01,35.88058266666667,33.40801,87.3,41.1,0,0,0.1108,Low,1117802
KE034,Kajiado,2015-02,85.01372400000001,46.004906,81.9,40.2,0,0,0.1108,Low,1117802
KE034,Kajiado,2015-03,59.60012866666667,35.950836,82.2,41.5,0,0,0.1108,Low,1117802
KE034,Kajiado,2015-04,146.72206,134.90411,85.0,41.0,0,0,0.1108,Low,1117802
KE034,Kajiado,2015-05,117.49710466666666,91.56408,90.0,44.0,0,0,0.1108,Low,1117802
KE034,Kajiado,2015-06,98.83541833333334,93.136925,95.0,50.0,0,0,0.1108,Low,1117802
KE034,Kajiado,2015-07,104.33555133333334,100.76219,96.0,50.0,0,0,0.1108,Low,1117802
KE034,Kajiado,2015-08,94.47438333333334,91.977264,91.0,46.0,0,0,0.1108,Low,1117802
KE034,Kajiado,2015-09,93.948108,89.2,94.0,48.0,0,0,0.1108,Low,1117802
KE034,Kajiado,2015-10,104.52468533333332,98.83083,96.0,50.0,0,0,0.1108,Low,1117802
KE034,Kajiado,2015-11,151.25672,110.81786,96.67,51.25,0,0,0.1108,Low,1117802
KE034,Kajiado,2015-12,126.01442666666668,36.84747,91.07,48.33,0,0,0.1108,Low,1117802
KE034,Kajiado,2016-01,170.161485,59.565735,73.0,48.0,0,0,0.1108,Low,1117802
KE034,Kajiado,2016-02,76.09042366666667,50.497787,73.0,47.5,0,0,0.1108,Low,1117802
KE034,Kajiado,2016-03,64.08261466666667,25.951284,79.17,48.33,0,0,0.1108,Low,1117802
KE034,Kajiado,2016-04,119.97864,99.40602,,,0,0,0.1108,Low,1117802
KE034,Kajiado,2016-05,98.22553,82.83086,83.0,47.0,0,0,0.1108,Low,1117802
KE034,Kajiado,2016-06,100.03308666666668,96.12388,80.0,45.0,0,0,0.1108,Low,1117802
KE034,Kajiado,2016-07,95.22187333333333,94.12908,80.0,44.0,0,0,0.1108,Low,1117802
KE034,Kajiado,2016-08,98.91607499999999,95.84073,83.0,44.0,0,0,0.1108,Low,1117802
KE034,Kajiado,2016-09,95.29458166666666,93.435425,87.0,43.0,0,0,0.1108,Low,1117802
KE034,Kajiado,2016-10,86.39289500000001,70.97217,92.0,46.0,0,0,0.1108,Low,1117802
KE034,Kajiado,2016-11,115.42725,76.22761,94.0,48.0,0,0,0.1108,Low,1117802
KE034,Kajiado,2016-12,45.769405,35.6656,94.0,48.0,0,0,0.1108,Low,1117802
KE034,Kajiado,2017-01,55.951327666666664,41.174107,91.0,48.0,0,0,0.1108,Low,1117802
KE034,Kajiado,2017-02,83.06139,57.52346,97.0,52.0,0,0,0.1108,Low,1117802
KE034,Kajiado,2017-03,46.20124833333333,42.197598,91.1,54.4,0,0,0.1108,Low,1117802
KE034,Kajiado,2017-04,61.879784666666666,45.238304,130.0,65.0,0,0,0.1108,Low,1117802
KE034,Kajiado,2017-05,82.95591133333333,70.511024,120.0,65.0,0,0,0.1108,Low,1117802
KE034,Kajiado,2017-06,94.71068666666667,82.25663,125.0,65.0,0,0,0.1108,Low,1117802
KE034,Kajiado,2017-07,108.27018166666666,106.321655,120.0,65.0,0,0,0.1108,Low,1117802
KE034,Kajiado,2017-08,108.567695,103.79959,130.0,68.0,0,0,0.1108,Low,1117802
KE034,Kajiado,2017-09,103.85531666666667,94.87349,135.0,70.0,0,0,0.1108,Low,1117802
KE034,Kajiado,2017-10,99.96245666666665,75.1855,139.0,73.0,0,0,0.1108,Low,1117802
KE034,Kajiado,2017-11,98.15805033333334,69.30976,140.0,75.0,0,0,0.1108,Low,1117802
KE034,Kajiado,2017-12,40.76149733333333,31.40405,120.0,60.0,0,0,0.1108,Low,1117802
KE034,Kajiado,2018-01,122.33109333333334,52.54755,119.0,60.0,0,0,0.1108,Low,1117802
KE034,Kajiado,2018-02,68.80295566666668,50.008057,100.0,60.0,0,0,0.1108,Low,1117802
KE034,Kajiado,2018-03,261.61845666666665,37.92104,95.0,55.0,0,0,0.1108,Low,1117802
KE034,Kajiado,2018-04,213.70272333333332,102.78456,100.0,50.0,0,0,0.1108,Low,1117802
KE034,Kajiado,2018-05,152.14280666666664,113.09099,80.0,45.0,0,0,0.1108,Low,1117802
KE034,Kajiado,2018-06,113.86567500000001,111.84836,80.0,45.0,0,0,0.1108,Low,1117802
KE034,Kajiado,2018-07,106.56300333333333,104.2937,77.0,43.0,0,0,0.1108,Low,1117802
KE034,Kajiado,2018-08,109.98115666666666,101.28769,72.0,40.0,0,0,0.1108,Low,1117802
KE034,Kajiado,2018-09,104.24339200000001,100.712326,71.0,40.0,0,0,0.1108,Low,1117802
KE034,Kajiado,2018-10,99.61245333333333,79.791,75.0,45.0,0,0,0.1108,Low,1117802
KE034,Kajiado,2018-11,75.09667499999999,65.23704,78.0,45.0,0,0,0.1108,Low,1117802
KE034,Kajiado,2018-12,180.49809666666667,57.43292,84.0,48.0,0,0,0.1108,Low,1117802
KE034,Kajiado,2019-01,55.92254766666667,49.062298,91.0,43.0,0,0,0.1108,Low,1117802
KE034,Kajiado,2019-02,75.39931333333332,54.45901,92.0,45.0,1,1,0.1108,Low,1117802
KE034,Kajiado,2019-03,29.415577666666668,22.113775,90.0,49.0,1,0,0.1108,Low,1117802
KE034,Kajiado,2019-04,85.04112366666666,29.787886,104.0,52.0,0,0,0.1108,Low,1117802
KE034,Kajiado,2019-05,74.231,52.23046,103.0,54.0,0,0,0.1108,Low,1117802
KE034,Kajiado,2019-06,124.04388666666667,90.23919,94.0,52.0,0,0,0.1108,Low,1117802
KE034,Kajiado,2019-07,111.63088333333333,106.97044,99.4,54.0,0,0,0.1108,Low,1117802
KE034,Kajiado,2019-08,110.23617533333334,97.02229,100.2,60.8,1,1,0.1108,Low,1117802
KE034,Kajiado,2019-09,113.74955533333333,103.696396,105.6,55.4,0,0,0.1108,Low,1117802
KE034,Kajiado,2019-10,295.17805333333337,213.40477,92.0,49.0,0,0,0.1108,Low,1117802
KE034,Kajiado,2019-11,180.82428333333334,58.62143,88.0,45.0,0,0,0.1108,Low,1117802
KE034,Kajiado,2019-12,265.1617233333333,81.90227,105.0,46.0,0,0,0.1108,Low,1117802
KE034,Kajiado,2020-01,221.80178133333334,76.676384,91.0,53.0,0,0,0.1108,Low,1117802
KE034,Kajiado,2020-02,142.67378466666665,46.350594,93.0,50.0,0,0,0.1108,Low,1117802
KE034,Kajiado,2020-03,173.239568,58.422684,100.0,47.0,0,0,0.1108,Low,1117802
KE034,Kajiado,2020-04,172.65586,61.35347,105.0,54.0,1,1,0.1108,Low,1117802
KE034,Kajiado,2020-05,81.38707733333332,54.375862,104.0,53.0,0,0,0.1108,Low,1117802
KE034,Kajiado,2020-06,109.916815,99.22652,107.0,54.0,0,0,0.1108,Low,1117802
KE034,Kajiado,2020-07,105.27628333333332,101.1134,100.0,50.0,0,0,0.1108,Low,1117802
KE034,Kajiado,2020-08,96.539242,93.61932,,,0,0,0.1108,Low,1117802
KE034,Kajiado,2020-09,111.30185999999999,95.41801,101.0,53.0,0,0,0.1108,Low,1117802
KE034,Kajiado,2020-10,79.53338633333334,78.85505,102.0,55.0,0,0,0.1108,Low,1117802
KE034,Kajiado,2020-11,107.95328666666667,84.75675,100.0,53.0,0,0,0.1108,Low,1117802
KE034,Kajiado,2020-12,79.54968000000001,44.562393,102.0,55.0,0,0,0.1108,Low,1117802
KE034,Kajiado,2021-01,91.39724666666666,44.8217,,,0,0,0.1108,Low,1117802
KE034,Kajiado,2021-02,130.3939,103.17766,,,0,0,0.1108,Low,1117802
KE034,Kajiado,2021-03,45.362647333333335,33.182156,,,0,0,0.1108,Low,1117802
KE034,Kajiado,2021-04,84.28847800000001,61.979824,,,0,0,0.1108,Low,1117802
KE034,Kajiado,2021-05,165.40471666666667,88.64047,,,3,2,0.1108,Low,1117802
KE034,Kajiado,2021-06,85.03757,71.71053,,,0,0,0.1108,Low,1117802
KE034,Kajiado,2021-07,110.65955666666666,103.31899,,,0,0,0.1108,Low,1117802
KE034,Kajiado,2021-08,100.54620999999999,92.32757,,,0,0,0.1108,Low,1117802
KE034,Kajiado,2021-09,95.77432866666668,89.062096,,,0,0,0.1108,Low,1117802
KE034,Kajiado,2021-10,81.26673866666665,60.473316,,,0,0,0.1108,Low,1117802
KE034,Kajiado,2021-11,96.62781133333333,65.662384,,,0,0,0.1108,Low,1117802
KE034,Kajiado,2021-12,110.40953333333334,82.180664,,,0,0,0.1108,Low,1117802
KE034,Kajiado,2022-01,79.970355,32.386665,,,0,0,0.1108,Low,1117802
KE034,Kajiado,2022-02,145.37726166666667,95.788345,,,0,0,0.1108,Low,1117802
KE034,Kajiado,2022-03,41.47187266666666,30.412048,,,0,0,0.1108,Low,1117802
KE034,Kajiado,2022-04,86.73499600000001,29.593998,,,0,0,0.1108,Low,1117802
KE034,Kajiado,2022-05,73.60550733333334,41.748608,,,0,0,0.1108,Low,1117802
KE034,Kajiado,2022-06,85.55836333333333,71.65227,,,0,0,0.1108,Low,1117802
KE034,Kajiado,2022-07,98.231395,95.59946,,,0,0,0.1108,Low,1117802
KE034,Kajiado,2022-08,92.87985333333334,91.298546,,,0,0,0.1108,Low,1117802
KE034,Kajiado,2022-09,96.25797166666666,90.16528,,,0,0,0.1108,Low,1117802
KE034,Kajiado,2022-10,81.91700333333334,76.09543,,,1,1,0.1108,Low,1117802
KE034,Kajiado,2022-11,105.33878133333333,68.931854,,,0,0,0.1108,Low,1117802
KE034,Kajiado,2022-12,73.91411666666666,68.12772,,,0,0,0.1108,Low,1117802
KE034,Kajiado,2023-01,54.895176666666664,40.48243,,,1,0,0.1108,Low,1117802
KE034,Kajiado,2023-02,41.90883566666667,31.466583,,,0,0,0.1108,Low,1117802
KE034,Kajiado,2023-03,83.86205633333333,27.835024,,,0,0,0.1108,Low,1117802
KE034,Kajiado,2023-04,105.73103666666667,53.79445,,,0,0,0.1108,Low,1117802
KE034,Kajiado,2023-05,72.47820666666667,57.81904,,,0,0,0.1108,Low,1117802
KE034,Kajiado,2023-06,92.310562,79.57641,,,1,0,0.1108,Low,1117802
KE034,Kajiado,2023-07,96.045045,95.13385,,,2,0,0.1108,Low,1117802
KE034,Kajiado,2023-08,90.93789600000001,89.5539,,,0,0,0.1108,Low,1117802
KE034,Kajiado,2023-09,110.98008333333333,103.63983,,,1,0,0.1108,Low,1117802
KE034,Kajiado,2023-10,112.58135333333333,81.61099,,,1,0,0.1108,Low,1117802
KE034,Kajiado,2023-11,218.6138566666667,136.6964,,,1,0,0.1108,Low,1117802
KE034,Kajiado,2023-12,76.74598,51.56398,,,0,0,0.1108,Low,1117802
KE034,Kajiado,2024-01,210.4819,71.53768,,,0,0,0.1108,Low,1117802
KE034,Kajiado,2024-02,137.21819666666667,52.85344,,,0,0,0.1108,Low,1117802
KE034,Kajiado,2024-03,116.79821499999998,58.253635,,,1,1,0.1108,Low,1117802
KE034,Kajiado,2024-04,216.32224199999996,124.164856,,,0,0,0.1108,Low,1117802
KE034,Kajiado,2024-05,210.77428,119.29395,,,0,0,0.1108,Low,1117802
KE034,Kajiado,2024-06,111.142035,99.943,,,1,0,0.1108,Low,1117802
KE034,Kajiado,2024-07,118.17817133333334,102.10874,,,0,0,0.1108,Low,1117802
KE034,Kajiado,2024-08,90.53930666666668,88.82451,,,1,0,0.1108,Low,1117802
KE034,Kajiado,2024-09,110.34826500000001,96.84294,,,1,0,0.1108,Low,1117802
KE034,Kajiado,2024-10,67.09041733333333,55.678852,,,1,0,0.1108,Low,1117802
KE034,Kajiado,2024-11,181.4535,91.85139,,,0,0,0.1108,Low,1117802
KE034,Kajiado,2024-12,107.00183666666668,83.49266,,,1,0,0.1108,Low,1117802
KE034,Kajiado,2025-01,148.57558433333332,42.23771,,,0,0,0.1108,Low,1117802
KE034,Kajiado,2025-02,40.278027,30.022192,,,0,0,0.1108,Low,1117802
KE034,Kajiado,2025-03,192.93720333333331,139.12389,,,0,0,0.1108,Low,1117802
KE034,Kajiado,2025-04,109.67474833333334,91.548355,,,0,0,0.1108,Low,1117802
KE034,Kajiado,2025-05,115.28163,85.55594,,,0,0,0.1108,Low,1117802
KE034,Kajiado,2025-06,102.95796333333334,78.1052,,,0,0,0.1108,Low,1117802
KE034,Kajiado,2025-07,97.69464666666666,95.13385,,,0,0,0.1108,Low,1117802
KE034,Kajiado,2025-08,111.81225166666667,101.32606,,,0,0,0.1108,Low,1117802
KE034,Kajiado,2025-09,99.64099333333333,98.58655,,,0,0,0.1108,Low,1117802
KE034,Kajiado,2025-10,132.87982133333333,70.292854,,,1,1,0.1108,Low,1117802
KE034,Kajiado,2025-11,44.029002999999996,34.40052,,,0,0,0.1108,Low,1117802
KE034,Kajiado,2025-12,127.54173666666667,33.18155,,,1,0,0.1108,Low,1117802
KE037,Kakamega,2006-01,68.26732677777778,29.094055,,,0,0,0.096,Low,1867539
KE037,Kakamega,2006-02,118.5397408888889,36.039864,,,0,0,0.096,Low,1867539
KE037,Kakamega,2006-03,131.08273222222223,88.05094,,,0,0,0.096,Low,1867539
KE037,Kakamega,2006-04,126.68155344444443,85.58275,,,0,0,0.096,Low,1867539
KE037,Kakamega,2006-05,88.62775755555555,54.253654,,,0,0,0.096,Low,1867539
KE037,Kakamega,2006-06,99.13099522222223,50.790375,,,0,0,0.096,Low,1867539
KE037,Kakamega,2006-07,82.37565777777779,54.742577,,,0,0,0.096,Low,1867539
KE037,Kakamega,2006-08,80.38037355555555,46.318142,,,0,0,0.096,Low,1867539
KE037,Kakamega,2006-09,122.37183911111111,89.08881,,,0,0,0.096,Low,1867539
KE037,Kakamega,2006-10,83.44092,21.819723,,,0,0,0.096,Low,1867539
KE037,Kakamega,2006-11,214.33233622222224,61.583202,,,0,0,0.096,Low,1867539
KE037,Kakamega,2006-12,194.837119,41.974655,,,0,0,0.096,Low,1867539
KE037,Kakamega,2007-01,116.65109888888888,57.56147,,,1,1,0.096,Low,1867539
KE037,Kakamega,2007-02,182.59051555555556,84.61872,,,0,0,0.096,Low,1867539
KE037,Kakamega,2007-03,84.61716022222222,21.995079,,,0,0,0.096,Low,1867539
KE037,Kakamega,2007-04,77.0955241111111,15.772621,,,0,0,0.096,Low,1867539
KE037,Kakamega,2007-05,89.43900122222222,46.215717,,,0,0,0.096,Low,1867539
KE037,Kakamega,2007-06,94.80370877777779,67.58126,,,0,0,0.096,Low,1867539
KE037,Kakamega,2007-07,142.7746717777778,77.23496,,,0,0,0.096,Low,1867539
KE037,Kakamega,2007-08,124.97787733333332,83.214,,,0,0,0.096,Low,1867539
KE037,Kakamega,2007-09,160.83145666666667,97.72314,,,0,0,0.096,Low,1867539
KE037,Kakamega,2007-10,82.51945277777777,41.52912,,,0,0,0.096,Low,1867539
KE037,Kakamega,2007-11,65.74604455555556,30.679821,,,0,0,0.096,Low,1867539
KE037,Kakamega,2007-12,61.517748,23.59709,,,0,0,0.096,Low,1867539
KE037,Kakamega,2008-01,72.56867066666666,30.853424,,,3,3,0.096,Low,1867539
KE037,Kakamega,2008-02,96.16504988888889,39.639057,,,0,0,0.096,Low,1867539
KE037,Kakamega,2008-03,92.88874544444444,33.703777,,,1,2,0.096,Low,1867539
KE037,Kakamega,2008-04,73.33785900000001,29.410604,,,0,0,0.096,Low,1867539
KE037,Kakamega,2008-05,95.79926577777778,27.517757,,,0,0,0.096,Low,1867539
KE037,Kakamega,2008-06,83.11714144444444,29.750765,,,0,0,0.096,Low,1867539
KE037,Kakamega,2008-07,146.769716,89.05838,,,0,0,0.096,Low,1867539
KE037,Kakamega,2008-08,139.76879622222225,113.437096,,,0,0,0.096,Low,1867539
KE037,Kakamega,2008-09,109.08294111111111,68.53816,,,0,0,0.096,Low,1867539
KE037,Kakamega,2008-10,127.19567944444445,67.66047,,,0,0,0.096,Low,1867539
KE037,Kakamega,2008-11,97.30764588888889,17.732224,,,0,0,0.096,Low,1867539
KE037,Kakamega,2008-12,41.44767588888889,31.352583,,,0,0,0.096,Low,1867539
KE037,Kakamega,2009-01,93.48637033333334,33.259426,,,0,0,0.096,Low,1867539
KE037,Kakamega,2009-02,56.72459855555556,26.613077,,,0,0,0.096,Low,1867539
KE037,Kakamega,2009-03,57.08572544444444,30.25592,,,0,0,0.096,Low,1867539
KE037,Kakamega,2009-04,115.12746444444444,79.30926,,,0,0,0.096,Low,1867539
KE037,Kakamega,2009-05,87.49603922222222,29.162043,,,0,0,0.096,Low,1867539
KE037,Kakamega,2009-06,66.941733,39.882095,,,0,0,0.096,Low,1867539
KE037,Kakamega,2009-07,72.8958528888889,56.488228,,,0,0,0.096,Low,1867539
KE037,Kakamega,2009-08,89.05200066666667,70.1178,,,0,0,0.096,Low,1867539
KE037,Kakamega,2009-09,127.72459333333333,68.06873,,,0,0,0.096,Low,1867539
KE037,Kakamega,2009-10,85.40784622222222,50.904827,,,0,0,0.096,Low,1867539
KE037,Kakamega,2009-11,79.8055648888889,33.10097,,,0,0,0.096,Low,1867539
KE037,Kakamega,2009-12,212.40038777777778,110.52892,,,0,0,0.096,Low,1867539
KE037,Kakamega,2010-01,113.64492233333334,31.710535,,,0,0,0.096,Low,1867539
KE037,Kakamega,2010-02,262.7768083333333,121.330345,,,0,0,0.096,Low,1867539
KE037,Kakamega,2010-03,139.75471777777776,39.58383,,,0,0,0.096,Low,1867539
KE037,Kakamega,2010-04,100.06794144444444,40.25599,,,0,0,0.096,Low,1867539
KE037,Kakamega,2010-05,125.01842111111111,82.34491,,,0,0,0.096,Low,1867539
KE037,Kakamega,2010-06,102.50602444444445,85.24673,,,0,0,0.096,Low,1867539
KE037,Kakamega,2010-07,98.22047944444444,80.17661,,,0,0,0.096,Low,1867539
KE037,Kakamega,2010-08,95.54772266666666,57.77461,,,0,0,0.096,Low,1867539
KE037,Kakamega,2010-09,116.3404778888889,53.56583,,,0,0,0.096,Low,1867539
KE037,Kakamega,2010-10,118.31669066666667,106.80797,,,0,0,0.096,Low,1867539
KE037,Kakamega,2010-11,61.121013999999995,37.39042,,,0,0,0.096,Low,1867539
KE037,Kakamega,2010-12,114.40135822222221,37.638096,,,0,0,0.096,Low,1867539
KE037,Kakamega,2011-01,62.234255555555556,29.235264,,,0,0,0.096,Low,1867539
KE037,Kakamega,2011-02,63.12190166666667,24.317724,,,0,0,0.096,Low,1867539
KE037,Kakamega,2011-03,118.80857777777777,45.16579,,,0,0,0.096,Low,1867539
KE037,Kakamega,2011-04,69.49159555555555,19.179062,,,0,0,0.096,Low,1867539
KE037,Kakamega,2011-05,93.87935022222221,50.26096,,,0,0,0.096,Low,1867539
KE037,Kakamega,2011-06,126.62483,112.07031,,,0,0,0.096,Low,1867539
KE037,Kakamega,2011-07,106.33473266666667,64.30576,,,0,0,0.096,Low,1867539
KE037,Kakamega,2011-08,154.46990333333332,91.010544,,,0,0,0.096,Low,1867539
KE037,Kakamega,2011-09,107.97098211111111,90.50995,,,0,0,0.096,Low,1867539
KE037,Kakamega,2011-10,120.21493666666667,63.87347,,,0,0,0.096,Low,1867539
KE037,Kakamega,2011-11,180.3882221111111,34.72265,,,0,0,0.096,Low,1867539
KE037,Kakamega,2011-12,90.16190944444445,34.44109,,,0,0,0.096,Low,1867539
KE037,Kakamega,2012-01,37.37556844444444,28.199682,,,0,0,0.096,Low,1867539
KE037,Kakamega,2012-02,48.09195522222222,26.537392,,,0,0,0.096,Low,1867539
KE037,Kakamega,2012-03,50.74903177777778,14.530969,,,0,0,0.096,Low,1867539
KE037,Kakamega,2012-04,135.29158877777778,71.866234,,,0,0,0.096,Low,1867539
KE037,Kakamega,2012-05,118.33207377777778,91.85585,,,0,0,0.096,Low,1867539
KE037,Kakamega,2012-06,146.79868166666668,77.77274,,,0,0,0.096,Low,1867539
KE037,Kakamega,2012-07,100.81789111111111,67.85996,,,0,0,0.096,Low,1867539
KE037,Kakamega,2012-08,115.85823555555557,96.47085,,,0,0,0.096,Low,1867539
KE037,Kakamega,2012-09,187.62752444444445,131.34291,,,0,0,0.096,Low,1867539
KE037,Kakamega,2012-10,131.29722988888886,83.30115,,,0,0,0.096,Low,1867539
KE037,Kakamega,2012-11,133.52914055555556,69.4453,,,0,0,0.096,Low,1867539
KE037,Kakamega,2012-12,182.20338788888887,39.2381,,,0,0,0.096,Low,1867539
KE037,Kakamega,2013-01,105.78624777777776,33.185284,,,0,0,0.096,Low,1867539
KE037,Kakamega,2013-02,60.14845455555556,27.860277,,,2,0,0.096,Low,1867539
KE037,Kakamega,2013-03,145.47228288888888,72.71033,,,0,0,0.096,Low,1867539
KE037,Kakamega,2013-04,135.61553944444444,78.116165,,,0,0,0.096,Low,1867539
KE037,Kakamega,2013-05,77.39757144444444,29.98434,,,0,0,0.096,Low,1867539
KE037,Kakamega,2013-06,85.02532888888888,64.74942,,,0,0,0.096,Low,1867539
KE037,Kakamega,2013-07,84.91407,49.393276,,,0,0,0.096,Low,1867539
KE037,Kakamega,2013-08,116.82179888888888,85.25223,,,0,0,0.096,Low,1867539
KE037,Kakamega,2013-09,149.2994851111111,85.383156,,,0,0,0.096,Low,1867539
KE037,Kakamega,2013-10,104.38818755555556,45.22826,,,0,0,0.096,Low,1867539
KE037,Kakamega,2013-11,92.29050966666667,52.12416,,,0,0,0.096,Low,1867539
KE037,Kakamega,2013-12,137.9210077777778,46.515198,,,0,0,0.096,Low,1867539
KE037,Kakamega,2014-01,78.57745555555556,48.28646,,,0,0,0.096,Low,1867539
KE037,Kakamega,2014-02,111.38832622222223,77.8279,,,0,0,0.096,Low,1867539
KE037,Kakamega,2014-03,91.376446,15.146232,,,0,0,0.096,Low,1867539
KE037,Kakamega,2014-04,60.005129,31.24058,,,0,0,0.096,Low,1867539
KE037,Kakamega,2014-05,125.84269655555555,56.367428,,,0,0,0.096,Low,1867539
KE037,Kakamega,2014-06,108.74438711111111,39.63676,,,1,0,0.096,Low,1867539
KE037,Kakamega,2014-07,115.9845248888889,71.62236,,,0,0,0.096,Low,1867539
KE037,Kakamega,2014-08,150.72828222222222,101.30848,,,1,1,0.096,Low,1867539
KE037,Kakamega,2014-09,97.6885,56.857533,,,0,0,0.096,Low,1867539
KE037,Kakamega,2014-10,138.96126188888888,63.465023,,,0,0,0.096,Low,1867539
KE037,Kakamega,2014-11,88.96492533333334,51.459957,,,0,0,0.096,Low,1867539
KE037,Kakamega,2014-12,94.47578277777778,47.631805,,,0,0,0.096,Low,1867539
KE037,Kakamega,2015-01,32.92520844444444,23.129139,,,0,0,0.096,Low,1867539
KE037,Kakamega,2015-02,56.23609833333333,23.640297,,,0,0,0.096,Low,1867539
KE037,Kakamega,2015-03,48.909078666666666,9.762118,,,0,0,0.096,Low,1867539
KE037,Kakamega,2015-04,127.17285022222222,76.10675,,,0,0,0.096,Low,1867539
KE037,Kakamega,2015-05,115.23163444444445,67.40605,,,0,0,0.096,Low,1867539
KE037,Kakamega,2015-06,125.96694677777776,59.22764,,,0,0,0.096,Low,1867539
KE037,Kakamega,2015-07,85.47325144444444,51.897484,,,0,0,0.096,Low,1867539
KE037,Kakamega,2015-08,50.976070444444446,33.177124,,,0,0,0.096,Low,1867539
KE037,Kakamega,2015-09,114.19904166666667,61.121845,,,0,0,0.096,Low,1867539
KE037,Kakamega,2015-10,130.64764622222222,42.544296,,,0,0,0.096,Low,1867539
KE037,Kakamega,2015-11,128.535055,59.96306,,,0,0,0.096,Low,1867539
KE037,Kakamega,2015-12,171.43105188888887,50.244522,,,0,0,0.096,Low,1867539
KE037,Kakamega,2016-01,127.67664577777776,52.357872,,,0,0,0.096,Low,1867539
KE037,Kakamega,2016-02,49.529181666666666,42.369884,,,0,0,0.096,Low,1867539
KE037,Kakamega,2016-03,83.94189755555556,28.725315,,,0,0,0.096,Low,1867539
KE037,Kakamega,2016-04,158.49856066666666,98.81894,,,0,0,0.096,Low,1867539
KE037,Kakamega,2016-05,103.22419422222222,55.072803,,,0,0,0.096,Low,1867539
KE037,Kakamega,2016-06,89.51752444444443,42.784264,,,0,0,0.096,Low,1867539
KE037,Kakamega,2016-07,102.93846288888888,51.099003,,,0,0,0.096,Low,1867539
KE037,Kakamega,2016-08,59.919229333333334,39.796146,,,0,0,0.096,Low,1867539
KE037,Kakamega,2016-09,78.56426555555555,44.154377,,,0,0,0.096,Low,1867539
KE037,Kakamega,2016-10,71.25019377777778,42.898,,,0,0,0.096,Low,1867539
KE037,Kakamega,2016-11,74.66203833333333,33.55494,,,0,0,0.096,Low,1867539
KE037,Kakamega,2016-12,36.93807588888889,21.660013,,,0,0,0.096,Low,1867539
KE037,Kakamega,2017-01,94.6592001111111,23.757647,,,0,0,0.096,Low,1867539
KE037,Kakamega,2017-02,185.86567155555556,55.116837,,,0,0,0.096,Low,1867539
KE037,Kakamega,2017-03,69.1264288888889,33.976685,,,0,0,0.096,Low,1867539
KE037,Kakamega,2017-04,77.47531377777779,36.54005,,,0,0,0.096,Low,1867539
KE037,Kakamega,2017-05,117.295848,80.46925,,,1,0,0.096,Low,1867539
KE037,Kakamega,2017-06,86.92317622222222,67.97326,,,1,0,0.096,Low,1867539
KE037,Kakamega,2017-07,153.38048333333333,96.08042,,,0,0,0.096,Low,1867539
KE037,Kakamega,2017-08,121.42101666666667,110.45797,,,0,0,0.096,Low,1867539
KE037,Kakamega,2017-09,119.02283177777778,90.19633,,,0,0,0.096,Low,1867539
KE037,Kakamega,2017-10,114.6608971111111,50.87065,,,0,0,0.096,Low,1867539
KE037,Kakamega,2017-11,97.48916611111112,27.266193,,,0,0,0.096,Low,1867539
KE037,Kakamega,2017-12,46.29370155555556,22.104588,,,0,0,0.096,Low,1867539
KE037,Kakamega,2018-01,51.626871333333334,37.646835,,,0,0,0.096,Low,1867539
KE037,Kakamega,2018-02,84.821526,31.303692,,,0,0,0.096,Low,1867539
KE037,Kakamega,2018-03,162.43516722222225,42.862915,,,0,0,0.096,Low,1867539
KE037,Kakamega,2018-04,158.15159,108.810005,,,0,0,0.096,Low,1867539
KE037,Kakamega,2018-05,143.82835666666668,115.89141,,,0,0,0.096,Low,1867539
KE037,Kakamega,2018-06,129.50681555555556,67.80334,,,0,0,0.096,Low,1867539
KE037,Kakamega,2018-07,118.78072444444446,59.23765,,,1,0,0.096,Low,1867539
KE037,Kakamega,2018-08,77.28214033333333,32.355915,,,0,0,0.096,Low,1867539
KE037,Kakamega,2018-09,62.422920777777776,41.00303,,,1,1,0.096,Low,1867539
KE037,Kakamega,2018-10,104.44132066666667,44.5107,,,1,0,0.096,Low,1867539
KE037,Kakamega,2018-11,53.73646466666666,13.290083,,,2,2,0.096,Low,1867539
KE037,Kakamega,2018-12,130.5461711111111,38.58779,,,0,0,0.096,Low,1867539
KE037,Kakamega,2019-01,56.625549222222226,29.721186,,,0,0,0.096,Low,1867539
KE037,Kakamega,2019-02,94.85871466666667,29.666254,,,0,0,0.096,Low,1867539
KE037,Kakamega,2019-03,64.6097788888889,11.276931,,,0,0,0.096,Low,1867539
KE037,Kakamega,2019-04,73.41217499999999,20.553013,,,0,0,0.096,Low,1867539
KE037,Kakamega,2019-05,94.35866733333334,69.64109,,,0,0,0.096,Low,1867539
KE037,Kakamega,2019-06,118.09559055555555,66.35357,,,0,0,0.096,Low,1867539
KE037,Kakamega,2019-07,124.82512055555556,70.247765,,,0,0,0.096,Low,1867539
KE037,Kakamega,2019-08,118.95401555555554,77.56306,,,0,0,0.096,Low,1867539
KE037,Kakamega,2019-09,124.87573277777778,78.1033,,,1,1,0.096,Low,1867539
KE037,Kakamega,2019-10,179.8260177777778,108.72112,,,0,0,0.096,Low,1867539
KE037,Kakamega,2019-11,154.67297977777778,77.94127,,,0,0,0.096,Low,1867539
KE037,Kakamega,2019-12,281.97937222222225,94.24498,,,0,0,0.096,Low,1867539
KE037,Kakamega,2020-01,165.34924033333334,41.53736,,,0,0,0.096,Low,1867539
KE037,Kakamega,2020-02,108.23217955555555,52.51695,,,1,2,0.096,Low,1867539
KE037,Kakamega,2020-03,223.91986555555556,110.73907,,,5,2,0.096,Low,1867539
KE037,Kakamega,2020-04,121.51387022222222,29.417837,,,1,1,0.096,Low,1867539
KE037,Kakamega,2020-05,102.93770233333333,72.75836,,,1,1,0.096,Low,1867539
KE037,Kakamega,2020-06,159.07502555555556,118.05577,,,0,0,0.096,Low,1867539
KE037,Kakamega,2020-07,153.121933,106.165375,,,0,0,0.096,Low,1867539
KE037,Kakamega,2020-08,162.67887122222223,75.201485,,,0,0,0.096,Low,1867539
KE037,Kakamega,2020-09,163.2839211111111,129.43648,,,0,0,0.096,Low,1867539
KE037,Kakamega,2020-10,151.78922722222222,106.124985,,,0,0,0.096,Low,1867539
KE037,Kakamega,2020-11,196.59895222222224,116.87978,,,0,0,0.096,Low,1867539
KE037,Kakamega,2020-12,70.70776622222223,40.396595,,,0,0,0.096,Low,1867539
KE037,Kakamega,2021-01,98.51904933333333,54.248543,,,0,0,0.096,Low,1867539
KE037,Kakamega,2021-02,123.13170999999998,64.19962,,,0,0,0.096,Low,1867539
KE037,Kakamega,2021-03,68.342799,37.160576,,,0,0,0.096,Low,1867539
KE037,Kakamega,2021-04,137.9795111111111,70.45573,,,0,0,0.096,Low,1867539
KE037,Kakamega,2021-05,118.41993255555556,29.711723,,,0,0,0.096,Low,1867539
KE037,Kakamega,2021-06,92.93723655555556,47.498974,,,0,0,0.096,Low,1867539
KE037,Kakamega,2021-07,83.75861255555554,31.460518,,,0,0,0.096,Low,1867539
KE037,Kakamega,2021-08,128.83029177777777,94.95834,,,0,0,0.096,Low,1867539
KE037,Kakamega,2021-09,134.9333011111111,109.86824,,,1,1,0.096,Low,1867539
KE037,Kakamega,2021-10,99.54425355555556,63.890957,,,0,0,0.096,Low,1867539
KE037,Kakamega,2021-11,72.13027455555556,32.548416,,,0,0,0.096,Low,1867539
KE037,Kakamega,2021-12,67.57108088888889,40.738506,,,0,0,0.096,Low,1867539
KE037,Kakamega,2022-01,138.76175444444445,32.976364,,,1,0,0.096,Low,1867539
KE037,Kakamega,2022-02,211.30447688888887,54.391617,,,0,0,0.096,Low,1867539
KE037,Kakamega,2022-03,79.55485022222223,17.688185,,,0,0,0.096,Low,1867539
KE037,Kakamega,2022-04,77.5249291111111,17.63055,,,1,2,0.096,Low,1867539
KE037,Kakamega,2022-05,99.43785344444444,37.326897,,,0,0,0.096,Low,1867539
KE037,Kakamega,2022-06,72.858968,58.722805,,,0,0,0.096,Low,1867539
KE037,Kakamega,2022-07,105.85817933333334,68.87257,,,0,0,0.096,Low,1867539
KE037,Kakamega,2022-08,171.39556444444443,93.366394,,,1,0,0.096,Low,1867539
KE037,Kakamega,2022-09,120.76242333333332,94.965355,,,0,0,0.096,Low,1867539
KE037,Kakamega,2022-10,81.444519,31.945478,,,0,0,0.096,Low,1867539
KE037,Kakamega,2022-11,136.5904488888889,112.94649,,,0,0,0.096,Low,1867539
KE037,Kakamega,2022-12,181.65676155555556,105.169914,,,0,0,0.096,Low,1867539
KE037,Kakamega,2023-01,39.221654666666666,27.44181,,,0,0,0.096,Low,1867539
KE037,Kakamega,2023-02,44.73416411111111,25.852707,,,0,0,0.096,Low,1867539
KE037,Kakamega,2023-03,150.32176433333333,72.29084,,,1,1,0.096,Low,1867539
KE037,Kakamega,2023-04,105.3134398888889,30.089611,,,1,0,0.096,Low,1867539
KE037,Kakamega,2023-05,98.03743288888889,79.30585,,,0,0,0.096,Low,1867539
KE037,Kakamega,2023-06,159.05789222222222,113.50466,,,0,0,0.096,Low,1867539
KE037,Kakamega,2023-07,94.16697666666667,51.665314,,,1,0,0.096,Low,1867539
KE037,Kakamega,2023-08,99.63705399999999,60.227566,,,0,0,0.096,Low,1867539
KE037,Kakamega,2023-09,140.81064844444444,113.0417,,,0,0,0.096,Low,1867539
KE037,Kakamega,2023-10,136.2831038888889,80.75432,,,0,0,0.096,Low,1867539
KE037,Kakamega,2023-11,99.26839433333333,48.106834,,,0,0,0.096,Low,1867539
KE037,Kakamega,2023-12,104.62115944444446,90.859215,,,0,0,0.096,Low,1867539
KE037,Kakamega,2024-01,224.7460233333333,130.10136,,,1,1,0.096,Low,1867539
KE037,Kakamega,2024-02,210.07058044444446,99.838844,,,0,0,0.096,Low,1867539
KE037,Kakamega,2024-03,106.17641644444444,11.389138,,,0,0,0.096,Low,1867539
KE037,Kakamega,2024-04,108.29691677777777,67.78708,,,0,0,0.096,Low,1867539
KE037,Kakamega,2024-05,102.71262388888888,52.531315,,,0,0,0.096,Low,1867539
KE037,Kakamega,2024-06,80.51600755555556,67.180244,,,0,0,0.096,Low,1867539
KE037,Kakamega,2024-07,120.91239155555556,79.06132,,,1,1,0.096,Low,1867539
KE037,Kakamega,2024-08,116.91450955555554,67.2295,,,2,2,0.096,Low,1867539
KE037,Kakamega,2024-09,121.66608066666666,101.62813,,,1,0,0.096,Low,1867539
KE037,Kakamega,2024-10,90.38391044444444,50.75659,,,0,0,0.096,Low,1867539
KE037,Kakamega,2024-11,192.97398666666666,71.93081,,,0,0,0.096,Low,1867539
KE037,Kakamega,2024-12,75.49777922222222,32.698803,,,0,0,0.096,Low,1867539
KE037,Kakamega,2025-01,112.8034451111111,50.691128,,,1,1,0.096,Low,1867539
KE037,Kakamega,2025-02,48.49803077777778,24.211533,,,0,0,0.096,Low,1867539
KE037,Kakamega,2025-03,138.18242444444445,74.87765,,,1,1,0.096,Low,1867539
KE037,Kakamega,2025-04,111.03186222222223,61.39038,,,0,0,0.096,Low,1867539
KE037,Kakamega,2025-05,166.25613444444446,121.42484,,,1,0,0.096,Low,1867539
KE037,Kakamega,2025-06,105.85447,71.315285,,,0,0,0.096,Low,1867539
KE037,Kakamega,2025-07,220.5373011111111,81.64094,,,1,0,0.096,Low,1867539
KE037,Kakamega,2025-08,80.48811266666667,59.10616,,,0,0,0.096,Low,1867539
KE037,Kakamega,2025-09,105.85396444444444,88.61113,,,0,0,0.096,Low,1867539
KE037,Kakamega,2025-10,159.1334538888889,75.80752,,,1,0,0.096,Low,1867539
KE037,Kakamega,2025-11,49.90038911111112,12.684849,,,0,0,0.096,Low,1867539
KE037,Kakamega,2025-12,175.19000277777778,31.274002,,,0,0,0.096,Low,1867539
KE035,Kericho,2006-01,66.50624466666666,38.78355,,,0,0,0.1099,Low,901749
KE035,Kericho,2006-02,86.26971533333334,31.324451,,,0,0,0.1099,Low,901749
KE035,Kericho,2006-03,125.76152466666667,82.551674,,,0,0,0.1099,Low,901749
KE035,Kericho,2006-04,122.44559666666667,94.32294,,,0,0,0.1099,Low,901749
KE035,Kericho,2006-05,110.39093666666668,99.84522,,,0,0,0.1099,Low,901749
KE035,Kericho,2006-06,93.64052500000001,74.36287,,,0,0,0.1099,Low,901749
KE035,Kericho,2006-07,78.78088533333333,66.111626,,,0,0,0.1099,Low,901749
KE035,Kericho,2006-08,78.46854,44.287945,,,0,0,0.1099,Low,901749
KE035,Kericho,2006-09,84.23631266666668,69.229774,,,0,0,0.1099,Low,901749
KE035,Kericho,2006-10,89.904815,35.12215,,,0,0,0.1099,Low,901749
KE035,Kericho,2006-11,215.195078,122.466194,,,0,0,0.1099,Low,901749
KE035,Kericho,2006-12,184.23040666666665,81.19896,,,0,0,0.1099,Low,901749
KE035,Kericho,2007-01,165.04136666666668,68.02512,,,0,0,0.1099,Low,901749
KE035,Kericho,2007-02,173.60595,86.06969,,,0,0,0.1099,Low,901749
KE035,Kericho,2007-03,72.21331833333333,26.854935,,,0,0,0.1099,Low,901749
KE035,Kericho,2007-04,84.00364166666667,23.50783,,,0,0,0.1099,Low,901749
KE035,Kericho,2007-05,93.19903833333335,51.72008,,,0,0,0.1099,Low,901749
KE035,Kericho,2007-06,123.36770833333333,90.72542,,,0,0,0.1099,Low,901749
KE035,Kericho,2007-07,116.15290333333333,60.62892,,,0,0,0.1099,Low,901749
KE035,Kericho,2007-08,123.473448,91.16405,,,0,0,0.1099,Low,901749
KE035,Kericho,2007-09,143.92278000000002,114.78058,,,0,0,0.1099,Low,901749
KE035,Kericho,2007-10,62.10452999999999,33.924026,,,0,0,0.1099,Low,901749
KE035,Kericho,2007-11,57.27413833333333,46.658913,,,0,0,0.1099,Low,901749
KE035,Kericho,2007-12,68.21140733333333,35.987167,,,1,2,0.1099,Low,901749
KE035,Kericho,2008-01,66.57967333333333,33.42773,,,6,19,0.1099,Low,901749
KE035,Kericho,2008-02,73.94750499999999,32.270435,,,0,0,0.1099,Low,901749
KE035,Kericho,2008-03,113.55932333333334,32.42132,,,0,0,0.1099,Low,901749
KE035,Kericho,2008-04,72.95312166666666,48.274242,,,0,0,0.1099,Low,901749
KE035,Kericho,2008-05,73.280823,46.010468,,,0,0,0.1099,Low,901749
KE035,Kericho,2008-06,79.018615,35.20688,,,0,0,0.1099,Low,901749
KE035,Kericho,2008-07,99.99032,89.46208,,,0,0,0.1099,Low,901749
KE035,Kericho,2008-08,100.56575333333335,96.10243,,,0,0,0.1099,Low,901749
KE035,Kericho,2008-09,101.85208333333333,65.06703,,,0,0,0.1099,Low,901749
KE035,Kericho,2008-10,133.64475000000002,77.60421,,,0,0,0.1099,Low,901749
KE035,Kericho,2008-11,86.96143666666667,34.54102,,,0,0,0.1099,Low,901749
KE035,Kericho,2008-12,52.34812433333334,49.30572,,,2,19,0.1099,Low,901749
KE035,Kericho,2009-01,86.62954166666667,25.924215,,,0,0,0.1099,Low,901749
KE035,Kericho,2009-02,49.62169433333333,25.931253,,,0,0,0.1099,Low,901749
KE035,Kericho,2009-03,55.032701,40.499603,,,0,0,0.1099,Low,901749
KE035,Kericho,2009-04,78.03697833333332,52.025692,,,0,0,0.1099,Low,901749
KE035,Kericho,2009-05,102.89997799999999,32.119034,,,0,0,0.1099,Low,901749
KE035,Kericho,2009-06,50.90910733333334,42.004128,,,0,0,0.1099,Low,901749
KE035,Kericho,2009-07,57.43582266666666,39.19802,,,0,0,0.1099,Low,901749
KE035,Kericho,2009-08,67.21664299999999,43.83897,,,0,0,0.1099,Low,901749
KE035,Kericho,2009-09,114.94638666666667,80.78942,,,0,0,0.1099,Low,901749
KE035,Kericho,2009-10,91.75141,48.1156,,,0,0,0.1099,Low,901749
KE035,Kericho,2009-11,76.83826066666667,41.355236,,,0,0,0.1099,Low,901749
KE035,Kericho,2009-12,215.77122999999997,118.82671,,,0,0,0.1099,Low,901749
KE035,Kericho,2010-01,109.34010566666667,32.20887,,,1,5,0.1099,Low,901749
KE035,Kericho,2010-02,243.85679166666668,123.806175,,,0,0,0.1099,Low,901749
KE035,Kericho,2010-03,130.02256233333333,42.642807,,,0,0,0.1099,Low,901749
KE035,Kericho,2010-04,113.03381333333333,69.26491,,,0,0,0.1099,Low,901749
KE035,Kericho,2010-05,138.35923333333332,86.2917,,,0,0,0.1099,Low,901749
KE035,Kericho,2010-06,95.50959999999999,81.95594,,,0,0,0.1099,Low,901749
KE035,Kericho,2010-07,92.59803333333333,55.92945,,,0,0,0.1099,Low,901749
KE035,Kericho,2010-08,115.82733,72.48798,,,0,0,0.1099,Low,901749
KE035,Kericho,2010-09,108.65916800000001,69.485954,,,0,0,0.1099,Low,901749
KE035,Kericho,2010-10,108.57840833333334,84.8973,,,0,0,0.1099,Low,901749
KE035,Kericho,2010-11,58.895630000000004,47.06172,,,0,0,0.1099,Low,901749
KE035,Kericho,2010-12,97.93332266666668,44.292458,,,0,0,0.1099,Low,901749
KE035,Kericho,2011-01,66.36185066666667,36.897602,,,0,0,0.1099,Low,901749
KE035,Kericho,2011-02,64.08557333333333,33.61237,,,0,0,0.1099,Low,901749
KE035,Kericho,2011-03,96.80736333333334,39.12918,,,0,0,0.1099,Low,901749
KE035,Kericho,2011-04,49.30375866666666,21.56662,,,0,0,0.1099,Low,901749
KE035,Kericho,2011-05,89.53193133333332,41.921474,,,0,0,0.1099,Low,901749
KE035,Kericho,2011-06,105.27864333333333,78.436,,,0,0,0.1099,Low,901749
KE035,Kericho,2011-07,99.959345,66.981895,,,0,0,0.1099,Low,901749
KE035,Kericho,2011-08,153.75841466666668,109.373604,,,0,0,0.1099,Low,901749
KE035,Kericho,2011-09,126.78092166666666,112.266335,,,0,0,0.1099,Low,901749
KE035,Kericho,2011-10,110.48510466666666,95.64453,,,0,0,0.1099,Low,901749
KE035,Kericho,2011-11,158.40998533333334,57.612026,,,0,0,0.1099,Low,901749
KE035,Kericho,2011-12,94.73662833333334,55.507595,,,0,0,0.1099,Low,901749
KE035,Kericho,2012-01,34.33701966666666,34.011093,,,0,0,0.1099,Low,901749
KE035,Kericho,2012-02,53.44768233333334,33.872677,,,0,0,0.1099,Low,901749
KE035,Kericho,2012-03,63.597726,19.370972,,,0,0,0.1099,Low,901749
KE035,Kericho,2012-04,158.82835666666668,120.54696,,,0,0,0.1099,Low,901749
KE035,Kericho,2012-05,116.13390333333332,95.34128,,,0,0,0.1099,Low,901749
KE035,Kericho,2012-06,136.69896,61.29929,,,0,0,0.1099,Low,901749
KE035,Kericho,2012-07,115.991112,89.89905,,,0,0,0.1099,Low,901749
KE035,Kericho,2012-08,118.49752333333333,100.88403,,,0,0,0.1099,Low,901749
KE035,Kericho,2012-09,190.86865333333333,150.67229,,,0,0,0.1099,Low,901749
KE035,Kericho,2012-10,143.69359,69.30818,,,0,0,0.1099,Low,901749
KE035,Kericho,2012-11,112.60642466666665,50.46044,,,0,0,0.1099,Low,901749
KE035,Kericho,2012-12,137.13530366666666,40.106125,,,0,0,0.1099,Low,901749
KE035,Kericho,2013-01,96.15077666666666,46.07209,,,0,0,0.1099,Low,901749
KE035,Kericho,2013-02,65.43491633333333,33.740173,,,0,0,0.1099,Low,901749
KE035,Kericho,2013-03,154.44764666666666,111.7616,,,0,0,0.1099,Low,901749
KE035,Kericho,2013-04,149.78880333333333,104.27364,,,0,0,0.1099,Low,901749
KE035,Kericho,2013-05,83.20223800000001,49.021076,,,0,0,0.1099,Low,901749
KE035,Kericho,2013-06,109.91989333333333,59.32294,,,0,0,0.1099,Low,901749
KE035,Kericho,2013-07,96.95009966666667,80.544304,,,0,0,0.1099,Low,901749
KE035,Kericho,2013-08,111.21940833333333,86.543915,,,0,0,0.1099,Low,901749
KE035,Kericho,2013-09,145.22485666666668,114.31559,,,0,0,0.1099,Low,901749
KE035,Kericho,2013-10,107.32964333333332,42.61898,,,0,0,0.1099,Low,901749
KE035,Kericho,2013-11,113.30627499999999,80.127365,,,0,0,0.1099,Low,901749
KE035,Kericho,2013-12,141.37027333333333,64.352,,,0,0,0.1099,Low,901749
KE035,Kericho,2014-01,53.37198966666667,36.130047,,,0,0,0.1099,Low,901749
KE035,Kericho,2014-02,161.40081,80.45243,,,0,0,0.1099,Low,901749
KE035,Kericho,2014-03,99.13145666666667,24.27091,,,0,0,0.1099,Low,901749
KE035,Kericho,2014-04,49.154549333333335,21.627504,,,0,0,0.1099,Low,901749
KE035,Kericho,2014-05,100.78341,79.94381,,,0,0,0.1099,Low,901749
KE035,Kericho,2014-06,91.60700833333334,49.77969,,,0,0,0.1099,Low,901749
KE035,Kericho,2014-07,100.70672233333333,57.611977,,,0,0,0.1099,Low,901749
KE035,Kericho,2014-08,151.63380533333333,116.012726,,,0,0,0.1099,Low,901749
KE035,Kericho,2014-09,106.21304466666668,80.00288,,,0,0,0.1099,Low,901749
KE035,Kericho,2014-10,104.96072666666667,52.27034,,,0,0,0.1099,Low,901749
KE035,Kericho,2014-11,78.24510866666667,46.617912,,,0,0,0.1099,Low,901749
KE035,Kericho,2014-12,84.466928,52.25166,,,0,0,0.1099,Low,901749
KE035,Kericho,2015-01,31.046776000000005,27.402958,,,0,0,0.1099,Low,901749
KE035,Kericho,2015-02,59.146008,27.843958,,,0,0,0.1099,Low,901749
KE035,Kericho,2015-03,55.73339133333334,20.57124,,,0,0,0.1099,Low,901749
KE035,Kericho,2015-04,135.75493833333334,108.271965,,,0,0,0.1099,Low,901749
KE035,Kericho,2015-05,118.43196999999999,108.99584,,,0,0,0.1099,Low,901749
KE035,Kericho,2015-06,120.54200833333334,59.38742,,,0,0,0.1099,Low,901749
KE035,Kericho,2015-07,69.475051,63.384777,,,0,0,0.1099,Low,901749
KE035,Kericho,2015-08,51.388887000000004,31.195349,,,0,0,0.1099,Low,901749
KE035,Kericho,2015-09,105.56222333333334,90.08395,,,0,0,0.1099,Low,901749
KE035,Kericho,2015-10,119.313062,54.23128,,,0,0,0.1099,Low,901749
KE035,Kericho,2015-11,109.64191433333333,63.274853,,,0,0,0.1099,Low,901749
KE035,Kericho,2015-12,139.96502,68.18621,,,0,0,0.1099,Low,901749
KE035,Kericho,2016-01,145.23796133333335,67.65475,,,0,0,0.1099,Low,901749
KE035,Kericho,2016-02,67.853544,49.655586,,,0,0,0.1099,Low,901749
KE035,Kericho,2016-03,82.30872433333333,25.405645,,,0,0,0.1099,Low,901749
KE035,Kericho,2016-04,153.96997,135.31384,,,0,0,0.1099,Low,901749
KE035,Kericho,2016-05,125.22276333333333,59.08438,,,0,0,0.1099,Low,901749
KE035,Kericho,2016-06,87.483129,57.674362,,,0,0,0.1099,Low,901749
KE035,Kericho,2016-07,117.45156166666668,87.85763,,,0,0,0.1099,Low,901749
KE035,Kericho,2016-08,71.15655733333334,36.22914,,,0,0,0.1099,Low,901749
KE035,Kericho,2016-09,92.71056166666666,56.485355,,,0,0,0.1099,Low,901749
KE035,Kericho,2016-10,77.145568,44.296356,,,0,0,0.1099,Low,901749
KE035,Kericho,2016-11,87.33890333333333,67.19588,,,0,0,0.1099,Low,901749
KE035,Kericho,2016-12,38.699438666666666,24.042984,,,0,0,0.1099,Low,901749
KE035,Kericho,2017-01,52.81810033333333,25.554525,,,0,0,0.1099,Low,901749
KE035,Kericho,2017-02,123.94283333333333,76.197975,,,0,0,0.1099,Low,901749
KE035,Kericho,2017-03,57.97636966666666,31.591854,,,0,0,0.1099,Low,901749
KE035,Kericho,2017-04,85.21183333333333,49.490166,,,0,0,0.1099,Low,901749
KE035,Kericho,2017-05,109.10565333333334,78.88836,,,0,0,0.1099,Low,901749
KE035,Kericho,2017-06,83.491176,57.981544,,,0,0,0.1099,Low,901749
KE035,Kericho,2017-07,182.56723,117.70766,,,0,0,0.1099,Low,901749
KE035,Kericho,2017-08,120.42743333333333,78.02117,,,0,0,0.1099,Low,901749
KE035,Kericho,2017-09,131.55670466666666,93.209114,,,0,0,0.1099,Low,901749
KE035,Kericho,2017-10,124.37543133333334,70.371544,,,0,0,0.1099,Low,901749
KE035,Kericho,2017-11,107.18402666666668,47.22952,,,0,0,0.1099,Low,901749
KE035,Kericho,2017-12,58.914809999999996,34.26593,,,0,0,0.1099,Low,901749
KE035,Kericho,2018-01,44.51732766666667,31.608135,,,1,0,0.1099,Low,901749
KE035,Kericho,2018-02,76.31005,33.624065,,,0,0,0.1099,Low,901749
KE035,Kericho,2018-03,190.56119466666667,106.471924,,,0,0,0.1099,Low,901749
KE035,Kericho,2018-04,175.68199,140.7754,,,0,0,0.1099,Low,901749
KE035,Kericho,2018-05,150.86566666666667,114.78821,,,0,0,0.1099,Low,901749
KE035,Kericho,2018-06,195.40818000000002,147.18149,,,0,0,0.1099,Low,901749
KE035,Kericho,2018-07,106.803558,69.785484,,,0,0,0.1099,Low,901749
KE035,Kericho,2018-08,89.10362966666666,44.393154,,,0,0,0.1099,Low,901749
KE035,Kericho,2018-09,60.64073299999999,51.888107,,,0,0,0.1099,Low,901749
KE035,Kericho,2018-10,129.87864533333334,91.526566,,,0,0,0.1099,Low,901749
KE035,Kericho,2018-11,75.296485,39.74399,,,0,0,0.1099,Low,901749
KE035,Kericho,2018-12,119.77283133333333,84.343704,,,0,0,0.1099,Low,901749
KE035,Kericho,2019-01,40.42604166666666,34.86906,,,0,0,0.1099,Low,901749
KE035,Kericho,2019-02,68.74704,33.0647,,,0,0,0.1099,Low,901749
KE035,Kericho,2019-03,45.81985433333333,21.93821,,,1,3,0.1099,Low,901749
KE035,Kericho,2019-04,72.66528799999999,26.269262,,,0,0,0.1099,Low,901749
KE035,Kericho,2019-05,99.75988466666666,60.493134,,,0,0,0.1099,Low,901749
KE035,Kericho,2019-06,152.23009,82.84883,,,0,0,0.1099,Low,901749
KE035,Kericho,2019-07,114.78935533333333,102.501236,,,0,0,0.1099,Low,901749
KE035,Kericho,2019-08,104.09449666666667,80.39631,,,0,0,0.1099,Low,901749
KE035,Kericho,2019-09,113.553542,72.361336,,,0,0,0.1099,Low,901749
KE035,Kericho,2019-10,175.57872666666665,142.33813,,,0,0,0.1099,Low,901749
KE035,Kericho,2019-11,151.66147333333333,87.99244,,,0,0,0.1099,Low,901749
KE035,Kericho,2019-12,225.47199,120.16332,,,0,0,0.1099,Low,901749
KE035,Kericho,2020-01,170.01914,57.990646,,,0,0,0.1099,Low,901749
KE035,Kericho,2020-02,116.10113333333334,65.75604,,,0,0,0.1099,Low,901749
KE035,Kericho,2020-03,194.34512333333336,153.23405,,,0,0,0.1099,Low,901749
KE035,Kericho,2020-04,143.93195466666668,41.213364,,,0,0,0.1099,Low,901749
KE035,Kericho,2020-05,94.79895866666668,71.07763,,,0,0,0.1099,Low,901749
KE035,Kericho,2020-06,136.10008666666667,109.00591,,,1,0,0.1099,Low,901749
KE035,Kericho,2020-07,152.10726333333332,139.27377,,,0,0,0.1099,Low,901749
KE035,Kericho,2020-08,135.09983,114.83482,,,0,0,0.1099,Low,901749
KE035,Kericho,2020-09,136.73447,101.88707,,,0,0,0.1099,Low,901749
KE035,Kericho,2020-10,185.11339333333333,138.0467,,,0,0,0.1099,Low,901749
KE035,Kericho,2020-11,197.00601500000002,127.860245,,,0,0,0.1099,Low,901749
KE035,Kericho,2020-12,87.52802133333334,48.27924,,,0,0,0.1099,Low,901749
KE035,Kericho,2021-01,95.35185266666667,61.240154,,,0,0,0.1099,Low,901749
KE035,Kericho,2021-02,152.87307333333334,142.20308,,,0,0,0.1099,Low,901749
KE035,Kericho,2021-03,77.29425566666667,44.791187,,,0,0,0.1099,Low,901749
KE035,Kericho,2021-04,136.49229666666665,83.2556,,,0,0,0.1099,Low,901749
KE035,Kericho,2021-05,128.27639,63.77082,,,0,0,0.1099,Low,901749
KE035,Kericho,2021-06,82.542388,52.52637,,,0,0,0.1099,Low,901749
KE035,Kericho,2021-07,95.02811000000001,42.62722,,,0,0,0.1099,Low,901749
KE035,Kericho,2021-08,129.25914666666668,86.94522,,,0,0,0.1099,Low,901749
KE035,Kericho,2021-09,164.62987333333334,115.14815,,,0,0,0.1099,Low,901749
KE035,Kericho,2021-10,95.22662000000001,67.23187,,,0,0,0.1099,Low,901749
KE035,Kericho,2021-11,75.21402833333333,41.34852,,,0,0,0.1099,Low,901749
KE035,Kericho,2021-12,75.858178,49.771244,,,0,0,0.1099,Low,901749
KE035,Kericho,2022-01,132.38708133333333,74.489044,,,0,0,0.1099,Low,901749
KE035,Kericho,2022-02,252.73113333333336,144.9999,,,1,0,0.1099,Low,901749
KE035,Kericho,2022-03,77.68070666666667,23.261126,,,0,0,0.1099,Low,901749
KE035,Kericho,2022-04,83.46842133333332,29.054142,,,0,0,0.1099,Low,901749
KE035,Kericho,2022-05,112.63328333333334,76.87857,,,0,0,0.1099,Low,901749
KE035,Kericho,2022-06,85.74909466666668,76.926384,,,0,0,0.1099,Low,901749
KE035,Kericho,2022-07,81.69781,75.0169,,,0,0,0.1099,Low,901749
KE035,Kericho,2022-08,182.33308666666667,131.80035,,,0,0,0.1099,Low,901749
KE035,Kericho,2022-09,142.05447,134.16872,,,0,0,0.1099,Low,901749
KE035,Kericho,2022-10,85.97724766666666,35.254223,,,0,0,0.1099,Low,901749
KE035,Kericho,2022-11,186.32674166666666,112.417755,,,0,0,0.1099,Low,901749
KE035,Kericho,2022-12,195.97686666666667,118.01429,,,0,0,0.1099,Low,901749
KE035,Kericho,2023-01,33.177336333333336,24.35305,,,0,0,0.1099,Low,901749
KE035,Kericho,2023-02,33.33780633333333,24.827793,,,0,0,0.1099,Low,901749
KE035,Kericho,2023-03,157.01165333333333,70.57678,,,0,0,0.1099,Low,901749
KE035,Kericho,2023-04,118.88753000000001,58.97011,,,0,0,0.1099,Low,901749
KE035,Kericho,2023-05,104.58428833333333,82.85126,,,1,0,0.1099,Low,901749
KE035,Kericho,2023-06,127.29325666666666,75.862,,,0,0,0.1099,Low,901749
KE035,Kericho,2023-07,72.390362,50.386726,,,0,0,0.1099,Low,901749
KE035,Kericho,2023-08,71.805031,39.44321,,,1,0,0.1099,Low,901749
KE035,Kericho,2023-09,179.05472666666665,146.46487,,,2,8,0.1099,Low,901749
KE035,Kericho,2023-10,147.84589000000003,80.62536,,,0,0,0.1099,Low,901749
KE035,Kericho,2023-11,137.33279666666667,112.78701,,,0,0,0.1099,Low,901749
KE035,Kericho,2023-12,100.335673,85.889885,,,0,0,0.1099,Low,901749
KE035,Kericho,2024-01,241.84296666666668,162.50298,,,0,0,0.1099,Low,901749
KE035,Kericho,2024-02,162.09743333333333,105.84433,,,0,0,0.1099,Low,901749
KE035,Kericho,2024-03,100.99924800000001,24.972214,,,0,0,0.1099,Low,901749
KE035,Kericho,2024-04,115.19565166666666,106.034615,,,0,0,0.1099,Low,901749
KE035,Kericho,2024-05,113.55401,79.96634,,,0,0,0.1099,Low,901749
KE035,Kericho,2024-06,69.70518,55.0438,,,0,0,0.1099,Low,901749
KE035,Kericho,2024-07,132.93188333333333,93.32212,,,0,0,0.1099,Low,901749
KE035,Kericho,2024-08,122.21005000000001,70.92216,,,0,0,0.1099,Low,901749
KE035,Kericho,2024-09,97.78918800000001,87.161644,,,0,0,0.1099,Low,901749
KE035,Kericho,2024-10,103.71884166666666,78.237495,,,0,0,0.1099,Low,901749
KE035,Kericho,2024-11,170.20914733333333,59.390842,,,0,0,0.1099,Low,901749
KE035,Kericho,2024-12,93.51573966666666,51.866425,,,0,0,0.1099,Low,901749
KE035,Kericho,2025-01,87.83355333333334,37.10721,,,0,0,0.1099,Low,901749
KE035,Kericho,2025-02,42.700938666666666,34.507,,,0,0,0.1099,Low,901749
KE035,Kericho,2025-03,158.00996999999998,94.81163,,,0,0,0.1099,Low,901749
KE035,Kericho,2025-04,121.484765,86.330475,,,0,0,0.1099,Low,901749
KE035,Kericho,2025-05,162.05659,148.02591,,,0,0,0.1099,Low,901749
KE035,Kericho,2025-06,93.52106466666667,77.572044,,,0,0,0.1099,Low,901749
KE035,Kericho,2025-07,166.29330333333334,101.14892,,,0,0,0.1099,Low,901749
KE035,Kericho,2025-08,78.04137833333333,64.75398,,,0,0,0.1099,Low,901749
KE035,Kericho,2025-09,107.27819866666668,93.17268,,,0,0,0.1099,Low,901749
KE035,Kericho,2025-10,157.89727666666667,86.77841,,,0,0,0.1099,Low,901749
KE035,Kericho,2025-11,64.671,30.14367,,,0,0,0.1099,Low,901749
KE035,Kericho,2025-12,159.05528666666666,32.49669,,,0,0,0.1099,Low,901749
KE022,Kiambu,2006-01,40.50908966666666,37.007095,,,0,0,0.0222,Low,2417600
KE022,Kiambu,2006-02,86.02196766666668,41.23999,,,0,0,0.0222,Low,2417600
KE022,Kiambu,2006-03,119.30407466666666,35.431747,,,0,0,0.0222,Low,2417600
KE022,Kiambu,2006-04,126.66710366666666,90.091415,,,0,0,0.0222,Low,2417600
KE022,Kiambu,2006-05,84.29991666666668,45.850845,,,0,0,0.0222,Low,2417600
KE022,Kiambu,2006-06,58.841973333333335,40.75369,,,0,0,0.0222,Low,2417600
KE022,Kiambu,2006-07,76.65323,75.14196,,,0,0,0.0222,Low,2417600
KE022,Kiambu,2006-08,129.79351333333332,81.38958,,,0,0,0.0222,Low,2417600
KE022,Kiambu,2006-09,109.60713300000002,90.741615,,,0,0,0.0222,Low,2417600
KE022,Kiambu,2006-10,67.79051666666668,66.11586,,,0,0,0.0222,Low,2417600
KE022,Kiambu,2006-11,178.38922,111.17139,,,0,0,0.0222,Low,2417600
KE022,Kiambu,2006-12,171.95500833333335,63.997715,,,0,0,0.0222,Low,2417600
KE022,Kiambu,2007-01,82.45993333333332,70.33144,,,1,0,0.0222,Low,2417600
KE022,Kiambu,2007-02,179.90099333333333,128.10585,,,0,0,0.0222,Low,2417600
KE022,Kiambu,2007-03,47.698273333333326,28.82107,,,0,0,0.0222,Low,2417600
KE022,Kiambu,2007-04,103.003762,53.388756,,,2,2,0.0222,Low,2417600
KE022,Kiambu,2007-05,78.41427666666668,42.73913,,,1,1,0.0222,Low,2417600
KE022,Kiambu,2007-06,103.55385000000001,91.51387,,,3,12,0.0222,Low,2417600
KE022,Kiambu,2007-07,144.810348,88.241684,,,0,0,0.0222,Low,2417600
KE022,Kiambu,2007-08,101.77366133333334,71.96401,,,0,0,0.0222,Low,2417600
KE022,Kiambu,2007-09,156.24870333333334,78.08441,,,1,2,0.0222,Low,2417600
KE022,Kiambu,2007-10,71.61483233333333,61.633797,,,1,0,0.0222,Low,2417600
KE022,Kiambu,2007-11,56.86740766666667,46.91606,,,0,0,0.0222,Low,2417600
KE022,Kiambu,2007-12,52.43084866666667,43.2192,,,2,6,0.0222,Low,2417600
KE022,Kiambu,2008-01,73.91443366666667,31.707537,,,5,16,0.0222,Low,2417600
KE022,Kiambu,2008-02,76.87768,48.31503,,,0,0,0.0222,Low,2417600
KE022,Kiambu,2008-03,147.54538,45.21926,,,0,0,0.0222,Low,2417600
KE022,Kiambu,2008-04,53.85750033333333,27.843758,,,0,0,0.0222,Low,2417600
KE022,Kiambu,2008-05,51.85500833333333,32.451813,,,1,3,0.0222,Low,2417600
KE022,Kiambu,2008-06,60.91082766666667,42.629383,,,0,0,0.0222,Low,2417600
KE022,Kiambu,2008-07,113.35439000000001,92.80591,,,0,0,0.0222,Low,2417600
KE022,Kiambu,2008-08,61.09707433333333,51.916893,,,2,3,0.0222,Low,2417600
KE022,Kiambu,2008-09,119.79884,91.3961,,,0,0,0.0222,Low,2417600
KE022,Kiambu,2008-10,142.39368666666667,108.26399,,,0,0,0.0222,Low,2417600
KE022,Kiambu,2008-11,75.166306,49.799564,,,0,0,0.0222,Low,2417600
KE022,Kiambu,2008-12,29.477851333333334,26.245802,,,0,0,0.0222,Low,2417600
KE022,Kiambu,2009-01,77.83885733333334,36.91727,,,0,0,0.0222,Low,2417600
KE022,Kiambu,2009-02,82.58672666666666,52.4111,,,1,2,0.0222,Low,2417600
KE022,Kiambu,2009-03,42.311447333333334,37.144394,,,0,0,0.0222,Low,2417600
KE022,Kiambu,2009-04,55.145935,44.91207,,,0,0,0.0222,Low,2417600
KE022,Kiambu,2009-05,95.578465,45.233025,,,0,0,0.0222,Low,2417600
KE022,Kiambu,2009-06,84.21406666666667,66.03926,,,0,0,0.0222,Low,2417600
KE022,Kiambu,2009-07,81.72413166666666,73.16634,,,0,0,0.0222,Low,2417600
KE022,Kiambu,2009-08,57.74204366666667,47.419147,,,0,0,0.0222,Low,2417600
KE022,Kiambu,2009-09,66.95680066666667,58.116882,,,0,0,0.0222,Low,2417600
KE022,Kiambu,2009-10,134.72619666666665,84.93929,,,1,0,0.0222,Low,2417600
KE022,Kiambu,2009-11,63.98356666666667,44.63273,,,0,0,0.0222,Low,2417600
KE022,Kiambu,2009-12,119.61781666666667,73.33757,,,0,0,0.0222,Low,2417600
KE022,Kiambu,2010-01,147.53953833333333,46.651695,,,1,2,0.0222,Low,2417600
KE022,Kiambu,2010-02,192.79008,109.01135,,,0,0,0.0222,Low,2417600
KE022,Kiambu,2010-03,164.25066333333334,45.11329,,,0,0,0.0222,Low,2417600
KE022,Kiambu,2010-04,83.77938999999999,68.08296,,,0,0,0.0222,Low,2417600
KE022,Kiambu,2010-05,133.60205666666667,86.35465,,,0,0,0.0222,Low,2417600
KE022,Kiambu,2010-06,116.86275333333333,103.84518,,,0,0,0.0222,Low,2417600
KE022,Kiambu,2010-07,76.31785333333333,70.59938,,,0,0,0.0222,Low,2417600
KE022,Kiambu,2010-08,90.75232866666666,80.56244,,,0,0,0.0222,Low,2417600
KE022,Kiambu,2010-09,101.36237999999999,90.60527,,,0,0,0.0222,Low,2417600
KE022,Kiambu,2010-10,114.64088,83.3869,,,0,0,0.0222,Low,2417600
KE022,Kiambu,2010-11,73.15284,62.14856,,,1,5,0.0222,Low,2417600
KE022,Kiambu,2010-12,80.91964833333333,38.015755,,,2,10,0.0222,Low,2417600
KE022,Kiambu,2011-01,42.817191333333334,34.33171,,,0,0,0.0222,Low,2417600
KE022,Kiambu,2011-02,125.10097066666667,52.498512,,,0,0,0.0222,Low,2417600
KE022,Kiambu,2011-03,91.75312966666667,27.889357,,,0,0,0.0222,Low,2417600
KE022,Kiambu,2011-04,34.203702666666665,21.866978,,,0,0,0.0222,Low,2417600
KE022,Kiambu,2011-05,53.18705,41.72973,,,0,0,0.0222,Low,2417600
KE022,Kiambu,2011-06,191.43268999999998,116.37821,,,0,0,0.0222,Low,2417600
KE022,Kiambu,2011-07,92.750692,77.15714,,,0,0,0.0222,Low,2417600
KE022,Kiambu,2011-08,183.78150000000002,80.95952,,,1,0,0.0222,Low,2417600
KE022,Kiambu,2011-09,139.31746333333334,101.93093,,,0,0,0.0222,Low,2417600
KE022,Kiambu,2011-10,160.62180666666669,74.99738,,,0,0,0.0222,Low,2417600
KE022,Kiambu,2011-11,141.38436,77.52428,,,0,0,0.0222,Low,2417600
KE022,Kiambu,2011-12,114.42131433333333,38.811573,,,0,0,0.0222,Low,2417600
KE022,Kiambu,2012-01,35.040944333333336,28.32135,,,0,0,0.0222,Low,2417600
KE022,Kiambu,2012-02,62.707968,37.050827,,,0,0,0.0222,Low,2417600
KE022,Kiambu,2012-03,32.905388333333335,18.511429,,,0,0,0.0222,Low,2417600
KE022,Kiambu,2012-04,192.01634133333332,80.715294,,,1,0,0.0222,Low,2417600
KE022,Kiambu,2012-05,156.12783000000002,80.03795,,,0,0,0.0222,Low,2417600
KE022,Kiambu,2012-06,128.76625433333334,52.663273,,,0,0,0.0222,Low,2417600
KE022,Kiambu,2012-07,118.67247666666667,103.34386,,,0,0,0.0222,Low,2417600
KE022,Kiambu,2012-08,125.03429333333334,97.27992,,,0,0,0.0222,Low,2417600
KE022,Kiambu,2012-09,86.490095,74.08095,,,0,0,0.0222,Low,2417600
KE022,Kiambu,2012-10,177.43039,156.90096,,,0,0,0.0222,Low,2417600
KE022,Kiambu,2012-11,118.75621000000001,84.26377,,,0,0,0.0222,Low,2417600
KE022,Kiambu,2012-12,175.80465866666668,104.493286,,,0,0,0.0222,Low,2417600
KE022,Kiambu,2013-01,77.937867,31.128511,,,0,0,0.0222,Low,2417600
KE022,Kiambu,2013-02,48.082710999999996,29.975796,,,2,0,0.0222,Low,2417600
KE022,Kiambu,2013-03,157.92986133333332,59.257114,,,0,0,0.0222,Low,2417600
KE022,Kiambu,2013-04,210.47542133333334,110.823654,,,1,1,0.0222,Low,2417600
KE022,Kiambu,2013-05,41.780521,28.960356,,,2,1,0.0222,Low,2417600
KE022,Kiambu,2013-06,105.70670666666666,51.07,,,0,0,0.0222,Low,2417600
KE022,Kiambu,2013-07,83.99522866666666,81.388016,,,0,0,0.0222,Low,2417600
KE022,Kiambu,2013-08,134.84346333333335,76.99734,,,0,0,0.0222,Low,2417600
KE022,Kiambu,2013-09,131.81893166666666,105.360115,,,1,0,0.0222,Low,2417600
KE022,Kiambu,2013-10,55.307373000000005,38.172997,,,0,0,0.0222,Low,2417600
KE022,Kiambu,2013-11,75.75898600000001,46.207863,,,0,0,0.0222,Low,2417600
KE022,Kiambu,2013-12,177.32512666666665,31.40432,,,0,0,0.0222,Low,2417600
KE022,Kiambu,2014-01,40.481979333333335,33.773468,,,0,0,0.0222,Low,2417600
KE022,Kiambu,2014-02,158.54608666666667,56.94235,,,0,0,0.0222,Low,2417600
KE022,Kiambu,2014-03,151.49080433333333,26.647068,,,0,0,0.0222,Low,2417600
KE022,Kiambu,2014-04,38.86973366666667,27.757555,,,0,0,0.0222,Low,2417600
KE022,Kiambu,2014-05,58.093376666666664,50.77917,,,0,0,0.0222,Low,2417600
KE022,Kiambu,2014-06,168.28251,132.24078,,,0,0,0.0222,Low,2417600
KE022,Kiambu,2014-07,87.961772,82.71294,,,0,0,0.0222,Low,2417600
KE022,Kiambu,2014-08,135.75327366666667,72.057236,,,0,0,0.0222,Low,2417600
KE022,Kiambu,2014-09,119.7176,69.80519,,,0,0,0.0222,Low,2417600
KE022,Kiambu,2014-10,112.32352633333335,73.598465,,,0,0,0.0222,Low,2417600
KE022,Kiambu,2014-11,85.58988333333333,60.22833,,,0,0,0.0222,Low,2417600
KE022,Kiambu,2014-12,121.76187133333333,61.240204,,,0,0,0.0222,Low,2417600
KE022,Kiambu,2015-01,34.51197533333333,31.86771,,,0,0,0.0222,Low,2417600
KE022,Kiambu,2015-02,78.36543233333333,39.34426,,,0,0,0.0222,Low,2417600
KE022,Kiambu,2015-03,58.345425,41.146545,,,0,0,0.0222,Low,2417600
KE022,Kiambu,2015-04,125.68696999999999,104.96724,,,1,2,0.0222,Low,2417600
KE022,Kiambu,2015-05,95.11312500000001,67.70926,,,0,0,0.0222,Low,2417600
KE022,Kiambu,2015-06,94.57821833333333,59.54892,,,0,0,0.0222,Low,2417600
KE022,Kiambu,2015-07,110.69564466666668,102.776024,,,0,0,0.0222,Low,2417600
KE022,Kiambu,2015-08,76.330646,55.258083,,,0,0,0.0222,Low,2417600
KE022,Kiambu,2015-09,65.90103333333333,63.14935,,,0,0,0.0222,Low,2417600
KE022,Kiambu,2015-10,114.51358499999999,102.47894,,,0,0,0.0222,Low,2417600
KE022,Kiambu,2015-11,151.5728533333333,115.17662,,,0,0,0.0222,Low,2417600
KE022,Kiambu,2015-12,135.52719566666664,39.974697,,,0,0,0.0222,Low,2417600
KE022,Kiambu,2016-01,173.09809333333337,83.17614,,,0,0,0.0222,Low,2417600
KE022,Kiambu,2016-02,76.800542,49.24595,,,0,0,0.0222,Low,2417600
KE022,Kiambu,2016-03,71.955421,28.775692,,,0,0,0.0222,Low,2417600
KE022,Kiambu,2016-04,104.41651933333333,55.765488,,,0,0,0.0222,Low,2417600
KE022,Kiambu,2016-05,99.12860866666665,45.583496,,,0,0,0.0222,Low,2417600
KE022,Kiambu,2016-06,90.80481333333334,73.91934,,,0,0,0.0222,Low,2417600
KE022,Kiambu,2016-07,69.31186966666667,61.840843,,,0,0,0.0222,Low,2417600
KE022,Kiambu,2016-08,87.89140666666667,73.11828,,,0,0,0.0222,Low,2417600
KE022,Kiambu,2016-09,78.04108000000001,71.30972,,,0,0,0.0222,Low,2417600
KE022,Kiambu,2016-10,81.74958500000001,62.19919,,,0,0,0.0222,Low,2417600
KE022,Kiambu,2016-11,117.25814666666668,75.79339,,,1,1,0.0222,Low,2417600
KE022,Kiambu,2016-12,37.79224,33.118393,,,0,0,0.0222,Low,2417600
KE022,Kiambu,2017-01,56.175391999999995,37.546036,,,0,0,0.0222,Low,2417600
KE022,Kiambu,2017-02,89.37865099999999,53.9206,,,1,4,0.0222,Low,2417600
KE022,Kiambu,2017-03,43.856929,35.297283,,,0,0,0.0222,Low,2417600
KE022,Kiambu,2017-04,46.2919,43.39347,,,1,0,0.0222,Low,2417600
KE022,Kiambu,2017-05,86.526393,50.235565,,,0,0,0.0222,Low,2417600
KE022,Kiambu,2017-06,82.20345233333335,57.720177,,,0,0,0.0222,Low,2417600
KE022,Kiambu,2017-07,124.12058000000002,105.04732,,,2,3,0.0222,Low,2417600
KE022,Kiambu,2017-08,137.84985666666668,100.24813,,,1,1,0.0222,Low,2417600
KE022,Kiambu,2017-09,105.11352866666665,67.92251,,,0,0,0.0222,Low,2417600
KE022,Kiambu,2017-10,116.8555,56.53649,,,0,0,0.0222,Low,2417600
KE022,Kiambu,2017-11,88.713579,60.874557,,,0,0,0.0222,Low,2417600
KE022,Kiambu,2017-12,32.91220833333333,26.69061,,,1,2,0.0222,Low,2417600
KE022,Kiambu,2018-01,87.28020533333331,62.33915,,,0,0,0.0222,Low,2417600
KE022,Kiambu,2018-02,79.71750666666667,53.6213,,,0,0,0.0222,Low,2417600
KE022,Kiambu,2018-03,255.48480866666668,36.517586,,,0,0,0.0222,Low,2417600
KE022,Kiambu,2018-04,198.76513999999997,83.96229,,,0,0,0.0222,Low,2417600
KE022,Kiambu,2018-05,229.63540333333333,111.8422,,,0,0,0.0222,Low,2417600
KE022,Kiambu,2018-06,157.46749333333332,133.81195,,,0,0,0.0222,Low,2417600
KE022,Kiambu,2018-07,138.82068333333333,128.23299,,,0,0,0.0222,Low,2417600
KE022,Kiambu,2018-08,157.97354833333333,83.30021,,,2,3,0.0222,Low,2417600
KE022,Kiambu,2018-09,104.44750166666665,91.53361,,,1,6,0.0222,Low,2417600
KE022,Kiambu,2018-10,81.162781,46.746033,,,0,0,0.0222,Low,2417600
KE022,Kiambu,2018-11,73.11037733333333,62.889908,,,1,1,0.0222,Low,2417600
KE022,Kiambu,2018-12,170.60714099999998,53.993393,,,0,0,0.0222,Low,2417600
KE022,Kiambu,2019-01,44.85145466666666,39.76242,,,0,0,0.0222,Low,2417600
KE022,Kiambu,2019-02,71.71890566666667,63.582207,,,2,4,0.0222,Low,2417600
KE022,Kiambu,2019-03,30.868024000000002,26.758703,,,0,0,0.0222,Low,2417600
KE022,Kiambu,2019-04,70.99643533333334,29.19428,,,0,0,0.0222,Low,2417600
KE022,Kiambu,2019-05,56.01688766666666,47.009926,,,0,0,0.0222,Low,2417600
KE022,Kiambu,2019-06,141.54868333333332,65.877,,,0,0,0.0222,Low,2417600
KE022,Kiambu,2019-07,175.73254666666665,155.50095,,,0,0,0.0222,Low,2417600
KE022,Kiambu,2019-08,141.33975333333333,64.84698,,,0,0,0.0222,Low,2417600
KE022,Kiambu,2019-09,152.82537166666665,110.657265,,,0,0,0.0222,Low,2417600
KE022,Kiambu,2019-10,274.55961,223.07527,,,0,0,0.0222,Low,2417600
KE022,Kiambu,2019-11,167.81088333333332,44.36781,,,0,0,0.0222,Low,2417600
KE022,Kiambu,2019-12,267.59439000000003,72.5084,,,0,0,0.0222,Low,2417600
KE022,Kiambu,2020-01,176.66668333333334,88.02659,,,0,0,0.0222,Low,2417600
KE022,Kiambu,2020-02,152.50519333333332,46.63936,,,0,0,0.0222,Low,2417600
KE022,Kiambu,2020-03,165.52622499999998,52.643375,,,0,0,0.0222,Low,2417600
KE022,Kiambu,2020-04,194.3461,65.28485,,,0,0,0.0222,Low,2417600
KE022,Kiambu,2020-05,84.83248833333333,77.809525,,,0,0,0.0222,Low,2417600
KE022,Kiambu,2020-06,178.80433333333335,91.56791,,,0,0,0.0222,Low,2417600
KE022,Kiambu,2020-07,105.93349466666666,88.446785,,,1,1,0.0222,Low,2417600
KE022,Kiambu,2020-08,96.55257466666666,62.3474,,,0,0,0.0222,Low,2417600
KE022,Kiambu,2020-09,137.86203333333333,74.26662,,,0,0,0.0222,Low,2417600
KE022,Kiambu,2020-10,96.62839133333334,86.220764,,,0,0,0.0222,Low,2417600
KE022,Kiambu,2020-11,85.60311333333334,68.24155,,,0,0,0.0222,Low,2417600
KE022,Kiambu,2020-12,68.313235,45.842667,,,0,0,0.0222,Low,2417600
KE022,Kiambu,2021-01,96.33774866666666,47.062366,,,0,0,0.0222,Low,2417600
KE022,Kiambu,2021-02,151.07771333333332,113.01434,,,1,0,0.0222,Low,2417600
KE022,Kiambu,2021-03,58.13275166666667,41.86509,,,0,0,0.0222,Low,2417600
KE022,Kiambu,2021-04,65.09806833333333,44.85037,,,0,0,0.0222,Low,2417600
KE022,Kiambu,2021-05,127.21138,75.03676,,,0,0,0.0222,Low,2417600
KE022,Kiambu,2021-06,55.469636333333334,39.645325,,,0,0,0.0222,Low,2417600
KE022,Kiambu,2021-07,186.4071,115.95158,,,0,0,0.0222,Low,2417600
KE022,Kiambu,2021-08,99.04606366666667,62.325977,,,0,0,0.0222,Low,2417600
KE022,Kiambu,2021-09,75.81710500000001,66.233765,,,0,0,0.0222,Low,2417600
KE022,Kiambu,2021-10,92.49976,51.9106,,,0,0,0.0222,Low,2417600
KE022,Kiambu,2021-11,85.74086,48.59147,,,1,0,0.0222,Low,2417600
KE022,Kiambu,2021-12,98.37239666666666,87.69598,,,0,0,0.0222,Low,2417600
KE022,Kiambu,2022-01,85.00985533333333,31.617716,,,0,0,0.0222,Low,2417600
KE022,Kiambu,2022-02,121.88177,55.85552,,,0,0,0.0222,Low,2417600
KE022,Kiambu,2022-03,43.646836,34.826653,,,0,0,0.0222,Low,2417600
KE022,Kiambu,2022-04,73.14317766666666,31.924063,,,0,0,0.0222,Low,2417600
KE022,Kiambu,2022-05,54.303030666666665,30.144957,,,0,0,0.0222,Low,2417600
KE022,Kiambu,2022-06,59.784536,41.094723,,,0,0,0.0222,Low,2417600
KE022,Kiambu,2022-07,87.95606,69.75072,,,0,0,0.0222,Low,2417600
KE022,Kiambu,2022-08,79.997733,78.646385,,,0,0,0.0222,Low,2417600
KE022,Kiambu,2022-09,92.00271,66.88311,,,1,0,0.0222,Low,2417600
KE022,Kiambu,2022-10,64.66194,50.62452,,,1,0,0.0222,Low,2417600
KE022,Kiambu,2022-11,122.368172,65.31199,,,0,0,0.0222,Low,2417600
KE022,Kiambu,2022-12,46.60867933333333,43.603024,,,1,0,0.0222,Low,2417600
KE022,Kiambu,2023-01,61.44372466666667,46.487434,,,0,0,0.0222,Low,2417600
KE022,Kiambu,2023-02,39.74261533333333,31.651459,,,1,0,0.0222,Low,2417600
KE022,Kiambu,2023-03,117.24368633333334,36.958054,,,1,0,0.0222,Low,2417600
KE022,Kiambu,2023-04,85.21932666666666,37.84739,,,1,0,0.0222,Low,2417600
KE022,Kiambu,2023-05,55.173019333333336,42.24136,,,1,0,0.0222,Low,2417600
KE022,Kiambu,2023-06,78.87056333333334,49.45008,,,1,0,0.0222,Low,2417600
KE022,Kiambu,2023-07,72.93572866666666,65.97555,,,0,0,0.0222,Low,2417600
KE022,Kiambu,2023-08,55.964542333333334,48.57571,,,1,0,0.0222,Low,2417600
KE022,Kiambu,2023-09,156.87629666666666,119.31818,,,1,0,0.0222,Low,2417600
KE022,Kiambu,2023-10,105.65328666666666,68.27881,,,0,0,0.0222,Low,2417600
KE022,Kiambu,2023-11,167.87285,119.09118,,,0,0,0.0222,Low,2417600
KE022,Kiambu,2023-12,83.00623666666667,49.218464,,,2,4,0.0222,Low,2417600
KE022,Kiambu,2024-01,216.83753666666667,82.61957,,,0,0,0.0222,Low,2417600
KE022,Kiambu,2024-02,102.655626,53.993668,,,1,0,0.0222,Low,2417600
KE022,Kiambu,2024-03,119.70565766666668,63.804043,,,2,0,0.0222,Low,2417600
KE022,Kiambu,2024-04,296.83477666666664,175.42432,,,0,0,0.0222,Low,2417600
KE022,Kiambu,2024-05,218.50671333333335,170.69218,,,0,0,0.0222,Low,2417600
KE022,Kiambu,2024-06,111.34030666666666,80.87077,,,4,1,0.0222,Low,2417600
KE022,Kiambu,2024-07,213.01831333333334,131.49316,,,0,0,0.0222,Low,2417600
KE022,Kiambu,2024-08,65.092091,46.77661,,,0,0,0.0222,Low,2417600
KE022,Kiambu,2024-09,124.10261000000001,79.33206,,,0,0,0.0222,Low,2417600
KE022,Kiambu,2024-10,68.85974166666666,58.340965,,,1,0,0.0222,Low,2417600
KE022,Kiambu,2024-11,165.10653666666667,83.03949,,,1,0,0.0222,Low,2417600
KE022,Kiambu,2024-12,103.51592833333332,48.080505,,,5,2,0.0222,Low,2417600
KE022,Kiambu,2025-01,166.10698166666666,40.409573,,,1,0,0.0222,Low,2417600
KE022,Kiambu,2025-02,36.944041666666664,28.579409,,,0,0,0.0222,Low,2417600
KE022,Kiambu,2025-03,148.06597133333332,113.411224,,,0,0,0.0222,Low,2417600
KE022,Kiambu,2025-04,127.14452666666666,104.94881,,,0,0,0.0222,Low,2417600
KE022,Kiambu,2025-05,103.77596166666667,65.45665,,,2,0,0.0222,Low,2417600
KE022,Kiambu,2025-06,102.50373499999999,44.07878,,,1,0,0.0222,Low,2417600
KE022,Kiambu,2025-07,75.82090699999999,59.144287,,,0,0,0.0222,Low,2417600
KE022,Kiambu,2025-08,147.32233,76.59028,,,2,0,0.0222,Low,2417600
KE022,Kiambu,2025-09,97.18476333333332,85.57167,,,0,0,0.0222,Low,2417600
KE022,Kiambu,2025-10,165.11090766666666,55.771263,,,0,0,0.0222,Low,2417600
KE022,Kiambu,2025-11,36.467975333333335,32.655994,,,1,0,0.0222,Low,2417600
KE022,Kiambu,2025-12,126.18897333333332,33.21567,,,0,0,0.0222,Low,2417600
KE003,Kilifi,2006-01,64.77977516666667,50.49682,,,0,0,0.2026,Medium,1453762
KE003,Kilifi,2006-02,83.61789316666666,77.640945,,,0,0,0.2026,Medium,1453762
KE003,Kilifi,2006-03,86.49797716666666,45.55762,,,0,0,0.2026,Medium,1453762
KE003,Kilifi,2006-04,150.78404333333333,88.73665,,,0,0,0.2026,Medium,1453762
KE003,Kilifi,2006-05,79.4981465,30.382105,,,0,0,0.2026,Medium,1453762
KE003,Kilifi,2006-06,123.70380666666667,73.13817,,,0,0,0.2026,Medium,1453762
KE003,Kilifi,2006-07,90.44319250000001,71.45554,,,0,0,0.2026,Medium,1453762
KE003,Kilifi,2006-08,121.17526183333332,107.290825,,,0,0,0.2026,Medium,1453762
KE003,Kilifi,2006-09,179.39161000000001,74.70763,,,0,0,0.2026,Medium,1453762
KE003,Kilifi,2006-10,196.315289,76.638504,,,0,0,0.2026,Medium,1453762
KE003,Kilifi,2006-11,174.91693583333333,91.27837,,,0,0,0.2026,Medium,1453762
KE003,Kilifi,2006-12,143.18814433333333,41.428116,,,0,0,0.2026,Medium,1453762
KE003,Kilifi,2007-01,81.06099416666667,61.87509,,,0,0,0.2026,Medium,1453762
KE003,Kilifi,2007-02,84.451276,76.55859,,,0,0,0.2026,Medium,1453762
KE003,Kilifi,2007-03,64.97610333333334,42.949844,,,0,0,0.2026,Medium,1453762
KE003,Kilifi,2007-04,84.346906,37.246017,,,0,0,0.2026,Medium,1453762
KE003,Kilifi,2007-05,190.07511799999997,56.042408,,,0,0,0.2026,Medium,1453762
KE003,Kilifi,2007-06,113.02331016666666,66.570625,,,0,0,0.2026,Medium,1453762
KE003,Kilifi,2007-07,85.80611983333334,71.56515,,,0,0,0.2026,Medium,1453762
KE003,Kilifi,2007-08,161.49268166666667,141.42639,,,0,0,0.2026,Medium,1453762
KE003,Kilifi,2007-09,222.9132033333333,99.64788,,,0,0,0.2026,Medium,1453762
KE003,Kilifi,2007-10,81.62223999999999,42.54456,,,0,0,0.2026,Medium,1453762
KE003,Kilifi,2007-11,66.57329233333333,30.397675,,,0,0,0.2026,Medium,1453762
KE003,Kilifi,2007-12,74.74686116666666,56.22332,,,0,0,0.2026,Medium,1453762
KE003,Kilifi,2008-01,124.786547,51.7707,,,0,0,0.2026,Medium,1453762
KE003,Kilifi,2008-02,87.86226433333333,76.48544,,,0,0,0.2026,Medium,1453762
KE003,Kilifi,2008-03,168.628465,62.07265,,,0,0,0.2026,Medium,1453762
KE003,Kilifi,2008-04,68.92388,46.232914,,,0,0,0.2026,Medium,1453762
KE003,Kilifi,2008-05,93.33779516666668,42.069836,,,0,0,0.2026,Medium,1453762
KE003,Kilifi,2008-06,130.40615833333334,100.22894,,,0,0,0.2026,Medium,1453762
KE003,Kilifi,2008-07,102.0017325,82.657715,,,0,0,0.2026,Medium,1453762
KE003,Kilifi,2008-08,101.28804666666667,93.95532,,,0,0,0.2026,Medium,1453762
KE003,Kilifi,2008-09,85.901819,72.17022,,,0,0,0.2026,Medium,1453762
KE003,Kilifi,2008-10,58.11775,46.312542,,,0,0,0.2026,Medium,1453762
KE003,Kilifi,2008-11,93.41529200000001,40.627277,,,0,0,0.2026,Medium,1453762
KE003,Kilifi,2008-12,51.184994499999995,33.814766,,,0,0,0.2026,Medium,1453762
KE003,Kilifi,2009-01,67.8656965,49.273884,,,0,0,0.2026,Medium,1453762
KE003,Kilifi,2009-02,97.80933750000001,86.37292,,,0,0,0.2026,Medium,1453762
KE003,Kilifi,2009-03,61.21379983333333,45.63205,,,0,0,0.2026,Medium,1453762
KE003,Kilifi,2009-04,56.542487666666666,31.414366,,,0,0,0.2026,Medium,1453762
KE003,Kilifi,2009-05,51.23642733333333,23.653557,,,0,0,0.2026,Medium,1453762
KE003,Kilifi,2009-06,162.07506166666667,98.7332,,,0,0,0.2026,Medium,1453762
KE003,Kilifi,2009-07,66.54800883333333,56.212044,,,0,0,0.2026,Medium,1453762
KE003,Kilifi,2009-08,81.86228983333334,71.58862,,,0,0,0.2026,Medium,1453762
KE003,Kilifi,2009-09,58.6022795,44.341213,,,0,0,0.2026,Medium,1453762
KE003,Kilifi,2009-10,236.1872425,65.989815,,,0,0,0.2026,Medium,1453762
KE003,Kilifi,2009-11,37.62297616666667,28.145996,,,1,0,0.2026,Medium,1453762
KE003,Kilifi,2009-12,104.99568666666669,72.86367,,,0,0,0.2026,Medium,1453762
KE003,Kilifi,2010-01,74.85750766666666,59.991306,,,0,0,0.2026,Medium,1453762
KE003,Kilifi,2010-02,93.30159900000001,85.36175,,,0,0,0.2026,Medium,1453762
KE003,Kilifi,2010-03,110.212801,39.953583,,,0,0,0.2026,Medium,1453762
KE003,Kilifi,2010-04,123.31688416666667,93.37849,,,0,0,0.2026,Medium,1453762
KE003,Kilifi,2010-05,117.32873883333333,40.981537,,,0,0,0.2026,Medium,1453762
KE003,Kilifi,2010-06,93.85674766666666,82.10101,,,1,3,0.2026,Medium,1453762
KE003,Kilifi,2010-07,83.93153,65.73804,,,0,0,0.2026,Medium,1453762
KE003,Kilifi,2010-08,80.55340016666666,74.241425,,,0,0,0.2026,Medium,1453762
KE003,Kilifi,2010-09,96.09020016666666,67.112785,,,0,0,0.2026,Medium,1453762
KE003,Kilifi,2010-10,36.431061,25.710255,,,0,0,0.2026,Medium,1453762
KE003,Kilifi,2010-11,100.41146099999999,55.11023,,,0,0,0.2026,Medium,1453762
KE003,Kilifi,2010-12,53.60027333333333,35.948586,,,0,0,0.2026,Medium,1453762
KE003,Kilifi,2011-01,63.262356166666656,48.688595,,,0,0,0.2026,Medium,1453762
KE003,Kilifi,2011-02,134.586612,99.635086,,,0,0,0.2026,Medium,1453762
KE003,Kilifi,2011-03,63.88031,44.666607,,,0,0,0.2026,Medium,1453762
KE003,Kilifi,2011-04,62.78661433333334,30.42966,,,0,0,0.2026,Medium,1453762
KE003,Kilifi,2011-05,75.796248,59.634964,,,0,0,0.2026,Medium,1453762
KE003,Kilifi,2011-06,64.2664625,57.20042,,,0,0,0.2026,Medium,1453762
KE003,Kilifi,2011-07,79.70854266666667,62.971516,,,0,0,0.2026,Medium,1453762
KE003,Kilifi,2011-08,79.019182,69.16426,,,0,0,0.2026,Medium,1453762
KE003,Kilifi,2011-09,104.40072350000001,101.90406,,,0,0,0.2026,Medium,1453762
KE003,Kilifi,2011-10,113.36327733333333,57.62537,,,0,0,0.2026,Medium,1453762
KE003,Kilifi,2011-11,111.87788833333333,77.74194,,,1,0,0.2026,Medium,1453762
KE003,Kilifi,2011-12,71.4176865,57.47725,,,0,0,0.2026,Medium,1453762
KE003,Kilifi,2012-01,68.750101,49.630577,,,0,0,0.2026,Medium,1453762
KE003,Kilifi,2012-02,89.431851,81.39312,,,1,0,0.2026,Medium,1453762
KE003,Kilifi,2012-03,50.33712516666666,22.028667,,,2,3,0.2026,Medium,1453762
KE003,Kilifi,2012-04,59.484637666666664,39.313152,,,0,0,0.2026,Medium,1453762
KE003,Kilifi,2012-05,95.43219866666668,31.622732,,,0,0,0.2026,Medium,1453762
KE003,Kilifi,2012-06,60.19442,41.17382,,,0,0,0.2026,Medium,1453762
KE003,Kilifi,2012-07,74.09811333333333,65.37077,,,0,0,0.2026,Medium,1453762
KE003,Kilifi,2012-08,118.24020133333333,89.83212,,,1,3,0.2026,Medium,1453762
KE003,Kilifi,2012-09,77.788735,45.77053,,,2,2,0.2026,Medium,1453762
KE003,Kilifi,2012-10,126.82331533333333,24.360332,,,2,0,0.2026,Medium,1453762
KE003,Kilifi,2012-11,128.24988833333333,47.050125,,,0,0,0.2026,Medium,1453762
KE003,Kilifi,2012-12,113.7055775,55.100285,,,0,0,0.2026,Medium,1453762
KE003,Kilifi,2013-01,68.972551,58.3949,,,0,0,0.2026,Medium,1453762
KE003,Kilifi,2013-02,80.334345,74.82683,,,5,5,0.2026,Medium,1453762
KE003,Kilifi,2013-03,209.06490599999998,93.444466,,,2,9,0.2026,Medium,1453762
KE003,Kilifi,2013-04,76.52168916666666,39.315994,,,0,0,0.2026,Medium,1453762
KE003,Kilifi,2013-05,104.3060555,55.336952,,,1,0,0.2026,Medium,1453762
KE003,Kilifi,2013-06,75.5032,59.50633,,,0,0,0.2026,Medium,1453762
KE003,Kilifi,2013-07,71.422364,58.263374,,,1,2,0.2026,Medium,1453762
KE003,Kilifi,2013-08,108.383821,81.43428,,,1,1,0.2026,Medium,1453762
KE003,Kilifi,2013-09,131.24813066666667,73.24104,,,1,0,0.2026,Medium,1453762
KE003,Kilifi,2013-10,114.13602250000001,20.266455,,,2,1,0.2026,Medium,1453762
KE003,Kilifi,2013-11,77.15617633333333,35.39853,,,2,2,0.2026,Medium,1453762
KE003,Kilifi,2013-12,98.67161266666666,42.73985,,,1,1,0.2026,Medium,1453762
KE003,Kilifi,2014-01,64.33505316666667,54.420383,,,0,0,0.2026,Medium,1453762
KE003,Kilifi,2014-02,98.934911,79.1766,,,0,0,0.2026,Medium,1453762
KE003,Kilifi,2014-03,174.42870833333333,120.08258,,,1,1,0.2026,Medium,1453762
KE003,Kilifi,2014-04,66.60605083333333,31.378342,,,0,0,0.2026,Medium,1453762
KE003,Kilifi,2014-05,102.65454083333333,49.636425,,,0,0,0.2026,Medium,1453762
KE003,Kilifi,2014-06,98.74668000000001,74.4952,,,1,1,0.2026,Medium,1453762
KE003,Kilifi,2014-07,98.57706,78.30601,,,0,0,0.2026,Medium,1453762
KE003,Kilifi,2014-08,94.60354666666666,80.18073,,,0,0,0.2026,Medium,1453762
KE003,Kilifi,2014-09,104.543098,59.131138,,,0,0,0.2026,Medium,1453762
KE003,Kilifi,2014-10,71.53020583333334,32.94512,,,0,0,0.2026,Medium,1453762
KE003,Kilifi,2014-11,123.61146983333333,43.900246,,,1,1,0.2026,Medium,1453762
KE003,Kilifi,2014-12,169.016334,71.79676,,,0,0,0.2026,Medium,1453762
KE003,Kilifi,2015-01,68.32391983333333,54.87898,83.1,33.9,0,0,0.2026,Medium,1453762
KE003,Kilifi,2015-02,82.74962166666667,76.91036,87.4,37.5,0,0,0.2026,Medium,1453762
KE003,Kilifi,2015-03,133.14092366666668,48.74092,86.1,37.7,0,0,0.2026,Medium,1453762
KE003,Kilifi,2015-04,110.47771216666666,55.735535,88.9,37.0,0,0,0.2026,Medium,1453762
KE003,Kilifi,2015-05,148.15731283333335,63.000763,93.0,36.0,0,0,0.2026,Medium,1453762
KE003,Kilifi,2015-06,85.61657633333334,60.0546,95.0,36.0,0,0,0.2026,Medium,1453762
KE003,Kilifi,2015-07,125.699681,100.00716,96.0,34.0,0,0,0.2026,Medium,1453762
KE003,Kilifi,2015-08,103.395219,93.64369,96.0,35.0,0,0,0.2026,Medium,1453762
KE003,Kilifi,2015-09,67.6711025,58.841385,91.0,35.0,0,0,0.2026,Medium,1453762
KE003,Kilifi,2015-10,115.580608,32.972748,87.0,38.0,0,0,0.2026,Medium,1453762
KE003,Kilifi,2015-11,160.50904733333334,73.98323,88.0,37.0,0,0,0.2026,Medium,1453762
KE003,Kilifi,2015-12,75.50395283333334,50.37548,88.0,37.0,0,0,0.2026,Medium,1453762
KE003,Kilifi,2016-01,99.8445,84.38754,90.0,38.0,1,4,0.2026,Medium,1453762
KE003,Kilifi,2016-02,100.96871416666666,84.495865,87.0,39.0,0,0,0.2026,Medium,1453762
KE003,Kilifi,2016-03,59.592255333333334,24.105211,84.0,39.0,0,0,0.2026,Medium,1453762
KE003,Kilifi,2016-04,100.30477566666667,64.806114,,,0,0,0.2026,Medium,1453762
KE003,Kilifi,2016-05,58.229670999999996,46.165344,86.0,38.0,0,0,0.2026,Medium,1453762
KE003,Kilifi,2016-06,81.89129833333332,68.1762,83.0,44.0,0,0,0.2026,Medium,1453762
KE003,Kilifi,2016-07,78.76273766666667,63.893692,89.0,40.0,0,0,0.2026,Medium,1453762
KE003,Kilifi,2016-08,109.13103483333333,101.48146,88.0,39.0,0,0,0.2026,Medium,1453762
KE003,Kilifi,2016-09,68.75621883333334,52.36487,88.0,42.0,0,0,0.2026,Medium,1453762
KE003,Kilifi,2016-10,50.56717883333334,21.651669,92.0,42.0,0,0,0.2026,Medium,1453762
KE003,Kilifi,2016-11,64.13427783333334,33.44146,92.0,42.0,0,0,0.2026,Medium,1453762
KE003,Kilifi,2016-12,74.18510766666667,56.408154,96.0,43.0,0,0,0.2026,Medium,1453762
KE003,Kilifi,2017-01,94.23844683333334,71.632126,98.0,40.0,0,0,0.2026,Medium,1453762
KE003,Kilifi,2017-02,116.2256,92.14451,100.0,48.0,0,0,0.2026,Medium,1453762
KE003,Kilifi,2017-03,65.08597033333334,47.71936,120.0,58.0,0,0,0.2026,Medium,1453762
KE003,Kilifi,2017-04,86.10579233333333,60.34122,117.3,60.0,0,0,0.2026,Medium,1453762
KE003,Kilifi,2017-05,138.70290333333332,88.55144,124.1,87.9,0,0,0.2026,Medium,1453762
KE003,Kilifi,2017-06,86.21848066666666,80.61748,121.3,57.9,0,0,0.2026,Medium,1453762
KE003,Kilifi,2017-07,77.1974175,68.13571,125.3,60.6,0,0,0.2026,Medium,1453762
KE003,Kilifi,2017-08,118.81945400000001,106.7223,114.8,47.8,0,0,0.2026,Medium,1453762
KE003,Kilifi,2017-09,127.0212525,62.98077,112.8,46.0,0,0,0.2026,Medium,1453762
KE003,Kilifi,2017-10,56.64262216666666,30.271479,107.6,39.2,0,0,0.2026,Medium,1453762
KE003,Kilifi,2017-11,131.66069683333333,74.94651,115.5,62.6,0,0,0.2026,Medium,1453762
KE003,Kilifi,2017-12,66.58919833333333,35.42141,114.3,46.3,0,0,0.2026,Medium,1453762
KE003,Kilifi,2018-01,64.37725833333333,50.620686,112.6,47.8,0,0,0.2026,Medium,1453762
KE003,Kilifi,2018-02,96.98448666666667,84.48808,108.3,48.2,0,0,0.2026,Medium,1453762
KE003,Kilifi,2018-03,189.32202600000002,85.46708,104.52,47.5,1,0,0.2026,Medium,1453762
KE003,Kilifi,2018-04,168.90145333333334,97.47759,101.2,45.3,2,0,0.2026,Medium,1453762
KE003,Kilifi,2018-05,128.26907666666668,64.01915,99.5,43.7,0,0,0.2026,Medium,1453762
KE003,Kilifi,2018-06,124.63588666666665,82.1884,100.8,42.5,0,0,0.2026,Medium,1453762
KE003,Kilifi,2018-07,182.36629833333333,161.26314,92.6,39.6,0,0,0.2026,Medium,1453762
KE003,Kilifi,2018-08,105.87964099999999,84.65847,90.2,39.9,0,0,0.2026,Medium,1453762
KE003,Kilifi,2018-09,146.06348583333332,72.09359,79.8,41.6,0,0,0.2026,Medium,1453762
KE003,Kilifi,2018-10,155.02638583333334,58.36632,70.5,37.8,1,0,0.2026,Medium,1453762
KE003,Kilifi,2018-11,60.605934,28.630226,80.0,38.9,1,0,0.2026,Medium,1453762
KE003,Kilifi,2018-12,135.919071,54.24046,75.2,39.5,0,0,0.2026,Medium,1453762
KE003,Kilifi,2019-01,120.48192233333333,87.66846,76.0,41.1,0,0,0.2026,Medium,1453762
KE003,Kilifi,2019-02,87.37037166666666,81.60958,74.5,41.1,0,0,0.2026,Medium,1453762
KE003,Kilifi,2019-03,41.25140316666667,38.32009,76.0,37.3,0,0,0.2026,Medium,1453762
KE003,Kilifi,2019-04,53.109417,43.251,85.2,45.1,0,0,0.2026,Medium,1453762
KE003,Kilifi,2019-05,151.56154899999999,69.52575,97.5,49.1,0,0,0.2026,Medium,1453762
KE003,Kilifi,2019-06,86.61392283333333,55.91592,103.8,45.0,0,0,0.2026,Medium,1453762
KE003,Kilifi,2019-07,134.09715500000001,105.98238,119.0,47.9,0,0,0.2026,Medium,1453762
KE003,Kilifi,2019-08,96.78374016666668,74.24395,115.0,47.2,0,0,0.2026,Medium,1453762
KE003,Kilifi,2019-09,140.99856916666667,82.787735,102.1,45.5,0,0,0.2026,Medium,1453762
KE003,Kilifi,2019-10,321.39738500000004,156.4055,107.9,47.9,0,0,0.2026,Medium,1453762
KE003,Kilifi,2019-11,153.17371166666666,64.54209,113.2,45.5,0,0,0.2026,Medium,1453762
KE003,Kilifi,2019-12,190.85098166666668,105.53212,105.9,47.3,1,1,0.2026,Medium,1453762
KE003,Kilifi,2020-01,194.0151,109.50319,107.0,46.9,0,0,0.2026,Medium,1453762
KE003,Kilifi,2020-02,104.3947895,95.30322,103.5,45.7,1,1,0.2026,Medium,1453762
KE003,Kilifi,2020-03,130.08265666666668,87.82076,104.1,41.9,0,0,0.2026,Medium,1453762
KE003,Kilifi,2020-04,232.04405666666665,160.21204,106.0,49.6,0,0,0.2026,Medium,1453762
KE003,Kilifi,2020-05,72.39772833333333,40.06871,99.3,44.8,0,0,0.2026,Medium,1453762
KE003,Kilifi,2020-06,122.70816066666667,79.443954,107.3,43.7,0,0,0.2026,Medium,1453762
KE003,Kilifi,2020-07,154.50066333333334,127.41665,106.6,44.3,0,0,0.2026,Medium,1453762
KE003,Kilifi,2020-08,74.5353825,63.23416,106.4,41.7,0,0,0.2026,Medium,1453762
KE003,Kilifi,2020-09,107.67833333333333,89.49454,104.5,38.1,0,0,0.2026,Medium,1453762
KE003,Kilifi,2020-10,44.83900583333334,30.165873,105.9,41.9,0,0,0.2026,Medium,1453762
KE003,Kilifi,2020-11,128.67878483333334,69.096375,103.9,39.9,0,0,0.2026,Medium,1453762
KE003,Kilifi,2020-12,78.33270566666666,43.89393,106.3,37.6,0,0,0.2026,Medium,1453762
KE003,Kilifi,2021-01,84.98932016666667,55.450905,,,0,0,0.2026,Medium,1453762
KE003,Kilifi,2021-02,116.01681,87.38214,,,0,0,0.2026,Medium,1453762
KE003,Kilifi,2021-03,39.478209666666665,33.56042,,,0,0,0.2026,Medium,1453762
KE003,Kilifi,2021-04,61.256377333333326,34.19769,,,0,0,0.2026,Medium,1453762
KE003,Kilifi,2021-05,55.824824166666666,30.663586,,,0,0,0.2026,Medium,1453762
KE003,Kilifi,2021-06,78.083578,56.991226,,,0,0,0.2026,Medium,1453762
KE003,Kilifi,2021-07,125.56432666666667,106.3306,,,0,0,0.2026,Medium,1453762
KE003,Kilifi,2021-08,104.11169583333333,102.47661,,,0,0,0.2026,Medium,1453762
KE003,Kilifi,2021-09,81.22847816666666,55.450882,,,0,0,0.2026,Medium,1453762
KE003,Kilifi,2021-10,43.666446,25.869068,,,0,0,0.2026,Medium,1453762
KE003,Kilifi,2021-11,47.824221333333334,27.935362,,,0,0,0.2026,Medium,1453762
KE003,Kilifi,2021-12,246.00359333333333,134.14984,,,0,0,0.2026,Medium,1453762
KE003,Kilifi,2022-01,74.53945716666666,53.132397,,,1,0,0.2026,Medium,1453762
KE003,Kilifi,2022-02,103.93762483333335,89.76333,,,0,0,0.2026,Medium,1453762
KE003,Kilifi,2022-03,50.02386416666667,46.916,,,0,0,0.2026,Medium,1453762
KE003,Kilifi,2022-04,85.376269,42.258083,,,0,0,0.2026,Medium,1453762
KE003,Kilifi,2022-05,76.96053450000001,34.824192,,,1,0,0.2026,Medium,1453762
KE003,Kilifi,2022-06,98.50332300000001,78.66277,,,2,1,0.2026,Medium,1453762
KE003,Kilifi,2022-07,167.45415,124.51053,,,0,0,0.2026,Medium,1453762
KE003,Kilifi,2022-08,99.70142766666667,94.9681,,,0,0,0.2026,Medium,1453762
KE003,Kilifi,2022-09,77.32810266666667,66.7683,,,0,0,0.2026,Medium,1453762
KE003,Kilifi,2022-10,41.81172083333333,27.280748,,,0,0,0.2026,Medium,1453762
KE003,Kilifi,2022-11,94.65505833333333,62.34848,,,0,0,0.2026,Medium,1453762
KE003,Kilifi,2022-12,59.947231666666674,36.18789,,,3,1,0.2026,Medium,1453762
KE003,Kilifi,2023-01,80.730615,56.75506,,,0,0,0.2026,Medium,1453762
KE003,Kilifi,2023-02,81.95100233333334,77.12282,,,1,1,0.2026,Medium,1453762
KE003,Kilifi,2023-03,77.45046283333333,51.663567,,,1,1,0.2026,Medium,1453762
KE003,Kilifi,2023-04,213.83683266666665,62.009956,,,0,0,0.2026,Medium,1453762
KE003,Kilifi,2023-05,64.57922766666667,41.41255,,,1,1,0.2026,Medium,1453762
KE003,Kilifi,2023-06,85.86192333333334,74.41186,,,0,0,0.2026,Medium,1453762
KE003,Kilifi,2023-07,144.09645666666668,125.59835,,,1,0,0.2026,Medium,1453762
KE003,Kilifi,2023-08,110.1627325,97.63346,,,0,0,0.2026,Medium,1453762
KE003,Kilifi,2023-09,85.6649365,70.491165,,,1,0,0.2026,Medium,1453762
KE003,Kilifi,2023-10,107.87231516666667,83.137596,,,0,0,0.2026,Medium,1453762
KE003,Kilifi,2023-11,310.29533166666664,158.11269,,,0,0,0.2026,Medium,1453762
KE003,Kilifi,2023-12,216.92588833333335,138.08362,,,0,0,0.2026,Medium,1453762
KE003,Kilifi,2024-01,87.25327550000002,63.847137,,,0,0,0.2026,Medium,1453762
KE003,Kilifi,2024-02,97.20567899999999,89.2786,,,0,0,0.2026,Medium,1453762
KE003,Kilifi,2024-03,122.38243266666666,112.04718,,,1,0,0.2026,Medium,1453762
KE003,Kilifi,2024-04,109.89429166666667,63.88909,,,1,1,0.2026,Medium,1453762
KE003,Kilifi,2024-05,55.67377033333333,20.204893,,,1,1,0.2026,Medium,1453762
KE003,Kilifi,2024-06,84.24419133333333,39.959763,,,1,0,0.2026,Medium,1453762
KE003,Kilifi,2024-07,69.60379383333333,54.035084,,,2,0,0.2026,Medium,1453762
KE003,Kilifi,2024-08,96.38277899999999,75.068214,,,1,1,0.2026,Medium,1453762
KE003,Kilifi,2024-09,65.60122266666666,46.907482,,,1,1,0.2026,Medium,1453762
KE003,Kilifi,2024-10,54.61731366666666,27.174871,,,1,1,0.2026,Medium,1453762
KE003,Kilifi,2024-11,96.77734533333334,40.552277,,,0,0,0.2026,Medium,1453762
KE003,Kilifi,2024-12,154.20409833333335,122.94504,,,0,0,0.2026,Medium,1453762
KE003,Kilifi,2025-01,68.727642,56.416946,,,0,0,0.2026,Medium,1453762
KE003,Kilifi,2025-02,77.5731635,70.786026,,,0,0,0.2026,Medium,1453762
KE003,Kilifi,2025-03,103.52987833333333,52.20661,128.0,37.6,0,0,0.2026,Medium,1453762
KE003,Kilifi,2025-04,89.30396583333334,54.362915,,,0,0,0.2026,Medium,1453762
KE003,Kilifi,2025-05,83.47468683333334,48.00769,,,0,0,0.2026,Medium,1453762
KE003,Kilifi,2025-06,112.4680065,70.18364,,,1,1,0.2026,Medium,1453762
KE003,Kilifi,2025-07,69.1747305,56.964195,,,0,0,0.2026,Medium,1453762
KE003,Kilifi,2025-08,94.77572716666667,81.095215,,,2,2,0.2026,Medium,1453762
KE003,Kilifi,2025-09,81.42532616666666,58.601868,,,1,1,0.2026,Medium,1453762
KE003,Kilifi,2025-10,57.91597116666667,27.715725,,,1,0,0.2026,Medium,1453762
KE003,Kilifi,2025-11,26.724430166666664,21.652336,,,0,0,0.2026,Medium,1453762
KE003,Kilifi,2025-12,60.114654,23.360157,,,1,0,0.2026,Medium,1453762
KE020,Kirinyaga,2006-01,60.97983333333334,57.20815,,,0,0,0.0406,Low,610380
KE020,Kirinyaga,2006-02,103.21958233333334,54.874317,,,0,0,0.0406,Low,610380
KE020,Kirinyaga,2006-03,130.72861,63.31924,,,0,0,0.0406,Low,610380
KE020,Kirinyaga,2006-04,94.42963466666667,68.574234,,,0,0,0.0406,Low,610380
KE020,Kirinyaga,2006-05,100.365208,61.342514,,,0,0,0.0406,Low,610380
KE020,Kirinyaga,2006-06,80.57011833333333,57.5805,,,0,0,0.0406,Low,610380
KE020,Kirinyaga,2006-07,84.89298333333333,84.21635,,,0,0,0.0406,Low,610380
KE020,Kirinyaga,2006-08,83.44801866666667,69.34292,,,0,0,0.0406,Low,610380
KE020,Kirinyaga,2006-09,147.30559333333335,116.30815,,,0,0,0.0406,Low,610380
KE020,Kirinyaga,2006-10,127.77140333333334,84.62886,,,0,0,0.0406,Low,610380
KE020,Kirinyaga,2006-11,177.94060333333334,137.7869,,,0,0,0.0406,Low,610380
KE020,Kirinyaga,2006-12,273.49942333333337,91.48733,,,0,0,0.0406,Low,610380
KE020,Kirinyaga,2007-01,95.17835000000001,71.09211,,,1,2,0.0406,Low,610380
KE020,Kirinyaga,2007-02,102.90957166666665,75.650795,,,0,0,0.0406,Low,610380
KE020,Kirinyaga,2007-03,67.33706866666667,44.37596,,,0,0,0.0406,Low,610380
KE020,Kirinyaga,2007-04,83.915407,36.125305,,,0,0,0.0406,Low,610380
KE020,Kirinyaga,2007-05,124.77295133333332,90.109344,,,0,0,0.0406,Low,610380
KE020,Kirinyaga,2007-06,114.82977366666667,105.686966,,,0,0,0.0406,Low,610380
KE020,Kirinyaga,2007-07,147.251527,96.149666,,,0,0,0.0406,Low,610380
KE020,Kirinyaga,2007-08,135.246862,83.926216,,,0,0,0.0406,Low,610380
KE020,Kirinyaga,2007-09,107.95096166666667,92.07933,,,0,0,0.0406,Low,610380
KE020,Kirinyaga,2007-10,141.09586166666668,108.539375,,,0,0,0.0406,Low,610380
KE020,Kirinyaga,2007-11,64.36228633333333,45.632214,,,0,0,0.0406,Low,610380
KE020,Kirinyaga,2007-12,63.18947333333333,53.32328,,,1,0,0.0406,Low,610380
KE020,Kirinyaga,2008-01,138.585352,48.441486,,,1,4,0.0406,Low,610380
KE020,Kirinyaga,2008-02,81.78454166666667,55.607605,,,0,0,0.0406,Low,610380
KE020,Kirinyaga,2008-03,129.04161333333334,74.83183,,,0,0,0.0406,Low,610380
KE020,Kirinyaga,2008-04,77.76762433333333,37.957073,,,0,0,0.0406,Low,610380
KE020,Kirinyaga,2008-05,37.478883333333336,25.010828,,,0,0,0.0406,Low,610380
KE020,Kirinyaga,2008-06,76.25159833333333,57.245075,,,1,5,0.0406,Low,610380
KE020,Kirinyaga,2008-07,101.08886633333334,76.136604,,,0,0,0.0406,Low,610380
KE020,Kirinyaga,2008-08,72.07313,67.7977,,,0,0,0.0406,Low,610380
KE020,Kirinyaga,2008-09,88.10950166666667,78.91446,,,0,0,0.0406,Low,610380
KE020,Kirinyaga,2008-10,132.25960333333333,56.58118,,,0,0,0.0406,Low,610380
KE020,Kirinyaga,2008-11,73.54712666666667,52.87784,,,0,0,0.0406,Low,610380
KE020,Kirinyaga,2008-12,45.173789,29.188187,,,0,0,0.0406,Low,610380
KE020,Kirinyaga,2009-01,87.01042233333334,59.006447,,,0,0,0.0406,Low,610380
KE020,Kirinyaga,2009-02,95.19036,68.68456,,,0,0,0.0406,Low,610380
KE020,Kirinyaga,2009-03,70.27424933333333,51.6773,,,0,0,0.0406,Low,610380
KE020,Kirinyaga,2009-04,62.95785133333334,47.510105,,,0,0,0.0406,Low,610380
KE020,Kirinyaga,2009-05,68.94712166666666,43.498264,,,0,0,0.0406,Low,610380
KE020,Kirinyaga,2009-06,80.44972700000001,71.36521,,,0,0,0.0406,Low,610380
KE020,Kirinyaga,2009-07,55.188892333333335,50.953655,,,0,0,0.0406,Low,610380
KE020,Kirinyaga,2009-08,62.03489866666666,57.84503,,,0,0,0.0406,Low,610380
KE020,Kirinyaga,2009-09,62.854831,54.719276,,,0,0,0.0406,Low,610380
KE020,Kirinyaga,2009-10,119.02288166666666,96.81668,,,0,0,0.0406,Low,610380
KE020,Kirinyaga,2009-11,73.534345,52.11577,,,0,0,0.0406,Low,610380
KE020,Kirinyaga,2009-12,104.69862,45.61069,,,0,0,0.0406,Low,610380
KE020,Kirinyaga,2010-01,86.60077333333334,55.38741,,,0,0,0.0406,Low,610380
KE020,Kirinyaga,2010-02,257.83405,112.92622,,,0,0,0.0406,Low,610380
KE020,Kirinyaga,2010-03,160.79279333333332,74.96119,,,0,0,0.0406,Low,610380
KE020,Kirinyaga,2010-04,91.68371333333334,52.80236,,,0,0,0.0406,Low,610380
KE020,Kirinyaga,2010-05,121.34888000000001,65.7697,,,0,0,0.0406,Low,610380
KE020,Kirinyaga,2010-06,78.71175,65.071556,,,0,0,0.0406,Low,610380
KE020,Kirinyaga,2010-07,103.24355833333334,81.24864,,,1,1,0.0406,Low,610380
KE020,Kirinyaga,2010-08,102.07794333333334,83.09297,,,0,0,0.0406,Low,610380
KE020,Kirinyaga,2010-09,64.72501666666666,58.7446,,,0,0,0.0406,Low,610380
KE020,Kirinyaga,2010-10,74.52596266666667,42.158092,,,0,0,0.0406,Low,610380
KE020,Kirinyaga,2010-11,79.47237333333332,54.62323,,,0,0,0.0406,Low,610380
KE020,Kirinyaga,2010-12,55.287026,47.493404,,,0,0,0.0406,Low,610380
KE020,Kirinyaga,2011-01,58.32205533333334,45.60129,,,1,0,0.0406,Low,610380
KE020,Kirinyaga,2011-02,98.819801,57.95628,,,0,0,0.0406,Low,610380
KE020,Kirinyaga,2011-03,72.86142066666667,42.693832,,,0,0,0.0406,Low,610380
KE020,Kirinyaga,2011-04,68.95303733333334,35.592003,,,0,0,0.0406,Low,610380
KE020,Kirinyaga,2011-05,84.5224,51.807415,,,0,0,0.0406,Low,610380
KE020,Kirinyaga,2011-06,98.198696,72.786224,,,0,0,0.0406,Low,610380
KE020,Kirinyaga,2011-07,81.66551833333334,72.438545,,,0,0,0.0406,Low,610380
KE020,Kirinyaga,2011-08,139.4970966666667,79.29048,,,0,0,0.0406,Low,610380
KE020,Kirinyaga,2011-09,173.56142,114.30717,,,0,0,0.0406,Low,610380
KE020,Kirinyaga,2011-10,139.68461399999998,61.952072,,,0,0,0.0406,Low,610380
KE020,Kirinyaga,2011-11,137.886268,111.753914,,,0,0,0.0406,Low,610380
KE020,Kirinyaga,2011-12,74.53329366666667,37.426033,,,0,0,0.0406,Low,610380
KE020,Kirinyaga,2012-01,50.63740733333333,46.090298,,,0,0,0.0406,Low,610380
KE020,Kirinyaga,2012-02,75.099935,58.7986,,,0,0,0.0406,Low,610380
KE020,Kirinyaga,2012-03,38.829721666666664,23.516603,,,0,0,0.0406,Low,610380
KE020,Kirinyaga,2012-04,141.05650333333332,65.20177,,,0,0,0.0406,Low,610380
KE020,Kirinyaga,2012-05,139.02597333333333,97.99646,,,0,0,0.0406,Low,610380
KE020,Kirinyaga,2012-06,104.07021999999999,79.26522,,,0,0,0.0406,Low,610380
KE020,Kirinyaga,2012-07,110.75094333333334,106.79076,,,0,0,0.0406,Low,610380
KE020,Kirinyaga,2012-08,125.00941666666665,95.58875,,,0,0,0.0406,Low,610380
KE020,Kirinyaga,2012-09,87.52334333333333,71.82692,,,0,0,0.0406,Low,610380
KE020,Kirinyaga,2012-10,139.10627,50.80331,,,0,0,0.0406,Low,610380
KE020,Kirinyaga,2012-11,91.51064000000001,63.8664,,,0,0,0.0406,Low,610380
KE020,Kirinyaga,2012-12,140.07181,97.02692,,,0,0,0.0406,Low,610380
KE020,Kirinyaga,2013-01,82.80316633333332,65.274414,,,0,0,0.0406,Low,610380
KE020,Kirinyaga,2013-02,59.41402166666666,51.818954,,,0,0,0.0406,Low,610380
KE020,Kirinyaga,2013-03,115.63379066666666,62.510372,,,0,0,0.0406,Low,610380
KE020,Kirinyaga,2013-04,146.22803,65.27041,,,0,0,0.0406,Low,610380
KE020,Kirinyaga,2013-05,47.359838,31.371807,,,0,0,0.0406,Low,610380
KE020,Kirinyaga,2013-06,105.73037199999999,67.307686,,,0,0,0.0406,Low,610380
KE020,Kirinyaga,2013-07,101.71706999999999,80.26974,,,0,0,0.0406,Low,610380
KE020,Kirinyaga,2013-08,99.14214866666667,90.80932,,,0,0,0.0406,Low,610380
KE020,Kirinyaga,2013-09,112.44017666666666,102.23827,,,0,0,0.0406,Low,610380
KE020,Kirinyaga,2013-10,54.076053,34.697136,,,0,0,0.0406,Low,610380
KE020,Kirinyaga,2013-11,80.62950333333333,51.9191,,,0,0,0.0406,Low,610380
KE020,Kirinyaga,2013-12,100.291315,49.184105,,,0,0,0.0406,Low,610380
KE020,Kirinyaga,2014-01,48.45029433333334,45.197742,,,0,0,0.0406,Low,610380
KE020,Kirinyaga,2014-02,159.06312666666668,69.08998,,,0,0,0.0406,Low,610380
KE020,Kirinyaga,2014-03,154.703163,43.878155,,,0,0,0.0406,Low,610380
KE020,Kirinyaga,2014-04,68.16582333333334,48.06293,,,0,0,0.0406,Low,610380
KE020,Kirinyaga,2014-05,63.466131,54.027718,,,0,0,0.0406,Low,610380
KE020,Kirinyaga,2014-06,166.57500000000002,158.54204,,,0,0,0.0406,Low,610380
KE020,Kirinyaga,2014-07,91.87894333333334,84.67704,,,0,0,0.0406,Low,610380
KE020,Kirinyaga,2014-08,180.86873500000002,79.23246,,,0,0,0.0406,Low,610380
KE020,Kirinyaga,2014-09,120.12629333333332,70.19162,,,0,0,0.0406,Low,610380
KE020,Kirinyaga,2014-10,98.39094466666666,62.568604,,,0,0,0.0406,Low,610380
KE020,Kirinyaga,2014-11,83.00404533333334,53.71793,,,0,0,0.0406,Low,610380
KE020,Kirinyaga,2014-12,87.96892333333334,71.00906,,,0,0,0.0406,Low,610380
KE020,Kirinyaga,2015-01,59.00368699999999,54.075867,,,0,0,0.0406,Low,610380
KE020,Kirinyaga,2015-02,91.16275566666667,59.633957,,,0,0,0.0406,Low,610380
KE020,Kirinyaga,2015-03,58.813153,45.921005,,,0,0,0.0406,Low,610380
KE020,Kirinyaga,2015-04,144.53283666666667,117.31131,,,0,0,0.0406,Low,610380
KE020,Kirinyaga,2015-05,86.96973666666668,75.70918,,,0,0,0.0406,Low,610380
KE020,Kirinyaga,2015-06,80.31793666666667,76.62305,,,0,0,0.0406,Low,610380
KE020,Kirinyaga,2015-07,114.83632999999999,93.70681,,,0,0,0.0406,Low,610380
KE020,Kirinyaga,2015-08,84.46871333333333,65.96272,,,0,0,0.0406,Low,610380
KE020,Kirinyaga,2015-09,63.78245933333333,57.612473,,,0,0,0.0406,Low,610380
KE020,Kirinyaga,2015-10,125.12161333333334,116.59847,,,0,0,0.0406,Low,610380
KE020,Kirinyaga,2015-11,128.50685466666667,110.033104,,,0,0,0.0406,Low,610380
KE020,Kirinyaga,2015-12,131.201797,63.869785,,,0,0,0.0406,Low,610380
KE020,Kirinyaga,2016-01,148.02445333333335,102.16545,,,0,0,0.0406,Low,610380
KE020,Kirinyaga,2016-02,85.83453166666668,64.28484,,,0,0,0.0406,Low,610380
KE020,Kirinyaga,2016-03,75.65982466666667,31.915388,,,0,0,0.0406,Low,610380
KE020,Kirinyaga,2016-04,119.57574466666667,86.312904,,,0,0,0.0406,Low,610380
KE020,Kirinyaga,2016-05,71.81804166666667,49.097942,,,0,0,0.0406,Low,610380
KE020,Kirinyaga,2016-06,105.306153,97.048294,,,0,0,0.0406,Low,610380
KE020,Kirinyaga,2016-07,71.46766633333333,66.80181,,,1,1,0.0406,Low,610380
KE020,Kirinyaga,2016-08,95.48272666666666,93.14593,,,0,0,0.0406,Low,610380
KE020,Kirinyaga,2016-09,95.31191666666666,85.04253,,,0,0,0.0406,Low,610380
KE020,Kirinyaga,2016-10,42.29064266666666,28.3804,,,0,0,0.0406,Low,610380
KE020,Kirinyaga,2016-11,122.57172333333334,82.64162,,,0,0,0.0406,Low,610380
KE020,Kirinyaga,2016-12,51.564547000000005,49.932404,,,0,0,0.0406,Low,610380
KE020,Kirinyaga,2017-01,51.50491566666667,48.55388,,,0,0,0.0406,Low,610380
KE020,Kirinyaga,2017-02,130.44550866666665,94.87234,,,0,0,0.0406,Low,610380
KE020,Kirinyaga,2017-03,45.153961,34.731804,,,0,0,0.0406,Low,610380
KE020,Kirinyaga,2017-04,57.087468666666666,46.91524,,,0,0,0.0406,Low,610380
KE020,Kirinyaga,2017-05,76.85473,56.94394,,,0,0,0.0406,Low,610380
KE020,Kirinyaga,2017-06,70.048108,56.350624,,,0,0,0.0406,Low,610380
KE020,Kirinyaga,2017-07,91.09149633333334,81.46617,,,0,0,0.0406,Low,610380
KE020,Kirinyaga,2017-08,128.41831166666665,110.291985,,,0,0,0.0406,Low,610380
KE020,Kirinyaga,2017-09,115.72635133333331,81.95383,,,0,0,0.0406,Low,610380
KE020,Kirinyaga,2017-10,97.81568566666668,53.828167,,,0,0,0.0406,Low,610380
KE020,Kirinyaga,2017-11,102.151776,54.894238,,,0,0,0.0406,Low,610380
KE020,Kirinyaga,2017-12,37.778162,32.58447,,,0,0,0.0406,Low,610380
KE020,Kirinyaga,2018-01,55.102288666666674,48.42615,,,0,0,0.0406,Low,610380
KE020,Kirinyaga,2018-02,67.94867533333333,60.61841,,,0,0,0.0406,Low,610380
KE020,Kirinyaga,2018-03,231.50266333333332,129.43463,,,0,0,0.0406,Low,610380
KE020,Kirinyaga,2018-04,204.6851366666667,150.41388,,,0,0,0.0406,Low,610380
KE020,Kirinyaga,2018-05,201.48997666666665,151.2424,,,0,0,0.0406,Low,610380
KE020,Kirinyaga,2018-06,223.51961666666668,187.84776,,,0,0,0.0406,Low,610380
KE020,Kirinyaga,2018-07,143.30766000000003,98.95882,,,0,0,0.0406,Low,610380
KE020,Kirinyaga,2018-08,84.35948,69.886,,,0,0,0.0406,Low,610380
KE020,Kirinyaga,2018-09,149.21480666666668,98.04902,,,0,0,0.0406,Low,610380
KE020,Kirinyaga,2018-10,59.91062766666667,47.250717,,,0,0,0.0406,Low,610380
KE020,Kirinyaga,2018-11,80.69498666666668,78.54098,,,0,0,0.0406,Low,610380
KE020,Kirinyaga,2018-12,188.44400200000004,50.260006,,,0,0,0.0406,Low,610380
KE020,Kirinyaga,2019-01,108.30008,75.54895,,,0,0,0.0406,Low,610380
KE020,Kirinyaga,2019-02,91.517995,74.69011,,,0,0,0.0406,Low,610380
KE020,Kirinyaga,2019-03,39.203857,27.293894,,,0,0,0.0406,Low,610380
KE020,Kirinyaga,2019-04,76.454482,29.888006,,,0,0,0.0406,Low,610380
KE020,Kirinyaga,2019-05,110.83502333333335,101.74393,,,0,0,0.0406,Low,610380
KE020,Kirinyaga,2019-06,122.88135,104.38676,,,0,0,0.0406,Low,610380
KE020,Kirinyaga,2019-07,81.39195333333333,80.0522,,,0,0,0.0406,Low,610380
KE020,Kirinyaga,2019-08,98.58401133333332,82.974434,,,0,0,0.0406,Low,610380
KE020,Kirinyaga,2019-09,163.04414333333332,120.3824,,,0,0,0.0406,Low,610380
KE020,Kirinyaga,2019-10,325.37565333333333,216.02634,,,0,0,0.0406,Low,610380
KE020,Kirinyaga,2019-11,166.48513533333332,94.520226,,,0,0,0.0406,Low,610380
KE020,Kirinyaga,2019-12,255.66829833333335,90.024605,,,0,0,0.0406,Low,610380
KE020,Kirinyaga,2020-01,196.80270333333337,146.38821,,,0,0,0.0406,Low,610380
KE020,Kirinyaga,2020-02,174.83998333333332,87.5056,,,0,0,0.0406,Low,610380
KE020,Kirinyaga,2020-03,154.94144500000002,62.284405,,,0,0,0.0406,Low,610380
KE020,Kirinyaga,2020-04,201.4829566666667,69.97829,,,0,0,0.0406,Low,610380
KE020,Kirinyaga,2020-05,138.48120333333335,92.13342,,,0,0,0.0406,Low,610380
KE020,Kirinyaga,2020-06,159.80113666666668,122.53045,,,0,0,0.0406,Low,610380
KE020,Kirinyaga,2020-07,105.06026333333334,85.87488,,,0,0,0.0406,Low,610380
KE020,Kirinyaga,2020-08,125.93464,96.22601,,,0,0,0.0406,Low,610380
KE020,Kirinyaga,2020-09,156.84470666666667,95.22412,,,0,0,0.0406,Low,610380
KE020,Kirinyaga,2020-10,80.90645166666667,62.53652,,,0,0,0.0406,Low,610380
KE020,Kirinyaga,2020-11,91.876784,43.708412,,,0,0,0.0406,Low,610380
KE020,Kirinyaga,2020-12,86.75403666666666,56.98012,,,0,0,0.0406,Low,610380
KE020,Kirinyaga,2021-01,123.22872666666666,66.417854,,,0,0,0.0406,Low,610380
KE020,Kirinyaga,2021-02,136.87032666666667,93.98296,,,0,0,0.0406,Low,610380
KE020,Kirinyaga,2021-03,72.35073333333334,58.10121,,,0,0,0.0406,Low,610380
KE020,Kirinyaga,2021-04,79.09855933333334,63.992203,,,0,0,0.0406,Low,610380
KE020,Kirinyaga,2021-05,130.74943466666667,81.44436,,,0,0,0.0406,Low,610380
KE020,Kirinyaga,2021-06,66.384502,54.785336,,,1,1,0.0406,Low,610380
KE020,Kirinyaga,2021-07,116.36286,107.25145,,,0,0,0.0406,Low,610380
KE020,Kirinyaga,2021-08,84.96239,74.2406,,,0,0,0.0406,Low,610380
KE020,Kirinyaga,2021-09,85.49972666666667,70.569,,,0,0,0.0406,Low,610380
KE020,Kirinyaga,2021-10,75.24414466666667,66.37062,,,0,0,0.0406,Low,610380
KE020,Kirinyaga,2021-11,61.105118,38.561,,,0,0,0.0406,Low,610380
KE020,Kirinyaga,2021-12,165.09142799999998,122.850624,,,0,0,0.0406,Low,610380
KE020,Kirinyaga,2022-01,87.06979333333334,58.44448,,,0,0,0.0406,Low,610380
KE020,Kirinyaga,2022-02,90.22077666666667,57.56304,,,0,0,0.0406,Low,610380
KE020,Kirinyaga,2022-03,54.883810000000004,35.96068,,,0,0,0.0406,Low,610380
KE020,Kirinyaga,2022-04,85.54322333333334,38.21213,,,1,0,0.0406,Low,610380
KE020,Kirinyaga,2022-05,42.301578666666664,22.033346,,,0,0,0.0406,Low,610380
KE020,Kirinyaga,2022-06,71.59938766666666,61.270123,,,0,0,0.0406,Low,610380
KE020,Kirinyaga,2022-07,106.98965133333333,83.01852,,,0,0,0.0406,Low,610380
KE020,Kirinyaga,2022-08,120.58478666666667,94.06691,,,1,0,0.0406,Low,610380
KE020,Kirinyaga,2022-09,100.12226333333332,72.70744,,,0,0,0.0406,Low,610380
KE020,Kirinyaga,2022-10,47.49664533333333,37.37545,,,0,0,0.0406,Low,610380
KE020,Kirinyaga,2022-11,121.76087133333334,91.66131,,,0,0,0.0406,Low,610380
KE020,Kirinyaga,2022-12,69.74460766666667,59.482033,,,0,0,0.0406,Low,610380
KE020,Kirinyaga,2023-01,88.44826466666666,75.262314,,,0,0,0.0406,Low,610380
KE020,Kirinyaga,2023-02,55.796481,48.396954,,,0,0,0.0406,Low,610380
KE020,Kirinyaga,2023-03,98.91717833333333,47.860615,,,0,0,0.0406,Low,610380
KE020,Kirinyaga,2023-04,136.23339,90.58215,,,1,1,0.0406,Low,610380
KE020,Kirinyaga,2023-05,63.254290000000005,46.194664,,,0,0,0.0406,Low,610380
KE020,Kirinyaga,2023-06,141.41713333333334,129.46652,,,0,0,0.0406,Low,610380
KE020,Kirinyaga,2023-07,108.91374833333333,93.6593,,,0,0,0.0406,Low,610380
KE020,Kirinyaga,2023-08,89.37110666666666,77.16622,,,3,1,0.0406,Low,610380
KE020,Kirinyaga,2023-09,108.98494133333334,102.80141,,,0,0,0.0406,Low,610380
KE020,Kirinyaga,2023-10,107.86461800000001,100.17533,,,0,0,0.0406,Low,610380
KE020,Kirinyaga,2023-11,175.13955499999997,123.578285,,,0,0,0.0406,Low,610380
KE020,Kirinyaga,2023-12,78.02843666666666,44.69005,,,0,0,0.0406,Low,610380
KE020,Kirinyaga,2024-01,155.00444666666667,81.63635,,,0,0,0.0406,Low,610380
KE020,Kirinyaga,2024-02,180.78684666666666,103.51569,,,1,1,0.0406,Low,610380
KE020,Kirinyaga,2024-03,54.57694433333334,37.96567,,,0,0,0.0406,Low,610380
KE020,Kirinyaga,2024-04,222.26637000000002,147.54402,,,0,0,0.0406,Low,610380
KE020,Kirinyaga,2024-05,150.09675666666666,95.51886,,,1,1,0.0406,Low,610380
KE020,Kirinyaga,2024-06,90.176766,55.903393,,,0,0,0.0406,Low,610380
KE020,Kirinyaga,2024-07,137.29109333333335,100.06451,,,0,0,0.0406,Low,610380
KE020,Kirinyaga,2024-08,101.91382866666667,94.94646,,,0,0,0.0406,Low,610380
KE020,Kirinyaga,2024-09,79.30545533333333,67.927376,,,1,0,0.0406,Low,610380
KE020,Kirinyaga,2024-10,57.23890133333333,43.70821,,,1,0,0.0406,Low,610380
KE020,Kirinyaga,2024-11,137.72798333333333,119.13859,,,0,0,0.0406,Low,610380
KE020,Kirinyaga,2024-12,99.71465666666667,49.89239,,,0,0,0.0406,Low,610380
KE020,Kirinyaga,2025-01,96.11684600000001,55.891846,,,0,0,0.0406,Low,610380
KE020,Kirinyaga,2025-02,60.733954000000004,50.107956,,,0,0,0.0406,Low,610380
KE020,Kirinyaga,2025-03,146.76479333333333,93.80111,,,0,0,0.0406,Low,610380
KE020,Kirinyaga,2025-04,124.12040333333334,77.50246,,,0,0,0.0406,Low,610380
KE020,Kirinyaga,2025-05,84.73881,61.98067,,,0,0,0.0406,Low,610380
KE020,Kirinyaga,2025-06,112.22155,81.28354,,,0,0,0.0406,Low,610380
KE020,Kirinyaga,2025-07,82.87776233333334,58.601307,,,0,0,0.0406,Low,610380
KE020,Kirinyaga,2025-08,128.73017333333334,115.13134,,,0,0,0.0406,Low,610380
KE020,Kirinyaga,2025-09,107.90916666666665,86.29293,,,0,0,0.0406,Low,610380
KE020,Kirinyaga,2025-10,135.30988666666667,56.77172,,,0,0,0.0406,Low,610380
KE020,Kirinyaga,2025-11,42.79097166666667,37.6116,,,1,0,0.0406,Low,610380
KE020,Kirinyaga,2025-12,144.76899333333333,64.7473,,,0,0,0.0406,Low,610380
KE045,Kisii,2006-01,86.1198195,39.060955,,,0,0,0.1502,Medium,1266822
KE045,Kisii,2006-02,91.504497,29.96116,,,0,0,0.1502,Medium,1266822
KE045,Kisii,2006-03,133.39698833333333,71.20364,,,0,0,0.1502,Medium,1266822
KE045,Kisii,2006-04,108.11008166666666,91.6654,,,0,0,0.1502,Medium,1266822
KE045,Kisii,2006-05,146.65701666666666,129.43108,,,0,0,0.1502,Medium,1266822
KE045,Kisii,2006-06,86.26301516666666,58.007397,,,0,0,0.1502,Medium,1266822
KE045,Kisii,2006-07,69.81289783333334,49.328705,,,0,0,0.1502,Medium,1266822
KE045,Kisii,2006-08,66.43256233333334,28.954908,,,0,0,0.1502,Medium,1266822
KE045,Kisii,2006-09,87.09714600000001,54.56861,,,0,0,0.1502,Medium,1266822
KE045,Kisii,2006-10,76.5081115,24.941996,,,0,0,0.1502,Medium,1266822
KE045,Kisii,2006-11,184.78868816666667,93.06601,,,0,0,0.1502,Medium,1266822
KE045,Kisii,2006-12,204.07652099999999,84.107086,,,0,0,0.1502,Medium,1266822
KE045,Kisii,2007-01,144.71503666666666,80.47073,,,1,0,0.1502,Medium,1266822
KE045,Kisii,2007-02,164.66437733333333,78.56347,,,0,0,0.1502,Medium,1266822
KE045,Kisii,2007-03,113.07268499999999,66.044075,,,1,0,0.1502,Medium,1266822
KE045,Kisii,2007-04,68.89590199999999,23.054361,,,0,0,0.1502,Medium,1266822
KE045,Kisii,2007-05,81.81887483333334,55.959435,,,0,0,0.1502,Medium,1266822
KE045,Kisii,2007-06,108.18151916666666,68.370255,,,0,0,0.1502,Medium,1266822
KE045,Kisii,2007-07,127.40408033333334,55.09606,,,0,0,0.1502,Medium,1266822
KE045,Kisii,2007-08,70.62063166666667,54.804344,,,0,0,0.1502,Medium,1266822
KE045,Kisii,2007-09,99.99817300000001,44.086056,,,1,0,0.1502,Medium,1266822
KE045,Kisii,2007-10,67.777986,29.064148,,,0,0,0.1502,Medium,1266822
KE045,Kisii,2007-11,72.85494200000001,63.327682,,,1,0,0.1502,Medium,1266822
KE045,Kisii,2007-12,72.7183295,37.82017,,,0,0,0.1502,Medium,1266822
KE045,Kisii,2008-01,58.34877633333334,26.04064,,,3,24,0.1502,Medium,1266822
KE045,Kisii,2008-02,103.9553555,40.25058,,,0,0,0.1502,Medium,1266822
KE045,Kisii,2008-03,112.90810933333334,39.39684,,,0,0,0.1502,Medium,1266822
KE045,Kisii,2008-04,70.57080866666666,34.517925,,,0,0,0.1502,Medium,1266822
KE045,Kisii,2008-05,84.79687916666667,63.07086,,,0,0,0.1502,Medium,1266822
KE045,Kisii,2008-06,94.55442466666666,32.060738,,,0,0,0.1502,Medium,1266822
KE045,Kisii,2008-07,152.60317333333333,116.8349,,,0,0,0.1502,Medium,1266822
KE045,Kisii,2008-08,103.72361633333333,48.295883,,,0,0,0.1502,Medium,1266822
KE045,Kisii,2008-09,103.46013900000001,61.622364,,,0,0,0.1502,Medium,1266822
KE045,Kisii,2008-10,122.25476833333335,68.52662,,,0,0,0.1502,Medium,1266822
KE045,Kisii,2008-11,88.99446083333333,22.32558,,,0,0,0.1502,Medium,1266822
KE045,Kisii,2008-12,53.831352333333335,39.18176,,,0,0,0.1502,Medium,1266822
KE045,Kisii,2009-01,109.99177716666668,27.56629,,,0,0,0.1502,Medium,1266822
KE045,Kisii,2009-02,76.42274866666666,28.40298,,,0,0,0.1502,Medium,1266822
KE045,Kisii,2009-03,63.983034833333335,53.193237,,,0,0,0.1502,Medium,1266822
KE045,Kisii,2009-04,105.95479783333333,55.513252,,,0,0,0.1502,Medium,1266822
KE045,Kisii,2009-05,95.52317783333332,37.57102,,,0,0,0.1502,Medium,1266822
KE045,Kisii,2009-06,63.32309216666667,50.28103,,,0,0,0.1502,Medium,1266822
KE045,Kisii,2009-07,68.18951116666666,54.70531,,,0,0,0.1502,Medium,1266822
KE045,Kisii,2009-08,108.46388583333334,57.57017,,,0,0,0.1502,Medium,1266822
KE045,Kisii,2009-09,137.04218666666665,99.37134,,,0,0,0.1502,Medium,1266822
KE045,Kisii,2009-10,64.38081116666667,40.763454,,,0,0,0.1502,Medium,1266822
KE045,Kisii,2009-11,96.28888916666666,34.246212,,,0,0,0.1502,Medium,1266822
KE045,Kisii,2009-12,158.47629733333335,102.584984,,,0,0,0.1502,Medium,1266822
KE045,Kisii,2010-01,100.61737083333333,31.76385,,,0,0,0.1502,Medium,1266822
KE045,Kisii,2010-02,220.96326333333332,76.75236,,,0,0,0.1502,Medium,1266822
KE045,Kisii,2010-03,118.30748933333332,26.559206,,,0,0,0.1502,Medium,1266822
KE045,Kisii,2010-04,103.19414933333333,58.77982,,,0,0,0.1502,Medium,1266822
KE045,Kisii,2010-05,137.512465,75.58214,,,0,0,0.1502,Medium,1266822
KE045,Kisii,2010-06,107.84961316666666,71.354034,,,0,0,0.1502,Medium,1266822
KE045,Kisii,2010-07,84.03639600000001,60.491776,,,0,0,0.1502,Medium,1266822
KE045,Kisii,2010-08,79.8208475,47.164833,,,0,0,0.1502,Medium,1266822
KE045,Kisii,2010-09,108.7618695,59.307472,,,0,0,0.1502,Medium,1266822
KE045,Kisii,2010-10,111.8195,86.681816,,,0,0,0.1502,Medium,1266822
KE045,Kisii,2010-11,69.7241605,55.699753,,,0,0,0.1502,Medium,1266822
KE045,Kisii,2010-12,89.46414583333335,25.831171,,,1,1,0.1502,Medium,1266822
KE045,Kisii,2011-01,76.25207933333333,37.68087,,,0,0,0.1502,Medium,1266822
KE045,Kisii,2011-02,88.75713766666667,22.483393,,,0,0,0.1502,Medium,1266822
KE045,Kisii,2011-03,71.35135666666666,29.663504,,,0,0,0.1502,Medium,1266822
KE045,Kisii,2011-04,65.94719766666667,31.677744,,,0,0,0.1502,Medium,1266822
KE045,Kisii,2011-05,108.2908175,57.16966,,,0,0,0.1502,Medium,1266822
KE045,Kisii,2011-06,104.92467749999999,64.41873,,,0,0,0.1502,Medium,1266822
KE045,Kisii,2011-07,104.1291275,45.255695,,,0,0,0.1502,Medium,1266822
KE045,Kisii,2011-08,167.8246965,85.44191,,,0,0,0.1502,Medium,1266822
KE045,Kisii,2011-09,130.6390235,98.707756,,,0,0,0.1502,Medium,1266822
KE045,Kisii,2011-10,124.45017566666667,106.45233,,,0,0,0.1502,Medium,1266822
KE045,Kisii,2011-11,147.64370083333333,64.26195,,,0,0,0.1502,Medium,1266822
KE045,Kisii,2011-12,111.73375566666665,79.7719,,,0,0,0.1502,Medium,1266822
KE045,Kisii,2012-01,32.9783755,29.580153,,,0,0,0.1502,Medium,1266822
KE045,Kisii,2012-02,70.49457983333333,26.447197,,,0,0,0.1502,Medium,1266822
KE045,Kisii,2012-03,87.55060866666668,32.102867,,,0,0,0.1502,Medium,1266822
KE045,Kisii,2012-04,159.55077666666668,117.97026,,,0,0,0.1502,Medium,1266822
KE045,Kisii,2012-05,102.948165,89.78886,,,0,0,0.1502,Medium,1266822
KE045,Kisii,2012-06,188.18960583333333,64.91032,,,0,0,0.1502,Medium,1266822
KE045,Kisii,2012-07,137.01080833333333,107.26148,,,0,0,0.1502,Medium,1266822
KE045,Kisii,2012-08,113.60996166666666,59.7195,,,0,0,0.1502,Medium,1266822
KE045,Kisii,2012-09,174.17144933333336,120.801926,,,0,0,0.1502,Medium,1266822
KE045,Kisii,2012-10,111.53574416666667,59.18314,,,0,0,0.1502,Medium,1266822
KE045,Kisii,2012-11,129.48775166666667,86.42993,,,0,0,0.1502,Medium,1266822
KE045,Kisii,2012-12,147.8255,33.78663,,,0,0,0.1502,Medium,1266822
KE045,Kisii,2013-01,85.34087716666666,51.85088,,,0,0,0.1502,Medium,1266822
KE045,Kisii,2013-02,77.25894116666667,47.692047,,,0,0,0.1502,Medium,1266822
KE045,Kisii,2013-03,123.36323333333333,109.24314,,,0,0,0.1502,Medium,1266822
KE045,Kisii,2013-04,159.37652933333334,102.987656,,,0,0,0.1502,Medium,1266822
KE045,Kisii,2013-05,71.59840833333332,37.924515,,,0,0,0.1502,Medium,1266822
KE045,Kisii,2013-06,82.273126,49.874573,,,0,0,0.1502,Medium,1266822
KE045,Kisii,2013-07,89.84845316666667,50.68638,,,0,0,0.1502,Medium,1266822
KE045,Kisii,2013-08,111.261485,83.89275,,,0,0,0.1502,Medium,1266822
KE045,Kisii,2013-09,108.02282616666666,51.158302,,,1,1,0.1502,Medium,1266822
KE045,Kisii,2013-10,86.8301955,29.405079,,,0,0,0.1502,Medium,1266822
KE045,Kisii,2013-11,110.55182333333335,75.55415,,,0,0,0.1502,Medium,1266822
KE045,Kisii,2013-12,99.6658025,40.38583,,,0,0,0.1502,Medium,1266822
KE045,Kisii,2014-01,91.33721783333334,45.12924,,,0,0,0.1502,Medium,1266822
KE045,Kisii,2014-02,157.33490333333333,64.55459,,,0,0,0.1502,Medium,1266822
KE045,Kisii,2014-03,89.34829233333333,21.227945,,,0,0,0.1502,Medium,1266822
KE045,Kisii,2014-04,58.376785000000005,36.175602,,,0,0,0.1502,Medium,1266822
KE045,Kisii,2014-05,100.62669433333333,75.370705,,,0,0,0.1502,Medium,1266822
KE045,Kisii,2014-06,96.81906500000001,37.24227,,,0,0,0.1502,Medium,1266822
KE045,Kisii,2014-07,98.146325,75.426155,,,0,0,0.1502,Medium,1266822
KE045,Kisii,2014-08,232.23544833333335,136.51787,,,0,0,0.1502,Medium,1266822
KE045,Kisii,2014-09,103.97634733333332,70.28581,,,0,0,0.1502,Medium,1266822
KE045,Kisii,2014-10,106.8125975,79.36151,,,0,0,0.1502,Medium,1266822
KE045,Kisii,2014-11,78.79238566666668,50.196934,,,0,0,0.1502,Medium,1266822
KE045,Kisii,2014-12,84.52791233333333,41.945988,,,0,0,0.1502,Medium,1266822
KE045,Kisii,2015-01,29.4721905,23.42035,,,0,0,0.1502,Medium,1266822
KE045,Kisii,2015-02,57.08360833333333,25.88235,,,0,0,0.1502,Medium,1266822
KE045,Kisii,2015-03,57.309582166666665,14.653357,,,0,0,0.1502,Medium,1266822
KE045,Kisii,2015-04,148.84874,102.24632,,,0,0,0.1502,Medium,1266822
KE045,Kisii,2015-05,122.54151666666667,91.33117,,,0,0,0.1502,Medium,1266822
KE045,Kisii,2015-06,139.067465,67.575836,,,0,0,0.1502,Medium,1266822
KE045,Kisii,2015-07,72.550584,55.65511,,,0,0,0.1502,Medium,1266822
KE045,Kisii,2015-08,69.53068449999999,28.13477,,,0,0,0.1502,Medium,1266822
KE045,Kisii,2015-09,89.80335666666667,72.9822,,,0,0,0.1502,Medium,1266822
KE045,Kisii,2015-10,149.44783833333335,63.148506,,,0,0,0.1502,Medium,1266822
KE045,Kisii,2015-11,116.37300083333332,69.128075,,,0,0,0.1502,Medium,1266822
KE045,Kisii,2015-12,181.17675333333332,75.64034,,,0,0,0.1502,Medium,1266822
KE045,Kisii,2016-01,106.04451499999999,78.26987,,,0,0,0.1502,Medium,1266822
KE045,Kisii,2016-02,57.5620125,48.475338,,,0,0,0.1502,Medium,1266822
KE045,Kisii,2016-03,83.3944005,45.39888,,,0,0,0.1502,Medium,1266822
KE045,Kisii,2016-04,150.07419166666668,139.30118,,,0,0,0.1502,Medium,1266822
KE045,Kisii,2016-05,113.4802625,82.05164,,,1,1,0.1502,Medium,1266822
KE045,Kisii,2016-06,62.81558916666666,35.31327,,,1,1,0.1502,Medium,1266822
KE045,Kisii,2016-07,83.81706833333334,67.32684,,,0,0,0.1502,Medium,1266822
KE045,Kisii,2016-08,70.030694,38.468216,,,0,0,0.1502,Medium,1266822
KE045,Kisii,2016-09,103.27988316666666,58.781265,,,0,0,0.1502,Medium,1266822
KE045,Kisii,2016-10,73.59674866666667,36.564575,,,0,0,0.1502,Medium,1266822
KE045,Kisii,2016-11,106.73171833333333,90.17685,,,0,0,0.1502,Medium,1266822
KE045,Kisii,2016-12,41.96863966666667,19.710514,,,0,0,0.1502,Medium,1266822
KE045,Kisii,2017-01,45.23650133333333,24.80966,,,0,0,0.1502,Medium,1266822
KE045,Kisii,2017-02,119.10872333333333,54.74385,,,0,0,0.1502,Medium,1266822
KE045,Kisii,2017-03,94.42930866666666,52.74542,,,1,0,0.1502,Medium,1266822
KE045,Kisii,2017-04,93.78957133333334,48.748535,,,0,0,0.1502,Medium,1266822
KE045,Kisii,2017-05,88.429194,50.207584,,,2,1,0.1502,Medium,1266822
KE045,Kisii,2017-06,107.71688583333332,52.21101,,,0,0,0.1502,Medium,1266822
KE045,Kisii,2017-07,147.7429525,108.05128,,,0,0,0.1502,Medium,1266822
KE045,Kisii,2017-08,123.88976933333333,101.681496,,,0,0,0.1502,Medium,1266822
KE045,Kisii,2017-09,121.82284766666668,73.033516,,,0,0,0.1502,Medium,1266822
KE045,Kisii,2017-10,106.285274,73.43766,,,0,0,0.1502,Medium,1266822
KE045,Kisii,2017-11,90.34981049999999,35.474968,,,0,0,0.1502,Medium,1266822
KE045,Kisii,2017-12,79.83207516666666,35.050755,,,0,0,0.1502,Medium,1266822
KE045,Kisii,2018-01,63.91321816666667,54.596565,,,0,0,0.1502,Medium,1266822
KE045,Kisii,2018-02,75.85400333333332,27.741817,,,0,0,0.1502,Medium,1266822
KE045,Kisii,2018-03,148.82294166666665,113.77648,,,0,0,0.1502,Medium,1266822
KE045,Kisii,2018-04,137.48085416666666,98.004875,,,0,0,0.1502,Medium,1266822
KE045,Kisii,2018-05,136.14672583333333,119.7749,,,0,0,0.1502,Medium,1266822
KE045,Kisii,2018-06,102.53103933333334,77.9148,,,0,0,0.1502,Medium,1266822
KE045,Kisii,2018-07,77.11222249999999,50.016285,,,0,0,0.1502,Medium,1266822
KE045,Kisii,2018-08,103.53924783333333,44.32379,,,1,1,0.1502,Medium,1266822
KE045,Kisii,2018-09,58.070952166666665,44.49521,,,0,0,0.1502,Medium,1266822
KE045,Kisii,2018-10,153.14460833333334,103.33616,,,0,0,0.1502,Medium,1266822
KE045,Kisii,2018-11,88.43889066666667,47.43617,,,0,0,0.1502,Medium,1266822
KE045,Kisii,2018-12,145.79241066666665,98.22516,,,0,0,0.1502,Medium,1266822
KE045,Kisii,2019-01,47.44267883333333,30.375317,,,0,0,0.1502,Medium,1266822
KE045,Kisii,2019-02,80.91389133333332,29.490196,,,0,0,0.1502,Medium,1266822
KE045,Kisii,2019-03,73.00725849999999,17.309277,,,0,0,0.1502,Medium,1266822
KE045,Kisii,2019-04,101.96642933333334,43.77782,,,0,0,0.1502,Medium,1266822
KE045,Kisii,2019-05,111.67059666666667,95.597115,,,0,0,0.1502,Medium,1266822
KE045,Kisii,2019-06,140.12823616666665,55.04484,,,1,1,0.1502,Medium,1266822
KE045,Kisii,2019-07,101.91447766666666,52.63441,,,0,0,0.1502,Medium,1266822
KE045,Kisii,2019-08,100.38704833333334,56.41769,,,1,0,0.1502,Medium,1266822
KE045,Kisii,2019-09,116.80543166666666,58.691353,,,0,0,0.1502,Medium,1266822
KE045,Kisii,2019-10,194.71551833333334,128.03506,,,0,0,0.1502,Medium,1266822
KE045,Kisii,2019-11,177.47597333333331,85.73674,,,0,0,0.1502,Medium,1266822
KE045,Kisii,2019-12,211.56716733333334,114.23099,,,0,0,0.1502,Medium,1266822
KE045,Kisii,2020-01,201.18395666666666,88.7749,,,0,0,0.1502,Medium,1266822
KE045,Kisii,2020-02,141.61021516666668,124.599205,,,0,0,0.1502,Medium,1266822
KE045,Kisii,2020-03,181.07870833333334,157.56804,,,0,0,0.1502,Medium,1266822
KE045,Kisii,2020-04,119.83484866666667,38.247948,,,1,1,0.1502,Medium,1266822
KE045,Kisii,2020-05,100.54836499999999,88.75406,,,0,0,0.1502,Medium,1266822
KE045,Kisii,2020-06,114.64384666666666,87.59387,,,0,0,0.1502,Medium,1266822
KE045,Kisii,2020-07,105.72274916666667,79.92035,,,0,0,0.1502,Medium,1266822
KE045,Kisii,2020-08,99.74666166666667,64.53952,,,0,0,0.1502,Medium,1266822
KE045,Kisii,2020-09,128.04807566666668,55.694984,,,0,0,0.1502,Medium,1266822
KE045,Kisii,2020-10,204.823085,163.57147,,,0,0,0.1502,Medium,1266822
KE045,Kisii,2020-11,271.62230833333336,164.9944,,,0,0,0.1502,Medium,1266822
KE045,Kisii,2020-12,89.01238483333333,74.4397,,,1,1,0.1502,Medium,1266822
KE045,Kisii,2021-01,100.52841433333333,57.163696,,,0,0,0.1502,Medium,1266822
KE045,Kisii,2021-02,140.286911,84.33512,,,0,0,0.1502,Medium,1266822
KE045,Kisii,2021-03,87.27187383333334,47.440243,,,0,0,0.1502,Medium,1266822
KE045,Kisii,2021-04,141.84218933333332,82.274376,,,0,0,0.1502,Medium,1266822
KE045,Kisii,2021-05,96.26143616666667,58.13461,,,0,0,0.1502,Medium,1266822
KE045,Kisii,2021-06,75.20641266666667,46.95104,,,1,1,0.1502,Medium,1266822
KE045,Kisii,2021-07,100.90700416666668,40.353622,,,0,0,0.1502,Medium,1266822
KE045,Kisii,2021-08,129.24637583333333,74.677315,,,0,0,0.1502,Medium,1266822
KE045,Kisii,2021-09,146.40169333333333,107.532814,,,0,0,0.1502,Medium,1266822
KE045,Kisii,2021-10,110.89502,66.02515,,,0,0,0.1502,Medium,1266822
KE045,Kisii,2021-11,100.69491666666666,62.248295,,,0,0,0.1502,Medium,1266822
KE045,Kisii,2021-12,98.41726666666666,64.63535,,,0,0,0.1502,Medium,1266822
KE045,Kisii,2022-01,178.24813166666664,88.7749,,,0,0,0.1502,Medium,1266822
KE045,Kisii,2022-02,355.90125166666667,224.66359,,,1,1,0.1502,Medium,1266822
KE045,Kisii,2022-03,76.87941533333333,26.697153,,,0,0,0.1502,Medium,1266822
KE045,Kisii,2022-04,110.07015000000001,48.45522,,,0,0,0.1502,Medium,1266822
KE045,Kisii,2022-05,126.3820725,64.84344,,,0,0,0.1502,Medium,1266822
KE045,Kisii,2022-06,112.3760535,82.90453,,,1,0,0.1502,Medium,1266822
KE045,Kisii,2022-07,81.03009300000001,46.927376,,,0,0,0.1502,Medium,1266822
KE045,Kisii,2022-08,175.01627999999997,133.46648,,,0,0,0.1502,Medium,1266822
KE045,Kisii,2022-09,129.99070833333334,123.41457,,,0,0,0.1502,Medium,1266822
KE045,Kisii,2022-10,83.81188166666666,36.798138,,,1,0,0.1502,Medium,1266822
KE045,Kisii,2022-11,139.3281025,94.07776,,,0,0,0.1502,Medium,1266822
KE045,Kisii,2022-12,206.23501833333333,120.59841,,,0,0,0.1502,Medium,1266822
KE045,Kisii,2023-01,50.443727333333335,44.831326,,,0,0,0.1502,Medium,1266822
KE045,Kisii,2023-02,43.418073,23.367905,,,0,0,0.1502,Medium,1266822
KE045,Kisii,2023-03,142.20095166666667,89.08321,,,0,0,0.1502,Medium,1266822
KE045,Kisii,2023-04,129.08260166666665,83.02803,,,0,0,0.1502,Medium,1266822
KE045,Kisii,2023-05,95.88265150000001,59.44924,,,0,0,0.1502,Medium,1266822
KE045,Kisii,2023-06,152.04958166666668,80.9252,,,0,0,0.1502,Medium,1266822
KE045,Kisii,2023-07,72.01912066666667,52.16542,,,0,0,0.1502,Medium,1266822
KE045,Kisii,2023-08,98.59001766666667,63.45197,,,0,0,0.1502,Medium,1266822
KE045,Kisii,2023-09,178.90252166666667,162.63766,,,1,0,0.1502,Medium,1266822
KE045,Kisii,2023-10,171.53646,75.34201,,,1,1,0.1502,Medium,1266822
KE045,Kisii,2023-11,185.28952166666667,134.1599,,,1,1,0.1502,Medium,1266822
KE045,Kisii,2023-12,150.25840166666666,101.47481,,,0,0,0.1502,Medium,1266822
KE045,Kisii,2024-01,232.45526833333335,198.29514,,,0,0,0.1502,Medium,1266822
KE045,Kisii,2024-02,139.55956666666665,90.06842,,,0,0,0.1502,Medium,1266822
KE045,Kisii,2024-03,97.10470049999999,17.67561,,,0,0,0.1502,Medium,1266822
KE045,Kisii,2024-04,117.338641,75.72623,,,0,0,0.1502,Medium,1266822
KE045,Kisii,2024-05,103.12774666666667,61.889164,,,0,0,0.1502,Medium,1266822
KE045,Kisii,2024-06,64.9662845,55.10438,,,2,1,0.1502,Medium,1266822
KE045,Kisii,2024-07,147.76592000000002,67.7955,,,0,0,0.1502,Medium,1266822
KE045,Kisii,2024-08,83.55760783333334,43.85203,,,0,0,0.1502,Medium,1266822
KE045,Kisii,2024-09,96.38821,87.680595,,,0,0,0.1502,Medium,1266822
KE045,Kisii,2024-10,105.95185333333332,71.375694,,,0,0,0.1502,Medium,1266822
KE045,Kisii,2024-11,152.48401083333331,70.81045,,,1,0,0.1502,Medium,1266822
KE045,Kisii,2024-12,124.29551333333335,106.35673,,,0,0,0.1502,Medium,1266822
KE045,Kisii,2025-01,121.54578199999999,47.13345,,,5,2,0.1502,Medium,1266822
KE045,Kisii,2025-02,46.64380283333333,22.994379,,,0,0,0.1502,Medium,1266822
KE045,Kisii,2025-03,119.15177899999999,73.38696,,,0,0,0.1502,Medium,1266822
KE045,Kisii,2025-04,136.87791316666667,79.443344,,,0,0,0.1502,Medium,1266822
KE045,Kisii,2025-05,162.90372333333332,145.27481,,,0,0,0.1502,Medium,1266822
KE045,Kisii,2025-06,84.414146,69.518906,,,0,0,0.1502,Medium,1266822
KE045,Kisii,2025-07,156.358805,54.57188,,,0,0,0.1502,Medium,1266822
KE045,Kisii,2025-08,80.78518366666667,49.784878,,,1,2,0.1502,Medium,1266822
KE045,Kisii,2025-09,92.82032500000001,75.30965,,,0,0,0.1502,Medium,1266822
KE045,Kisii,2025-10,120.67306833333333,74.14926,,,0,0,0.1502,Medium,1266822
KE045,Kisii,2025-11,58.41797916666667,25.744253,,,0,0,0.1502,Medium,1266822
KE045,Kisii,2025-12,149.77562450000002,26.503199,,,1,1,0.1502,Medium,1266822
KE042,Kisumu,2006-01,82.06662466666667,35.379295,,,0,0,0.0654,Low,1155551
KE042,Kisumu,2006-02,88.83336066666668,32.655178,,,0,0,0.0654,Low,1155551
KE042,Kisumu,2006-03,126.85823766666668,77.40847,,,0,0,0.0654,Low,1155551
KE042,Kisumu,2006-04,116.16047833333334,95.51025,,,0,0,0.0654,Low,1155551
KE042,Kisumu,2006-05,123.66660066666667,85.72689,,,0,0,0.0654,Low,1155551
KE042,Kisumu,2006-06,111.2360935,89.261696,,,0,0,0.0654,Low,1155551
KE042,Kisumu,2006-07,76.43103466666666,60.825134,,,0,0,0.0654,Low,1155551
KE042,Kisumu,2006-08,74.0595395,45.766838,,,0,0,0.0654,Low,1155551
KE042,Kisumu,2006-09,92.51409266666667,69.26009,,,0,0,0.0654,Low,1155551
KE042,Kisumu,2006-10,85.13779333333333,27.429733,,,0,0,0.0654,Low,1155551
KE042,Kisumu,2006-11,226.16098166666666,127.18481,,,0,0,0.0654,Low,1155551
KE042,Kisumu,2006-12,203.05352249999999,104.43384,,,0,0,0.0654,Low,1155551
KE042,Kisumu,2007-01,136.53147166666668,81.87993,,,0,0,0.0654,Low,1155551
KE042,Kisumu,2007-02,152.42886733333333,74.96313,,,0,0,0.0654,Low,1155551
KE042,Kisumu,2007-03,105.04757316666667,30.942436,,,0,0,0.0654,Low,1155551
KE042,Kisumu,2007-04,68.16248616666667,17.770405,,,0,0,0.0654,Low,1155551
KE042,Kisumu,2007-05,83.89960716666667,45.89816,,,0,0,0.0654,Low,1155551
KE042,Kisumu,2007-06,106.75641,67.65846,,,0,0,0.0654,Low,1155551
KE042,Kisumu,2007-07,153.4479276666667,81.676956,,,0,0,0.0654,Low,1155551
KE042,Kisumu,2007-08,102.29147833333333,75.83669,,,0,0,0.0654,Low,1155551
KE042,Kisumu,2007-09,119.35063666666667,70.36372,,,0,0,0.0654,Low,1155551
KE042,Kisumu,2007-10,61.105622833333335,28.298506,,,0,0,0.0654,Low,1155551
KE042,Kisumu,2007-11,70.943226,54.880066,,,0,0,0.0654,Low,1155551
KE042,Kisumu,2007-12,68.03268116666666,33.174435,,,1,3,0.0654,Low,1155551
KE042,Kisumu,2008-01,72.85925183333333,32.393696,,,9,9,0.0654,Low,1155551
KE042,Kisumu,2008-02,87.98764266666666,42.551506,,,0,0,0.0654,Low,1155551
KE042,Kisumu,2008-03,97.77243783333331,28.357769,,,0,0,0.0654,Low,1155551
KE042,Kisumu,2008-04,77.78687016666667,50.82255,,,0,0,0.0654,Low,1155551
KE042,Kisumu,2008-05,86.28243983333334,50.068016,,,0,0,0.0654,Low,1155551
KE042,Kisumu,2008-06,87.7114945,31.83432,,,0,0,0.0654,Low,1155551
KE042,Kisumu,2008-07,142.23030416666666,103.365875,,,0,0,0.0654,Low,1155551
KE042,Kisumu,2008-08,106.091811,88.57415,,,0,0,0.0654,Low,1155551
KE042,Kisumu,2008-09,109.54771633333333,52.580482,,,0,0,0.0654,Low,1155551
KE042,Kisumu,2008-10,124.269476,82.285706,,,0,0,0.0654,Low,1155551
KE042,Kisumu,2008-11,87.653915,16.233856,,,0,0,0.0654,Low,1155551
KE042,Kisumu,2008-12,56.28404766666667,52.501793,,,2,3,0.0654,Low,1155551
KE042,Kisumu,2009-01,112.54926166666667,28.681389,,,0,0,0.0654,Low,1155551
KE042,Kisumu,2009-02,73.05869366666667,30.851368,,,0,0,0.0654,Low,1155551
KE042,Kisumu,2009-03,58.483224166666666,47.325752,,,0,0,0.0654,Low,1155551
KE042,Kisumu,2009-04,101.93067566666667,67.22463,,,0,0,0.0654,Low,1155551
KE042,Kisumu,2009-05,87.05645633333334,26.180714,,,0,0,0.0654,Low,1155551
KE042,Kisumu,2009-06,52.146754166666675,29.999998,,,0,0,0.0654,Low,1155551
KE042,Kisumu,2009-07,69.93279083333333,52.68197,,,0,0,0.0654,Low,1155551
KE042,Kisumu,2009-08,90.89297766666668,58.78867,,,0,0,0.0654,Low,1155551
KE042,Kisumu,2009-09,136.592604,92.346794,,,0,0,0.0654,Low,1155551
KE042,Kisumu,2009-10,77.55727116666667,46.012127,,,0,0,0.0654,Low,1155551
KE042,Kisumu,2009-11,88.61044766666667,39.606884,,,0,0,0.0654,Low,1155551
KE042,Kisumu,2009-12,160.92211166666667,110.21258,,,0,0,0.0654,Low,1155551
KE042,Kisumu,2010-01,106.86338166666667,33.481876,,,0,0,0.0654,Low,1155551
KE042,Kisumu,2010-02,198.99145083333335,90.00466,,,0,0,0.0654,Low,1155551
KE042,Kisumu,2010-03,122.02857066666667,43.25162,,,0,0,0.0654,Low,1155551
KE042,Kisumu,2010-04,95.51158616666667,56.272953,,,0,0,0.0654,Low,1155551
KE042,Kisumu,2010-05,109.6051565,81.392204,,,0,0,0.0654,Low,1155551
KE042,Kisumu,2010-06,105.25716083333334,67.65846,,,0,0,0.0654,Low,1155551
KE042,Kisumu,2010-07,97.58033066666667,60.645294,,,0,0,0.0654,Low,1155551
KE042,Kisumu,2010-08,99.750339,53.512024,,,0,0,0.0654,Low,1155551
KE042,Kisumu,2010-09,109.17465266666666,55.390636,,,0,0,0.0654,Low,1155551
KE042,Kisumu,2010-10,96.79761216666667,85.37124,,,0,0,0.0654,Low,1155551
KE042,Kisumu,2010-11,57.18944716666667,37.823215,,,0,0,0.0654,Low,1155551
KE042,Kisumu,2010-12,104.35828483333334,29.711237,,,0,0,0.0654,Low,1155551
KE042,Kisumu,2011-01,74.57867216666666,39.635693,,,1,0,0.0654,Low,1155551
KE042,Kisumu,2011-02,70.71358416666668,36.45008,,,0,0,0.0654,Low,1155551
KE042,Kisumu,2011-03,82.02756083333333,37.12629,,,0,0,0.0654,Low,1155551
KE042,Kisumu,2011-04,54.9433665,18.1859,,,0,0,0.0654,Low,1155551
KE042,Kisumu,2011-05,89.37194716666666,44.127567,,,0,0,0.0654,Low,1155551
KE042,Kisumu,2011-06,111.78772016666666,79.00743,,,0,0,0.0654,Low,1155551
KE042,Kisumu,2011-07,97.6398675,57.17389,,,0,0,0.0654,Low,1155551
KE042,Kisumu,2011-08,181.75474416666665,119.012245,,,0,0,0.0654,Low,1155551
KE042,Kisumu,2011-09,104.62086316666667,91.76367,,,0,0,0.0654,Low,1155551
KE042,Kisumu,2011-10,118.13079933333334,105.391266,,,0,0,0.0654,Low,1155551
KE042,Kisumu,2011-11,168.6477656666667,58.103664,,,0,0,0.0654,Low,1155551
KE042,Kisumu,2011-12,85.56673316666667,56.620293,,,0,0,0.0654,Low,1155551
KE042,Kisumu,2012-01,37.479678666666665,33.23881,,,0,0,0.0654,Low,1155551
KE042,Kisumu,2012-02,65.042315,34.13243,,,4,0,0.0654,Low,1155551
KE042,Kisumu,2012-03,71.34937183333334,16.91381,,,0,0,0.0654,Low,1155551
KE042,Kisumu,2012-04,135.21597933333334,81.743866,,,0,0,0.0654,Low,1155551
KE042,Kisumu,2012-05,88.11179666666668,69.03606,,,0,0,0.0654,Low,1155551
KE042,Kisumu,2012-06,153.90479833333333,77.05988,,,0,0,0.0654,Low,1155551
KE042,Kisumu,2012-07,111.40817066666666,77.169945,,,0,0,0.0654,Low,1155551
KE042,Kisumu,2012-08,122.18316416666666,94.1761,,,0,0,0.0654,Low,1155551
KE042,Kisumu,2012-09,177.53635666666665,129.3145,,,0,0,0.0654,Low,1155551
KE042,Kisumu,2012-10,120.84000716666667,62.326313,,,1,0,0.0654,Low,1155551
KE042,Kisumu,2012-11,117.46628083333333,57.19342,,,0,0,0.0654,Low,1155551
KE042,Kisumu,2012-12,164.733572,37.669582,,,0,0,0.0654,Low,1155551
KE042,Kisumu,2013-01,91.74177316666668,43.386673,,,0,0,0.0654,Low,1155551
KE042,Kisumu,2013-02,67.09918933333334,34.31062,,,1,3,0.0654,Low,1155551
KE042,Kisumu,2013-03,140.84213566666668,86.32343,,,0,0,0.0654,Low,1155551
KE042,Kisumu,2013-04,134.5645675,93.44022,,,0,0,0.0654,Low,1155551
KE042,Kisumu,2013-05,73.9173125,27.903757,,,0,0,0.0654,Low,1155551
KE042,Kisumu,2013-06,88.676534,58.31546,,,0,0,0.0654,Low,1155551
KE042,Kisumu,2013-07,79.68725583333334,52.58221,,,1,1,0.0654,Low,1155551
KE042,Kisumu,2013-08,110.36500083333333,95.66781,,,0,0,0.0654,Low,1155551
KE042,Kisumu,2013-09,142.427084,77.61897,,,2,1,0.0654,Low,1155551
KE042,Kisumu,2013-10,98.7722835,39.198296,,,0,0,0.0654,Low,1155551
KE042,Kisumu,2013-11,100.71346416666665,58.575775,,,0,0,0.0654,Low,1155551
KE042,Kisumu,2013-12,117.65167416666668,70.44954,,,1,1,0.0654,Low,1155551
KE042,Kisumu,2014-01,69.67746433333333,40.1199,,,0,0,0.0654,Low,1155551
KE042,Kisumu,2014-02,138.32958666666667,91.8822,,,0,0,0.0654,Low,1155551
KE042,Kisumu,2014-03,90.26237266666668,19.915733,,,0,0,0.0654,Low,1155551
KE042,Kisumu,2014-04,58.42404666666667,22.190166,,,0,0,0.0654,Low,1155551
KE042,Kisumu,2014-05,127.08766666666666,96.70433,,,0,0,0.0654,Low,1155551
KE042,Kisumu,2014-06,105.53416666666668,36.321915,,,0,0,0.0654,Low,1155551
KE042,Kisumu,2014-07,108.812725,66.2617,,,0,0,0.0654,Low,1155551
KE042,Kisumu,2014-08,185.0117875,101.527115,,,1,0,0.0654,Low,1155551
KE042,Kisumu,2014-09,108.57765666666667,79.91749,,,0,0,0.0654,Low,1155551
KE042,Kisumu,2014-10,126.64587999999999,64.252,,,0,0,0.0654,Low,1155551
KE042,Kisumu,2014-11,90.54837416666668,50.667717,,,0,0,0.0654,Low,1155551
KE042,Kisumu,2014-12,94.3917275,63.14993,,,0,0,0.0654,Low,1155551
KE042,Kisumu,2015-01,29.072400666666667,23.455542,,,0,0,0.0654,Low,1155551
KE042,Kisumu,2015-02,63.454344666666664,24.957886,,,0,0,0.0654,Low,1155551
KE042,Kisumu,2015-03,59.60153583333332,12.864563,,,0,0,0.0654,Low,1155551
KE042,Kisumu,2015-04,129.51764333333333,92.65107,,,0,0,0.0654,Low,1155551
KE042,Kisumu,2015-05,126.13644833333335,116.30081,,,0,0,0.0654,Low,1155551
KE042,Kisumu,2015-06,133.1926785,78.475296,,,0,0,0.0654,Low,1155551
KE042,Kisumu,2015-07,79.36503533333332,62.292767,,,0,0,0.0654,Low,1155551
KE042,Kisumu,2015-08,54.914623000000006,29.965284,,,0,0,0.0654,Low,1155551
KE042,Kisumu,2015-09,123.83905566666668,101.19101,,,0,0,0.0654,Low,1155551
KE042,Kisumu,2015-10,152.713112,57.554096,,,0,0,0.0654,Low,1155551
KE042,Kisumu,2015-11,120.78737716666666,51.96508,,,0,0,0.0654,Low,1155551
KE042,Kisumu,2015-12,162.23477766666667,76.758446,,,1,1,0.0654,Low,1155551
KE042,Kisumu,2016-01,112.10144333333334,46.95912,,,0,0,0.0654,Low,1155551
KE042,Kisumu,2016-02,59.406878500000005,45.406242,,,0,0,0.0654,Low,1155551
KE042,Kisumu,2016-03,78.424737,24.03325,,,0,0,0.0654,Low,1155551
KE042,Kisumu,2016-04,162.11989,114.44762,,,0,0,0.0654,Low,1155551
KE042,Kisumu,2016-05,105.44445866666668,35.582058,,,0,0,0.0654,Low,1155551
KE042,Kisumu,2016-06,83.63892650000001,51.10714,,,1,1,0.0654,Low,1155551
KE042,Kisumu,2016-07,98.68054233333334,68.97864,,,0,0,0.0654,Low,1155551
KE042,Kisumu,2016-08,63.34538083333334,31.518364,,,0,0,0.0654,Low,1155551
KE042,Kisumu,2016-09,82.9227915,49.509323,,,0,0,0.0654,Low,1155551
KE042,Kisumu,2016-10,70.09706583333333,41.55224,,,0,0,0.0654,Low,1155551
KE042,Kisumu,2016-11,85.56314666666667,45.613144,,,2,3,0.0654,Low,1155551
KE042,Kisumu,2016-12,31.771874666666665,22.764862,,,0,0,0.0654,Low,1155551
KE042,Kisumu,2017-01,76.40103616666666,24.367025,,,1,3,0.0654,Low,1155551
KE042,Kisumu,2017-02,194.82470166666667,94.77776,,,0,0,0.0654,Low,1155551
KE042,Kisumu,2017-03,62.760031166666664,30.606443,,,0,0,0.0654,Low,1155551
KE042,Kisumu,2017-04,95.76718466666667,57.75382,,,0,0,0.0654,Low,1155551
KE042,Kisumu,2017-05,124.06190066666666,69.872574,,,2,2,0.0654,Low,1155551
KE042,Kisumu,2017-06,92.6984825,63.580025,,,0,0,0.0654,Low,1155551
KE042,Kisumu,2017-07,157.273294,101.816414,,,2,0,0.0654,Low,1155551
KE042,Kisumu,2017-08,117.093,89.67878,,,1,4,0.0654,Low,1155551
KE042,Kisumu,2017-09,113.98400916666667,91.30647,,,1,0,0.0654,Low,1155551
KE042,Kisumu,2017-10,112.21472999999999,73.94062,,,4,2,0.0654,Low,1155551
KE042,Kisumu,2017-11,101.18231250000001,39.89886,,,0,0,0.0654,Low,1155551
KE042,Kisumu,2017-12,56.94564283333333,31.381746,,,1,5,0.0654,Low,1155551
KE042,Kisumu,2018-01,47.088424833333335,37.83649,,,0,0,0.0654,Low,1155551
KE042,Kisumu,2018-02,88.30478066666667,30.633667,,,0,0,0.0654,Low,1155551
KE042,Kisumu,2018-03,168.09183666666667,111.5775,,,0,0,0.0654,Low,1155551
KE042,Kisumu,2018-04,145.76744499999998,110.81514,,,0,0,0.0654,Low,1155551
KE042,Kisumu,2018-05,134.2090825,104.86953,,,0,0,0.0654,Low,1155551
KE042,Kisumu,2018-06,124.98766916666666,75.12725,,,0,0,0.0654,Low,1155551
KE042,Kisumu,2018-07,95.29093916666666,71.09706,,,0,0,0.0654,Low,1155551
KE042,Kisumu,2018-08,92.09945816666668,51.68587,,,0,0,0.0654,Low,1155551
KE042,Kisumu,2018-09,59.78452716666667,45.1583,,,2,0,0.0654,Low,1155551
KE042,Kisumu,2018-10,164.420755,122.77539,,,1,0,0.0654,Low,1155551
KE042,Kisumu,2018-11,68.7439695,13.890825,,,0,0,0.0654,Low,1155551
KE042,Kisumu,2018-12,143.26662166666668,103.7066,,,0,0,0.0654,Low,1155551
KE042,Kisumu,2019-01,40.5738675,32.44178,,,0,0,0.0654,Low,1155551
KE042,Kisumu,2019-02,102.93639466666667,29.389658,,,0,0,0.0654,Low,1155551
KE042,Kisumu,2019-03,60.22757016666667,15.181783,,,0,0,0.0654,Low,1155551
KE042,Kisumu,2019-04,72.73220450000001,29.547232,,,0,0,0.0654,Low,1155551
KE042,Kisumu,2019-05,102.24262433333332,61.38098,,,0,0,0.0654,Low,1155551
KE042,Kisumu,2019-06,133.76978166666666,68.51035,,,0,0,0.0654,Low,1155551
KE042,Kisumu,2019-07,131.03392,67.40083,,,0,0,0.0654,Low,1155551
KE042,Kisumu,2019-08,99.50768416666666,75.04492,,,0,0,0.0654,Low,1155551
KE042,Kisumu,2019-09,105.31397,56.66716,,,0,0,0.0654,Low,1155551
KE042,Kisumu,2019-10,226.10519666666667,166.40442,,,0,0,0.0654,Low,1155551
KE042,Kisumu,2019-11,142.54111733333335,76.47208,,,0,0,0.0654,Low,1155551
KE042,Kisumu,2019-12,204.52935166666668,133.04869,,,0,0,0.0654,Low,1155551
KE042,Kisumu,2020-01,170.64711200000002,51.053665,,,0,0,0.0654,Low,1155551
KE042,Kisumu,2020-02,125.5425375,75.224815,,,0,0,0.0654,Low,1155551
KE042,Kisumu,2020-03,194.40787166666667,146.98427,,,3,0,0.0654,Low,1155551
KE042,Kisumu,2020-04,128.39864333333333,40.10695,,,0,0,0.0654,Low,1155551
KE042,Kisumu,2020-05,87.66978983333333,70.15104,,,1,1,0.0654,Low,1155551
KE042,Kisumu,2020-06,132.05636666666666,105.87038,,,0,0,0.0654,Low,1155551
KE042,Kisumu,2020-07,164.42197000000002,153.49063,,,0,0,0.0654,Low,1155551
KE042,Kisumu,2020-08,137.32942833333334,84.32042,,,0,0,0.0654,Low,1155551
KE042,Kisumu,2020-09,156.3193666666667,96.36069,,,0,0,0.0654,Low,1155551
KE042,Kisumu,2020-10,173.93465500000002,150.63263,,,0,0,0.0654,Low,1155551
KE042,Kisumu,2020-11,268.80594333333335,140.24802,,,1,1,0.0654,Low,1155551
KE042,Kisumu,2020-12,94.46678966666667,77.42848,,,0,0,0.0654,Low,1155551
KE042,Kisumu,2021-01,102.41356066666667,70.279,,,0,0,0.0654,Low,1155551
KE042,Kisumu,2021-02,139.29922333333334,88.29472,,,0,0,0.0654,Low,1155551
KE042,Kisumu,2021-03,82.90706966666666,46.267937,,,0,0,0.0654,Low,1155551
KE042,Kisumu,2021-04,146.44503333333333,99.62167,,,1,3,0.0654,Low,1155551
KE042,Kisumu,2021-05,123.381797,43.718784,,,1,1,0.0654,Low,1155551
KE042,Kisumu,2021-06,83.56196166666668,49.607143,,,0,0,0.0654,Low,1155551
KE042,Kisumu,2021-07,85.774293,40.03055,,,0,0,0.0654,Low,1155551
KE042,Kisumu,2021-08,129.6583075,82.130455,,,1,1,0.0654,Low,1155551
KE042,Kisumu,2021-09,149.36204666666666,137.87595,,,0,0,0.0654,Low,1155551
KE042,Kisumu,2021-10,102.53115600000001,64.55685,,,0,0,0.0654,Low,1155551
KE042,Kisumu,2021-11,72.3936595,39.3426,,,1,0,0.0654,Low,1155551
KE042,Kisumu,2021-12,79.67914766666667,49.4577,,,0,0,0.0654,Low,1155551
KE042,Kisumu,2022-01,148.06291733333333,52.941174,,,0,0,0.0654,Low,1155551
KE042,Kisumu,2022-02,266.79330166666665,150.60257,,,0,0,0.0654,Low,1155551
KE042,Kisumu,2022-03,86.50169166666666,19.869095,,,0,0,0.0654,Low,1155551
KE042,Kisumu,2022-04,83.43137166666666,16.28954,,,1,0,0.0654,Low,1155551
KE042,Kisumu,2022-05,116.82272966666666,61.28748,,,0,0,0.0654,Low,1155551
KE042,Kisumu,2022-06,87.68510666666667,74.46429,,,0,0,0.0654,Low,1155551
KE042,Kisumu,2022-07,93.131624,80.39354,,,0,0,0.0654,Low,1155551
KE042,Kisumu,2022-08,171.83583583333333,109.61654,,,0,0,0.0654,Low,1155551
KE042,Kisumu,2022-09,124.14728333333333,103.77561,,,0,0,0.0654,Low,1155551
KE042,Kisumu,2022-10,78.55921066666667,38.72534,,,0,0,0.0654,Low,1155551
KE042,Kisumu,2022-11,143.147775,105.84348,,,0,0,0.0654,Low,1155551
KE042,Kisumu,2022-12,216.48788666666667,141.65726,,,0,0,0.0654,Low,1155551
KE042,Kisumu,2023-01,39.13504433333333,28.012964,,,0,0,0.0654,Low,1155551
KE042,Kisumu,2023-02,45.60608933333333,24.549809,,,0,0,0.0654,Low,1155551
KE042,Kisumu,2023-03,154.52100499999997,74.09981,,,1,0,0.0654,Low,1155551
KE042,Kisumu,2023-04,125.12577283333333,62.024517,,,1,0,0.0654,Low,1155551
KE042,Kisumu,2023-05,105.68232666666667,61.53943,,,0,0,0.0654,Low,1155551
KE042,Kisumu,2023-06,144.949479,89.200294,,,1,1,0.0654,Low,1155551
KE042,Kisumu,2023-07,81.12427283333334,51.989735,,,2,1,0.0654,Low,1155551
KE042,Kisumu,2023-08,86.1023285,42.99193,,,2,2,0.0654,Low,1155551
KE042,Kisumu,2023-09,158.77595666666664,133.7286,,,0,0,0.0654,Low,1155551
KE042,Kisumu,2023-10,164.69286,68.76593,,,0,0,0.0654,Low,1155551
KE042,Kisumu,2023-11,158.46575666666666,137.90138,,,1,1,0.0654,Low,1155551
KE042,Kisumu,2023-12,112.96666599999999,72.30928,,,0,0,0.0654,Low,1155551
KE042,Kisumu,2024-01,187.14484666666667,139.63701,,,0,0,0.0654,Low,1155551
KE042,Kisumu,2024-02,203.50519666666665,149.20305,,,0,0,0.0654,Low,1155551
KE042,Kisumu,2024-03,109.980796,16.859768,,,0,0,0.0654,Low,1155551
KE042,Kisumu,2024-04,129.86868833333332,81.90052,,,0,0,0.0654,Low,1155551
KE042,Kisumu,2024-05,92.15008733333333,58.442394,,,0,0,0.0654,Low,1155551
KE042,Kisumu,2024-06,71.49720333333333,60.44727,,,0,0,0.0654,Low,1155551
KE042,Kisumu,2024-07,138.42460416666668,99.980255,,,3,1,0.0654,Low,1155551
KE042,Kisumu,2024-08,115.20304333333333,69.61446,,,0,0,0.0654,Low,1155551
KE042,Kisumu,2024-09,93.06041666666665,73.9944,,,0,0,0.0654,Low,1155551
KE042,Kisumu,2024-10,101.26878916666668,75.296745,,,0,0,0.0654,Low,1155551
KE042,Kisumu,2024-11,188.0604258333333,72.71806,,,0,0,0.0654,Low,1155551
KE042,Kisumu,2024-12,105.48885733333333,76.76832,,,0,0,0.0654,Low,1155551
KE042,Kisumu,2025-01,100.78414333333335,39.43691,,,0,0,0.0654,Low,1155551
KE042,Kisumu,2025-02,56.124745499999996,34.0729,,,0,0,0.0654,Low,1155551
KE042,Kisumu,2025-03,132.63263416666666,95.89387,,,0,0,0.0654,Low,1155551
KE042,Kisumu,2025-04,122.67919733333333,93.072624,,,0,0,0.0654,Low,1155551
KE042,Kisumu,2025-05,172.31570333333335,140.1326,,,0,0,0.0654,Low,1155551
KE042,Kisumu,2025-06,80.06534016666666,58.534103,,,0,0,0.0654,Low,1155551
KE042,Kisumu,2025-07,185.14220166666667,87.53668,,,0,0,0.0654,Low,1155551
KE042,Kisumu,2025-08,82.303049,58.12366,,,1,1,0.0654,Low,1155551
KE042,Kisumu,2025-09,89.73963816666667,76.235535,,,0,0,0.0654,Low,1155551
KE042,Kisumu,2025-10,139.6737875,55.505955,,,1,1,0.0654,Low,1155551
KE042,Kisumu,2025-11,51.606091666666664,13.723467,,,0,0,0.0654,Low,1155551
KE042,Kisumu,2025-12,169.22198433333332,28.010061,,,0,0,0.0654,Low,1155551
KE015,Kitui,2006-01,69.82299,52.621494,39.0,17.0,0,0,0.151,Medium,1136154
KE015,Kitui,2006-02,88.00652666666667,68.80019,42.0,18.0,0,0,0.151,Medium,1136154
KE015,Kitui,2006-03,113.06009233333333,68.67578,47.0,18.0,0,0,0.151,Medium,1136154
KE015,Kitui,2006-04,100.45039566666668,51.99814,53.0,19.0,0,0,0.151,Medium,1136154
KE015,Kitui,2006-05,137.9688835,62.134735,51.0,22.0,0,0,0.151,Medium,1136154
KE015,Kitui,2006-06,96.04750333333334,90.10826,53.0,22.0,0,0,0.151,Medium,1136154
KE015,Kitui,2006-07,92.60076833333333,89.49829,51.0,22.0,0,0,0.151,Medium,1136154
KE015,Kitui,2006-08,95.64462133333332,89.98763,42.0,21.0,0,0,0.151,Medium,1136154
KE015,Kitui,2006-09,109.32811250000002,92.72825,42.0,19.0,0,0,0.151,Medium,1136154
KE015,Kitui,2006-10,124.33779433333332,94.671936,44.0,19.0,0,0,0.151,Medium,1136154
KE015,Kitui,2006-11,191.1788633333333,102.59012,44.0,19.0,0,0,0.151,Medium,1136154
KE015,Kitui,2006-12,271.1165716666667,82.02366,44.0,20.0,0,0,0.151,Medium,1136154
KE015,Kitui,2007-01,101.40900183333333,72.739265,37.0,18.0,0,0,0.151,Medium,1136154
KE015,Kitui,2007-02,96.40148533333333,65.41363,30.0,17.0,0,0,0.151,Medium,1136154
KE015,Kitui,2007-03,75.69025733333334,54.8236,23.0,8.0,0,0,0.151,Medium,1136154
KE015,Kitui,2007-04,67.44104483333334,30.186848,30.0,8.0,0,0,0.151,Medium,1136154
KE015,Kitui,2007-05,124.65447316666666,59.068497,34.0,8.0,0,0,0.151,Medium,1136154
KE015,Kitui,2007-06,98.15040499999999,94.22898,35.0,9.0,0,0,0.151,Medium,1136154
KE015,Kitui,2007-07,94.83820333333334,89.86838,35.0,9.0,0,0,0.151,Medium,1136154
KE015,Kitui,2007-08,93.11489433333334,88.54393,35.0,9.0,0,0,0.151,Medium,1136154
KE015,Kitui,2007-09,92.07195766666666,83.23112,35.0,9.0,0,0,0.151,Medium,1136154
KE015,Kitui,2007-10,90.28499699999999,59.942238,35.0,9.0,0,0,0.151,Medium,1136154
KE015,Kitui,2007-11,76.39475649999999,31.725416,40.0,9.0,0,0,0.151,Medium,1136154
KE015,Kitui,2007-12,58.76728483333333,36.212585,50.0,14.0,0,0,0.151,Medium,1136154
KE015,Kitui,2008-01,167.89340666666666,60.24077,55.0,16.0,0,0,0.151,Medium,1136154
KE015,Kitui,2008-02,76.62438033333333,67.55334,60.0,15.0,0,0,0.151,Medium,1136154
KE015,Kitui,2008-03,152.04034233333334,57.448864,60.0,15.0,0,0,0.151,Medium,1136154
KE015,Kitui,2008-04,69.04044266666666,25.003551,40.0,13.0,0,0,0.151,Medium,1136154
KE015,Kitui,2008-05,54.75904549999999,29.13775,50.0,20.0,0,0,0.151,Medium,1136154
KE015,Kitui,2008-06,96.064411,89.79336,55.0,22.0,1,0,0.151,Medium,1136154
KE015,Kitui,2008-07,96.25459583333333,87.12996,70.0,27.0,0,0,0.151,Medium,1136154
KE015,Kitui,2008-08,87.4318735,85.797745,70.0,30.0,0,0,0.151,Medium,1136154
KE015,Kitui,2008-09,91.50175633333333,81.62377,70.0,30.0,0,0,0.151,Medium,1136154
KE015,Kitui,2008-10,109.98409250000002,33.276222,80.0,34.0,0,0,0.151,Medium,1136154
KE015,Kitui,2008-11,81.051751,30.796394,80.0,35.0,0,0,0.151,Medium,1136154
KE015,Kitui,2008-12,34.66830766666667,20.873835,65.0,30.0,0,0,0.151,Medium,1136154
KE015,Kitui,2009-01,101.57343333333334,60.63708,65.0,30.0,0,0,0.151,Medium,1136154
KE015,Kitui,2009-02,85.87733250000001,62.683765,65.0,35.0,0,0,0.151,Medium,1136154
KE015,Kitui,2009-03,43.43520433333333,33.23597,65.0,35.0,0,0,0.151,Medium,1136154
KE015,Kitui,2009-04,57.09271016666667,42.422302,70.0,35.0,0,0,0.151,Medium,1136154
KE015,Kitui,2009-05,80.4783855,51.406975,75.0,36.0,0,0,0.151,Medium,1136154
KE015,Kitui,2009-06,98.688901,93.11448,80.0,36.0,0,0,0.151,Medium,1136154
KE015,Kitui,2009-07,87.86196066666668,84.55997,70.0,33.0,0,0,0.151,Medium,1136154
KE015,Kitui,2009-08,89.07470666666667,83.42659,60.0,30.0,0,0,0.151,Medium,1136154
KE015,Kitui,2009-09,91.841609,81.18898,60.0,30.0,0,0,0.151,Medium,1136154
KE015,Kitui,2009-10,175.27798266666665,91.30032,60.0,30.0,0,0,0.151,Medium,1136154
KE015,Kitui,2009-11,56.807845166666674,27.35225,60.0,30.0,0,0,0.151,Medium,1136154
KE015,Kitui,2009-12,124.81858416666667,48.20527,60.0,30.0,0,0,0.151,Medium,1136154
KE015,Kitui,2010-01,78.4554555,56.623543,60.0,30.0,0,0,0.151,Medium,1136154
KE015,Kitui,2010-02,136.256599,70.91198,50.0,20.0,0,0,0.151,Medium,1136154
KE015,Kitui,2010-03,237.561,88.24759,50.0,16.0,0,0,0.151,Medium,1136154
KE015,Kitui,2010-04,97.08024333333333,38.18988,45.0,13.0,0,0,0.151,Medium,1136154
KE015,Kitui,2010-05,84.24927166666667,73.27217,45.0,13.0,0,0,0.151,Medium,1136154
KE015,Kitui,2010-06,97.55563833333333,93.8115,40.0,6.0,0,0,0.151,Medium,1136154
KE015,Kitui,2010-07,98.32072483333333,91.172264,45.0,15.0,0,0,0.151,Medium,1136154
KE015,Kitui,2010-08,93.151145,88.61088,50.0,13.0,0,0,0.151,Medium,1136154
KE015,Kitui,2010-09,103.76662666666668,88.73868,50.0,13.0,0,0,0.151,Medium,1136154
KE015,Kitui,2010-10,64.58174966666667,42.272743,60.0,14.0,0,0,0.151,Medium,1136154
KE015,Kitui,2010-11,77.81968450000001,39.307896,60.0,18.0,0,0,0.151,Medium,1136154
KE015,Kitui,2010-12,53.26378583333334,34.936398,60.0,16.0,0,0,0.151,Medium,1136154
KE015,Kitui,2011-01,84.753159,58.021362,60.0,17.0,0,0,0.151,Medium,1136154
KE015,Kitui,2011-02,110.8752775,74.325455,70.0,17.0,0,0,0.151,Medium,1136154
KE015,Kitui,2011-03,81.79379516666667,50.179966,70.0,22.0,0,0,0.151,Medium,1136154
KE015,Kitui,2011-04,58.0437935,26.359013,80.0,30.0,1,0,0.151,Medium,1136154
KE015,Kitui,2011-05,96.34769233333333,51.98931,85.0,45.0,0,0,0.151,Medium,1136154
KE015,Kitui,2011-06,98.02212250000001,94.62448,85.0,46.0,0,0,0.151,Medium,1136154
KE015,Kitui,2011-07,90.9878815,86.3295,85.0,45.0,0,0,0.151,Medium,1136154
KE015,Kitui,2011-08,92.0316045,89.149925,86.0,39.0,0,0,0.151,Medium,1136154
KE015,Kitui,2011-09,102.23175683333334,92.92857,75.0,41.0,0,0,0.151,Medium,1136154
KE015,Kitui,2011-10,155.17569333333333,68.50901,77.47,40.62,0,0,0.151,Medium,1136154
KE015,Kitui,2011-11,116.417139,87.31295,76.53,41.63,0,0,0.151,Medium,1136154
KE015,Kitui,2011-12,67.1230225,29.40318,96.27,42.55,0,0,0.151,Medium,1136154
KE015,Kitui,2012-01,62.191744666666665,52.26481,72.0,42.0,0,0,0.151,Medium,1136154
KE015,Kitui,2012-02,97.73255833333333,73.307045,72.0,38.0,0,0,0.151,Medium,1136154
KE015,Kitui,2012-03,58.0957835,24.863543,74.31,37.0,0,0,0.151,Medium,1136154
KE015,Kitui,2012-04,113.94486833333333,41.12585,78.35,37.0,0,0,0.151,Medium,1136154
KE015,Kitui,2012-05,89.57995816666666,81.027756,77.86,41.0,0,0,0.151,Medium,1136154
KE015,Kitui,2012-06,99.00146833333334,95.4297,83.0,41.0,0,0,0.151,Medium,1136154
KE015,Kitui,2012-07,95.00900416666667,89.78458,82.0,41.0,0,0,0.151,Medium,1136154
KE015,Kitui,2012-08,104.41420433333333,90.414856,81.0,42.0,0,0,0.151,Medium,1136154
KE015,Kitui,2012-09,92.48954916666666,82.21668,84.0,40.0,0,0,0.151,Medium,1136154
KE015,Kitui,2012-10,91.87317316666667,40.876873,80.0,40.0,0,0,0.151,Medium,1136154
KE015,Kitui,2012-11,96.697071,37.226624,81.0,39.0,0,0,0.151,Medium,1136154
KE015,Kitui,2012-12,120.8840745,43.99126,77.0,37.0,0,0,0.151,Medium,1136154
KE015,Kitui,2013-01,79.09379433333334,60.151596,60.0,37.0,0,0,0.151,Medium,1136154
KE015,Kitui,2013-02,80.31511266666666,67.782936,65.6,33.0,0,0,0.151,Medium,1136154
KE015,Kitui,2013-03,148.81803833333333,53.7771,67.0,30.0,0,0,0.151,Medium,1136154
KE015,Kitui,2013-04,106.7678475,33.089725,73.0,34.0,0,0,0.151,Medium,1136154
KE015,Kitui,2013-05,61.92762183333334,32.71461,76.0,31.0,0,0,0.151,Medium,1136154
KE015,Kitui,2013-06,96.89699266666666,90.53139,75.0,33.0,0,0,0.151,Medium,1136154
KE015,Kitui,2013-07,99.69062650000001,90.05163,71.0,32.0,1,3,0.151,Medium,1136154
KE015,Kitui,2013-08,97.00243333333333,94.111626,74.0,33.0,0,0,0.151,Medium,1136154
KE015,Kitui,2013-09,121.07575033333335,97.574326,78.0,34.0,0,0,0.151,Medium,1136154
KE015,Kitui,2013-10,74.576582,30.176777,77.0,37.0,0,0,0.151,Medium,1136154
KE015,Kitui,2013-11,77.217106,23.550934,78.0,38.0,0,0,0.151,Medium,1136154
KE015,Kitui,2013-12,83.7878185,39.632004,73.0,38.0,0,0,0.151,Medium,1136154
KE015,Kitui,2014-01,57.328202000000005,46.458706,74.0,37.0,0,0,0.151,Medium,1136154
KE015,Kitui,2014-02,107.34236233333333,69.79589,78.75,35.0,0,0,0.151,Medium,1136154
KE015,Kitui,2014-03,150.21955466666668,40.771,79.0,36.0,0,0,0.151,Medium,1136154
KE015,Kitui,2014-04,72.87503383333333,49.296173,80.0,36.0,0,0,0.151,Medium,1136154
KE015,Kitui,2014-05,70.48318033333334,40.272366,81.0,37.0,0,0,0.151,Medium,1136154
KE015,Kitui,2014-06,106.83658166666667,102.2603,81.0,38.0,0,0,0.151,Medium,1136154
KE015,Kitui,2014-07,101.178521,91.35912,77.0,39.0,0,0,0.151,Medium,1136154
KE015,Kitui,2014-08,106.567725,99.70449,75.0,36.0,0,0,0.151,Medium,1136154
KE015,Kitui,2014-09,101.23821183333332,89.001755,72.5,34.0,0,0,0.151,Medium,1136154
KE015,Kitui,2014-10,76.43338433333334,43.010666,72.5,32.0,0,0,0.151,Medium,1136154
KE015,Kitui,2014-11,82.935315,53.88173,76.0,32.0,0,0,0.151,Medium,1136154
KE015,Kitui,2014-12,74.78793383333334,46.05534,66.0,30.0,0,0,0.151,Medium,1136154
KE015,Kitui,2015-01,61.943271833333334,46.508247,69.0,29.0,0,0,0.151,Medium,1136154
KE015,Kitui,2015-02,80.00406916666667,70.23275,71.0,29.0,0,0,0.151,Medium,1136154
KE015,Kitui,2015-03,58.7205145,34.18191,75.0,30.0,0,0,0.151,Medium,1136154
KE015,Kitui,2015-04,140.00693333333334,85.51427,86.0,33.0,0,0,0.151,Medium,1136154
KE015,Kitui,2015-05,126.23524916666666,70.70837,90.0,37.0,3,5,0.151,Medium,1136154
KE015,Kitui,2015-06,96.58265133333333,92.74546,91.0,35.0,0,0,0.151,Medium,1136154
KE015,Kitui,2015-07,113.90705916666667,105.99519,79.0,37.0,0,0,0.151,Medium,1136154
KE015,Kitui,2015-08,99.66558416666668,89.90708,78.0,36.0,0,0,0.151,Medium,1136154
KE015,Kitui,2015-09,98.92157916666667,85.53697,74.0,33.0,1,1,0.151,Medium,1136154
KE015,Kitui,2015-10,109.859561,57.635696,79.0,34.0,0,0,0.151,Medium,1136154
KE015,Kitui,2015-11,139.97832566666668,97.605774,78.0,33.0,0,0,0.151,Medium,1136154
KE015,Kitui,2015-12,140.85988533333332,42.474957,77.0,33.0,0,0,0.151,Medium,1136154
KE015,Kitui,2016-01,126.66911,99.52338,73.0,31.0,0,0,0.151,Medium,1136154
KE015,Kitui,2016-02,90.41564266666667,69.04485,74.0,31.0,0,0,0.151,Medium,1136154
KE015,Kitui,2016-03,65.203513,22.637526,72.0,29.0,0,0,0.151,Medium,1136154
KE015,Kitui,2016-04,124.17755666666666,71.53333,71.0,29.0,0,0,0.151,Medium,1136154
KE015,Kitui,2016-05,91.60452616666667,54.736362,72.0,28.0,0,0,0.151,Medium,1136154
KE015,Kitui,2016-06,99.29639166666668,97.50164,73.0,28.0,0,0,0.151,Medium,1136154
KE015,Kitui,2016-07,98.05530900000001,96.215164,75.0,31.0,0,0,0.151,Medium,1136154
KE015,Kitui,2016-08,103.36144833333333,93.886925,78.0,33.0,0,0,0.151,Medium,1136154
KE015,Kitui,2016-09,98.6486,94.03533,73.0,34.0,0,0,0.151,Medium,1136154
KE015,Kitui,2016-10,70.98261783333334,26.392025,77.5,34.0,0,0,0.151,Medium,1136154
KE015,Kitui,2016-11,109.05128733333333,64.52035,77.5,35.0,0,0,0.151,Medium,1136154
KE015,Kitui,2016-12,49.821006000000004,33.00879,76.5,35.0,3,6,0.151,Medium,1136154
KE015,Kitui,2017-01,68.26767483333333,56.840904,79.0,38.0,1,1,0.151,Medium,1136154
KE015,Kitui,2017-02,109.45024233333334,78.77964,86.0,48.0,2,5,0.151,Medium,1136154
KE015,Kitui,2017-03,33.22290316666667,24.390982,91.2,46.2,0,0,0.151,Medium,1136154
KE015,Kitui,2017-04,82.39881,44.10542,93.0,54.0,1,0,0.151,Medium,1136154
KE015,Kitui,2017-05,115.39971416666667,84.39172,89.0,58.0,1,2,0.151,Medium,1136154
KE015,Kitui,2017-06,97.289305,88.72731,91.0,58.0,1,2,0.151,Medium,1136154
KE015,Kitui,2017-07,106.42773816666666,95.12919,92.0,58.0,0,0,0.151,Medium,1136154
KE015,Kitui,2017-08,116.67339249999999,106.19577,83.0,45.0,0,0,0.151,Medium,1136154
KE015,Kitui,2017-09,102.697337,98.28497,80.0,41.0,1,3,0.151,Medium,1136154
KE015,Kitui,2017-10,106.97465249999999,78.87236,89.0,37.0,0,0,0.151,Medium,1136154
KE015,Kitui,2017-11,78.61037850000001,31.286451,83.0,37.0,1,1,0.151,Medium,1136154
KE015,Kitui,2017-12,33.4787665,22.468325,82.0,35.0,0,0,0.151,Medium,1136154
KE015,Kitui,2018-01,64.84131983333333,53.428753,79.1,36.9,0,0,0.151,Medium,1136154
KE015,Kitui,2018-02,75.0514615,68.521225,80.0,36.0,0,0,0.151,Medium,1136154
KE015,Kitui,2018-03,271.084975,75.67607,82.0,34.0,0,0,0.151,Medium,1136154
KE015,Kitui,2018-04,227.632595,154.32744,79.0,30.0,0,0,0.151,Medium,1136154
KE015,Kitui,2018-05,115.55299266666667,66.261055,73.0,30.0,0,0,0.151,Medium,1136154
KE015,Kitui,2018-06,116.34536750000001,104.64781,74.0,31.0,0,0,0.151,Medium,1136154
KE015,Kitui,2018-07,128.24517,106.13832,73.4,29.6,0,0,0.151,Medium,1136154
KE015,Kitui,2018-08,103.71533833333332,95.12277,76.7,30.0,0,0,0.151,Medium,1136154
KE015,Kitui,2018-09,110.12200833333333,99.78058,76.9,27.0,1,1,0.151,Medium,1136154
KE015,Kitui,2018-10,82.70138283333334,45.40451,81.0,33.56,0,0,0.151,Medium,1136154
KE015,Kitui,2018-11,59.86177783333333,43.093597,71.0,26.9,0,0,0.151,Medium,1136154
KE015,Kitui,2018-12,167.01539583333332,44.019955,66.1,27.9,0,0,0.151,Medium,1136154
KE015,Kitui,2019-01,94.36405,73.16985,71.0,29.0,0,0,0.151,Medium,1136154
KE015,Kitui,2019-02,104.00372983333334,78.07142,69.0,27.0,0,0,0.151,Medium,1136154
KE015,Kitui,2019-03,32.292936166666664,23.925144,70.0,29.0,0,0,0.151,Medium,1136154
KE015,Kitui,2019-04,80.32315366666666,20.526945,77.0,34.0,0,0,0.151,Medium,1136154
KE015,Kitui,2019-05,86.27645000000001,53.01122,80.0,42.0,0,0,0.151,Medium,1136154
KE015,Kitui,2019-06,106.98419799999999,99.468124,85.0,41.0,0,0,0.151,Medium,1136154
KE015,Kitui,2019-07,117.30729833333334,99.53707,87.6,43.5,4,3,0.151,Medium,1136154
KE015,Kitui,2019-08,116.413585,101.93113,93.1,44.8,0,0,0.151,Medium,1136154
KE015,Kitui,2019-09,110.65218233333333,103.47616,89.8,43.3,0,0,0.151,Medium,1136154
KE015,Kitui,2019-10,339.61571,221.54417,87.4,44.6,0,0,0.151,Medium,1136154
KE015,Kitui,2019-11,175.88562083333332,48.839725,92.3,43.6,0,0,0.151,Medium,1136154
KE015,Kitui,2019-12,221.94765833333335,83.41233,89.3,44.6,0,0,0.151,Medium,1136154
KE015,Kitui,2020-01,225.98952999999997,144.36977,79.0,38.0,0,0,0.151,Medium,1136154
KE015,Kitui,2020-02,162.94522833333335,81.32922,78.0,37.0,0,0,0.151,Medium,1136154
KE015,Kitui,2020-03,193.57873583333333,74.671455,78.0,30.0,0,0,0.151,Medium,1136154
KE015,Kitui,2020-04,162.085066,32.788116,86.0,32.0,0,0,0.151,Medium,1136154
KE015,Kitui,2020-05,83.817479,61.03242,92.0,34.0,0,0,0.151,Medium,1136154
KE015,Kitui,2020-06,110.96007850000001,103.42848,95.0,33.0,0,0,0.151,Medium,1136154
KE015,Kitui,2020-07,136.445795,107.42658,98.0,34.0,0,0,0.151,Medium,1136154
KE015,Kitui,2020-08,110.59866733333332,103.47898,92.0,33.0,0,0,0.151,Medium,1136154
KE015,Kitui,2020-09,105.099601,98.85766,94.0,34.0,0,0,0.151,Medium,1136154
KE015,Kitui,2020-10,68.62343083333333,58.89728,85.0,33.0,0,0,0.151,Medium,1136154
KE015,Kitui,2020-11,90.43658366666666,24.083502,94.0,35.0,0,0,0.151,Medium,1136154
KE015,Kitui,2020-12,90.77285266666667,39.42167,94.0,33.0,0,0,0.151,Medium,1136154
KE015,Kitui,2021-01,76.435886,53.360046,,,0,0,0.151,Medium,1136154
KE015,Kitui,2021-02,108.00718433333334,74.517456,,,0,0,0.151,Medium,1136154
KE015,Kitui,2021-03,44.32851483333334,34.836094,,,0,0,0.151,Medium,1136154
KE015,Kitui,2021-04,94.8995795,51.148617,,,0,0,0.151,Medium,1136154
KE015,Kitui,2021-05,146.28460066666668,81.96005,,,0,0,0.151,Medium,1136154
KE015,Kitui,2021-06,95.14229833333333,86.75924,,,0,0,0.151,Medium,1136154
KE015,Kitui,2021-07,114.66075683333334,105.189445,,,0,0,0.151,Medium,1136154
KE015,Kitui,2021-08,100.814994,89.95469,,,0,0,0.151,Medium,1136154
KE015,Kitui,2021-09,97.427326,89.53701,,,0,0,0.151,Medium,1136154
KE015,Kitui,2021-10,71.63062633333334,43.166424,,,1,0,0.151,Medium,1136154
KE015,Kitui,2021-11,66.77801699999999,21.296295,,,0,0,0.151,Medium,1136154
KE015,Kitui,2021-12,225.46595266666668,76.41276,,,0,0,0.151,Medium,1136154
KE015,Kitui,2022-01,82.90593116666666,54.920155,,,0,0,0.151,Medium,1136154
KE015,Kitui,2022-02,103.83564000000001,70.06064,,,1,0,0.151,Medium,1136154
KE015,Kitui,2022-03,38.04712933333334,30.71545,,,1,2,0.151,Medium,1136154
KE015,Kitui,2022-04,99.95189316666666,18.486626,,,0,0,0.151,Medium,1136154
KE015,Kitui,2022-05,64.99091266666666,36.778687,,,1,0,0.151,Medium,1136154
KE015,Kitui,2022-06,99.60318166666667,89.09633,,,0,0,0.151,Medium,1136154
KE015,Kitui,2022-07,107.58872833333334,102.28357,,,1,0,0.151,Medium,1136154
KE015,Kitui,2022-08,106.50263666666666,98.47523,,,2,0,0.151,Medium,1136154
KE015,Kitui,2022-09,98.41772333333334,93.28432,,,0,0,0.151,Medium,1136154
KE015,Kitui,2022-10,60.523400333333335,37.166866,,,2,1,0.151,Medium,1136154
KE015,Kitui,2022-11,88.90511,70.47208,,,3,1,0.151,Medium,1136154
KE015,Kitui,2022-12,64.49312733333333,43.857933,,,4,2,0.151,Medium,1136154
KE015,Kitui,2023-01,81.106004,59.658234,,,0,0,0.151,Medium,1136154
KE015,Kitui,2023-02,68.33662166666666,58.20268,,,0,0,0.151,Medium,1136154
KE015,Kitui,2023-03,88.94492733333334,33.229904,,,1,2,0.151,Medium,1136154
KE015,Kitui,2023-04,186.28219833333333,112.48985,,,1,0,0.151,Medium,1136154
KE015,Kitui,2023-05,84.52006866666666,56.768173,,,0,0,0.151,Medium,1136154
KE015,Kitui,2023-06,108.87980499999999,100.60959,,,0,0,0.151,Medium,1136154
KE015,Kitui,2023-07,115.94934933333333,109.31376,,,2,1,0.151,Medium,1136154
KE015,Kitui,2023-08,98.33205733333334,91.156334,,,1,0,0.151,Medium,1136154
KE015,Kitui,2023-09,96.61910999999999,91.527466,,,2,12,0.151,Medium,1136154
KE015,Kitui,2023-10,140.45558166666666,97.59157,,,2,1,0.151,Medium,1136154
KE015,Kitui,2023-11,214.06557999999998,132.5953,,,1,0,0.151,Medium,1136154
KE015,Kitui,2023-12,84.64613083333333,27.907377,,,1,1,0.151,Medium,1136154
KE015,Kitui,2024-01,110.46836833333333,74.37262,,,0,0,0.151,Medium,1136154
KE015,Kitui,2024-02,152.654075,79.56512,,,0,0,0.151,Medium,1136154
KE015,Kitui,2024-03,97.0291715,31.209093,,,1,0,0.151,Medium,1136154
KE015,Kitui,2024-04,180.15665666666666,70.97121,,,0,0,0.151,Medium,1136154
KE015,Kitui,2024-05,170.3004625,87.37629,,,0,0,0.151,Medium,1136154
KE015,Kitui,2024-06,97.86724249999999,86.47223,,,0,0,0.151,Medium,1136154
KE015,Kitui,2024-07,104.2222015,89.82036,,,0,0,0.151,Medium,1136154
KE015,Kitui,2024-08,101.73797833333333,96.19298,,,3,4,0.151,Medium,1136154
KE015,Kitui,2024-09,93.67076750000001,83.71872,,,1,0,0.151,Medium,1136154
KE015,Kitui,2024-10,66.46944216666667,35.38665,,,2,1,0.151,Medium,1136154
KE015,Kitui,2024-11,136.843245,77.24573,,,0,0,0.151,Medium,1136154
KE015,Kitui,2024-12,69.809675,30.792654,,,0,0,0.151,Medium,1136154
KE015,Kitui,2025-01,91.6081855,58.027733,,,2,0,0.151,Medium,1136154
KE015,Kitui,2025-02,64.86857533333334,54.57145,,,0,0,0.151,Medium,1136154
KE015,Kitui,2025-03,180.47238216666665,56.002743,,,0,0,0.151,Medium,1136154
KE015,Kitui,2025-04,124.17741333333333,82.02937,,,1,0,0.151,Medium,1136154
KE015,Kitui,2025-05,91.64250399999999,57.66489,,,0,0,0.151,Medium,1136154
KE015,Kitui,2025-06,103.02776666666666,98.89569,,,0,0,0.151,Medium,1136154
KE015,Kitui,2025-07,99.37253933333334,88.42475,,,2,2,0.151,Medium,1136154
KE015,Kitui,2025-08,109.40261500000001,100.47811,,,1,1,0.151,Medium,1136154
KE015,Kitui,2025-09,99.85787166666667,88.65963,,,0,0,0.151,Medium,1136154
KE015,Kitui,2025-10,141.11280333333335,51.52181,,,1,0,0.151,Medium,1136154
KE015,Kitui,2025-11,40.588055833333335,33.775883,,,0,0,0.151,Medium,1136154
KE015,Kitui,2025-12,100.99685683333333,27.785933,,,1,2,0.151,Medium,1136154
KE002,Kwale,2006-01,54.835473666666665,46.41964,,,0,0,0.2105,Medium,866802
KE002,Kwale,2006-02,83.24191333333333,66.71437,,,0,0,0.2105,Medium,866802
KE002,Kwale,2006-03,119.25807666666667,85.74814,,,0,0,0.2105,Medium,866802
KE002,Kwale,2006-04,158.69602666666665,77.02975,,,0,0,0.2105,Medium,866802
KE002,Kwale,2006-05,97.86656633333332,38.122444,,,0,0,0.2105,Medium,866802
KE002,Kwale,2006-06,118.26069866666667,76.773346,,,0,0,0.2105,Medium,866802
KE002,Kwale,2006-07,89.71599333333334,75.19388,,,0,0,0.2105,Medium,866802
KE002,Kwale,2006-08,107.25693866666666,98.843346,,,0,0,0.2105,Medium,866802
KE002,Kwale,2006-09,133.67805533333333,93.153946,,,0,0,0.2105,Medium,866802
KE002,Kwale,2006-10,203.19300666666666,69.95395,,,0,0,0.2105,Medium,866802
KE002,Kwale,2006-11,194.42748133333336,81.732124,,,0,0,0.2105,Medium,866802
KE002,Kwale,2006-12,175.27519333333336,70.69499,,,0,0,0.2105,Medium,866802
KE002,Kwale,2007-01,55.753227333333335,44.885975,,,0,0,0.2105,Medium,866802
KE002,Kwale,2007-02,82.11002,68.56846,,,0,0,0.2105,Medium,866802
KE002,Kwale,2007-03,67.92075966666667,35.140972,,,0,0,0.2105,Medium,866802
KE002,Kwale,2007-04,84.08152,44.505497,,,0,0,0.2105,Medium,866802
KE002,Kwale,2007-05,186.80979333333335,100.56317,,,0,0,0.2105,Medium,866802
KE002,Kwale,2007-06,106.3406,61.56501,,,1,1,0.2105,Medium,866802
KE002,Kwale,2007-07,88.09230000000001,73.00554,,,0,0,0.2105,Medium,866802
KE002,Kwale,2007-08,139.05252166666668,119.634155,,,0,0,0.2105,Medium,866802
KE002,Kwale,2007-09,113.53595666666666,90.37933,,,0,0,0.2105,Medium,866802
KE002,Kwale,2007-10,89.91360866666666,81.682816,,,0,0,0.2105,Medium,866802
KE002,Kwale,2007-11,73.18365666666666,36.052044,,,0,0,0.2105,Medium,866802
KE002,Kwale,2007-12,73.28015333333333,45.20128,,,1,11,0.2105,Medium,866802
KE002,Kwale,2008-01,122.119589,46.095547,,,0,0,0.2105,Medium,866802
KE002,Kwale,2008-02,86.860135,75.45967,,,0,0,0.2105,Medium,866802
KE002,Kwale,2008-03,128.22878533333332,47.87705,,,0,0,0.2105,Medium,866802
KE002,Kwale,2008-04,76.32333833333333,58.76857,,,0,0,0.2105,Medium,866802
KE002,Kwale,2008-05,96.08219000000001,63.8207,,,0,0,0.2105,Medium,866802
KE002,Kwale,2008-06,136.890468,103.524864,,,0,0,0.2105,Medium,866802
KE002,Kwale,2008-07,105.57673466666667,84.747314,,,0,0,0.2105,Medium,866802
KE002,Kwale,2008-08,86.91503666666667,79.774,,,0,0,0.2105,Medium,866802
KE002,Kwale,2008-09,85.18876833333333,66.091835,,,0,0,0.2105,Medium,866802
KE002,Kwale,2008-10,72.44893866666666,64.137886,,,0,0,0.2105,Medium,866802
KE002,Kwale,2008-11,94.82505566666667,40.084007,,,0,0,0.2105,Medium,866802
KE002,Kwale,2008-12,47.34111466666667,36.64017,,,0,0,0.2105,Medium,866802
KE002,Kwale,2009-01,62.645311666666665,40.01691,,,0,0,0.2105,Medium,866802
KE002,Kwale,2009-02,116.81528466666667,103.50324,,,0,0,0.2105,Medium,866802
KE002,Kwale,2009-03,64.52897133333333,56.163754,,,0,0,0.2105,Medium,866802
KE002,Kwale,2009-04,53.402324333333326,44.389683,,,0,0,0.2105,Medium,866802
KE002,Kwale,2009-05,43.92467666666667,32.21566,,,0,0,0.2105,Medium,866802
KE002,Kwale,2009-06,126.98296333333333,85.11448,,,0,0,0.2105,Medium,866802
KE002,Kwale,2009-07,76.940345,69.32434,,,0,0,0.2105,Medium,866802
KE002,Kwale,2009-08,80.54723333333334,75.17742,,,0,0,0.2105,Medium,866802
KE002,Kwale,2009-09,56.584735333333334,48.53636,,,0,0,0.2105,Medium,866802
KE002,Kwale,2009-10,129.22668,69.38417,,,0,0,0.2105,Medium,866802
KE002,Kwale,2009-11,38.345151333333334,33.56,,,0,0,0.2105,Medium,866802
KE002,Kwale,2009-12,159.01087166666665,104.690865,,,0,0,0.2105,Medium,866802
KE002,Kwale,2010-01,93.41523000000001,43.75363,,,0,0,0.2105,Medium,866802
KE002,Kwale,2010-02,103.16406833333333,88.215195,,,0,0,0.2105,Medium,866802
KE002,Kwale,2010-03,91.85317466666667,33.889034,,,0,0,0.2105,Medium,866802
KE002,Kwale,2010-04,110.46809333333333,95.09776,,,1,1,0.2105,Medium,866802
KE002,Kwale,2010-05,116.416808,47.75368,,,0,0,0.2105,Medium,866802
KE002,Kwale,2010-06,109.98079666666666,73.78249,,,0,0,0.2105,Medium,866802
KE002,Kwale,2010-07,76.77245666666667,65.58564,,,0,0,0.2105,Medium,866802
KE002,Kwale,2010-08,83.32411533333334,82.243996,,,0,0,0.2105,Medium,866802
KE002,Kwale,2010-09,93.83800166666667,78.96817,,,0,0,0.2105,Medium,866802
KE002,Kwale,2010-10,42.15158666666667,30.992517,,,0,0,0.2105,Medium,866802
KE002,Kwale,2010-11,85.83827699999999,52.103657,,,0,0,0.2105,Medium,866802
KE002,Kwale,2010-12,54.01769166666666,29.355625,,,0,0,0.2105,Medium,866802
KE002,Kwale,2011-01,52.88495,45.248325,,,0,0,0.2105,Medium,866802
KE002,Kwale,2011-02,131.21839,83.48878,,,0,0,0.2105,Medium,866802
KE002,Kwale,2011-03,57.771707,35.36282,,,0,0,0.2105,Medium,866802
KE002,Kwale,2011-04,73.96935666666667,53.96928,,,0,0,0.2105,Medium,866802
KE002,Kwale,2011-05,84.11253166666667,74.40775,,,0,0,0.2105,Medium,866802
KE002,Kwale,2011-06,73.46702900000001,58.437347,,,0,0,0.2105,Medium,866802
KE002,Kwale,2011-07,81.08278266666667,69.424,,,0,0,0.2105,Medium,866802
KE002,Kwale,2011-08,73.97398133333333,69.233444,,,0,0,0.2105,Medium,866802
KE002,Kwale,2011-09,112.38797999999998,98.83394,,,0,0,0.2105,Medium,866802
KE002,Kwale,2011-10,133.92763333333335,76.81616,,,0,0,0.2105,Medium,866802
KE002,Kwale,2011-11,87.11630266666667,76.36493,,,0,0,0.2105,Medium,866802
KE002,Kwale,2011-12,99.68139766666667,52.006573,,,0,0,0.2105,Medium,866802
KE002,Kwale,2012-01,52.04791733333334,42.70507,,,0,0,0.2105,Medium,866802
KE002,Kwale,2012-02,78.72796366666667,71.59352,,,0,0,0.2105,Medium,866802
KE002,Kwale,2012-03,42.98646733333333,24.132261,,,0,0,0.2105,Medium,866802
KE002,Kwale,2012-04,75.28511333333334,58.84434,,,0,0,0.2105,Medium,866802
KE002,Kwale,2012-05,79.11190666666667,34.52957,,,0,0,0.2105,Medium,866802
KE002,Kwale,2012-06,70.99289766666666,50.720573,,,0,0,0.2105,Medium,866802
KE002,Kwale,2012-07,80.95233633333334,75.806114,,,0,0,0.2105,Medium,866802
KE002,Kwale,2012-08,99.42343533333333,80.45737,,,1,1,0.2105,Medium,866802
KE002,Kwale,2012-09,95.62900133333333,61.127014,,,0,0,0.2105,Medium,866802
KE002,Kwale,2012-10,75.81401666666666,31.892794,,,3,3,0.2105,Medium,866802
KE002,Kwale,2012-11,106.44493533333333,44.78372,,,0,0,0.2105,Medium,866802
KE002,Kwale,2012-12,105.10238666666667,65.1792,,,1,2,0.2105,Medium,866802
KE002,Kwale,2013-01,59.099670333333336,49.981506,,,0,0,0.2105,Medium,866802
KE002,Kwale,2013-02,83.33332333333334,67.13723,,,2,2,0.2105,Medium,866802
KE002,Kwale,2013-03,167.93871333333334,89.80793,,,0,0,0.2105,Medium,866802
KE002,Kwale,2013-04,82.38777766666666,52.174423,,,0,0,0.2105,Medium,866802
KE002,Kwale,2013-05,98.87180533333333,59.759186,,,0,0,0.2105,Medium,866802
KE002,Kwale,2013-06,84.54314666666666,68.26378,,,0,0,0.2105,Medium,866802
KE002,Kwale,2013-07,72.34951166666667,63.645775,,,0,0,0.2105,Medium,866802
KE002,Kwale,2013-08,130.22964666666667,111.53577,,,0,0,0.2105,Medium,866802
KE002,Kwale,2013-09,155.51007,113.09715,,,0,0,0.2105,Medium,866802
KE002,Kwale,2013-10,119.63303666666667,36.74243,,,0,0,0.2105,Medium,866802
KE002,Kwale,2013-11,96.63556866666666,33.51032,,,2,2,0.2105,Medium,866802
KE002,Kwale,2013-12,110.926835,42.754745,,,3,2,0.2105,Medium,866802
KE002,Kwale,2014-01,46.565918333333336,42.480698,,,0,0,0.2105,Medium,866802
KE002,Kwale,2014-02,109.35258800000001,66.804924,,,1,2,0.2105,Medium,866802
KE002,Kwale,2014-03,198.24112333333332,147.20638,,,0,0,0.2105,Medium,866802
KE002,Kwale,2014-04,63.690224,35.760582,,,3,1,0.2105,Medium,866802
KE002,Kwale,2014-05,110.46182566666666,58.677547,,,0,0,0.2105,Medium,866802
KE002,Kwale,2014-06,119.05351,98.51018,,,0,0,0.2105,Medium,866802
KE002,Kwale,2014-07,96.6949,83.17152,,,0,0,0.2105,Medium,866802
KE002,Kwale,2014-08,90.06540333333334,84.684975,,,1,0,0.2105,Medium,866802
KE002,Kwale,2014-09,154.98172333333332,104.39532,,,0,0,0.2105,Medium,866802
KE002,Kwale,2014-10,105.28008,74.82192,,,0,0,0.2105,Medium,866802
KE002,Kwale,2014-11,125.607942,44.068806,,,0,0,0.2105,Medium,866802
KE002,Kwale,2014-12,167.6782433333333,87.87668,,,3,11,0.2105,Medium,866802
KE002,Kwale,2015-01,50.245902,42.15661,,,0,0,0.2105,Medium,866802
KE002,Kwale,2015-02,72.51766666666667,67.36105,,,1,0,0.2105,Medium,866802
KE002,Kwale,2015-03,132.60490333333334,74.47252,,,0,0,0.2105,Medium,866802
KE002,Kwale,2015-04,85.64531,57.30316,,,0,0,0.2105,Medium,866802
KE002,Kwale,2015-05,127.80525333333333,72.65724,,,0,0,0.2105,Medium,866802
KE002,Kwale,2015-06,95.81365333333333,73.98277,,,0,0,0.2105,Medium,866802
KE002,Kwale,2015-07,129.25599,108.26447,,,0,0,0.2105,Medium,866802
KE002,Kwale,2015-08,94.21206500000001,91.05011,,,0,0,0.2105,Medium,866802
KE002,Kwale,2015-09,100.43805466666667,87.68843,,,0,0,0.2105,Medium,866802
KE002,Kwale,2015-10,136.64529666666667,50.80789,,,0,0,0.2105,Medium,866802
KE002,Kwale,2015-11,170.75035,68.03932,,,1,2,0.2105,Medium,866802
KE002,Kwale,2015-12,71.56204433333333,41.617443,,,0,0,0.2105,Medium,866802
KE002,Kwale,2016-01,110.32813333333333,78.95328,,,0,0,0.2105,Medium,866802
KE002,Kwale,2016-02,92.33469333333333,75.49686,,,4,3,0.2105,Medium,866802
KE002,Kwale,2016-03,58.94140133333334,21.428368,,,0,0,0.2105,Medium,866802
KE002,Kwale,2016-04,133.24446333333333,75.56609,,,0,0,0.2105,Medium,866802
KE002,Kwale,2016-05,60.56058133333334,53.29684,,,2,6,0.2105,Medium,866802
KE002,Kwale,2016-06,105.38067333333333,89.48781,,,1,1,0.2105,Medium,866802
KE002,Kwale,2016-07,79.10199166666666,70.27742,,,0,0,0.2105,Medium,866802
KE002,Kwale,2016-08,113.09450333333332,109.43165,,,1,1,0.2105,Medium,866802
KE002,Kwale,2016-09,100.38036199999999,82.688576,,,0,0,0.2105,Medium,866802
KE002,Kwale,2016-10,85.44926733333334,52.620842,,,0,0,0.2105,Medium,866802
KE002,Kwale,2016-11,70.5181,40.72953,,,0,0,0.2105,Medium,866802
KE002,Kwale,2016-12,90.61574666666667,70.58578,,,1,1,0.2105,Medium,866802
KE002,Kwale,2017-01,66.847014,50.207977,,,0,0,0.2105,Medium,866802
KE002,Kwale,2017-02,95.79083800000001,83.85648,,,2,3,0.2105,Medium,866802
KE002,Kwale,2017-03,61.83785366666666,39.945297,,,0,0,0.2105,Medium,866802
KE002,Kwale,2017-04,82.90576666666668,74.19473,,,0,0,0.2105,Medium,866802
KE002,Kwale,2017-05,145.34727333333333,75.99404,,,0,0,0.2105,Medium,866802
KE002,Kwale,2017-06,93.57364666666666,85.23302,,,0,0,0.2105,Medium,866802
KE002,Kwale,2017-07,80.11021833333332,73.9323,,,1,2,0.2105,Medium,866802
KE002,Kwale,2017-08,133.48109666666667,119.68784,,,0,0,0.2105,Medium,866802
KE002,Kwale,2017-09,185.49653,107.78028,,,0,0,0.2105,Medium,866802
KE002,Kwale,2017-10,77.333521,39.523663,,,1,0,0.2105,Medium,866802
KE002,Kwale,2017-11,159.38273333333333,89.99925,,,0,0,0.2105,Medium,866802
KE002,Kwale,2017-12,71.48602,33.885815,,,0,0,0.2105,Medium,866802
KE002,Kwale,2018-01,64.10171799999999,36.98224,,,0,0,0.2105,Medium,866802
KE002,Kwale,2018-02,79.09952533333333,74.13887,,,0,0,0.2105,Medium,866802
KE002,Kwale,2018-03,214.809788,71.469734,,,1,2,0.2105,Medium,866802
KE002,Kwale,2018-04,142.07434,78.64207,,,0,0,0.2105,Medium,866802
KE002,Kwale,2018-05,132.01827,66.55147,,,0,0,0.2105,Medium,866802
KE002,Kwale,2018-06,119.99787466666668,98.084724,,,0,0,0.2105,Medium,866802
KE002,Kwale,2018-07,148.58138,128.61168,,,0,0,0.2105,Medium,866802
KE002,Kwale,2018-08,103.87199,85.03618,,,1,2,0.2105,Medium,866802
KE002,Kwale,2018-09,197.80520333333334,102.21926,,,0,0,0.2105,Medium,866802
KE002,Kwale,2018-10,196.74575333333334,80.98622,,,0,0,0.2105,Medium,866802
KE002,Kwale,2018-11,68.365003,32.978264,,,0,0,0.2105,Medium,866802
KE002,Kwale,2018-12,149.76167,42.99279,,,2,4,0.2105,Medium,866802
KE002,Kwale,2019-01,85.79856533333333,69.08099,,,0,0,0.2105,Medium,866802
KE002,Kwale,2019-02,94.83239166666665,80.278435,,,0,0,0.2105,Medium,866802
KE002,Kwale,2019-03,35.927501,27.55926,,,0,0,0.2105,Medium,866802
KE002,Kwale,2019-04,50.031915,43.266014,,,0,0,0.2105,Medium,866802
KE002,Kwale,2019-05,179.38366,95.77467,,,0,0,0.2105,Medium,866802
KE002,Kwale,2019-06,87.45834166666667,71.707535,,,0,0,0.2105,Medium,866802
KE002,Kwale,2019-07,124.57734166666667,111.801865,,,0,0,0.2105,Medium,866802
KE002,Kwale,2019-08,141.87134666666665,123.3138,,,0,0,0.2105,Medium,866802
KE002,Kwale,2019-09,176.29276333333334,152.89656,,,1,0,0.2105,Medium,866802
KE002,Kwale,2019-10,358.85841,327.3506,,,0,0,0.2105,Medium,866802
KE002,Kwale,2019-11,119.43649,93.43972,,,0,0,0.2105,Medium,866802
KE002,Kwale,2019-12,210.98241833333336,124.314705,,,0,0,0.2105,Medium,866802
KE002,Kwale,2020-01,223.92567999999997,102.08831,,,0,0,0.2105,Medium,866802
KE002,Kwale,2020-02,108.71342,98.98187,,,0,0,0.2105,Medium,866802
KE002,Kwale,2020-03,143.69178,110.43241,,,1,1,0.2105,Medium,866802
KE002,Kwale,2020-04,283.5466066666667,168.79532,,,0,0,0.2105,Medium,866802
KE002,Kwale,2020-05,78.74891933333333,43.724052,,,2,6,0.2105,Medium,866802
KE002,Kwale,2020-06,132.09758,114.68717,,,0,0,0.2105,Medium,866802
KE002,Kwale,2020-07,149.90062666666668,137.2879,,,0,0,0.2105,Medium,866802
KE002,Kwale,2020-08,99.72989666666668,83.5327,,,1,1,0.2105,Medium,866802
KE002,Kwale,2020-09,141.44730866666666,127.347946,,,0,0,0.2105,Medium,866802
KE002,Kwale,2020-10,60.52019466666667,50.07325,,,2,0,0.2105,Medium,866802
KE002,Kwale,2020-11,143.73617466666667,96.09055,,,1,0,0.2105,Medium,866802
KE002,Kwale,2020-12,97.100975,41.40585,,,0,0,0.2105,Medium,866802
KE002,Kwale,2021-01,130.05593833333333,42.893055,,,0,0,0.2105,Medium,866802
KE002,Kwale,2021-02,114.14536333333335,78.7171,,,0,0,0.2105,Medium,866802
KE002,Kwale,2021-03,41.45950033333333,30.307371,,,0,0,0.2105,Medium,866802
KE002,Kwale,2021-04,73.23243433333333,51.185955,,,0,0,0.2105,Medium,866802
KE002,Kwale,2021-05,79.409424,38.250782,,,0,0,0.2105,Medium,866802
KE002,Kwale,2021-06,82.17508333333333,63.26034,,,1,1,0.2105,Medium,866802
KE002,Kwale,2021-07,125.27799333333333,108.75562,,,0,0,0.2105,Medium,866802
KE002,Kwale,2021-08,104.20919666666667,101.41338,,,0,0,0.2105,Medium,866802
KE002,Kwale,2021-09,112.19603833333333,85.55324,,,0,0,0.2105,Medium,866802
KE002,Kwale,2021-10,60.98695866666666,47.89962,,,0,0,0.2105,Medium,866802
KE002,Kwale,2021-11,45.10690233333333,31.233047,,,0,0,0.2105,Medium,866802
KE002,Kwale,2021-12,203.1697333333333,114.37534,,,0,0,0.2105,Medium,866802
KE002,Kwale,2022-01,80.193085,46.39471,,,0,0,0.2105,Medium,866802
KE002,Kwale,2022-02,105.10976333333333,89.48378,,,0,0,0.2105,Medium,866802
KE002,Kwale,2022-03,44.18557033333334,32.261005,,,1,1,0.2105,Medium,866802
KE002,Kwale,2022-04,99.77521166666666,52.63835,,,0,0,0.2105,Medium,866802
KE002,Kwale,2022-05,65.88643533333332,39.318325,,,1,0,0.2105,Medium,866802
KE002,Kwale,2022-06,106.545322,92.60942,,,0,0,0.2105,Medium,866802
KE002,Kwale,2022-07,214.90649,195.46272,,,0,0,0.2105,Medium,866802
KE002,Kwale,2022-08,97.35818033333334,94.70141,,,0,0,0.2105,Medium,866802
KE002,Kwale,2022-09,105.67125333333333,101.403305,,,0,0,0.2105,Medium,866802
KE002,Kwale,2022-10,50.81736166666667,42.496635,,,0,0,0.2105,Medium,866802
KE002,Kwale,2022-11,96.00037166666668,63.346565,,,0,0,0.2105,Medium,866802
KE002,Kwale,2022-12,85.98502466666666,33.96855,,,0,0,0.2105,Medium,866802
KE002,Kwale,2023-01,82.81915333333333,54.6694,,,1,1,0.2105,Medium,866802
KE002,Kwale,2023-02,69.172602,67.104706,,,0,0,0.2105,Medium,866802
KE002,Kwale,2023-03,67.08828,33.00718,,,0,0,0.2105,Medium,866802
KE002,Kwale,2023-04,199.63918866666666,45.477066,,,0,0,0.2105,Medium,866802
KE002,Kwale,2023-05,62.82646033333333,43.956024,,,0,0,0.2105,Medium,866802
KE002,Kwale,2023-06,96.53142666666668,86.97059,,,0,0,0.2105,Medium,866802
KE002,Kwale,2023-07,169.10169666666664,159.54234,,,0,0,0.2105,Medium,866802
KE002,Kwale,2023-08,102.11362333333334,91.74285,,,0,0,0.2105,Medium,866802
KE002,Kwale,2023-09,89.550425,84.476715,,,2,1,0.2105,Medium,866802
KE002,Kwale,2023-10,140.00993000000003,75.58714,,,1,0,0.2105,Medium,866802
KE002,Kwale,2023-11,368.2158133333333,266.17023,,,0,0,0.2105,Medium,866802
KE002,Kwale,2023-12,155.92495,145.13869,,,0,0,0.2105,Medium,866802
KE002,Kwale,2024-01,105.48371133333335,75.864204,,,0,0,0.2105,Medium,866802
KE002,Kwale,2024-02,101.776363,87.467064,,,0,0,0.2105,Medium,866802
KE002,Kwale,2024-03,126.53642,94.39489,,,0,0,0.2105,Medium,866802
KE002,Kwale,2024-04,98.64686266666666,75.637634,,,0,0,0.2105,Medium,866802
KE002,Kwale,2024-05,39.34303633333334,22.75096,,,0,0,0.2105,Medium,866802
KE002,Kwale,2024-06,93.31064500000001,48.824005,,,0,0,0.2105,Medium,866802
KE002,Kwale,2024-07,54.72811633333333,50.357574,,,0,0,0.2105,Medium,866802
KE002,Kwale,2024-08,122.52991866666666,112.36732,,,0,0,0.2105,Medium,866802
KE002,Kwale,2024-09,80.528128,64.66827,,,0,0,0.2105,Medium,866802
KE002,Kwale,2024-10,63.526777,40.738476,,,0,0,0.2105,Medium,866802
KE002,Kwale,2024-11,90.14711466666667,51.984524,,,1,0,0.2105,Medium,866802
KE002,Kwale,2024-12,136.82413533333332,102.119446,,,0,0,0.2105,Medium,866802
KE002,Kwale,2025-01,68.38954033333333,48.577408,,,0,0,0.2105,Medium,866802
KE002,Kwale,2025-02,63.92758333333334,62.51829,,,0,0,0.2105,Medium,866802
KE002,Kwale,2025-03,104.91563133333334,74.491844,,,0,0,0.2105,Medium,866802
KE002,Kwale,2025-04,96.28710466666666,62.640984,,,0,0,0.2105,Medium,866802
KE002,Kwale,2025-05,83.82928,54.636215,,,2,2,0.2105,Medium,866802
KE002,Kwale,2025-06,131.24642,78.38512,,,1,1,0.2105,Medium,866802
KE002,Kwale,2025-07,61.51313366666667,60.916393,,,0,0,0.2105,Medium,866802
KE002,Kwale,2025-08,84.55552666666667,82.02922,,,0,0,0.2105,Medium,866802
KE002,Kwale,2025-09,97.103745,80.074455,,,0,0,0.2105,Medium,866802
KE002,Kwale,2025-10,75.05657533333333,34.830536,,,1,0,0.2105,Medium,866802
KE002,Kwale,2025-11,29.27503466666667,21.27485,,,0,0,0.2105,Medium,866802
KE002,Kwale,2025-12,59.30643466666667,29.526789,,,0,0,0.2105,Medium,866802
KE031,Laikipia,2006-01,70.76596666666667,67.29727,,,0,0,0.0945,Low,518542
KE031,Laikipia,2006-02,93.40308433333333,43.55266,,,0,0,0.0945,Low,518542
KE031,Laikipia,2006-03,108.50872766666667,46.428505,,,0,0,0.0945,Low,518542
KE031,Laikipia,2006-04,101.72134100000001,60.147263,,,2,2,0.0945,Low,518542
KE031,Laikipia,2006-05,68.28137866666667,59.40607,,,0,0,0.0945,Low,518542
KE031,Laikipia,2006-06,75.67438333333332,54.6868,,,0,0,0.0945,Low,518542
KE031,Laikipia,2006-07,75.46918833333334,68.344345,,,0,0,0.0945,Low,518542
KE031,Laikipia,2006-08,139.04781533333332,83.431816,,,1,7,0.0945,Low,518542
KE031,Laikipia,2006-09,83.85451466666667,66.61686,,,2,5,0.0945,Low,518542
KE031,Laikipia,2006-10,108.82001466666667,76.44653,,,0,0,0.0945,Low,518542
KE031,Laikipia,2006-11,170.83621333333335,124.67685,,,0,0,0.0945,Low,518542
KE031,Laikipia,2006-12,189.97420333333335,69.86628,,,0,0,0.0945,Low,518542
KE031,Laikipia,2007-01,104.67725666666666,97.8809,,,0,0,0.0945,Low,518542
KE031,Laikipia,2007-02,139.96540833333333,80.260445,,,0,0,0.0945,Low,518542
KE031,Laikipia,2007-03,73.58840333333333,49.95513,,,0,0,0.0945,Low,518542
KE031,Laikipia,2007-04,96.01349666666665,34.58576,,,0,0,0.0945,Low,518542
KE031,Laikipia,2007-05,91.80528666666667,74.29946,,,3,9,0.0945,Low,518542
KE031,Laikipia,2007-06,167.80034333333333,122.9827,,,0,0,0.0945,Low,518542
KE031,Laikipia,2007-07,138.62476266666667,54.630608,,,0,0,0.0945,Low,518542
KE031,Laikipia,2007-08,119.83894199999999,91.218666,,,0,0,0.0945,Low,518542
KE031,Laikipia,2007-09,213.85609,130.53745,,,0,0,0.0945,Low,518542
KE031,Laikipia,2007-10,89.104015,65.94103,,,0,0,0.0945,Low,518542
KE031,Laikipia,2007-11,67.736127,53.685795,,,0,0,0.0945,Low,518542
KE031,Laikipia,2007-12,59.534146666666665,52.175312,,,0,0,0.0945,Low,518542
KE031,Laikipia,2008-01,103.52965666666667,57.15549,,,8,35,0.0945,Low,518542
KE031,Laikipia,2008-02,71.68423533333333,49.72975,,,1,1,0.0945,Low,518542
KE031,Laikipia,2008-03,109.82725666666668,65.66827,,,1,1,0.0945,Low,518542
KE031,Laikipia,2008-04,51.512738333333324,33.327675,,,0,0,0.0945,Low,518542
KE031,Laikipia,2008-05,48.730045,30.234081,,,0,0,0.0945,Low,518542
KE031,Laikipia,2008-06,57.870677,51.622635,,,0,0,0.0945,Low,518542
KE031,Laikipia,2008-07,84.39527866666667,57.796566,,,0,0,0.0945,Low,518542
KE031,Laikipia,2008-08,61.48561333333333,47.43214,,,1,4,0.0945,Low,518542
KE031,Laikipia,2008-09,147.48723666666666,116.39528,,,0,0,0.0945,Low,518542
KE031,Laikipia,2008-10,133.84408,109.22262,,,0,0,0.0945,Low,518542
KE031,Laikipia,2008-11,122.09544466666667,60.65658,,,0,0,0.0945,Low,518542
KE031,Laikipia,2008-12,60.027606666666664,45.71016,,,0,0,0.0945,Low,518542
KE031,Laikipia,2009-01,102.12707666666665,69.07395,,,0,0,0.0945,Low,518542
KE031,Laikipia,2009-02,71.11798266666666,53.360878,,,0,0,0.0945,Low,518542
KE031,Laikipia,2009-03,45.20946933333334,39.81271,,,0,0,0.0945,Low,518542
KE031,Laikipia,2009-04,66.810004,53.93294,,,1,5,0.0945,Low,518542
KE031,Laikipia,2009-05,102.33392333333335,38.76865,,,0,0,0.0945,Low,518542
KE031,Laikipia,2009-06,56.598932999999995,49.119175,,,0,0,0.0945,Low,518542
KE031,Laikipia,2009-07,49.98711,39.192726,,,0,0,0.0945,Low,518542
KE031,Laikipia,2009-08,52.90474566666666,50.685604,,,0,0,0.0945,Low,518542
KE031,Laikipia,2009-09,66.81758500000001,59.072685,,,0,0,0.0945,Low,518542
KE031,Laikipia,2009-10,112.56259733333333,92.88801,,,0,0,0.0945,Low,518542
KE031,Laikipia,2009-11,75.31316666666667,64.15766,,,1,0,0.0945,Low,518542
KE031,Laikipia,2009-12,177.20051333333336,100.69972,,,2,0,0.0945,Low,518542
KE031,Laikipia,2010-01,125.29116666666668,61.27245,,,0,0,0.0945,Low,518542
KE031,Laikipia,2010-02,276.1676333333333,173.22287,,,0,0,0.0945,Low,518542
KE031,Laikipia,2010-03,185.77475333333334,77.77146,,,0,0,0.0945,Low,518542
KE031,Laikipia,2010-04,110.43062666666667,104.13113,,,0,0,0.0945,Low,518542
KE031,Laikipia,2010-05,125.23021666666666,67.25362,,,0,0,0.0945,Low,518542
KE031,Laikipia,2010-06,81.227965,64.38998,,,0,0,0.0945,Low,518542
KE031,Laikipia,2010-07,86.64799966666668,53.831337,,,0,0,0.0945,Low,518542
KE031,Laikipia,2010-08,112.37854,72.03728,,,0,0,0.0945,Low,518542
KE031,Laikipia,2010-09,94.30911333333331,83.94832,,,0,0,0.0945,Low,518542
KE031,Laikipia,2010-10,82.071432,58.86703,,,0,0,0.0945,Low,518542
KE031,Laikipia,2010-11,65.29172333333334,55.97411,,,0,0,0.0945,Low,518542
KE031,Laikipia,2010-12,51.625104666666665,47.011204,,,0,0,0.0945,Low,518542
KE031,Laikipia,2011-01,60.48851500000001,54.645138,,,0,0,0.0945,Low,518542
KE031,Laikipia,2011-02,78.63957066666667,50.3366,,,0,0,0.0945,Low,518542
KE031,Laikipia,2011-03,99.89488533333333,46.228283,,,0,0,0.0945,Low,518542
KE031,Laikipia,2011-04,51.424687000000006,29.522547,,,0,0,0.0945,Low,518542
KE031,Laikipia,2011-05,77.42387599999999,45.247032,,,0,0,0.0945,Low,518542
KE031,Laikipia,2011-06,133.21820333333332,86.70446,,,0,0,0.0945,Low,518542
KE031,Laikipia,2011-07,144.52818666666667,103.41394,,,0,0,0.0945,Low,518542
KE031,Laikipia,2011-08,154.93538333333333,102.55979,,,0,0,0.0945,Low,518542
KE031,Laikipia,2011-09,140.66008533333334,95.48355,,,0,0,0.0945,Low,518542
KE031,Laikipia,2011-10,126.37619433333334,53.505413,,,0,0,0.0945,Low,518542
KE031,Laikipia,2011-11,173.11046333333334,86.10406,,,0,0,0.0945,Low,518542
KE031,Laikipia,2011-12,100.57039633333333,37.093964,,,0,0,0.0945,Low,518542
KE031,Laikipia,2012-01,54.08044166666667,49.81837,,,0,0,0.0945,Low,518542
KE031,Laikipia,2012-02,74.92098233333333,61.042297,,,0,0,0.0945,Low,518542
KE031,Laikipia,2012-03,43.747612333333336,33.002724,,,0,0,0.0945,Low,518542
KE031,Laikipia,2012-04,138.64068533333332,79.707016,,,0,0,0.0945,Low,518542
KE031,Laikipia,2012-05,152.94766666666666,93.09753,,,0,0,0.0945,Low,518542
KE031,Laikipia,2012-06,115.03546133333333,55.430054,,,0,0,0.0945,Low,518542
KE031,Laikipia,2012-07,136.84582,96.03825,,,0,0,0.0945,Low,518542
KE031,Laikipia,2012-08,115.85806000000001,102.61016,,,0,0,0.0945,Low,518542
KE031,Laikipia,2012-09,119.63233000000001,87.12732,,,0,0,0.0945,Low,518542
KE031,Laikipia,2012-10,124.12318,75.53653,,,0,0,0.0945,Low,518542
KE031,Laikipia,2012-11,65.90352066666667,53.531586,,,0,0,0.0945,Low,518542
KE031,Laikipia,2012-12,105.29723999999999,84.64715,,,1,0,0.0945,Low,518542
KE031,Laikipia,2013-01,96.60954,78.30261,,,0,0,0.0945,Low,518542
KE031,Laikipia,2013-02,60.24319166666666,45.80647,,,3,1,0.0945,Low,518542
KE031,Laikipia,2013-03,123.83331300000002,53.237854,,,0,0,0.0945,Low,518542
KE031,Laikipia,2013-04,174.16895,89.2775,,,1,1,0.0945,Low,518542
KE031,Laikipia,2013-05,69.66995533333333,65.014496,,,1,0,0.0945,Low,518542
KE031,Laikipia,2013-06,110.66271666666667,55.9255,,,1,4,0.0945,Low,518542
KE031,Laikipia,2013-07,128.46004666666667,89.82197,,,0,0,0.0945,Low,518542
KE031,Laikipia,2013-08,119.68781233333333,61.996967,,,0,0,0.0945,Low,518542
KE031,Laikipia,2013-09,127.85756666666667,82.12544,,,0,0,0.0945,Low,518542
KE031,Laikipia,2013-10,82.83487266666667,59.229218,,,0,0,0.0945,Low,518542
KE031,Laikipia,2013-11,98.29388266666666,92.670204,,,0,0,0.0945,Low,518542
KE031,Laikipia,2013-12,120.042582,61.97012,,,0,0,0.0945,Low,518542
KE031,Laikipia,2014-01,57.41450866666667,53.86191,,,0,0,0.0945,Low,518542
KE031,Laikipia,2014-02,166.455001,59.973343,,,0,0,0.0945,Low,518542
KE031,Laikipia,2014-03,134.28603,40.258034,,,0,0,0.0945,Low,518542
KE031,Laikipia,2014-04,76.76146,39.68282,,,0,0,0.0945,Low,518542
KE031,Laikipia,2014-05,68.455901,59.67365,,,0,0,0.0945,Low,518542
KE031,Laikipia,2014-06,77.41273633333333,73.569954,,,0,0,0.0945,Low,518542
KE031,Laikipia,2014-07,71.61588333333333,68.13402,,,0,0,0.0945,Low,518542
KE031,Laikipia,2014-08,137.26828333333336,72.38361,,,0,0,0.0945,Low,518542
KE031,Laikipia,2014-09,104.27665233333333,62.305717,,,0,0,0.0945,Low,518542
KE031,Laikipia,2014-10,101.16721833333334,65.674225,,,1,1,0.0945,Low,518542
KE031,Laikipia,2014-11,103.102815,69.333015,,,0,0,0.0945,Low,518542
KE031,Laikipia,2014-12,91.86523,74.55006,,,0,0,0.0945,Low,518542
KE031,Laikipia,2015-01,63.68890666666667,56.47267,,,0,0,0.0945,Low,518542
KE031,Laikipia,2015-02,96.01357733333334,51.566822,,,0,0,0.0945,Low,518542
KE031,Laikipia,2015-03,57.783009666666665,44.296204,,,0,0,0.0945,Low,518542
KE031,Laikipia,2015-04,147.04668,135.82782,,,0,0,0.0945,Low,518542
KE031,Laikipia,2015-05,80.70565866666666,74.82059,,,0,0,0.0945,Low,518542
KE031,Laikipia,2015-06,73.36073466666666,57.22726,,,1,10,0.0945,Low,518542
KE031,Laikipia,2015-07,70.04961533333334,66.49201,,,0,0,0.0945,Low,518542
KE031,Laikipia,2015-08,52.66635300000001,35.475895,,,0,0,0.0945,Low,518542
KE031,Laikipia,2015-09,59.82486666666666,55.170525,,,0,0,0.0945,Low,518542
KE031,Laikipia,2015-10,112.116425,100.21317,,,0,0,0.0945,Low,518542
KE031,Laikipia,2015-11,129.36594,118.38124,,,0,0,0.0945,Low,518542
KE031,Laikipia,2015-12,151.050235,64.793015,,,0,0,0.0945,Low,518542
KE031,Laikipia,2016-01,167.69347,91.14961,,,0,0,0.0945,Low,518542
KE031,Laikipia,2016-02,81.87526333333334,55.09297,,,0,0,0.0945,Low,518542
KE031,Laikipia,2016-03,75.53567299999999,36.228474,,,0,0,0.0945,Low,518542
KE031,Laikipia,2016-04,105.82769333333333,63.56892,,,0,0,0.0945,Low,518542
KE031,Laikipia,2016-05,101.00093466666665,62.314964,,,0,0,0.0945,Low,518542
KE031,Laikipia,2016-06,86.57688833333333,64.659515,,,0,0,0.0945,Low,518542
KE031,Laikipia,2016-07,69.46939333333334,55.73836,,,0,0,0.0945,Low,518542
KE031,Laikipia,2016-08,77.61581133333333,60.57046,,,0,0,0.0945,Low,518542
KE031,Laikipia,2016-09,81.80911733333333,56.631332,,,0,0,0.0945,Low,518542
KE031,Laikipia,2016-10,63.44032066666667,45.27893,,,0,0,0.0945,Low,518542
KE031,Laikipia,2016-11,104.43389666666667,69.19256,,,0,0,0.0945,Low,518542
KE031,Laikipia,2016-12,58.376295,55.12107,,,0,0,0.0945,Low,518542
KE031,Laikipia,2017-01,59.39145266666666,51.873726,,,2,0,0.0945,Low,518542
KE031,Laikipia,2017-02,126.50252333333333,77.61411,,,0,0,0.0945,Low,518542
KE031,Laikipia,2017-03,47.005928000000004,41.08477,,,1,1,0.0945,Low,518542
KE031,Laikipia,2017-04,54.322539000000006,43.064163,,,7,4,0.0945,Low,518542
KE031,Laikipia,2017-05,95.03905633333333,76.000175,,,1,0,0.0945,Low,518542
KE031,Laikipia,2017-06,56.793198,48.402424,,,0,0,0.0945,Low,518542
KE031,Laikipia,2017-07,132.589078,109.323204,,,1,1,0.0945,Low,518542
KE031,Laikipia,2017-08,132.11671166666667,71.816055,,,6,12,0.0945,Low,518542
KE031,Laikipia,2017-09,123.28281866666667,113.535736,,,1,2,0.0945,Low,518542
KE031,Laikipia,2017-10,149.51465866666666,65.88588,,,2,0,0.0945,Low,518542
KE031,Laikipia,2017-11,106.30991166666666,55.834465,,,0,0,0.0945,Low,518542
KE031,Laikipia,2017-12,51.94353,41.660954,,,0,0,0.0945,Low,518542
KE031,Laikipia,2018-01,57.42559,47.63626,,,0,0,0.0945,Low,518542
KE031,Laikipia,2018-02,60.25049333333334,47.47595,,,0,0,0.0945,Low,518542
KE031,Laikipia,2018-03,248.34951999999998,91.82254,,,0,0,0.0945,Low,518542
KE031,Laikipia,2018-04,196.00474666666665,151.02422,,,0,0,0.0945,Low,518542
KE031,Laikipia,2018-05,191.23207666666667,137.93375,,,0,0,0.0945,Low,518542
KE031,Laikipia,2018-06,314.43629000000004,215.45596,,,0,0,0.0945,Low,518542
KE031,Laikipia,2018-07,96.84902666666666,75.15127,,,0,0,0.0945,Low,518542
KE031,Laikipia,2018-08,75.28735,52.756786,,,0,0,0.0945,Low,518542
KE031,Laikipia,2018-09,97.90695466666666,71.95895,,,0,0,0.0945,Low,518542
KE031,Laikipia,2018-10,74.20075633333333,63.22064,,,1,1,0.0945,Low,518542
KE031,Laikipia,2018-11,74.23510533333332,67.53956,,,0,0,0.0945,Low,518542
KE031,Laikipia,2018-12,177.72514533333333,59.517746,,,0,0,0.0945,Low,518542
KE031,Laikipia,2019-01,95.53040399999999,72.03052,,,0,0,0.0945,Low,518542
KE031,Laikipia,2019-02,76.058852,48.122875,,,0,0,0.0945,Low,518542
KE031,Laikipia,2019-03,47.80786533333333,32.248024,,,0,0,0.0945,Low,518542
KE031,Laikipia,2019-04,73.06055400000001,32.401474,,,0,0,0.0945,Low,518542
KE031,Laikipia,2019-05,86.75695033333334,55.376465,,,0,0,0.0945,Low,518542
KE031,Laikipia,2019-06,174.32377666666665,83.19172,,,0,0,0.0945,Low,518542
KE031,Laikipia,2019-07,92.62167333333333,64.89488,,,0,0,0.0945,Low,518542
KE031,Laikipia,2019-08,106.61525,81.35489,,,0,0,0.0945,Low,518542
KE031,Laikipia,2019-09,132.04921833333333,89.670525,,,0,0,0.0945,Low,518542
KE031,Laikipia,2019-10,188.61622333333332,112.19991,,,0,0,0.0945,Low,518542
KE031,Laikipia,2019-11,184.00408666666667,114.633575,,,0,0,0.0945,Low,518542
KE031,Laikipia,2019-12,209.26092833333337,90.090355,,,2,1,0.0945,Low,518542
KE031,Laikipia,2020-01,154.6338966666667,80.59204,,,0,0,0.0945,Low,518542
KE031,Laikipia,2020-02,151.22126,67.73931,,,1,4,0.0945,Low,518542
KE031,Laikipia,2020-03,180.80761666666663,68.2987,,,0,0,0.0945,Low,518542
KE031,Laikipia,2020-04,202.08477666666667,71.23231,,,0,0,0.0945,Low,518542
KE031,Laikipia,2020-05,127.32991666666668,82.62551,,,1,0,0.0945,Low,518542
KE031,Laikipia,2020-06,170.86676,129.85864,,,0,0,0.0945,Low,518542
KE031,Laikipia,2020-07,115.92469333333334,90.34522,,,0,0,0.0945,Low,518542
KE031,Laikipia,2020-08,169.65883666666667,103.25481,,,0,0,0.0945,Low,518542
KE031,Laikipia,2020-09,130.31112666666667,87.39981,,,0,0,0.0945,Low,518542
KE031,Laikipia,2020-10,97.12165499999999,95.017235,,,0,0,0.0945,Low,518542
KE031,Laikipia,2020-11,75.96050666666667,48.62702,,,0,0,0.0945,Low,518542
KE031,Laikipia,2020-12,66.74299866666667,52.652996,,,0,0,0.0945,Low,518542
KE031,Laikipia,2021-01,104.78719000000001,75.25381,,,1,1,0.0945,Low,518542
KE031,Laikipia,2021-02,129.34839333333335,96.02722,,,0,0,0.0945,Low,518542
KE031,Laikipia,2021-03,71.92934266666667,53.993298,,,0,0,0.0945,Low,518542
KE031,Laikipia,2021-04,54.430621,52.09089,,,1,0,0.0945,Low,518542
KE031,Laikipia,2021-05,158.29245,81.5783,,,0,0,0.0945,Low,518542
KE031,Laikipia,2021-06,55.74441133333334,45.52268,,,2,6,0.0945,Low,518542
KE031,Laikipia,2021-07,84.02770666666667,49.41692,,,3,2,0.0945,Low,518542
KE031,Laikipia,2021-08,83.70148333333333,66.53962,,,2,0,0.0945,Low,518542
KE031,Laikipia,2021-09,126.36516,99.77414,,,5,6,0.0945,Low,518542
KE031,Laikipia,2021-10,94.61084666666666,68.63206,,,1,3,0.0945,Low,518542
KE031,Laikipia,2021-11,63.764228,42.669304,,,2,0,0.0945,Low,518542
KE031,Laikipia,2021-12,115.42801000000001,106.49802,,,0,0,0.0945,Low,518542
KE031,Laikipia,2022-01,94.08051333333333,61.73951,,,2,1,0.0945,Low,518542
KE031,Laikipia,2022-02,87.72860166666665,62.083935,,,0,0,0.0945,Low,518542
KE031,Laikipia,2022-03,62.24628366666667,44.914474,,,3,1,0.0945,Low,518542
KE031,Laikipia,2022-04,81.64015833333333,38.522095,,,2,2,0.0945,Low,518542
KE031,Laikipia,2022-05,61.75926233333333,45.833805,,,4,3,0.0945,Low,518542
KE031,Laikipia,2022-06,62.70221,53.53774,,,0,0,0.0945,Low,518542
KE031,Laikipia,2022-07,66.38038333333333,52.37289,,,2,0,0.0945,Low,518542
KE031,Laikipia,2022-08,111.75423166666667,93.162,,,1,0,0.0945,Low,518542
KE031,Laikipia,2022-09,139.007985,88.15822,,,0,0,0.0945,Low,518542
KE031,Laikipia,2022-10,61.59103666666667,50.22299,,,1,0,0.0945,Low,518542
KE031,Laikipia,2022-11,104.25168000000001,78.76042,,,1,0,0.0945,Low,518542
KE031,Laikipia,2022-12,88.03150866666665,79.34231,,,5,3,0.0945,Low,518542
KE031,Laikipia,2023-01,81.31769,65.79106,,,1,1,0.0945,Low,518542
KE031,Laikipia,2023-02,50.179124,43.07269,,,1,0,0.0945,Low,518542
KE031,Laikipia,2023-03,131.37760933333334,48.581608,,,0,0,0.0945,Low,518542
KE031,Laikipia,2023-04,146.240483,80.656364,,,1,4,0.0945,Low,518542
KE031,Laikipia,2023-05,72.01141433333333,56.131508,,,2,1,0.0945,Low,518542
KE031,Laikipia,2023-06,114.24285166666668,94.946495,,,0,0,0.0945,Low,518542
KE031,Laikipia,2023-07,70.19619333333334,58.87934,,,1,1,0.0945,Low,518542
KE031,Laikipia,2023-08,62.80877666666667,42.969955,,,0,0,0.0945,Low,518542
KE031,Laikipia,2023-09,112.21370999999999,89.20936,,,2,1,0.0945,Low,518542
KE031,Laikipia,2023-10,115.07933333333334,88.59775,,,0,0,0.0945,Low,518542
KE031,Laikipia,2023-11,156.93011666666666,114.46529,,,4,2,0.0945,Low,518542
KE031,Laikipia,2023-12,72.05965133333333,51.97316,,,1,0,0.0945,Low,518542
KE031,Laikipia,2024-01,152.238428,77.753494,,,3,2,0.0945,Low,518542
KE031,Laikipia,2024-02,197.74067466666668,81.199524,,,0,0,0.0945,Low,518542
KE031,Laikipia,2024-03,51.465137666666664,39.000763,,,2,2,0.0945,Low,518542
KE031,Laikipia,2024-04,174.83402533333333,90.388626,,,0,0,0.0945,Low,518542
KE031,Laikipia,2024-05,157.84420533333335,79.845726,,,0,0,0.0945,Low,518542
KE031,Laikipia,2024-06,52.460510666666664,46.740932,,,0,0,0.0945,Low,518542
KE031,Laikipia,2024-07,117.96868666666667,73.44844,,,0,0,0.0945,Low,518542
KE031,Laikipia,2024-08,127.646025,62.208725,,,2,1,0.0945,Low,518542
KE031,Laikipia,2024-09,71.03454699999999,64.4883,,,1,1,0.0945,Low,518542
KE031,Laikipia,2024-10,81.46706433333334,60.033703,,,0,0,0.0945,Low,518542
KE031,Laikipia,2024-11,111.12102333333333,80.88694,,,0,0,0.0945,Low,518542
KE031,Laikipia,2024-12,56.618314999999996,49.83651,,,0,0,0.0945,Low,518542
KE031,Laikipia,2025-01,106.12988,57.67763,,,1,2,0.0945,Low,518542
KE031,Laikipia,2025-02,57.252912,47.53856,,,0,0,0.0945,Low,518542
KE031,Laikipia,2025-03,152.306045,112.958755,,,0,0,0.0945,Low,518542
KE031,Laikipia,2025-04,98.21763499999999,72.99208,,,0,0,0.0945,Low,518542
KE031,Laikipia,2025-05,106.02871666666665,66.66741,,,2,1,0.0945,Low,518542
KE031,Laikipia,2025-06,92.605502,69.92249,,,1,0,0.0945,Low,518542
KE031,Laikipia,2025-07,86.42548533333333,49.625576,,,1,1,0.0945,Low,518542
KE031,Laikipia,2025-08,146.60367499999998,81.538155,,,0,0,0.0945,Low,518542
KE031,Laikipia,2025-09,180.71528666666669,130.01804,,,0,0,0.0945,Low,518542
KE031,Laikipia,2025-10,130.79416933333334,63.383068,,,4,1,0.0945,Low,518542
KE031,Laikipia,2025-11,60.383649999999996,54.46713,,,0,0,0.0945,Low,518542
KE031,Laikipia,2025-12,138.37725133333333,81.20632,,,0,0,0.0945,Low,518542
KE005,Lamu,2006-01,81.72473866666667,66.38002,,,0,0,0.139,Low,143916
KE005,Lamu,2006-02,94.78511533333334,94.45597,,,0,0,0.139,Low,143916
KE005,Lamu,2006-03,81.697622,55.33889,,,0,0,0.139,Low,143916
KE005,Lamu,2006-04,144.46804666666665,81.64593,,,0,0,0.139,Low,143916
KE005,Lamu,2006-05,72.036051,32.373283,,,0,0,0.139,Low,143916
KE005,Lamu,2006-06,123.88517333333334,74.6092,,,0,0,0.139,Low,143916
KE005,Lamu,2006-07,104.25770299999999,75.763054,,,0,0,0.139,Low,143916
KE005,Lamu,2006-08,127.00238333333334,117.08719,,,0,0,0.139,Low,143916
KE005,Lamu,2006-09,163.75002166666664,122.004875,,,0,0,0.139,Low,143916
KE005,Lamu,2006-10,151.46559333333335,85.70127,,,0,0,0.139,Low,143916
KE005,Lamu,2006-11,166.28147,161.25108,,,0,0,0.139,Low,143916
KE005,Lamu,2006-12,115.322183,29.766699,,,0,0,0.139,Low,143916
KE005,Lamu,2007-01,88.42862333333333,78.41205,,,0,0,0.139,Low,143916
KE005,Lamu,2007-02,105.12160333333333,92.81895,,,0,0,0.139,Low,143916
KE005,Lamu,2007-03,69.726495,40.729755,,,0,0,0.139,Low,143916
KE005,Lamu,2007-04,77.100845,41.271755,,,0,0,0.139,Low,143916
KE005,Lamu,2007-05,176.06065666666666,75.65535,,,0,0,0.139,Low,143916
KE005,Lamu,2007-06,73.63219533333333,71.2045,,,0,0,0.139,Low,143916
KE005,Lamu,2007-07,72.98614,53.940796,,,0,0,0.139,Low,143916
KE005,Lamu,2007-08,181.51133333333334,163.97795,,,0,0,0.139,Low,143916
KE005,Lamu,2007-09,273.3120833333333,149.81638,,,0,0,0.139,Low,143916
KE005,Lamu,2007-10,50.839400000000005,37.65156,,,0,0,0.139,Low,143916
KE005,Lamu,2007-11,88.99460199999999,29.795786,,,0,0,0.139,Low,143916
KE005,Lamu,2007-12,67.26679933333334,48.44404,,,0,0,0.139,Low,143916
KE005,Lamu,2008-01,116.41173333333332,78.41205,,,0,0,0.139,Low,143916
KE005,Lamu,2008-02,101.12900833333333,91.51732,,,0,0,0.139,Low,143916
KE005,Lamu,2008-03,144.25196466666668,78.22926,,,0,0,0.139,Low,143916
KE005,Lamu,2008-04,99.92615466666666,67.61355,,,0,0,0.139,Low,143916
KE005,Lamu,2008-05,115.05444266666666,45.399048,,,0,0,0.139,Low,143916
KE005,Lamu,2008-06,94.59653166666668,89.125465,,,0,0,0.139,Low,143916
KE005,Lamu,2008-07,76.50670333333333,64.01684,,,0,0,0.139,Low,143916
KE005,Lamu,2008-08,111.25548666666667,98.97103,,,0,0,0.139,Low,143916
KE005,Lamu,2008-09,68.666972,62.383896,,,0,0,0.139,Low,143916
KE005,Lamu,2008-10,48.83074766666667,36.34224,,,0,0,0.139,Low,143916
KE005,Lamu,2008-11,82.30060399999999,26.579308,,,0,0,0.139,Low,143916
KE005,Lamu,2008-12,39.58127066666667,30.441559,,,0,0,0.139,Low,143916
KE005,Lamu,2009-01,96.36123633333334,75.455025,,,0,0,0.139,Low,143916
KE005,Lamu,2009-02,94.62721499999999,91.80716,,,0,0,0.139,Low,143916
KE005,Lamu,2009-03,52.36703866666667,31.478703,,,0,0,0.139,Low,143916
KE005,Lamu,2009-04,59.999527666666665,29.939783,,,0,0,0.139,Low,143916
KE005,Lamu,2009-05,65.99496133333334,33.54704,,,0,0,0.139,Low,143916
KE005,Lamu,2009-06,122.106012,78.816986,,,0,0,0.139,Low,143916
KE005,Lamu,2009-07,69.40038533333333,62.402706,,,0,0,0.139,Low,143916
KE005,Lamu,2009-08,95.31335200000001,74.53843,,,0,0,0.139,Low,143916
KE005,Lamu,2009-09,66.06176,54.0573,,,0,0,0.139,Low,143916
KE005,Lamu,2009-10,287.16889,78.69478,,,0,0,0.139,Low,143916
KE005,Lamu,2009-11,43.61285866666666,26.86381,,,0,0,0.139,Low,143916
KE005,Lamu,2009-12,83.075402,59.219646,,,0,0,0.139,Low,143916
KE005,Lamu,2010-01,83.187522,73.7216,,,0,0,0.139,Low,143916
KE005,Lamu,2010-02,100.03259133333334,96.42039,,,0,0,0.139,Low,143916
KE005,Lamu,2010-03,136.702488,111.950134,,,0,0,0.139,Low,143916
KE005,Lamu,2010-04,160.75716,113.32347,,,0,0,0.139,Low,143916
KE005,Lamu,2010-05,127.82403933333335,45.019444,,,0,0,0.139,Low,143916
KE005,Lamu,2010-06,133.426865,94.290825,,,0,0,0.139,Low,143916
KE005,Lamu,2010-07,119.74023799999999,79.727394,,,0,0,0.139,Low,143916
KE005,Lamu,2010-08,132.91278666666668,132.38425,,,0,0,0.139,Low,143916
KE005,Lamu,2010-09,104.18210666666666,73.7592,,,1,0,0.139,Low,143916
KE005,Lamu,2010-10,37.765341666666664,25.157728,,,0,0,0.139,Low,143916
KE005,Lamu,2010-11,94.00694833333334,65.39502,,,1,0,0.139,Low,143916
KE005,Lamu,2010-12,56.836329666666664,39.393795,,,0,0,0.139,Low,143916
KE005,Lamu,2011-01,87.21385333333335,74.23143,,,2,1,0.139,Low,143916
KE005,Lamu,2011-02,96.64002699999999,95.06787,,,0,0,0.139,Low,143916
KE005,Lamu,2011-03,64.14530133333334,53.68542,,,0,0,0.139,Low,143916
KE005,Lamu,2011-04,72.24935466666666,60.71236,,,0,0,0.139,Low,143916
KE005,Lamu,2011-05,72.92362433333334,55.296753,,,0,0,0.139,Low,143916
KE005,Lamu,2011-06,54.59747433333334,48.38965,,,0,0,0.139,Low,143916
KE005,Lamu,2011-07,91.593375,59.72213,,,0,0,0.139,Low,143916
KE005,Lamu,2011-08,114.10244133333333,101.88967,,,0,0,0.139,Low,143916
KE005,Lamu,2011-09,131.96871000000002,99.83225,,,0,0,0.139,Low,143916
KE005,Lamu,2011-10,205.0701333333333,108.0477,,,3,14,0.139,Low,143916
KE005,Lamu,2011-11,110.97588666666667,69.32623,,,1,0,0.139,Low,143916
KE005,Lamu,2011-12,148.02183333333332,114.11805,,,1,3,0.139,Low,143916
KE005,Lamu,2012-01,81.37223466666667,66.58396,,,0,0,0.139,Low,143916
KE005,Lamu,2012-02,98.703458,95.20493,,,0,0,0.139,Low,143916
KE005,Lamu,2012-03,57.56228933333333,32.127533,,,0,0,0.139,Low,143916
KE005,Lamu,2012-04,32.757654,28.379137,,,0,0,0.139,Low,143916
KE005,Lamu,2012-05,81.319394,33.646755,,,0,0,0.139,Low,143916
KE005,Lamu,2012-06,65.869129,46.87162,,,0,0,0.139,Low,143916
KE005,Lamu,2012-07,65.59821733333332,50.912476,,,0,0,0.139,Low,143916
KE005,Lamu,2012-08,84.61911500000001,77.77798,,,0,0,0.139,Low,143916
KE005,Lamu,2012-09,79.907964,54.876846,,,2,0,0.139,Low,143916
KE005,Lamu,2012-10,111.20684166666668,23.748539,,,0,0,0.139,Low,143916
KE005,Lamu,2012-11,123.12619,44.89977,,,1,3,0.139,Low,143916
KE005,Lamu,2012-12,127.27774666666666,49.20184,,,0,0,0.139,Low,143916
KE005,Lamu,2013-01,92.00737199999999,75.8119,,,0,0,0.139,Low,143916
KE005,Lamu,2013-02,98.43871,92.31438,,,0,0,0.139,Low,143916
KE005,Lamu,2013-03,210.58168,169.66525,,,0,0,0.139,Low,143916
KE005,Lamu,2013-04,81.23206533333332,44.09822,,,0,0,0.139,Low,143916
KE005,Lamu,2013-05,124.30306,53.85668,,,0,0,0.139,Low,143916
KE005,Lamu,2013-06,58.96454,48.93029,,,0,0,0.139,Low,143916
KE005,Lamu,2013-07,81.68836399999999,61.098637,,,0,0,0.139,Low,143916
KE005,Lamu,2013-08,73.71481200000001,68.5716,,,0,0,0.139,Low,143916
KE005,Lamu,2013-09,86.92846800000001,61.537544,,,0,0,0.139,Low,143916
KE005,Lamu,2013-10,83.30983433333333,25.676903,,,0,0,0.139,Low,143916
KE005,Lamu,2013-11,94.88674333333334,84.61149,,,0,0,0.139,Low,143916
KE005,Lamu,2013-12,75.16161333333334,68.88628,,,0,0,0.139,Low,143916
KE005,Lamu,2014-01,83.39997533333333,70.81556,,,0,0,0.139,Low,143916
KE005,Lamu,2014-02,97.69353366666667,91.734695,,,1,0,0.139,Low,143916
KE005,Lamu,2014-03,115.44562933333334,75.397484,,,0,0,0.139,Low,143916
KE005,Lamu,2014-04,85.69496133333332,41.57992,,,1,0,0.139,Low,143916
KE005,Lamu,2014-05,165.76067666666665,156.08136,,,4,24,0.139,Low,143916
KE005,Lamu,2014-06,105.05044133333332,69.36518,,,4,83,0.139,Low,143916
KE005,Lamu,2014-07,89.96162333333332,63.0074,,,0,0,0.139,Low,143916
KE005,Lamu,2014-08,68.34997233333333,61.528217,,,1,2,0.139,Low,143916
KE005,Lamu,2014-09,65.08288666666667,49.79566,,,0,0,0.139,Low,143916
KE005,Lamu,2014-10,59.940894333333326,38.389267,,,0,0,0.139,Low,143916
KE005,Lamu,2014-11,135.68445266666666,53.480618,,,0,0,0.139,Low,143916
KE005,Lamu,2014-12,102.48458666666666,70.69762,,,3,7,0.139,Low,143916
KE005,Lamu,2015-01,83.956615,71.47834,,,0,0,0.139,Low,143916
KE005,Lamu,2015-02,95.41731166666666,92.53176,,,0,0,0.139,Low,143916
KE005,Lamu,2015-03,147.12985233333333,66.962326,,,0,0,0.139,Low,143916
KE005,Lamu,2015-04,96.97582333333332,49.41733,,,2,0,0.139,Low,143916
KE005,Lamu,2015-05,109.431259,50.059097,,,1,7,0.139,Low,143916
KE005,Lamu,2015-06,74.32198533333333,48.73491,,,2,11,0.139,Low,143916
KE005,Lamu,2015-07,90.50828666666666,82.47282,,,1,3,0.139,Low,143916
KE005,Lamu,2015-08,105.607782,102.997986,,,1,7,0.139,Low,143916
KE005,Lamu,2015-09,78.522262,71.235,,,0,0,0.139,Low,143916
KE005,Lamu,2015-10,140.97485666666668,90.15842,,,1,9,0.139,Low,143916
KE005,Lamu,2015-11,156.64631,94.95928,,,1,3,0.139,Low,143916
KE005,Lamu,2015-12,56.80770266666667,40.514812,,,3,6,0.139,Low,143916
KE005,Lamu,2016-01,86.46454999999999,77.23943,,,2,9,0.139,Low,143916
KE005,Lamu,2016-02,108.17241000000001,100.05294,,,0,0,0.139,Low,143916
KE005,Lamu,2016-03,63.543362,31.813583,,,0,0,0.139,Low,143916
KE005,Lamu,2016-04,80.03442333333334,54.50199,,,0,0,0.139,Low,143916
KE005,Lamu,2016-05,80.32219333333335,38.400238,,,0,0,0.139,Low,143916
KE005,Lamu,2016-06,76.46672366666667,64.216736,,,3,10,0.139,Low,143916
KE005,Lamu,2016-07,60.13361633333333,44.140045,,,2,0,0.139,Low,143916
KE005,Lamu,2016-08,78.9775,68.75904,,,1,1,0.139,Low,143916
KE005,Lamu,2016-09,65.14469233333334,55.303013,,,2,1,0.139,Low,143916
KE005,Lamu,2016-10,38.599911,23.095863,,,0,0,0.139,Low,143916
KE005,Lamu,2016-11,63.23792266666666,49.898254,,,0,0,0.139,Low,143916
KE005,Lamu,2016-12,62.03841966666667,51.419807,,,0,0,0.139,Low,143916
KE005,Lamu,2017-01,107.82340166666667,97.12285,,,1,3,0.139,Low,143916
KE005,Lamu,2017-02,95.65371333333333,92.67669,,,2,8,0.139,Low,143916
KE005,Lamu,2017-03,68.53930799999999,48.536644,,,0,0,0.139,Low,143916
KE005,Lamu,2017-04,115.520195,74.128685,,,2,4,0.139,Low,143916
KE005,Lamu,2017-05,107.90748,66.79684,,,4,10,0.139,Low,143916
KE005,Lamu,2017-06,89.04354466666666,73.81627,,,1,8,0.139,Low,143916
KE005,Lamu,2017-07,63.973147000000004,54.105972,,,4,5,0.139,Low,143916
KE005,Lamu,2017-08,90.79962333333333,79.85522,,,4,17,0.139,Low,143916
KE005,Lamu,2017-09,72.22529566666667,60.71202,,,1,1,0.139,Low,143916
KE005,Lamu,2017-10,70.38594333333333,34.32937,,,3,6,0.139,Low,143916
KE005,Lamu,2017-11,79.11624933333333,45.041256,,,3,14,0.139,Low,143916
KE005,Lamu,2017-12,36.84816166666667,26.084509,,,4,9,0.139,Low,143916
KE005,Lamu,2018-01,87.36810666666668,72.34505,,,2,2,0.139,Low,143916
KE005,Lamu,2018-02,103.92715500000001,96.806915,,,0,0,0.139,Low,143916
KE005,Lamu,2018-03,186.69147666666666,140.06348,,,0,0,0.139,Low,143916
KE005,Lamu,2018-04,160.160232,99.825386,,,1,5,0.139,Low,143916
KE005,Lamu,2018-05,152.66171,72.70159,,,0,0,0.139,Low,143916
KE005,Lamu,2018-06,168.5945616666667,78.82076,,,0,0,0.139,Low,143916
KE005,Lamu,2018-07,114.30054,109.42309,,,1,1,0.139,Low,143916
KE005,Lamu,2018-08,80.21686466666667,69.23239,,,2,5,0.139,Low,143916
KE005,Lamu,2018-09,78.45667666666667,76.44731,,,7,34,0.139,Low,143916
KE005,Lamu,2018-10,106.19711933333333,56.158268,,,1,3,0.139,Low,143916
KE005,Lamu,2018-11,44.33729400000001,26.508362,,,0,0,0.139,Low,143916
KE005,Lamu,2018-12,89.19440366666667,74.378815,,,1,0,0.139,Low,143916
KE005,Lamu,2019-01,133.14106999999998,120.26919,,,0,0,0.139,Low,143916
KE005,Lamu,2019-02,102.79521,98.96632,,,0,0,0.139,Low,143916
KE005,Lamu,2019-03,59.33593,41.81812,,,0,0,0.139,Low,143916
KE005,Lamu,2019-04,54.86520766666666,31.336329,,,1,1,0.139,Low,143916
KE005,Lamu,2019-05,110.721624,60.318027,,,0,0,0.139,Low,143916
KE005,Lamu,2019-06,63.485871,42.94765,,,0,0,0.139,Low,143916
KE005,Lamu,2019-07,136.50282333333334,85.41697,,,3,5,0.139,Low,143916
KE005,Lamu,2019-08,80.66642666666667,70.57339,,,1,1,0.139,Low,143916
KE005,Lamu,2019-09,116.95359166666667,84.80301,,,0,0,0.139,Low,143916
KE005,Lamu,2019-10,231.573885,115.909485,,,0,0,0.139,Low,143916
KE005,Lamu,2019-11,174.38893666666664,64.28591,,,1,0,0.139,Low,143916
KE005,Lamu,2019-12,139.046972,105.855896,,,4,8,0.139,Low,143916
KE005,Lamu,2020-01,231.33960666666667,191.79852,,,1,0,0.139,Low,143916
KE005,Lamu,2020-02,101.34714333333334,97.96328,,,0,0,0.139,Low,143916
KE005,Lamu,2020-03,141.6116233333333,86.8992,,,1,0,0.139,Low,143916
KE005,Lamu,2020-04,200.38430666666667,160.9932,,,1,8,0.139,Low,143916
KE005,Lamu,2020-05,81.12264333333333,61.93851,,,0,0,0.139,Low,143916
KE005,Lamu,2020-06,85.68358,54.1008,,,2,1,0.139,Low,143916
KE005,Lamu,2020-07,140.76206,129.4262,,,0,0,0.139,Low,143916
KE005,Lamu,2020-08,87.49421166666667,76.01627,,,2,1,0.139,Low,143916
KE005,Lamu,2020-09,88.57415199999998,78.80373,,,0,0,0.139,Low,143916
KE005,Lamu,2020-10,56.865333,34.066593,,,0,0,0.139,Low,143916
KE005,Lamu,2020-11,82.06637433333333,43.16286,,,0,0,0.139,Low,143916
KE005,Lamu,2020-12,53.92871566666667,33.750023,,,1,0,0.139,Low,143916
KE005,Lamu,2021-01,90.87974866666667,85.804596,,,1,2,0.139,Low,143916
KE005,Lamu,2021-02,102.002205,99.053185,,,0,0,0.139,Low,143916
KE005,Lamu,2021-03,65.817592,58.93885,,,2,1,0.139,Low,143916
KE005,Lamu,2021-04,53.787009000000005,31.663422,,,0,0,0.139,Low,143916
KE005,Lamu,2021-05,29.04945066666667,22.513311,,,2,10,0.139,Low,143916
KE005,Lamu,2021-06,86.80357,64.45559,,,1,0,0.139,Low,143916
KE005,Lamu,2021-07,93.28826666666667,71.5234,,,0,0,0.139,Low,143916
KE005,Lamu,2021-08,64.46483166666667,58.39922,,,1,2,0.139,Low,143916
KE005,Lamu,2021-09,78.47186333333333,69.26809,,,1,14,0.139,Low,143916
KE005,Lamu,2021-10,42.256481666666666,30.186308,,,2,4,0.139,Low,143916
KE005,Lamu,2021-11,45.396102000000006,26.67552,,,1,0,0.139,Low,143916
KE005,Lamu,2021-12,266.34974,104.26778,,,0,0,0.139,Low,143916
KE005,Lamu,2022-01,93.51961999999999,74.63929,,,10,35,0.139,Low,143916
KE005,Lamu,2022-02,108.81353833333333,99.448875,,,2,13,0.139,Low,143916
KE005,Lamu,2022-03,54.45739,40.66697,,,0,0,0.139,Low,143916
KE005,Lamu,2022-04,66.06585199999999,38.375275,,,1,1,0.139,Low,143916
KE005,Lamu,2022-05,88.69880033333334,37.370148,,,2,5,0.139,Low,143916
KE005,Lamu,2022-06,81.09761533333334,77.496086,,,0,0,0.139,Low,143916
KE005,Lamu,2022-07,110.85964999999999,86.81183,,,1,0,0.139,Low,143916
KE005,Lamu,2022-08,64.54764533333334,61.13651,,,3,2,0.139,Low,143916
KE005,Lamu,2022-09,61.665495666666665,56.909325,,,0,0,0.139,Low,143916
KE005,Lamu,2022-10,51.35496333333333,30.853817,,,0,0,0.139,Low,143916
KE005,Lamu,2022-11,97.91735899999999,54.521137,,,1,0,0.139,Low,143916
KE005,Lamu,2022-12,44.20980166666667,37.046753,,,5,6,0.139,Low,143916
KE005,Lamu,2023-01,92.28318666666667,88.61717,,,3,20,0.139,Low,143916
KE005,Lamu,2023-02,95.36274333333334,92.53176,,,0,0,0.139,Low,143916
KE005,Lamu,2023-03,110.74325333333333,89.33054,,,1,3,0.139,Low,143916
KE005,Lamu,2023-04,280.750795,93.77291,,,0,0,0.139,Low,143916
KE005,Lamu,2023-05,34.608787,30.503468,,,1,6,0.139,Low,143916
KE005,Lamu,2023-06,60.625146666666666,59.378315,,,6,9,0.139,Low,143916
KE005,Lamu,2023-07,108.62022999999999,99.0672,,,2,62,0.139,Low,143916
KE005,Lamu,2023-08,129.62973466666668,118.206474,,,6,3,0.139,Low,143916
KE005,Lamu,2023-09,106.09318,105.78709,,,7,27,0.139,Low,143916
KE005,Lamu,2023-10,106.12644133333333,70.68194,,,3,3,0.139,Low,143916
KE005,Lamu,2023-11,229.53527999999997,160.205,,,4,6,0.139,Low,143916
KE005,Lamu,2023-12,305.49523,144.18158,,,3,2,0.139,Low,143916
KE005,Lamu,2024-01,105.50234166666667,84.020195,,,0,0,0.139,Low,143916
KE005,Lamu,2024-02,96.56202333333333,95.35633,,,1,3,0.139,Low,143916
KE005,Lamu,2024-03,108.41337533333332,87.405846,,,4,11,0.139,Low,143916
KE005,Lamu,2024-04,114.55057333333333,100.16274,,,3,12,0.139,Low,143916
KE005,Lamu,2024-05,82.83854766666667,34.525238,,,1,1,0.139,Low,143916
KE005,Lamu,2024-06,57.12425033333333,42.151474,,,4,9,0.139,Low,143916
KE005,Lamu,2024-07,84.18998133333334,81.01214,,,2,5,0.139,Low,143916
KE005,Lamu,2024-08,78.03268333333334,69.07144,,,3,16,0.139,Low,143916
KE005,Lamu,2024-09,79.14785533333334,62.318336,,,1,5,0.139,Low,143916
KE005,Lamu,2024-10,60.295562999999994,32.633846,,,1,3,0.139,Low,143916
KE005,Lamu,2024-11,147.28191433333333,54.604713,,,1,0,0.139,Low,143916
KE005,Lamu,2024-12,97.98818,81.86137,,,0,0,0.139,Low,143916
KE005,Lamu,2025-01,81.65085866666666,69.23508,,,0,0,0.139,Low,143916
KE005,Lamu,2025-02,92.94928666666665,88.76383,,,1,0,0.139,Low,143916
KE005,Lamu,2025-03,121.10282666666667,72.46861,,,1,0,0.139,Low,143916
KE005,Lamu,2025-04,81.49459333333333,61.0212,,,2,5,0.139,Low,143916
KE005,Lamu,2025-05,73.23548866666667,44.67646,,,2,0,0.139,Low,143916
KE005,Lamu,2025-06,164.22666999999998,144.3455,,,3,3,0.139,Low,143916
KE005,Lamu,2025-07,77.24519199999999,57.795017,,,1,0,0.139,Low,143916
KE005,Lamu,2025-08,97.92656800000002,88.374504,,,2,5,0.139,Low,143916
KE005,Lamu,2025-09,80.96193333333333,63.62961,,,4,3,0.139,Low,143916
KE005,Lamu,2025-10,69.84244466666667,41.968544,,,1,0,0.139,Low,143916
KE005,Lamu,2025-11,51.19518933333333,31.396051,,,1,5,0.139,Low,143916
KE005,Lamu,2025-12,75.861052,34.081326,,,5,7,0.139,Low,143916
KE016,Machakos,2006-01,45.73873833333334,40.62691,,,0,0,0.0723,Low,1421898
KE016,Machakos,2006-02,96.26310833333332,52.584995,,,0,0,0.0723,Low,1421898
KE016,Machakos,2006-03,121.11734266666667,48.659508,,,0,0,0.0723,Low,1421898
KE016,Machakos,2006-04,119.45718333333333,72.97087,,,0,0,0.0723,Low,1421898
KE016,Machakos,2006-05,98.75875933333333,62.443268,,,0,0,0.0723,Low,1421898
KE016,Machakos,2006-06,84.74846000000001,69.03776,,,0,0,0.0723,Low,1421898
KE016,Machakos,2006-07,91.10589133333333,90.472694,,,0,0,0.0723,Low,1421898
KE016,Machakos,2006-08,101.06024533333334,91.726746,,,0,0,0.0723,Low,1421898
KE016,Machakos,2006-09,105.283748,98.77744,,,0,0,0.0723,Low,1421898
KE016,Machakos,2006-10,90.47169466666666,79.61893,,,0,0,0.0723,Low,1421898
KE016,Machakos,2006-11,186.92043,149.6605,,,0,0,0.0723,Low,1421898
KE016,Machakos,2006-12,243.18664,104.27308,,,0,0,0.0723,Low,1421898
KE016,Machakos,2007-01,81.01151066666667,62.957172,,,0,0,0.0723,Low,1421898
KE016,Machakos,2007-02,153.26764166666666,77.443825,,,0,0,0.0723,Low,1421898
KE016,Machakos,2007-03,54.891160000000006,34.842194,,,0,0,0.0723,Low,1421898
KE016,Machakos,2007-04,100.43260333333332,58.0531,,,0,0,0.0723,Low,1421898
KE016,Machakos,2007-05,100.84002833333334,57.989555,,,0,0,0.0723,Low,1421898
KE016,Machakos,2007-06,93.61720866666667,89.987816,,,1,5,0.0723,Low,1421898
KE016,Machakos,2007-07,114.46862533333332,90.403786,,,0,0,0.0723,Low,1421898
KE016,Machakos,2007-08,97.741382,91.65832,,,0,0,0.0723,Low,1421898
KE016,Machakos,2007-09,104.55481333333334,92.55472,,,0,0,0.0723,Low,1421898
KE016,Machakos,2007-10,95.550185,70.736015,,,1,0,0.0723,Low,1421898
KE016,Machakos,2007-11,65.148691,40.95321,,,0,0,0.0723,Low,1421898
KE016,Machakos,2007-12,58.52399233333333,46.39488,,,0,0,0.0723,Low,1421898
KE016,Machakos,2008-01,129.91074333333333,38.37394,,,0,0,0.0723,Low,1421898
KE016,Machakos,2008-02,82.28821599999999,50.683,,,0,0,0.0723,Low,1421898
KE016,Machakos,2008-03,147.35213333333334,56.53146,,,0,0,0.0723,Low,1421898
KE016,Machakos,2008-04,71.64693633333333,40.956604,,,0,0,0.0723,Low,1421898
KE016,Machakos,2008-05,53.44554766666667,33.951973,,,0,0,0.0723,Low,1421898
KE016,Machakos,2008-06,87.70605666666665,74.10475,,,0,0,0.0723,Low,1421898
KE016,Machakos,2008-07,102.50412866666666,94.33138,,,0,0,0.0723,Low,1421898
KE016,Machakos,2008-08,87.40253633333333,85.306435,,,0,0,0.0723,Low,1421898
KE016,Machakos,2008-09,104.62866333333334,92.43443,,,0,0,0.0723,Low,1421898
KE016,Machakos,2008-10,134.53474666666668,74.58478,,,0,0,0.0723,Low,1421898
KE016,Machakos,2008-11,75.77536500000001,49.052315,,,0,0,0.0723,Low,1421898
KE016,Machakos,2008-12,43.877810333333336,26.08028,,,0,0,0.0723,Low,1421898
KE016,Machakos,2009-01,96.15853533333332,39.9902,,,0,0,0.0723,Low,1421898
KE016,Machakos,2009-02,76.86485833333334,49.31528,,,0,0,0.0723,Low,1421898
KE016,Machakos,2009-03,52.87287633333333,46.412704,,,0,0,0.0723,Low,1421898
KE016,Machakos,2009-04,59.323959333333335,41.766438,,,0,0,0.0723,Low,1421898
KE016,Machakos,2009-05,89.27374666666667,52.19505,,,0,0,0.0723,Low,1421898
KE016,Machakos,2009-06,91.769065,88.32933,,,0,0,0.0723,Low,1421898
KE016,Machakos,2009-07,88.738852,85.79424,,,0,0,0.0723,Low,1421898
KE016,Machakos,2009-08,84.73030866666666,84.41853,,,0,0,0.0723,Low,1421898
KE016,Machakos,2009-09,88.55977166666666,75.956215,,,0,0,0.0723,Low,1421898
KE016,Machakos,2009-10,137.51163666666665,106.86838,,,0,0,0.0723,Low,1421898
KE016,Machakos,2009-11,63.53746166666667,47.995995,,,0,0,0.0723,Low,1421898
KE016,Machakos,2009-12,136.65435666666667,87.16701,,,0,0,0.0723,Low,1421898
KE016,Machakos,2010-01,90.43472799999999,46.31196,,,0,0,0.0723,Low,1421898
KE016,Machakos,2010-02,183.2486733333333,69.26332,,,0,0,0.0723,Low,1421898
KE016,Machakos,2010-03,181.95355833333335,63.852585,,,0,0,0.0723,Low,1421898
KE016,Machakos,2010-04,69.733092,47.2646,,,0,0,0.0723,Low,1421898
KE016,Machakos,2010-05,118.88528866666667,49.305206,,,0,0,0.0723,Low,1421898
KE016,Machakos,2010-06,95.852262,87.21072,,,0,0,0.0723,Low,1421898
KE016,Machakos,2010-07,93.26787866666666,90.81722,,,1,1,0.0723,Low,1421898
KE016,Machakos,2010-08,93.28535,86.865654,,,0,0,0.0723,Low,1421898
KE016,Machakos,2010-09,95.16007466666667,90.028854,,,0,0,0.0723,Low,1421898
KE016,Machakos,2010-10,87.35355666666668,64.68107,,,0,0,0.0723,Low,1421898
KE016,Machakos,2010-11,79.78802866666666,58.983456,,,1,15,0.0723,Low,1421898
KE016,Machakos,2010-12,65.063652,44.048416,,,0,0,0.0723,Low,1421898
KE016,Machakos,2011-01,49.263641,38.349453,,,0,0,0.0723,Low,1421898
KE016,Machakos,2011-02,122.959851,58.033146,,,0,0,0.0723,Low,1421898
KE016,Machakos,2011-03,101.75736166666667,38.050575,,,0,0,0.0723,Low,1421898
KE016,Machakos,2011-04,43.72981766666667,24.992378,,,0,0,0.0723,Low,1421898
KE016,Machakos,2011-05,88.30990666666666,67.82594,,,0,0,0.0723,Low,1421898
KE016,Machakos,2011-06,101.26097333333333,84.53105,,,0,0,0.0723,Low,1421898
KE016,Machakos,2011-07,90.33071333333334,87.83751,,,0,0,0.0723,Low,1421898
KE016,Machakos,2011-08,103.39327200000001,96.4393,,,0,0,0.0723,Low,1421898
KE016,Machakos,2011-09,100.326442,99.4391,,,0,0,0.0723,Low,1421898
KE016,Machakos,2011-10,168.23661666666666,75.42671,,,0,0,0.0723,Low,1421898
KE016,Machakos,2011-11,136.07062333333334,97.59936,,,0,0,0.0723,Low,1421898
KE016,Machakos,2011-12,61.95373733333333,45.276768,,,0,0,0.0723,Low,1421898
KE016,Machakos,2012-01,47.33126766666667,36.61075,,,0,0,0.0723,Low,1421898
KE016,Machakos,2012-02,75.947976,43.792793,,,0,0,0.0723,Low,1421898
KE016,Machakos,2012-03,53.36236233333333,26.427227,,,0,0,0.0723,Low,1421898
KE016,Machakos,2012-04,170.17165866666667,83.690346,,,0,0,0.0723,Low,1421898
KE016,Machakos,2012-05,111.25525866666668,80.51002,,,0,0,0.0723,Low,1421898
KE016,Machakos,2012-06,112.60497333333335,89.78655,,,0,0,0.0723,Low,1421898
KE016,Machakos,2012-07,96.49192999999998,91.93703,,,0,0,0.0723,Low,1421898
KE016,Machakos,2012-08,104.93443833333333,96.985695,,,0,0,0.0723,Low,1421898
KE016,Machakos,2012-09,98.88934333333333,95.10975,,,1,0,0.0723,Low,1421898
KE016,Machakos,2012-10,120.35996,67.02484,,,0,0,0.0723,Low,1421898
KE016,Machakos,2012-11,87.03386333333333,54.09088,,,0,0,0.0723,Low,1421898
KE016,Machakos,2012-12,144.91108,86.71845,,,0,0,0.0723,Low,1421898
KE016,Machakos,2013-01,79.73503733333334,39.074932,,,0,0,0.0723,Low,1421898
KE016,Machakos,2013-02,57.11345433333333,41.212193,,,0,0,0.0723,Low,1421898
KE016,Machakos,2013-03,142.46178833333332,51.290615,,,0,0,0.0723,Low,1421898
KE016,Machakos,2013-04,143.290718,57.650024,,,0,0,0.0723,Low,1421898
KE016,Machakos,2013-05,49.61597333333333,33.56666,,,0,0,0.0723,Low,1421898
KE016,Machakos,2013-06,97.71616999999999,76.19975,,,1,15,0.0723,Low,1421898
KE016,Machakos,2013-07,95.97171666666667,92.95328,,,0,0,0.0723,Low,1421898
KE016,Machakos,2013-08,101.68827533333335,99.444496,,,0,0,0.0723,Low,1421898
KE016,Machakos,2013-09,135.09440333333333,103.11197,,,0,0,0.0723,Low,1421898
KE016,Machakos,2013-10,63.56847066666666,38.86328,,,0,0,0.0723,Low,1421898
KE016,Machakos,2013-11,60.90756100000001,34.881737,,,0,0,0.0723,Low,1421898
KE016,Machakos,2013-12,114.34737833333332,37.757805,,,0,0,0.0723,Low,1421898
KE016,Machakos,2014-01,40.794857,36.24342,,,0,0,0.0723,Low,1421898
KE016,Machakos,2014-02,157.660764,57.160442,,,0,0,0.0723,Low,1421898
KE016,Machakos,2014-03,161.02433299999998,31.866089,,,0,0,0.0723,Low,1421898
KE016,Machakos,2014-04,50.49178499999999,36.98242,,,0,0,0.0723,Low,1421898
KE016,Machakos,2014-05,66.14491533333333,53.14351,,,0,0,0.0723,Low,1421898
KE016,Machakos,2014-06,119.50916466666666,113.81242,,,0,0,0.0723,Low,1421898
KE016,Machakos,2014-07,95.63214333333333,90.64022,,,0,0,0.0723,Low,1421898
KE016,Machakos,2014-08,107.44337800000001,90.538284,,,0,0,0.0723,Low,1421898
KE016,Machakos,2014-09,101.22139333333332,92.79528,,,0,0,0.0723,Low,1421898
KE016,Machakos,2014-10,95.69594666666667,59.57946,,,0,0,0.0723,Low,1421898
KE016,Machakos,2014-11,78.60587199999999,69.34146,,,0,0,0.0723,Low,1421898
KE016,Machakos,2014-12,77.69014800000001,56.579124,,,0,0,0.0723,Low,1421898
KE016,Machakos,2015-01,40.50793166666667,36.880127,,,0,0,0.0723,Low,1421898
KE016,Machakos,2015-02,77.33453466666667,50.964344,,,0,0,0.0723,Low,1421898
KE016,Machakos,2015-03,54.78399733333333,37.484188,,,0,0,0.0723,Low,1421898
KE016,Machakos,2015-04,144.92874666666668,111.68211,,,0,0,0.0723,Low,1421898
KE016,Machakos,2015-05,117.51688,86.38035,,,0,0,0.0723,Low,1421898
KE016,Machakos,2015-06,89.44920666666667,89.22154,,,0,0,0.0723,Low,1421898
KE016,Machakos,2015-07,107.08343333333333,106.4067,,,0,0,0.0723,Low,1421898
KE016,Machakos,2015-08,93.23109,86.94563,,,0,0,0.0723,Low,1421898
KE016,Machakos,2015-09,89.27173533333333,78.421936,,,0,0,0.0723,Low,1421898
KE016,Machakos,2015-10,109.38099666666666,103.27504,,,0,0,0.0723,Low,1421898
KE016,Machakos,2015-11,160.28828000000001,139.18369,,,0,0,0.0723,Low,1421898
KE016,Machakos,2015-12,133.31404666666666,46.7767,,,0,0,0.0723,Low,1421898
KE016,Machakos,2016-01,142.86666333333332,66.24219,,,0,0,0.0723,Low,1421898
KE016,Machakos,2016-02,84.90606333333334,51.94749,,,0,0,0.0723,Low,1421898
KE016,Machakos,2016-03,64.735377,27.707111,,,0,0,0.0723,Low,1421898
KE016,Machakos,2016-04,117.27168,102.14418,,,0,0,0.0723,Low,1421898
KE016,Machakos,2016-05,84.62133666666666,64.01765,,,0,0,0.0723,Low,1421898
KE016,Machakos,2016-06,99.221062,92.2777,,,0,0,0.0723,Low,1421898
KE016,Machakos,2016-07,87.82291666666667,84.156166,,,0,0,0.0723,Low,1421898
KE016,Machakos,2016-08,98.34621666666668,96.09468,,,0,0,0.0723,Low,1421898
KE016,Machakos,2016-09,92.99982999999999,87.74355,,,0,0,0.0723,Low,1421898
KE016,Machakos,2016-10,71.15680066666667,45.899582,,,0,0,0.0723,Low,1421898
KE016,Machakos,2016-11,103.39399666666667,68.16421,,,0,0,0.0723,Low,1421898
KE016,Machakos,2016-12,40.33307666666666,34.575848,,,0,0,0.0723,Low,1421898
KE016,Machakos,2017-01,48.077338,39.67185,,,0,0,0.0723,Low,1421898
KE016,Machakos,2017-02,116.51478466666667,60.171024,,,1,3,0.0723,Low,1421898
KE016,Machakos,2017-03,40.139700999999995,37.82644,,,0,0,0.0723,Low,1421898
KE016,Machakos,2017-04,72.05931,49.541286,,,0,0,0.0723,Low,1421898
KE016,Machakos,2017-05,88.29098633333332,67.92268,,,1,1,0.0723,Low,1421898
KE016,Machakos,2017-06,91.25680366666666,77.710106,,,0,0,0.0723,Low,1421898
KE016,Machakos,2017-07,113.82716,104.66719,,,0,0,0.0723,Low,1421898
KE016,Machakos,2017-08,107.54430333333335,102.71706,,,0,0,0.0723,Low,1421898
KE016,Machakos,2017-09,100.22729333333332,87.98412,,,0,0,0.0723,Low,1421898
KE016,Machakos,2017-10,105.70945666666667,69.37128,,,0,0,0.0723,Low,1421898
KE016,Machakos,2017-11,91.39729166666666,52.643795,,,0,0,0.0723,Low,1421898
KE016,Machakos,2017-12,31.808044666666664,30.09598,,,0,0,0.0723,Low,1421898
KE016,Machakos,2018-01,71.43129233333333,56.614677,,,0,0,0.0723,Low,1421898
KE016,Machakos,2018-02,75.70802566666667,62.244087,,,0,0,0.0723,Low,1421898
KE016,Machakos,2018-03,239.60412,55.53273,,,0,0,0.0723,Low,1421898
KE016,Machakos,2018-04,214.35613333333333,117.14098,,,0,0,0.0723,Low,1421898
KE016,Machakos,2018-05,172.72074666666666,91.37838,,,0,0,0.0723,Low,1421898
KE016,Machakos,2018-06,133.00249,119.92862,,,0,0,0.0723,Low,1421898
KE016,Machakos,2018-07,123.6323,117.53197,,,0,0,0.0723,Low,1421898
KE016,Machakos,2018-08,117.19385466666667,99.662834,,,0,0,0.0723,Low,1421898
KE016,Machakos,2018-09,105.89693,100.02779,,,0,0,0.0723,Low,1421898
KE016,Machakos,2018-10,77.639401,51.835083,,,0,0,0.0723,Low,1421898
KE016,Machakos,2018-11,74.43627500000001,58.672905,,,0,0,0.0723,Low,1421898
KE016,Machakos,2018-12,175.99479499999998,54.410255,,,0,0,0.0723,Low,1421898
KE016,Machakos,2019-01,60.126924333333335,51.107765,,,0,0,0.0723,Low,1421898
KE016,Machakos,2019-02,78.42389166666668,67.8698,,,0,0,0.0723,Low,1421898
KE016,Machakos,2019-03,31.715418999999997,25.847572,,,0,0,0.0723,Low,1421898
KE016,Machakos,2019-04,84.252785,23.537676,,,0,0,0.0723,Low,1421898
KE016,Machakos,2019-05,69.228435,48.371555,,,0,0,0.0723,Low,1421898
KE016,Machakos,2019-06,111.08270833333334,90.336815,,,1,3,0.0723,Low,1421898
KE016,Machakos,2019-07,136.903005,126.746155,,,0,0,0.0723,Low,1421898
KE016,Machakos,2019-08,107.64859,95.46063,,,0,0,0.0723,Low,1421898
KE016,Machakos,2019-09,115.56135333333333,104.44569,,,0,0,0.0723,Low,1421898
KE016,Machakos,2019-10,417.1040233333333,239.79959,,,0,0,0.0723,Low,1421898
KE016,Machakos,2019-11,175.74660400000002,47.651802,,,1,0,0.0723,Low,1421898
KE016,Machakos,2019-12,225.01668166666664,80.665665,,,0,0,0.0723,Low,1421898
KE016,Machakos,2020-01,262.42894666666666,129.76613,,,1,1,0.0723,Low,1421898
KE016,Machakos,2020-02,178.55620466666664,51.715244,,,1,0,0.0723,Low,1421898
KE016,Machakos,2020-03,181.6439366666667,63.74842,,,1,0,0.0723,Low,1421898
KE016,Machakos,2020-04,174.25485833333335,47.352795,,,0,0,0.0723,Low,1421898
KE016,Machakos,2020-05,86.17532466666667,57.633884,,,0,0,0.0723,Low,1421898
KE016,Machakos,2020-06,124.16650833333334,117.921135,,,0,0,0.0723,Low,1421898
KE016,Machakos,2020-07,114.62504833333332,96.23698,,,0,0,0.0723,Low,1421898
KE016,Machakos,2020-08,97.42957333333334,90.75048,,,0,0,0.0723,Low,1421898
KE016,Machakos,2020-09,106.86041999999999,95.52653,,,0,0,0.0723,Low,1421898
KE016,Machakos,2020-10,74.67260333333333,72.78479,,,0,0,0.0723,Low,1421898
KE016,Machakos,2020-11,81.43320333333332,51.269825,,,0,0,0.0723,Low,1421898
KE016,Machakos,2020-12,75.95903,42.39393,,,0,0,0.0723,Low,1421898
KE016,Machakos,2021-01,78.10726833333332,36.33592,,,0,0,0.0723,Low,1421898
KE016,Machakos,2021-02,135.954332,101.520836,,,0,0,0.0723,Low,1421898
KE016,Machakos,2021-03,60.40391333333333,43.5237,,,0,0,0.0723,Low,1421898
KE016,Machakos,2021-04,86.02159866666666,77.06406,,,0,0,0.0723,Low,1421898
KE016,Machakos,2021-05,179.73874166666667,86.633385,,,1,1,0.0723,Low,1421898
KE016,Machakos,2021-06,80.67345333333333,67.42996,,,0,0,0.0723,Low,1421898
KE016,Machakos,2021-07,130.1538153333333,116.303406,,,1,2,0.0723,Low,1421898
KE016,Machakos,2021-08,102.97354866666667,91.111916,,,0,0,0.0723,Low,1421898
KE016,Machakos,2021-09,89.70232333333333,79.68487,,,0,0,0.0723,Low,1421898
KE016,Machakos,2021-10,80.32965666666666,51.3159,,,1,0,0.0723,Low,1421898
KE016,Machakos,2021-11,83.162652,37.144966,,,0,0,0.0723,Low,1421898
KE016,Machakos,2021-12,151.23525166666667,85.21516,,,1,0,0.0723,Low,1421898
KE016,Machakos,2022-01,69.02351900000001,41.973797,,,0,0,0.0723,Low,1421898
KE016,Machakos,2022-02,110.61992400000001,48.592712,,,0,0,0.0723,Low,1421898
KE016,Machakos,2022-03,51.56430833333334,31.799805,,,0,0,0.0723,Low,1421898
KE016,Machakos,2022-04,94.30648500000001,27.099445,,,0,0,0.0723,Low,1421898
KE016,Machakos,2022-05,54.73577733333334,29.639435,,,0,0,0.0723,Low,1421898
KE016,Machakos,2022-06,82.65891666666666,69.183914,,,0,0,0.0723,Low,1421898
KE016,Machakos,2022-07,98.61776000000002,88.66088,,,2,0,0.0723,Low,1421898
KE016,Machakos,2022-08,94.38545666666666,86.05774,,,0,0,0.0723,Low,1421898
KE016,Machakos,2022-09,95.718375,80.22612,,,0,0,0.0723,Low,1421898
KE016,Machakos,2022-10,62.320143333333334,47.53726,,,0,0,0.0723,Low,1421898
KE016,Machakos,2022-11,104.42517,71.93139,,,0,0,0.0723,Low,1421898
KE016,Machakos,2022-12,48.268375999999996,33.955166,,,0,0,0.0723,Low,1421898
KE016,Machakos,2023-01,70.53899066666666,51.764862,,,0,0,0.0723,Low,1421898
KE016,Machakos,2023-02,45.776735,37.77999,,,0,0,0.0723,Low,1421898
KE016,Machakos,2023-03,99.31145666666667,30.54499,,,0,0,0.0723,Low,1421898
KE016,Machakos,2023-04,106.06124333333332,67.88246,,,1,0,0.0723,Low,1421898
KE016,Machakos,2023-05,72.84883166666667,55.862175,,,0,0,0.0723,Low,1421898
KE016,Machakos,2023-06,89.64694833333333,77.85627,,,2,1,0.0723,Low,1421898
KE016,Machakos,2023-07,92.21511666666667,88.456116,,,1,3,0.0723,Low,1421898
KE016,Machakos,2023-08,85.52173866666665,82.28636,,,0,0,0.0723,Low,1421898
KE016,Machakos,2023-09,99.78730333333333,91.291794,,,1,1,0.0723,Low,1421898
KE016,Machakos,2023-10,109.69244333333332,76.84294,,,1,1,0.0723,Low,1421898
KE016,Machakos,2023-11,189.23145333333332,103.49362,,,0,0,0.0723,Low,1421898
KE016,Machakos,2023-12,69.10077933333334,48.72382,,,0,0,0.0723,Low,1421898
KE016,Machakos,2024-01,182.79358333333334,71.44158,,,1,0,0.0723,Low,1421898
KE016,Machakos,2024-02,115.26798666666667,57.72804,,,0,0,0.0723,Low,1421898
KE016,Machakos,2024-03,119.28568333333334,65.19183,,,0,0,0.0723,Low,1421898
KE016,Machakos,2024-04,291.77036,207.26501,,,0,0,0.0723,Low,1421898
KE016,Machakos,2024-05,207.54401666666664,101.26313,,,0,0,0.0723,Low,1421898
KE016,Machakos,2024-06,103.32193333333333,95.70805,,,0,0,0.0723,Low,1421898
KE016,Machakos,2024-07,134.78375,107.29399,,,0,0,0.0723,Low,1421898
KE016,Machakos,2024-08,90.10932333333334,86.865654,,,1,0,0.0723,Low,1421898
KE016,Machakos,2024-09,106.30722200000001,98.00163,,,0,0,0.0723,Low,1421898
KE016,Machakos,2024-10,61.865341666666666,42.79052,,,1,0,0.0723,Low,1421898
KE016,Machakos,2024-11,132.19942166666667,97.998665,,,2,0,0.0723,Low,1421898
KE016,Machakos,2024-12,87.57573666666667,45.59599,,,4,0,0.0723,Low,1421898
KE016,Machakos,2025-01,152.83707266666667,39.401608,,,0,0,0.0723,Low,1421898
KE016,Machakos,2025-02,42.171309,34.52844,,,0,0,0.0723,Low,1421898
KE016,Machakos,2025-03,211.18248333333335,104.77337,,,0,0,0.0723,Low,1421898
KE016,Machakos,2025-04,108.28523466666667,92.7905,,,0,0,0.0723,Low,1421898
KE016,Machakos,2025-05,107.83376833333334,62.33689,,,1,0,0.0723,Low,1421898
KE016,Machakos,2025-06,97.89038833333332,76.638245,,,0,0,0.0723,Low,1421898
KE016,Machakos,2025-07,90.858032,82.17682,,,1,0,0.0723,Low,1421898
KE016,Machakos,2025-08,116.03872000000001,105.39222,,,0,0,0.0723,Low,1421898
KE016,Machakos,2025-09,102.77643666666667,99.651184,,,1,0,0.0723,Low,1421898
KE016,Machakos,2025-10,178.42958266666665,57.795048,,,0,0,0.0723,Low,1421898
KE016,Machakos,2025-11,42.72416833333333,39.889725,,,0,0,0.0723,Low,1421898
KE016,Machakos,2025-12,152.18558833333333,33.702965,,,1,0,0.0723,Low,1421898
KE017,Makueni,2006-01,43.482427666666666,34.544468,,,0,0,0.1019,Low,987633
KE017,Makueni,2006-02,76.97824766666666,42.32228,,,0,0,0.1019,Low,987633
KE017,Makueni,2006-03,118.01421833333332,73.711845,,,0,0,0.1019,Low,987633
KE017,Makueni,2006-04,125.19374800000001,80.166824,,,0,0,0.1019,Low,987633
KE017,Makueni,2006-05,116.09281,77.55521,,,0,0,0.1019,Low,987633
KE017,Makueni,2006-06,89.61475466666667,82.053314,,,0,0,0.1019,Low,987633
KE017,Makueni,2006-07,94.31171166666667,92.55096,,,0,0,0.1019,Low,987633
KE017,Makueni,2006-08,95.48802333333333,90.53343,,,0,0,0.1019,Low,987633
KE017,Makueni,2006-09,104.03037533333334,94.43816,,,0,0,0.1019,Low,987633
KE017,Makueni,2006-10,117.91772200000001,94.014946,,,0,0,0.1019,Low,987633
KE017,Makueni,2006-11,180.97088999999997,128.68355,,,0,0,0.1019,Low,987633
KE017,Makueni,2006-12,233.67479333333333,64.75573,,,0,0,0.1019,Low,987633
KE017,Makueni,2007-01,76.12517833333334,57.41715,,,0,0,0.1019,Low,987633
KE017,Makueni,2007-02,99.98309666666667,51.72956,,,0,0,0.1019,Low,987633
KE017,Makueni,2007-03,53.45022600000001,41.59534,,,0,0,0.1019,Low,987633
KE017,Makueni,2007-04,64.43369133333333,39.100044,,,0,0,0.1019,Low,987633
KE017,Makueni,2007-05,104.98405433333335,48.117943,,,0,0,0.1019,Low,987633
KE017,Makueni,2007-06,95.76154333333334,94.26085,,,0,0,0.1019,Low,987633
KE017,Makueni,2007-07,100.26222333333334,92.49567,,,0,0,0.1019,Low,987633
KE017,Makueni,2007-08,93.83598333333333,91.2662,,,0,0,0.1019,Low,987633
KE017,Makueni,2007-09,93.73913366666666,87.430275,,,0,0,0.1019,Low,987633
KE017,Makueni,2007-10,76.96968666666668,71.53717,,,0,0,0.1019,Low,987633
KE017,Makueni,2007-11,73.25961633333333,56.037964,,,0,0,0.1019,Low,987633
KE017,Makueni,2007-12,72.45619666666666,62.72562,,,0,0,0.1019,Low,987633
KE017,Makueni,2008-01,146.53079666666667,39.32071,,,0,0,0.1019,Low,987633
KE017,Makueni,2008-02,72.599056,57.355648,,,0,0,0.1019,Low,987633
KE017,Makueni,2008-03,189.06348866666667,67.7549,,,0,0,0.1019,Low,987633
KE017,Makueni,2008-04,50.576800999999996,32.514843,,,0,0,0.1019,Low,987633
KE017,Makueni,2008-05,63.421884666666664,40.720524,,,0,0,0.1019,Low,987633
KE017,Makueni,2008-06,94.54129499999999,89.77167,,,0,0,0.1019,Low,987633
KE017,Makueni,2008-07,100.52648166666667,95.14946,,,0,0,0.1019,Low,987633
KE017,Makueni,2008-08,87.301768,86.445564,,,0,0,0.1019,Low,987633
KE017,Makueni,2008-09,94.974115,92.99225,,,0,0,0.1019,Low,987633
KE017,Makueni,2008-10,113.560188,70.14137,,,0,0,0.1019,Low,987633
KE017,Makueni,2008-11,77.69289199999999,38.779366,,,0,0,0.1019,Low,987633
KE017,Makueni,2008-12,40.708642000000005,22.453913,,,0,0,0.1019,Low,987633
KE017,Makueni,2009-01,89.57381566666668,36.840027,,,0,0,0.1019,Low,987633
KE017,Makueni,2009-02,77.16161333333334,45.00409,,,0,0,0.1019,Low,987633
KE017,Makueni,2009-03,35.66089466666667,33.688324,,,0,0,0.1019,Low,987633
KE017,Makueni,2009-04,61.86219833333333,53.396065,,,0,0,0.1019,Low,987633
KE017,Makueni,2009-05,84.83909133333333,60.22123,,,0,0,0.1019,Low,987633
KE017,Makueni,2009-06,102.90569666666666,98.14183,,,0,0,0.1019,Low,987633
KE017,Makueni,2009-07,93.16667666666666,91.64817,,,0,0,0.1019,Low,987633
KE017,Makueni,2009-08,89.74828000000001,88.10326,,,0,0,0.1019,Low,987633
KE017,Makueni,2009-09,91.12999666666667,83.62472,,,0,0,0.1019,Low,987633
KE017,Makueni,2009-10,136.82271333333333,116.14319,,,0,0,0.1019,Low,987633
KE017,Makueni,2009-11,63.89530033333333,58.436226,,,0,0,0.1019,Low,987633
KE017,Makueni,2009-12,146.82147,90.52375,,,0,0,0.1019,Low,987633
KE017,Makueni,2010-01,73.18712933333333,40.824715,,,0,0,0.1019,Low,987633
KE017,Makueni,2010-02,119.58599166666666,53.384735,,,0,0,0.1019,Low,987633
KE017,Makueni,2010-03,196.25221766666664,38.632263,,,0,0,0.1019,Low,987633
KE017,Makueni,2010-04,67.63622133333332,56.738438,,,0,0,0.1019,Low,987633
KE017,Makueni,2010-05,101.14081800000001,91.76663,,,0,0,0.1019,Low,987633
KE017,Makueni,2010-06,94.61149666666665,91.60936,,,0,0,0.1019,Low,987633
KE017,Makueni,2010-07,98.10458333333334,93.906586,,,0,0,0.1019,Low,987633
KE017,Makueni,2010-08,89.169548,85.38948,,,0,0,0.1019,Low,987633
KE017,Makueni,2010-09,96.59610533333334,94.26076,,,0,0,0.1019,Low,987633
KE017,Makueni,2010-10,78.315512,69.8879,,,0,0,0.1019,Low,987633
KE017,Makueni,2010-11,90.68851000000001,54.396713,,,0,0,0.1019,Low,987633
KE017,Makueni,2010-12,74.82484566666666,37.790997,,,0,0,0.1019,Low,987633
KE017,Makueni,2011-01,53.39376433333334,38.8579,,,0,0,0.1019,Low,987633
KE017,Makueni,2011-02,132.23392933333335,60.663425,,,0,0,0.1019,Low,987633
KE017,Makueni,2011-03,130.64230899999998,41.417877,,,0,0,0.1019,Low,987633
KE017,Makueni,2011-04,39.60747,31.173538,,,0,0,0.1019,Low,987633
KE017,Makueni,2011-05,90.26212399999999,56.956642,,,0,0,0.1019,Low,987633
KE017,Makueni,2011-06,94.99305133333333,85.728714,,,0,0,0.1019,Low,987633
KE017,Makueni,2011-07,92.87081,91.54167,,,0,0,0.1019,Low,987633
KE017,Makueni,2011-08,92.97955333333334,91.2662,,,0,0,0.1019,Low,987633
KE017,Makueni,2011-09,96.29076466666667,92.320724,,,0,0,0.1019,Low,987633
KE017,Makueni,2011-10,161.24754333333334,98.22414,,,0,0,0.1019,Low,987633
KE017,Makueni,2011-11,128.11711533333335,104.2717,,,0,0,0.1019,Low,987633
KE017,Makueni,2011-12,52.90420666666666,36.81569,,,0,0,0.1019,Low,987633
KE017,Makueni,2012-01,60.022023333333344,33.61884,,,0,0,0.1019,Low,987633
KE017,Makueni,2012-02,87.47916433333334,41.672783,,,0,0,0.1019,Low,987633
KE017,Makueni,2012-03,75.70307066666668,21.695446,,,0,0,0.1019,Low,987633
KE017,Makueni,2012-04,163.82082466666665,95.198944,,,0,0,0.1019,Low,987633
KE017,Makueni,2012-05,104.01857333333334,82.4264,,,0,0,0.1019,Low,987633
KE017,Makueni,2012-06,104.656702,95.33971,,,0,0,0.1019,Low,987633
KE017,Makueni,2012-07,94.067618,92.553474,,,0,0,0.1019,Low,987633
KE017,Makueni,2012-08,109.39065666666666,107.43802,,,0,0,0.1019,Low,987633
KE017,Makueni,2012-09,91.296732,90.146286,,,0,0,0.1019,Low,987633
KE017,Makueni,2012-10,89.88155333333333,64.66032,,,0,0,0.1019,Low,987633
KE017,Makueni,2012-11,82.95561666666667,38.30901,,,0,0,0.1019,Low,987633
KE017,Makueni,2012-12,111.337085,54.91689,,,0,0,0.1019,Low,987633
KE017,Makueni,2013-01,65.70718633333333,38.855957,,,0,0,0.1019,Low,987633
KE017,Makueni,2013-02,70.74387666666667,44.10317,,,0,0,0.1019,Low,987633
KE017,Makueni,2013-03,127.22559333333334,43.65701,,,0,0,0.1019,Low,987633
KE017,Makueni,2013-04,119.59329433333335,41.131203,,,0,0,0.1019,Low,987633
KE017,Makueni,2013-05,70.53732266666667,55.793198,,,0,0,0.1019,Low,987633
KE017,Makueni,2013-06,95.08615333333334,85.54495,,,0,0,0.1019,Low,987633
KE017,Makueni,2013-07,96.64056999999998,95.481186,,,0,0,0.1019,Low,987633
KE017,Makueni,2013-08,96.62902666666668,94.95722,,,0,0,0.1019,Low,987633
KE017,Makueni,2013-09,118.29701,98.4356,,,0,0,0.1019,Low,987633
KE017,Makueni,2013-10,88.71236466666666,47.691284,,,0,0,0.1019,Low,987633
KE017,Makueni,2013-11,84.481248,38.101044,,,0,0,0.1019,Low,987633
KE017,Makueni,2013-12,105.153139,34.264347,,,0,0,0.1019,Low,987633
KE017,Makueni,2014-01,41.345409,32.84131,,,0,0,0.1019,Low,987633
KE017,Makueni,2014-02,141.81261133333334,55.857784,,,0,0,0.1019,Low,987633
KE017,Makueni,2014-03,131.47665866666668,30.778976,,,0,0,0.1019,Low,987633
KE017,Makueni,2014-04,52.374396999999995,47.075977,,,0,0,0.1019,Low,987633
KE017,Makueni,2014-05,68.05237100000001,58.415287,,,0,0,0.1019,Low,987633
KE017,Makueni,2014-06,106.68945033333334,105.16239,,,0,0,0.1019,Low,987633
KE017,Makueni,2014-07,98.93952999999999,96.75279,,,0,0,0.1019,Low,987633
KE017,Makueni,2014-08,97.75651866666668,93.743576,,,0,0,0.1019,Low,987633
KE017,Makueni,2014-09,102.24651666666666,96.94417,,,0,0,0.1019,Low,987633
KE017,Makueni,2014-10,93.10849233333333,59.866917,,,0,0,0.1019,Low,987633
KE017,Makueni,2014-11,88.49362,79.84765,,,0,0,0.1019,Low,987633
KE017,Makueni,2014-12,86.577735,51.37218,,,0,0,0.1019,Low,987633
KE017,Makueni,2015-01,38.474235666666665,32.28593,,,0,0,0.1019,Low,987633
KE017,Makueni,2015-02,79.619899,57.01239,,,0,0,0.1019,Low,987633
KE017,Makueni,2015-03,67.54789466666666,39.15398,,,0,0,0.1019,Low,987633
KE017,Makueni,2015-04,165.69840333333335,143.8162,,,0,0,0.1019,Low,987633
KE017,Makueni,2015-05,156.93273166666665,80.34239,,,0,0,0.1019,Low,987633
KE017,Makueni,2015-06,94.90052333333334,92.733864,,,0,0,0.1019,Low,987633
KE017,Makueni,2015-07,111.25909999999999,108.9713,,,0,0,0.1019,Low,987633
KE017,Makueni,2015-08,97.24794000000001,92.02517,,,0,0,0.1019,Low,987633
KE017,Makueni,2015-09,103.15187666666667,96.94417,,,0,0,0.1019,Low,987633
KE017,Makueni,2015-10,111.86113666666665,92.36899,,,1,1,0.1019,Low,987633
KE017,Makueni,2015-11,136.36477666666667,97.94716,,,0,0,0.1019,Low,987633
KE017,Makueni,2015-12,117.47776199999998,44.198696,,,0,0,0.1019,Low,987633
KE017,Makueni,2016-01,138.27199533333334,80.52972,,,0,0,0.1019,Low,987633
KE017,Makueni,2016-02,76.99329133333333,50.975304,,,0,0,0.1019,Low,987633
KE017,Makueni,2016-03,59.62578266666666,20.392973,,,0,0,0.1019,Low,987633
KE017,Makueni,2016-04,139.83130333333332,129.9697,,,0,0,0.1019,Low,987633
KE017,Makueni,2016-05,84.21954466666666,75.311264,,,0,0,0.1019,Low,987633
KE017,Makueni,2016-06,99.64648166666666,99.23582,,,0,0,0.1019,Low,987633
KE017,Makueni,2016-07,94.82874333333332,93.77829,,,0,0,0.1019,Low,987633
KE017,Makueni,2016-08,108.41512366666666,104.524956,,,0,0,0.1019,Low,987633
KE017,Makueni,2016-09,99.66369533333334,97.57843,,,0,0,0.1019,Low,987633
KE017,Makueni,2016-10,85.98975166666666,59.482635,,,0,0,0.1019,Low,987633
KE017,Makueni,2016-11,114.62933333333335,67.40478,,,0,0,0.1019,Low,987633
KE017,Makueni,2016-12,47.81989333333333,35.88109,,,0,0,0.1019,Low,987633
KE017,Makueni,2017-01,50.54408833333334,42.05789,,,0,0,0.1019,Low,987633
KE017,Makueni,2017-02,121.976788,61.870148,,,0,0,0.1019,Low,987633
KE017,Makueni,2017-03,31.938495,30.682499,,,0,0,0.1019,Low,987633
KE017,Makueni,2017-04,85.84535233333334,51.77569,,,0,0,0.1019,Low,987633
KE017,Makueni,2017-05,111.01215333333334,100.44726,,,0,0,0.1019,Low,987633
KE017,Makueni,2017-06,97.12290333333333,90.00137,,,0,0,0.1019,Low,987633
KE017,Makueni,2017-07,114.34028333333333,107.36796,,,0,0,0.1019,Low,987633
KE017,Makueni,2017-08,121.23585466666667,118.77369,,,0,0,0.1019,Low,987633
KE017,Makueni,2017-09,107.31582666666667,99.28606,,,0,0,0.1019,Low,987633
KE017,Makueni,2017-10,101.03522133333333,78.80179,,,0,0,0.1019,Low,987633
KE017,Makueni,2017-11,93.71703533333334,61.534256,,,1,1,0.1019,Low,987633
KE017,Makueni,2017-12,40.83164333333334,33.419956,,,0,0,0.1019,Low,987633
KE017,Makueni,2018-01,72.29473066666667,45.346367,,,0,0,0.1019,Low,987633
KE017,Makueni,2018-02,67.36130133333334,55.4799,,,0,0,0.1019,Low,987633
KE017,Makueni,2018-03,257.90673,41.4744,,,0,0,0.1019,Low,987633
KE017,Makueni,2018-04,227.4504866666667,112.7033,,,0,0,0.1019,Low,987633
KE017,Makueni,2018-05,119.897065,82.23984,,,0,0,0.1019,Low,987633
KE017,Makueni,2018-06,116.85343,113.75052,,,0,0,0.1019,Low,987633
KE017,Makueni,2018-07,124.122275,120.085205,,,0,0,0.1019,Low,987633
KE017,Makueni,2018-08,112.27449133333334,104.33085,,,0,0,0.1019,Low,987633
KE017,Makueni,2018-09,116.42327633333333,111.235275,,,0,0,0.1019,Low,987633
KE017,Makueni,2018-10,110.98836833333333,86.89601,,,0,0,0.1019,Low,987633
KE017,Makueni,2018-11,75.79103333333335,53.19289,,,0,0,0.1019,Low,987633
KE017,Makueni,2018-12,173.58596333333332,64.94424,,,0,0,0.1019,Low,987633
KE017,Makueni,2019-01,54.08071133333333,49.835857,,,1,1,0.1019,Low,987633
KE017,Makueni,2019-02,74.790938,61.702538,,,0,0,0.1019,Low,987633
KE017,Makueni,2019-03,28.241555666666667,20.272032,,,0,0,0.1019,Low,987633
KE017,Makueni,2019-04,88.358591,27.722546,,,0,0,0.1019,Low,987633
KE017,Makueni,2019-05,91.47085833333334,74.1131,,,0,0,0.1019,Low,987633
KE017,Makueni,2019-06,104.92199666666666,100.14112,,,0,0,0.1019,Low,987633
KE017,Makueni,2019-07,131.9165,126.95482,,,1,0,0.1019,Low,987633
KE017,Makueni,2019-08,125.39524133333333,108.485794,,,0,0,0.1019,Low,987633
KE017,Makueni,2019-09,115.72415666666666,114.11798,,,0,0,0.1019,Low,987633
KE017,Makueni,2019-10,364.66927000000004,250.66357,,,0,0,0.1019,Low,987633
KE017,Makueni,2019-11,162.01942766666664,45.261513,,,1,4,0.1019,Low,987633
KE017,Makueni,2019-12,232.98541666666665,82.11293,,,0,0,0.1019,Low,987633
KE017,Makueni,2020-01,272.06751133333336,115.000114,,,0,0,0.1019,Low,987633
KE017,Makueni,2020-02,185.914851,52.525723,,,0,0,0.1019,Low,987633
KE017,Makueni,2020-03,171.38299666666668,72.97895,,,0,0,0.1019,Low,987633
KE017,Makueni,2020-04,161.656292,37.030796,,,0,0,0.1019,Low,987633
KE017,Makueni,2020-05,70.93991266666667,50.670578,,,1,1,0.1019,Low,987633
KE017,Makueni,2020-06,109.62329166666666,107.22982,,,0,0,0.1019,Low,987633
KE017,Makueni,2020-07,125.94648166666666,114.65341,,,0,0,0.1019,Low,987633
KE017,Makueni,2020-08,100.76529666666666,99.39697,,,0,0,0.1019,Low,987633
KE017,Makueni,2020-09,111.67993333333334,108.18774,,,0,0,0.1019,Low,987633
KE017,Makueni,2020-10,73.71925666666667,71.43409,,,0,0,0.1019,Low,987633
KE017,Makueni,2020-11,109.40330733333333,104.582146,,,0,0,0.1019,Low,987633
KE017,Makueni,2020-12,95.024616,38.217598,,,0,0,0.1019,Low,987633
KE017,Makueni,2021-01,61.072522,35.04825,,,0,0,0.1019,Low,987633
KE017,Makueni,2021-02,126.78312666666666,82.84272,,,0,0,0.1019,Low,987633
KE017,Makueni,2021-03,49.45445333333333,31.226803,,,0,0,0.1019,Low,987633
KE017,Makueni,2021-04,77.82214166666667,67.67715,,,0,0,0.1019,Low,987633
KE017,Makueni,2021-05,167.91175333333334,86.68227,,,0,0,0.1019,Low,987633
KE017,Makueni,2021-06,89.04537833333332,81.22636,,,0,0,0.1019,Low,987633
KE017,Makueni,2021-07,129.93296999999998,125.88976,,,0,0,0.1019,Low,987633
KE017,Makueni,2021-08,102.51916833333333,100.3469,,,0,0,0.1019,Low,987633
KE017,Makueni,2021-09,97.12563666666667,90.9431,,,0,0,0.1019,Low,987633
KE017,Makueni,2021-10,81.78580033333334,54.709457,,,0,0,0.1019,Low,987633
KE017,Makueni,2021-11,90.31119333333334,39.076706,,,0,0,0.1019,Low,987633
KE017,Makueni,2021-12,152.26799866666667,84.955696,,,0,0,0.1019,Low,987633
KE017,Makueni,2022-01,61.74145033333334,34.600006,,,0,0,0.1019,Low,987633
KE017,Makueni,2022-02,121.28469,79.69998,,,0,0,0.1019,Low,987633
KE017,Makueni,2022-03,37.86560266666667,26.843828,,,0,0,0.1019,Low,987633
KE017,Makueni,2022-04,102.47373766666668,22.229263,,,0,0,0.1019,Low,987633
KE017,Makueni,2022-05,64.66114333333333,45.860516,,,0,0,0.1019,Low,987633
KE017,Makueni,2022-06,95.71187466666667,88.48527,,,0,0,0.1019,Low,987633
KE017,Makueni,2022-07,101.34580666666666,96.70719,,,0,0,0.1019,Low,987633
KE017,Makueni,2022-08,94.67354333333333,92.23549,,,0,0,0.1019,Low,987633
KE017,Makueni,2022-09,98.51570466666665,95.23655,,,0,0,0.1019,Low,987633
KE017,Makueni,2022-10,73.84324166666666,61.849,,,0,0,0.1019,Low,987633
KE017,Makueni,2022-11,83.42160533333333,61.45155,,,0,0,0.1019,Low,987633
KE017,Makueni,2022-12,62.180378999999995,40.845497,,,1,2,0.1019,Low,987633
KE017,Makueni,2023-01,56.05911433333333,40.824715,,,0,0,0.1019,Low,987633
KE017,Makueni,2023-02,49.30710933333333,37.419598,,,0,0,0.1019,Low,987633
KE017,Makueni,2023-03,67.27382233333333,24.109997,,,0,0,0.1019,Low,987633
KE017,Makueni,2023-04,130.32507166666667,59.758835,,,0,0,0.1019,Low,987633
KE017,Makueni,2023-05,87.234395,69.730675,,,1,1,0.1019,Low,987633
KE017,Makueni,2023-06,108.026504,104.28948,,,0,0,0.1019,Low,987633
KE017,Makueni,2023-07,106.81262866666667,105.9732,,,0,0,0.1019,Low,987633
KE017,Makueni,2023-08,94.95449,90.79063,,,0,0,0.1019,Low,987633
KE017,Makueni,2023-09,99.97235833333333,96.7978,,,0,0,0.1019,Low,987633
KE017,Makueni,2023-10,127.77658000000001,85.79577,,,0,0,0.1019,Low,987633
KE017,Makueni,2023-11,223.83252666666667,119.66137,,,0,0,0.1019,Low,987633
KE017,Makueni,2023-12,78.01011799999999,59.88826,,,0,0,0.1019,Low,987633
KE017,Makueni,2024-01,137.96876,59.32669,,,0,0,0.1019,Low,987633
KE017,Makueni,2024-02,163.468339,54.893257,,,0,0,0.1019,Low,987633
KE017,Makueni,2024-03,132.04605033333334,88.456696,152.5,54.5,1,1,0.1019,Low,987633
KE017,Makueni,2024-04,228.51536666666667,130.01894,,,0,0,0.1019,Low,987633
KE017,Makueni,2024-05,168.04688,85.51649,,,1,1,0.1019,Low,987633
KE017,Makueni,2024-06,103.85188333333333,98.22878,,,1,0,0.1019,Low,987633
KE017,Makueni,2024-07,112.52495333333333,101.95734,,,0,0,0.1019,Low,987633
KE017,Makueni,2024-08,92.06604,91.04782,,,0,0,0.1019,Low,987633
KE017,Makueni,2024-09,97.195612,91.62615,,,1,0,0.1019,Low,987633
KE017,Makueni,2024-10,61.084149000000004,49.89584,,,0,0,0.1019,Low,987633
KE017,Makueni,2024-11,147.59582666666668,77.73471,,,1,0,0.1019,Low,987633
KE017,Makueni,2024-12,91.13698833333335,86.847176,,,0,0,0.1019,Low,987633
KE017,Makueni,2025-01,161.38444333333334,39.591537,,,0,0,0.1019,Low,987633
KE017,Makueni,2025-02,45.99426033333333,35.57586,,,0,0,0.1019,Low,987633
KE017,Makueni,2025-03,187.17744666666667,81.15338,,,0,0,0.1019,Low,987633
KE017,Makueni,2025-04,129.72817999999998,116.90178,,,0,0,0.1019,Low,987633
KE017,Makueni,2025-05,112.01763666666666,67.9073,,,0,0,0.1019,Low,987633
KE017,Makueni,2025-06,105.70584666666667,95.88202,,,0,0,0.1019,Low,987633
KE017,Makueni,2025-07,100.00510666666666,96.44093,,,0,0,0.1019,Low,987633
KE017,Makueni,2025-08,123.09616666666666,116.62076,,,0,0,0.1019,Low,987633
KE017,Makueni,2025-09,104.58753666666667,103.55547,,,0,0,0.1019,Low,987633
KE017,Makueni,2025-10,137.27266666666665,67.10475,,,0,0,0.1019,Low,987633
KE017,Makueni,2025-11,41.469545333333336,30.34409,,,0,0,0.1019,Low,987633
KE017,Makueni,2025-12,152.80904766666666,29.716343,,,0,0,0.1019,Low,987633
KE009,Mandera,2006-01,96.71979666666668,95.55747,,30.0,0,0,0.4612,High,867420
KE009,Mandera,2006-02,88.03461333333333,86.43906,,29.0,0,0,0.4612,High,867420
KE009,Mandera,2006-03,70.88364466666667,66.632164,,27.0,0,0,0.4612,High,867420
KE009,Mandera,2006-04,134.73047666666668,68.61906,,28.0,0,0,0.4612,High,867420
KE009,Mandera,2006-05,98.83157333333334,65.91038,,25.0,0,0,0.4612,High,867420
KE009,Mandera,2006-06,97.13277866666665,93.95959,,22.0,0,0,0.4612,High,867420
KE009,Mandera,2006-07,95.88694133333333,95.21293,,23.0,0,0,0.4612,High,867420
KE009,Mandera,2006-08,98.59234,96.32785,,23.0,0,0,0.4612,High,867420
KE009,Mandera,2006-09,106.520572,98.48579,,22.0,0,0,0.4612,High,867420
KE009,Mandera,2006-10,214.37313666666668,98.17358,,23.0,0,0,0.4612,High,867420
KE009,Mandera,2006-11,168.49765666666667,136.21375,,31.0,0,0,0.4612,High,867420
KE009,Mandera,2006-12,136.21365666666665,81.48925,,28.0,0,0,0.4612,High,867420
KE009,Mandera,2007-01,96.18556333333333,94.54967,,20.0,0,0,0.4612,High,867420
KE009,Mandera,2007-02,96.41481333333333,88.24466,,23.0,0,0,0.4612,High,867420
KE009,Mandera,2007-03,79.72969166666667,51.06429,,22.0,0,0,0.4612,High,867420
KE009,Mandera,2007-04,79.42750333333333,45.3767,,26.0,2,7,0.4612,High,867420
KE009,Mandera,2007-05,106.75518466666666,77.15571,,33.0,0,0,0.4612,High,867420
KE009,Mandera,2007-06,110.91259666666667,100.76424,,29.0,0,0,0.4612,High,867420
KE009,Mandera,2007-07,96.343858,95.590454,,25.0,0,0,0.4612,High,867420
KE009,Mandera,2007-08,107.18433966666667,105.50368,,30.0,3,8,0.4612,High,867420
KE009,Mandera,2007-09,98.88917166666666,98.44473,,29.0,0,0,0.4612,High,867420
KE009,Mandera,2007-10,127.34066033333333,105.459305,,31.0,1,1,0.4612,High,867420
KE009,Mandera,2007-11,76.49157333333333,58.06334,,26.0,4,5,0.4612,High,867420
KE009,Mandera,2007-12,60.83094,40.89686,,31.0,0,0,0.4612,High,867420
KE009,Mandera,2008-01,97.47218333333335,94.72064,,31.0,2,0,0.4612,High,867420
KE009,Mandera,2008-02,88.77371333333333,82.09901,,29.0,0,0,0.4612,High,867420
KE009,Mandera,2008-03,58.284041333333334,55.35045,,33.0,0,0,0.4612,High,867420
KE009,Mandera,2008-04,103.77595133333334,64.39303,,31.0,0,0,0.4612,High,867420
KE009,Mandera,2008-05,67.76134266666666,49.84184,,34.0,0,0,0.4612,High,867420
KE009,Mandera,2008-06,108.77721000000001,103.64956,,31.0,0,0,0.4612,High,867420
KE009,Mandera,2008-07,96.59946666666667,95.74147,,32.0,0,0,0.4612,High,867420
KE009,Mandera,2008-08,98.14098133333334,97.128914,,34.0,6,19,0.4612,High,867420
KE009,Mandera,2008-09,97.64295,94.43383,,34.0,0,0,0.4612,High,867420
KE009,Mandera,2008-10,94.51863666666667,44.23405,,35.0,2,8,0.4612,High,867420
KE009,Mandera,2008-11,77.08738833333332,33.534897,,36.0,3,12,0.4612,High,867420
KE009,Mandera,2008-12,59.224758333333334,39.044205,,37.0,0,0,0.4612,High,867420
KE009,Mandera,2009-01,96.78443333333333,95.32856,,37.0,0,0,0.4612,High,867420
KE009,Mandera,2009-02,110.72260466666667,87.11173,,35.0,0,0,0.4612,High,867420
KE009,Mandera,2009-03,53.21930566666666,38.915207,,37.0,0,0,0.4612,High,867420
KE009,Mandera,2009-04,63.254986,36.606686,,39.0,0,0,0.4612,High,867420
KE009,Mandera,2009-05,98.97546,84.82626,,40.0,1,0,0.4612,High,867420
KE009,Mandera,2009-06,97.23268,94.63193,,43.0,0,0,0.4612,High,867420
KE009,Mandera,2009-07,95.93907,95.57159,,44.0,1,0,0.4612,High,867420
KE009,Mandera,2009-08,96.70935033333335,96.619156,,44.0,0,0,0.4612,High,867420
KE009,Mandera,2009-09,96.43812133333334,92.46386,,40.0,0,0,0.4612,High,867420
KE009,Mandera,2009-10,124.68493666666666,73.33542,,41.0,0,0,0.4612,High,867420
KE009,Mandera,2009-11,51.22782533333333,35.353836,,39.0,0,0,0.4612,High,867420
KE009,Mandera,2009-12,100.542155,85.992226,,36.0,0,0,0.4612,High,867420
KE009,Mandera,2010-01,100.648075,95.492775,,36.0,1,2,0.4612,High,867420
KE009,Mandera,2010-02,115.787778,94.24633,,39.0,0,0,0.4612,High,867420
KE009,Mandera,2010-03,251.22407666666666,196.47171,,34.0,0,0,0.4612,High,867420
KE009,Mandera,2010-04,96.36737333333333,75.10752,,33.0,0,0,0.4612,High,867420
KE009,Mandera,2010-05,63.92055,48.27365,,36.0,0,0,0.4612,High,867420
KE009,Mandera,2010-06,96.950588,93.304054,,39.0,0,0,0.4612,High,867420
KE009,Mandera,2010-07,98.15112333333333,95.57159,,41.0,0,0,0.4612,High,867420
KE009,Mandera,2010-08,97.06100333333332,96.46721,,44.0,0,0,0.4612,High,867420
KE009,Mandera,2010-09,96.92455866666667,94.575806,,45.0,0,0,0.4612,High,867420
KE009,Mandera,2010-10,66.45969266666667,49.831738,,45.0,1,30,0.4612,High,867420
KE009,Mandera,2010-11,43.025984666666666,29.343704,,47.0,0,0,0.4612,High,867420
KE009,Mandera,2010-12,61.303873333333335,39.59854,,49.0,0,0,0.4612,High,867420
KE009,Mandera,2011-01,96.078367,93.69478,,50.0,0,0,0.4612,High,867420
KE009,Mandera,2011-02,88.76666666666667,83.18318,,51.0,2,1,0.4612,High,867420
KE009,Mandera,2011-03,48.940133,35.24306,,52.0,1,1,0.4612,High,867420
KE009,Mandera,2011-04,45.07947066666667,24.882658,,54.0,0,0,0.4612,High,867420
KE009,Mandera,2011-05,76.42270666666667,58.48993,,57.0,4,6,0.4612,High,867420
KE009,Mandera,2011-06,100.01565799999999,97.701355,,59.0,0,0,0.4612,High,867420
KE009,Mandera,2011-07,96.21991333333334,94.72214,,63.0,1,4,0.4612,High,867420
KE009,Mandera,2011-08,96.95345466666667,96.87404,,63.0,0,0,0.4612,High,867420
KE009,Mandera,2011-09,97.87344999999999,94.71779,,65.0,0,0,0.4612,High,867420
KE009,Mandera,2011-10,198.42787666666666,111.60732,,67.0,3,5,0.4612,High,867420
KE009,Mandera,2011-11,269.9351633333333,133.68587,,65.0,2,1,0.4612,High,867420
KE009,Mandera,2011-12,127.96897333333334,83.00186,,60.0,2,0,0.4612,High,867420
KE009,Mandera,2012-01,94.94094866666667,93.96075,,76.0,1,0,0.4612,High,867420
KE009,Mandera,2012-02,100.75807166666668,92.108635,,76.0,2,2,0.4612,High,867420
KE009,Mandera,2012-03,53.29577666666666,36.351856,,78.0,6,11,0.4612,High,867420
KE009,Mandera,2012-04,85.93517333333334,77.5232,,78.24,0,0,0.4612,High,867420
KE009,Mandera,2012-05,95.83552466666667,60.09847,,78.67,1,0,0.4612,High,867420
KE009,Mandera,2012-06,96.74288133333334,92.2115,,79.0,4,1,0.4612,High,867420
KE009,Mandera,2012-07,95.62194666666666,94.92977,,80.0,4,8,0.4612,High,867420
KE009,Mandera,2012-08,99.62553833333334,99.327675,,80.0,4,20,0.4612,High,867420
KE009,Mandera,2012-09,100.20692466666667,96.7055,,80.0,2,0,0.4612,High,867420
KE009,Mandera,2012-10,111.22454666666668,72.91383,,79.0,1,1,0.4612,High,867420
KE009,Mandera,2012-11,86.63704233333333,40.969807,,79.0,0,0,0.4612,High,867420
KE009,Mandera,2012-12,77.139015,67.949905,,80.0,2,1,0.4612,High,867420
KE009,Mandera,2013-01,102.238555,98.57627,,78.0,1,2,0.4612,High,867420
KE009,Mandera,2013-02,91.90026999999999,82.02045,,78.0,3,4,0.4612,High,867420
KE009,Mandera,2013-03,228.911578,63.839764,,79.0,1,1,0.4612,High,867420
KE009,Mandera,2013-04,151.96144666666666,119.84035,,80.0,1,7,0.4612,High,867420
KE009,Mandera,2013-05,81.31614,66.69985,,80.0,6,9,0.4612,High,867420
KE009,Mandera,2013-06,99.72492466666665,94.968094,,78.0,5,27,0.4612,High,867420
KE009,Mandera,2013-07,103.201122,100.957016,,83.0,1,2,0.4612,High,867420
KE009,Mandera,2013-08,99.91654999999999,96.14111,,76.0,4,6,0.4612,High,867420
KE009,Mandera,2013-09,117.63105300000001,98.354935,,67.0,4,2,0.4612,High,867420
KE009,Mandera,2013-10,89.26410133333333,49.47219,,69.0,0,0,0.4612,High,867420
KE009,Mandera,2013-11,151.211285,46.632935,,67.0,6,72,0.4612,High,867420
KE009,Mandera,2013-12,64.45463033333334,39.511017,,64.0,1,0,0.4612,High,867420
KE009,Mandera,2014-01,96.770418,96.297424,,60.0,1,0,0.4612,High,867420
KE009,Mandera,2014-02,100.90870533333333,83.16747,,57.0,2,0,0.4612,High,867420
KE009,Mandera,2014-03,109.54150399999999,60.995262,,57.0,1,0,0.4612,High,867420
KE009,Mandera,2014-04,89.58382333333334,67.98647,,56.0,3,3,0.4612,High,867420
KE009,Mandera,2014-05,125.31884666666667,95.00218,,56.0,3,15,0.4612,High,867420
KE009,Mandera,2014-06,97.91917533333333,96.3464,,57.0,2,3,0.4612,High,867420
KE009,Mandera,2014-07,105.16096666666668,103.95319,,59.0,1,2,0.4612,High,867420
KE009,Mandera,2014-08,104.37827133333333,103.26997,,61.0,8,31,0.4612,High,867420
KE009,Mandera,2014-09,98.19958000000001,94.82427,,63.0,2,1,0.4612,High,867420
KE009,Mandera,2014-10,65.69839333333333,42.08862,,66.0,1,5,0.4612,High,867420
KE009,Mandera,2014-11,114.39543533333334,102.9664,,64.0,3,64,0.4612,High,867420
KE009,Mandera,2014-12,74.616012,44.93767,,60.0,1,0,0.4612,High,867420
KE009,Mandera,2015-01,97.45126166666667,96.79135,,66.0,1,0,0.4612,High,867420
KE009,Mandera,2015-02,91.287942,82.09901,,66.0,1,1,0.4612,High,867420
KE009,Mandera,2015-03,92.43418000000001,59.51269,,68.0,3,5,0.4612,High,867420
KE009,Mandera,2015-04,121.64030133333334,55.352314,,68.0,3,14,0.4612,High,867420
KE009,Mandera,2015-05,85.82729666666667,58.30327,,65.0,0,0,0.4612,High,867420
KE009,Mandera,2015-06,98.96647166666666,97.1532,,65.0,4,25,0.4612,High,867420
KE009,Mandera,2015-07,101.31152200000001,99.67721,,67.0,1,3,0.4612,High,867420
KE009,Mandera,2015-08,100.43364333333334,99.65955,,68.0,0,0,0.4612,High,867420
KE009,Mandera,2015-09,98.34427733333332,94.575806,,65.0,0,0,0.4612,High,867420
KE009,Mandera,2015-10,127.79928433333333,41.043983,,65.0,0,0,0.4612,High,867420
KE009,Mandera,2015-11,96.724035,57.17373,,66.0,0,0,0.4612,High,867420
KE009,Mandera,2015-12,84.53441833333333,49.350475,,65.0,7,21,0.4612,High,867420
KE009,Mandera,2016-01,97.04090533333333,96.61419,,60.0,1,6,0.4612,High,867420
KE009,Mandera,2016-02,107.03699,100.77771,,61.0,0,0,0.4612,High,867420
KE009,Mandera,2016-03,58.482889666666665,32.465107,,62.0,1,4,0.4612,High,867420
KE009,Mandera,2016-04,141.85551,89.07303,,,0,0,0.4612,High,867420
KE009,Mandera,2016-05,88.25774000000001,58.45448,,65.0,0,0,0.4612,High,867420
KE009,Mandera,2016-06,100.82983533333334,99.80986,,66.0,3,11,0.4612,High,867420
KE009,Mandera,2016-07,100.45040999999999,99.8389,,66.0,1,6,0.4612,High,867420
KE009,Mandera,2016-08,97.68646999999999,97.18354,,64.0,0,0,0.4612,High,867420
KE009,Mandera,2016-09,97.46289333333334,94.59355,,46.6,1,1,0.4612,High,867420
KE009,Mandera,2016-10,49.735711,37.5881,,63.0,3,13,0.4612,High,867420
KE009,Mandera,2016-11,78.621967,43.067535,,65.0,5,4,0.4612,High,867420
KE009,Mandera,2016-12,121.81470666666667,91.08117,,66.0,0,0,0.4612,High,867420
KE009,Mandera,2017-01,97.591752,96.71536,,66.0,3,17,0.4612,High,867420
KE009,Mandera,2017-02,118.14395333333334,84.91158,,64.0,0,0,0.4612,High,867420
KE009,Mandera,2017-03,50.697202000000004,42.46813,,68.6,2,3,0.4612,High,867420
KE009,Mandera,2017-04,87.30944133333333,64.114334,,65.0,2,14,0.4612,High,867420
KE009,Mandera,2017-05,112.45688833333332,83.610985,,64.0,5,8,0.4612,High,867420
KE009,Mandera,2017-06,98.45545666666668,96.01022,,66.0,6,16,0.4612,High,867420
KE009,Mandera,2017-07,99.50122866666668,98.742966,,66.0,2,1,0.4612,High,867420
KE009,Mandera,2017-08,101.45369333333333,100.80653,,67.0,2,2,0.4612,High,867420
KE009,Mandera,2017-09,102.34740866666665,101.47953,,70.0,1,0,0.4612,High,867420
KE009,Mandera,2017-10,85.66082966666666,60.083275,,70.0,4,4,0.4612,High,867420
KE009,Mandera,2017-11,124.338595,39.980385,,65.0,0,0,0.4612,High,867420
KE009,Mandera,2017-12,59.03912166666667,37.855305,,67.0,2,11,0.4612,High,867420
KE009,Mandera,2018-01,96.78971,96.14545,,67.5,1,4,0.4612,High,867420
KE009,Mandera,2018-02,119.77115166666668,100.509415,,67.0,1,5,0.4612,High,867420
KE009,Mandera,2018-03,232.257705,109.365555,,65.0,2,6,0.4612,High,867420
KE009,Mandera,2018-04,159.03097133333333,103.368484,,63.0,2,4,0.4612,High,867420
KE009,Mandera,2018-05,130.21576666666667,95.54064,,66.0,1,1,0.4612,High,867420
KE009,Mandera,2018-06,98.93349,97.3381,,64.0,2,5,0.4612,High,867420
KE009,Mandera,2018-07,106.82056666666666,105.31184,,63.0,1,0,0.4612,High,867420
KE009,Mandera,2018-08,102.68761666666667,101.42553,,64.0,4,4,0.4612,High,867420
KE009,Mandera,2018-09,103.28458,98.7911,,67.0,4,1,0.4612,High,867420
KE009,Mandera,2018-10,99.73131000000001,66.26135,,67.0,6,14,0.4612,High,867420
KE009,Mandera,2018-11,75.86796766666667,29.128653,,65.0,2,3,0.4612,High,867420
KE009,Mandera,2018-12,283.14634333333333,233.53925,,68.0,2,2,0.4612,High,867420
KE009,Mandera,2019-01,96.69100666666667,96.441666,,68.0,1,2,0.4612,High,867420
KE009,Mandera,2019-02,92.31808000000001,82.50754,,70.0,0,0,0.4612,High,867420
KE009,Mandera,2019-03,63.02503933333333,52.802094,,75.0,0,0,0.4612,High,867420
KE009,Mandera,2019-04,66.39879366666666,31.507841,,74.0,1,0,0.4612,High,867420
KE009,Mandera,2019-05,152.94915733333335,60.525112,,75.0,0,0,0.4612,High,867420
KE009,Mandera,2019-06,97.22583466666667,93.57299,,75.0,3,1,0.4612,High,867420
KE009,Mandera,2019-07,109.76960333333334,105.73186,,76.9,1,5,0.4612,High,867420
KE009,Mandera,2019-08,99.88418,98.53921,,80.0,1,2,0.4612,High,867420
KE009,Mandera,2019-09,105.93663333333335,102.34583,,81.8,1,7,0.4612,High,867420
KE009,Mandera,2019-10,292.45926000000003,105.18223,,80.0,1,0,0.4612,High,867420
KE009,Mandera,2019-11,194.46566199999998,96.658936,,85.0,0,0,0.4612,High,867420
KE009,Mandera,2019-12,174.160348,125.68001,,80.0,0,0,0.4612,High,867420
KE009,Mandera,2020-01,99.58054499999999,96.58238,,80.0,0,0,0.4612,High,867420
KE009,Mandera,2020-02,89.83624666666667,80.46489,,79.0,2,4,0.4612,High,867420
KE009,Mandera,2020-03,128.8015,74.76974,,77.0,1,0,0.4612,High,867420
KE009,Mandera,2020-04,159.42201733333334,37.908382,,81.0,5,2,0.4612,High,867420
KE009,Mandera,2020-05,76.52241166666666,59.61418,,82.0,3,1,0.4612,High,867420
KE009,Mandera,2020-06,99.94424866666667,98.17852,,82.0,2,2,0.4612,High,867420
KE009,Mandera,2020-07,132.52840666666665,128.8508,,81.0,3,2,0.4612,High,867420
KE009,Mandera,2020-08,101.73697333333332,101.2728,,82.0,0,0,0.4612,High,867420
KE009,Mandera,2020-09,101.01442200000001,100.1214,,84.0,2,6,0.4612,High,867420
KE009,Mandera,2020-10,82.48387466666667,49.850784,,82.0,3,3,0.4612,High,867420
KE009,Mandera,2020-11,57.176118333333335,37.42799,,83.0,4,8,0.4612,High,867420
KE009,Mandera,2020-12,74.1792,47.118546,,82.0,3,1,0.4612,High,867420
KE009,Mandera,2021-01,100.934905,96.012665,,,4,2,0.4612,High,867420
KE009,Mandera,2021-02,95.76624866666667,89.731636,,,2,2,0.4612,High,867420
KE009,Mandera,2021-03,61.39409499999999,38.152164,,,2,4,0.4612,High,867420
KE009,Mandera,2021-04,122.23362333333334,84.9937,,,3,5,0.4612,High,867420
KE009,Mandera,2021-05,101.77908666666667,85.89506,,,5,12,0.4612,High,867420
KE009,Mandera,2021-06,97.66602333333333,94.64873,,,7,9,0.4612,High,867420
KE009,Mandera,2021-07,98.31327,97.42147,,,3,4,0.4612,High,867420
KE009,Mandera,2021-08,98.63193000000001,98.46586,,,2,1,0.4612,High,867420
KE009,Mandera,2021-09,99.027318,96.244064,,,6,1,0.4612,High,867420
KE009,Mandera,2021-10,53.38509833333333,39.51635,,,1,3,0.4612,High,867420
KE009,Mandera,2021-11,85.328329,36.48339,,,1,0,0.4612,High,867420
KE009,Mandera,2021-12,98.77886899999999,46.950787,,,1,0,0.4612,High,867420
KE009,Mandera,2022-01,99.41679466666666,97.26628,,,3,9,0.4612,High,867420
KE009,Mandera,2022-02,91.49558,82.61753,,,3,4,0.4612,High,867420
KE009,Mandera,2022-03,66.223834,53.846962,,,2,0,0.4612,High,867420
KE009,Mandera,2022-04,93.666097,49.174515,,,4,0,0.4612,High,867420
KE009,Mandera,2022-05,88.53852666666667,67.36789,,,0,0,0.4612,High,867420
KE009,Mandera,2022-06,98.92188666666668,96.93469,,,1,0,0.4612,High,867420
KE009,Mandera,2022-07,110.08701333333333,108.49867,,,6,0,0.4612,High,867420
KE009,Mandera,2022-08,100.82306,100.57453,,,4,3,0.4612,High,867420
KE009,Mandera,2022-09,98.12843500000001,94.345085,,,2,0,0.4612,High,867420
KE009,Mandera,2022-10,69.74496133333334,52.93933,,,6,4,0.4612,High,867420
KE009,Mandera,2022-11,56.888395,48.89183,,,5,0,0.4612,High,867420
KE009,Mandera,2022-12,74.68220166666667,56.600605,,,6,9,0.4612,High,867420
KE009,Mandera,2023-01,105.44050333333333,95.40651,,,4,26,0.4612,High,867420
KE009,Mandera,2023-02,90.133148,80.433464,,,10,3,0.4612,High,867420
KE009,Mandera,2023-03,292.08577800000006,84.876564,,,2,2,0.4612,High,867420
KE009,Mandera,2023-04,112.09733,83.188095,,,4,0,0.4612,High,867420
KE009,Mandera,2023-05,87.39847533333334,61.35134,,,7,5,0.4612,High,867420
KE009,Mandera,2023-06,96.49174,94.7832,,,6,6,0.4612,High,867420
KE009,Mandera,2023-07,98.94647333333334,98.54533,,,3,0,0.4612,High,867420
KE009,Mandera,2023-08,100.05166666666666,97.87537,,,4,3,0.4612,High,867420
KE009,Mandera,2023-09,96.93566500000001,92.197655,,,6,8,0.4612,High,867420
KE009,Mandera,2023-10,241.13203133333332,96.687294,,,2,0,0.4612,High,867420
KE009,Mandera,2023-11,385.32823866666666,59.339176,,,1,0,0.4612,High,867420
KE009,Mandera,2023-12,70.09663133333333,40.626984,232.33333333333334,124.75,2,0,0.4612,High,867420
KE009,Mandera,2024-01,97.95057666666666,96.18344,,,3,12,0.4612,High,867420
KE009,Mandera,2024-02,96.09326666666668,88.41552,,,1,0,0.4612,High,867420
KE009,Mandera,2024-03,64.39302833333333,56.396095,205.28571428571428,110.0,7,8,0.4612,High,867420
KE009,Mandera,2024-04,209.4468466666667,70.33651,,,4,5,0.4612,High,867420
KE009,Mandera,2024-05,107.84393,54.27631,,,2,0,0.4612,High,867420
KE009,Mandera,2024-06,97.09707033333332,91.942566,157.0,110.0,6,13,0.4612,High,867420
KE009,Mandera,2024-07,102.76766199999999,98.49143,,,8,3,0.4612,High,867420
KE009,Mandera,2024-08,139.21865666666667,121.24778,,,4,5,0.4612,High,867420
KE009,Mandera,2024-09,97.684828,95.71164,166.5,86.66666666666667,6,2,0.4612,High,867420
KE009,Mandera,2024-10,46.963225,33.930725,,,5,12,0.4612,High,867420
KE009,Mandera,2024-11,86.639745,76.16388,,,2,8,0.4612,High,867420
KE009,Mandera,2024-12,57.85870166666667,37.118618,,,8,12,0.4612,High,867420
KE009,Mandera,2025-01,95.68616033333335,95.233986,,,5,3,0.4612,High,867420
KE009,Mandera,2025-02,89.45767833333333,80.307755,,,8,8,0.4612,High,867420
KE009,Mandera,2025-03,155.63673666666668,82.50094,,115.0,6,10,0.4612,High,867420
KE009,Mandera,2025-04,122.52797666666667,80.01466,,,6,15,0.4612,High,867420
KE009,Mandera,2025-05,99.22496133333334,59.58457,,,2,3,0.4612,High,867420
KE009,Mandera,2025-06,97.16599333333333,93.5898,211.0,117.66666666666667,5,9,0.4612,High,867420
KE009,Mandera,2025-07,96.21221333333334,93.44289,,,2,3,0.4612,High,867420
KE009,Mandera,2025-08,96.34886,94.871376,,,1,1,0.4612,High,867420
KE009,Mandera,2025-09,96.01397333333334,91.09732,154.33333333333334,108.5,3,7,0.4612,High,867420
KE009,Mandera,2025-10,66.252162,50.258476,,,3,1,0.4612,High,867420
KE009,Mandera,2025-11,33.446132999999996,29.440475,,,2,0,0.4612,High,867420
KE009,Mandera,2025-12,78.47809133333332,45.222134,166.0,85.0,8,4,0.4612,High,867420
KE010,Marsabit,2006-01,73.95096111111111,65.39765,,21.0,4,19,0.3466,High,459767
KE010,Marsabit,2006-02,94.17582033333333,60.889633,,22.0,3,4,0.3466,High,459767
KE010,Marsabit,2006-03,86.93260333333333,65.40391,,22.0,4,21,0.3466,High,459767
KE010,Marsabit,2006-04,137.25620511111111,40.947006,,24.0,2,5,0.3466,High,459767
KE010,Marsabit,2006-05,89.472893,62.508457,,22.0,4,7,0.3466,High,459767
KE010,Marsabit,2006-06,90.80281822222223,76.38543,,20.0,0,0,0.3466,High,459767
KE010,Marsabit,2006-07,91.09835144444445,80.26489,,21.0,1,0,0.3466,High,459767
KE010,Marsabit,2006-08,131.73462777777777,96.01152,,22.0,4,24,0.3466,High,459767
KE010,Marsabit,2006-09,101.19109277777778,86.34939,,20.0,2,17,0.3466,High,459767
KE010,Marsabit,2006-10,167.5989943333333,60.199593,,21.0,1,1,0.3466,High,459767
KE010,Marsabit,2006-11,154.1513737777778,57.569294,,20.0,0,0,0.3466,High,459767
KE010,Marsabit,2006-12,178.6353811111111,48.38266,,20.0,0,0,0.3466,High,459767
KE010,Marsabit,2007-01,84.60147766666667,65.98744,,16.0,0,0,0.3466,High,459767
KE010,Marsabit,2007-02,93.28782622222222,63.966156,,16.0,1,1,0.3466,High,459767
KE010,Marsabit,2007-03,88.83147011111112,33.45012,,14.0,0,0,0.3466,High,459767
KE010,Marsabit,2007-04,104.44813444444445,28.08689,,12.0,0,0,0.3466,High,459767
KE010,Marsabit,2007-05,99.64605355555555,63.84822,,15.0,1,15,0.3466,High,459767
KE010,Marsabit,2007-06,148.44470666666666,96.63226,,15.0,0,0,0.3466,High,459767
KE010,Marsabit,2007-07,134.25472611111113,96.328384,,15.0,0,0,0.3466,High,459767
KE010,Marsabit,2007-08,128.92807333333334,98.97127,,15.0,1,2,0.3466,High,459767
KE010,Marsabit,2007-09,112.2252961111111,93.98221,,18.0,0,0,0.3466,High,459767
KE010,Marsabit,2007-10,94.071349,68.24767,,15.0,0,0,0.3466,High,459767
KE010,Marsabit,2007-11,83.543633,35.01281,,18.0,0,0,0.3466,High,459767
KE010,Marsabit,2007-12,54.59796055555555,36.19542,,23.0,0,0,0.3466,High,459767
KE010,Marsabit,2008-01,104.67133855555556,71.989456,,22.0,0,0,0.3466,High,459767
KE010,Marsabit,2008-02,76.27206755555557,59.105873,,23.0,0,0,0.3466,High,459767
KE010,Marsabit,2008-03,94.44399766666668,64.33424,,24.0,0,0,0.3466,High,459767
KE010,Marsabit,2008-04,96.34095766666667,31.25142,,26.0,0,0,0.3466,High,459767
KE010,Marsabit,2008-05,55.696661999999996,30.335129,,27.0,3,14,0.3466,High,459767
KE010,Marsabit,2008-06,99.034576,82.92115,,27.0,0,0,0.3466,High,459767
KE010,Marsabit,2008-07,91.78728755555557,74.70198,,29.0,1,11,0.3466,High,459767
KE010,Marsabit,2008-08,95.19299266666667,88.35617,,30.0,3,17,0.3466,High,459767
KE010,Marsabit,2008-09,104.24151222222223,88.5857,,31.0,0,0,0.3466,High,459767
KE010,Marsabit,2008-10,98.91642666666667,73.07651,,32.0,0,0,0.3466,High,459767
KE010,Marsabit,2008-11,76.75882633333333,27.702847,,42.0,0,0,0.3466,High,459767
KE010,Marsabit,2008-12,50.774400666666665,33.253384,,42.0,2,15,0.3466,High,459767
KE010,Marsabit,2009-01,97.80256944444444,64.73847,,44.0,1,4,0.3466,High,459767
KE010,Marsabit,2009-02,80.75945777777777,69.22189,,42.0,0,0,0.3466,High,459767
KE010,Marsabit,2009-03,65.25987544444445,47.19459,,42.0,0,0,0.3466,High,459767
KE010,Marsabit,2009-04,61.182616,32.605946,,44.0,0,0,0.3466,High,459767
KE010,Marsabit,2009-05,95.70411777777777,41.086884,,46.0,1,0,0.3466,High,459767
KE010,Marsabit,2009-06,96.16497444444445,93.39539,,45.0,0,0,0.3466,High,459767
KE010,Marsabit,2009-07,88.30348322222223,77.88079,,47.5,0,0,0.3466,High,459767
KE010,Marsabit,2009-08,93.72902500000001,88.35617,,42.5,3,4,0.3466,High,459767
KE010,Marsabit,2009-09,96.18472722222222,83.97792,,43.0,0,0,0.3466,High,459767
KE010,Marsabit,2009-10,118.20904622222221,70.34933,,43.0,0,0,0.3466,High,459767
KE010,Marsabit,2009-11,61.39930799999999,29.732758,,43.0,0,0,0.3466,High,459767
KE010,Marsabit,2009-12,109.86546222222222,57.35816,,43.0,0,0,0.3466,High,459767
KE010,Marsabit,2010-01,121.76365277777778,70.427666,,42.5,0,0,0.3466,High,459767
KE010,Marsabit,2010-02,124.892375,75.69399,,42.5,0,0,0.3466,High,459767
KE010,Marsabit,2010-03,174.09347666666667,112.64032,,38.0,0,0,0.3466,High,459767
KE010,Marsabit,2010-04,71.980182,46.769978,,33.0,1,0,0.3466,High,459767
KE010,Marsabit,2010-05,101.61653866666667,54.048573,,32.5,0,0,0.3466,High,459767
KE010,Marsabit,2010-06,95.03907466666666,82.92115,,33.0,0,0,0.3466,High,459767
KE010,Marsabit,2010-07,97.236181,80.82658,,32.5,0,0,0.3466,High,459767
KE010,Marsabit,2010-08,95.67406155555555,91.438354,,32.0,0,0,0.3466,High,459767
KE010,Marsabit,2010-09,95.56060577777777,84.393036,,32.0,0,0,0.3466,High,459767
KE010,Marsabit,2010-10,76.236648,61.517982,,30.0,2,2,0.3466,High,459767
KE010,Marsabit,2010-11,47.82456977777778,36.689,,32.0,4,15,0.3466,High,459767
KE010,Marsabit,2010-12,54.28447933333334,33.018024,,32.0,0,0,0.3466,High,459767
KE010,Marsabit,2011-01,76.6807888888889,64.98132,,38.0,0,0,0.3466,High,459767
KE010,Marsabit,2011-02,96.2616488888889,66.6513,,36.0,0,0,0.3466,High,459767
KE010,Marsabit,2011-03,65.17493966666667,29.021477,,36.0,0,0,0.3466,High,459767
KE010,Marsabit,2011-04,44.690651111111116,20.314861,,44.0,0,0,0.3466,High,459767
KE010,Marsabit,2011-05,67.64861555555555,29.84876,,44.6,1,0,0.3466,High,459767
KE010,Marsabit,2011-06,103.428034,82.92115,,45.6,0,0,0.3466,High,459767
KE010,Marsabit,2011-07,108.81780255555556,86.181305,,53.0,0,0,0.3466,High,459767
KE010,Marsabit,2011-08,97.26016,90.60779,,59.16,0,0,0.3466,High,459767
KE010,Marsabit,2011-09,102.96657444444445,92.49493,,62.22,0,0,0.3466,High,459767
KE010,Marsabit,2011-10,195.283785,85.95343,,,0,0,0.3466,High,459767
KE010,Marsabit,2011-11,318.25958444444444,110.51911,,,0,0,0.3466,High,459767
KE010,Marsabit,2011-12,91.18901422222223,46.43452,,,1,6,0.3466,High,459767
KE010,Marsabit,2012-01,70.91031266666667,64.73847,,50.9,4,7,0.3466,High,459767
KE010,Marsabit,2012-02,76.03147733333333,70.0153,,44.1,0,0,0.3466,High,459767
KE010,Marsabit,2012-03,62.68011355555556,28.806242,,49.12,0,0,0.3466,High,459767
KE010,Marsabit,2012-04,132.996603,51.399117,,50.54,0,0,0.3466,High,459767
KE010,Marsabit,2012-05,135.6276988888889,74.7315,,44.5,1,3,0.3466,High,459767
KE010,Marsabit,2012-06,90.279786,81.25,,52.94,0,0,0.3466,High,459767
KE010,Marsabit,2012-07,108.00713266666666,88.79842,,50.12,0,0,0.3466,High,459767
KE010,Marsabit,2012-08,105.98148011111113,94.520546,,51.6,0,0,0.3466,High,459767
KE010,Marsabit,2012-09,106.73867844444445,96.98138,,51.2,0,0,0.3466,High,459767
KE010,Marsabit,2012-10,137.06290666666666,69.07527,,51.7,0,0,0.3466,High,459767
KE010,Marsabit,2012-11,81.15138266666666,35.422043,,51.8,0,0,0.3466,High,459767
KE010,Marsabit,2012-12,146.1213141111111,61.697803,,50.4,0,0,0.3466,High,459767
KE010,Marsabit,2013-01,102.14680433333334,79.93732,,53.4,0,0,0.3466,High,459767
KE010,Marsabit,2013-02,75.11305155555556,63.79032,,47.5,0,0,0.3466,High,459767
KE010,Marsabit,2013-03,163.73482311111113,56.31645,,,0,0,0.3466,High,459767
KE010,Marsabit,2013-04,169.04341333333335,66.23778,,47.6,0,0,0.3466,High,459767
KE010,Marsabit,2013-05,78.09101055555556,51.040394,,50.3,1,1,0.3466,High,459767
KE010,Marsabit,2013-06,94.4452411111111,67.3989,,45.0,2,4,0.3466,High,459767
KE010,Marsabit,2013-07,108.4139088888889,87.10437,,50.5,1,24,0.3466,High,459767
KE010,Marsabit,2013-08,95.7483318888889,82.19178,,50.4,10,20,0.3466,High,459767
KE010,Marsabit,2013-09,112.79742066666667,93.038925,,43.75,0,0,0.3466,High,459767
KE010,Marsabit,2013-10,91.59768388888888,48.69346,,52.38,0,0,0.3466,High,459767
KE010,Marsabit,2013-11,142.94438577777777,49.410618,,55.34,4,29,0.3466,High,459767
KE010,Marsabit,2013-12,56.427680111111115,36.61571,,56.77,1,0,0.3466,High,459767
KE010,Marsabit,2014-01,72.194005,68.31192,,53.36,1,9,0.3466,High,459767
KE010,Marsabit,2014-02,116.46572177777779,70.078186,,50.96,0,0,0.3466,High,459767
KE010,Marsabit,2014-03,117.36499244444445,47.362206,,48.16,0,0,0.3466,High,459767
KE010,Marsabit,2014-04,67.80399666666666,23.001095,,44.7,4,8,0.3466,High,459767
KE010,Marsabit,2014-05,97.8095301111111,56.625576,,46.67,0,0,0.3466,High,459767
KE010,Marsabit,2014-06,90.737835,79.38093,,51.5,0,0,0.3466,High,459767
KE010,Marsabit,2014-07,107.18026,71.52318,,49.6,0,0,0.3466,High,459767
KE010,Marsabit,2014-08,109.59041822222223,84.246574,,53.6,0,0,0.3466,High,459767
KE010,Marsabit,2014-09,95.41232933333333,79.509834,,49.1,0,0,0.3466,High,459767
KE010,Marsabit,2014-10,85.45508311111111,47.41427,,51.2,0,0,0.3466,High,459767
KE010,Marsabit,2014-11,84.99502244444446,39.65885,,50.7,2,6,0.3466,High,459767
KE010,Marsabit,2014-12,83.03835944444444,61.28623,,48.8,0,0,0.3466,High,459767
KE010,Marsabit,2015-01,74.69813644444444,72.03947,,48.9,0,0,0.3466,High,459767
KE010,Marsabit,2015-02,76.41171233333334,64.702065,,52.1,2,13,0.3466,High,459767
KE010,Marsabit,2015-03,60.552081111111114,46.40137,,49.4,0,0,0.3466,High,459767
KE010,Marsabit,2015-04,149.25232122222224,43.727356,,48.4,0,0,0.3466,High,459767
KE010,Marsabit,2015-05,84.41064522222223,45.899628,,48.8,1,2,0.3466,High,459767
KE010,Marsabit,2015-06,91.61599844444444,77.1343,,49.2,0,0,0.3466,High,459767
KE010,Marsabit,2015-07,92.21335400000001,71.40989,,51.3,0,0,0.3466,High,459767
KE010,Marsabit,2015-08,96.2843971111111,83.21917,,50.3,1,5,0.3466,High,459767
KE010,Marsabit,2015-09,95.20154222222222,83.78455,,51.4,0,0,0.3466,High,459767
KE010,Marsabit,2015-10,92.93589688888888,38.990112,,51.6,0,0,0.3466,High,459767
KE010,Marsabit,2015-11,131.894481,61.912895,,,1,0,0.3466,High,459767
KE010,Marsabit,2015-12,128.2290018888889,53.242397,,51.2,0,0,0.3466,High,459767
KE010,Marsabit,2016-01,86.3113348888889,77.96052,,48.0,0,0,0.3466,High,459767
KE010,Marsabit,2016-02,89.11057511111112,77.36188,,47.3,0,0,0.3466,High,459767
KE010,Marsabit,2016-03,66.20439244444444,28.007835,,47.7,0,0,0.3466,High,459767
KE010,Marsabit,2016-04,148.61600055555556,102.764145,,,0,0,0.3466,High,459767
KE010,Marsabit,2016-05,80.00198655555556,46.266834,,43.0,0,0,0.3466,High,459767
KE010,Marsabit,2016-06,101.37348822222222,88.25677,,43.9,0,0,0.3466,High,459767
KE010,Marsabit,2016-07,90.08271177777777,72.19461,,42.4,0,0,0.3466,High,459767
KE010,Marsabit,2016-08,90.65961044444445,81.943954,,42.7,0,0,0.3466,High,459767
KE010,Marsabit,2016-09,92.83420766666667,81.21973,,43.3,0,0,0.3466,High,459767
KE010,Marsabit,2016-10,68.87897011111112,45.067207,,46.5,0,0,0.3466,High,459767
KE010,Marsabit,2016-11,82.34635766666666,41.577824,,45.8,0,0,0.3466,High,459767
KE010,Marsabit,2016-12,66.31113355555556,53.284454,,45.5,0,0,0.3466,High,459767
KE010,Marsabit,2017-01,85.07605933333333,72.01556,,46.7,1,4,0.3466,High,459767
KE010,Marsabit,2017-02,116.55545544444446,63.727444,,47.0,0,0,0.3466,High,459767
KE010,Marsabit,2017-03,57.612508444444444,39.531956,,46.6,0,0,0.3466,High,459767
KE010,Marsabit,2017-04,71.05141311111112,26.325617,,52.9,0,0,0.3466,High,459767
KE010,Marsabit,2017-05,113.56511444444445,53.977966,,47.0,0,0,0.3466,High,459767
KE010,Marsabit,2017-06,89.40570488888889,70.3944,,49.0,2,2,0.3466,High,459767
KE010,Marsabit,2017-07,121.76045544444443,94.95095,,51.0,0,0,0.3466,High,459767
KE010,Marsabit,2017-08,102.320879,96.01786,,52.0,2,5,0.3466,High,459767
KE010,Marsabit,2017-09,109.64703166666666,82.07467,,53.0,0,0,0.3466,High,459767
KE010,Marsabit,2017-10,169.33718122222223,66.913536,,49.0,0,0,0.3466,High,459767
KE010,Marsabit,2017-11,108.27071666666667,35.657143,,48.0,0,0,0.3466,High,459767
KE010,Marsabit,2017-12,50.708067444444445,33.572803,,50.0,0,0,0.3466,High,459767
KE010,Marsabit,2018-01,69.56053988888888,65.74458,,52.0,1,2,0.3466,High,459767
KE010,Marsabit,2018-02,120.29529377777777,87.44414,,53.0,0,0,0.3466,High,459767
KE010,Marsabit,2018-03,219.95038333333335,52.94522,,52.0,0,0,0.3466,High,459767
KE010,Marsabit,2018-04,198.673856,109.05236,,53.0,0,0,0.3466,High,459767
KE010,Marsabit,2018-05,126.66593400000001,69.91525,,48.0,0,0,0.3466,High,459767
KE010,Marsabit,2018-06,111.86328177777779,99.283585,,45.0,1,4,0.3466,High,459767
KE010,Marsabit,2018-07,100.39482955555555,69.93377,,41.0,2,5,0.3466,High,459767
KE010,Marsabit,2018-08,98.14335566666666,83.21917,,39.0,0,0,0.3466,High,459767
KE010,Marsabit,2018-09,108.24089333333333,88.84381,,41.0,1,0,0.3466,High,459767
KE010,Marsabit,2018-10,90.09999488888889,57.849483,,42.0,2,10,0.3466,High,459767
KE010,Marsabit,2018-11,61.47194066666667,27.85587,,44.0,0,0,0.3466,High,459767
KE010,Marsabit,2018-12,164.55674444444446,63.19149,,43.0,0,0,0.3466,High,459767
KE010,Marsabit,2019-01,75.23039511111111,69.59248,,41.0,0,0,0.3466,High,459767
KE010,Marsabit,2019-02,84.56941499999999,73.64441,,44.0,2,10,0.3466,High,459767
KE010,Marsabit,2019-03,67.98216244444444,40.436394,,47.0,0,0,0.3466,High,459767
KE010,Marsabit,2019-04,82.39241966666667,28.168423,,49.0,1,11,0.3466,High,459767
KE010,Marsabit,2019-05,90.65254844444445,31.779661,,50.0,4,11,0.3466,High,459767
KE010,Marsabit,2019-06,113.84770222222222,83.63302,,47.0,1,1,0.3466,High,459767
KE010,Marsabit,2019-07,112.2422671111111,92.59743,,46.0,0,0,0.3466,High,459767
KE010,Marsabit,2019-08,99.53610155555556,86.30138,,46.8,2,10,0.3466,High,459767
KE010,Marsabit,2019-09,103.850214,80.36477,,46.5,1,3,0.3466,High,459767
KE010,Marsabit,2019-10,261.8347266666667,107.62887,,50.0,0,0,0.3466,High,459767
KE010,Marsabit,2019-11,169.5222588888889,46.055435,,49.0,0,0,0.3466,High,459767
KE010,Marsabit,2019-12,158.5011188888889,75.48723,,45.0,0,0,0.3466,High,459767
KE010,Marsabit,2020-01,112.95160166666668,77.43637,,,0,0,0.3466,High,459767
KE010,Marsabit,2020-02,96.21889233333334,72.31037,,,0,0,0.3466,High,459767
KE010,Marsabit,2020-03,153.57503444444444,98.23683,,43.0,0,0,0.3466,High,459767
KE010,Marsabit,2020-04,156.1993,35.00747,,,0,0,0.3466,High,459767
KE010,Marsabit,2020-05,86.417671,59.85312,,48.0,0,0,0.3466,High,459767
KE010,Marsabit,2020-06,106.93356322222222,95.07071,,46.0,5,17,0.3466,High,459767
KE010,Marsabit,2020-07,118.58104322222223,87.10437,,47.0,2,6,0.3466,High,459767
KE010,Marsabit,2020-08,110.16342222222221,94.20222,,45.0,0,0,0.3466,High,459767
KE010,Marsabit,2020-09,116.94079655555555,100.92886,,45.0,0,0,0.3466,High,459767
KE010,Marsabit,2020-10,142.5595952222222,55.999557,,44.0,0,0,0.3466,High,459767
KE010,Marsabit,2020-11,61.61927744444444,38.909386,,44.0,3,1,0.3466,High,459767
KE010,Marsabit,2020-12,109.74746588888888,50.9224,,47.0,0,0,0.3466,High,459767
KE010,Marsabit,2021-01,77.85736211111112,68.94146,,,3,4,0.3466,High,459767
KE010,Marsabit,2021-02,97.51104655555555,68.67709,,,0,0,0.3466,High,459767
KE010,Marsabit,2021-03,66.6221691111111,33.812134,,,5,11,0.3466,High,459767
KE010,Marsabit,2021-04,70.83181477777778,37.747807,,,1,2,0.3466,High,459767
KE010,Marsabit,2021-05,129.378494,53.984577,,,1,2,0.3466,High,459767
KE010,Marsabit,2021-06,88.673406,70.3944,,,1,1,0.3466,High,459767
KE010,Marsabit,2021-07,97.24038622222221,79.257126,,,0,0,0.3466,High,459767
KE010,Marsabit,2021-08,92.48966866666666,85.136566,,,0,0,0.3466,High,459767
KE010,Marsabit,2021-09,109.89868666666666,100.47598,,,7,9,0.3466,High,459767
KE010,Marsabit,2021-10,64.95124522222221,43.82916,,,1,6,0.3466,High,459767
KE010,Marsabit,2021-11,64.83522944444445,41.141945,,,5,4,0.3466,High,459767
KE010,Marsabit,2021-12,73.548766,40.835426,,,4,41,0.3466,High,459767
KE010,Marsabit,2022-01,119.30482266666667,78.23433,,,5,2,0.3466,High,459767
KE010,Marsabit,2022-02,78.89369288888889,63.88464,,,3,3,0.3466,High,459767
KE010,Marsabit,2022-03,63.046593666666666,54.046448,,,3,3,0.3466,High,459767
KE010,Marsabit,2022-04,99.33104377777778,27.725914,,,2,6,0.3466,High,459767
KE010,Marsabit,2022-05,79.33152733333333,45.532436,,,2,1,0.3466,High,459767
KE010,Marsabit,2022-06,91.04169555555556,77.1343,,,0,0,0.3466,High,459767
KE010,Marsabit,2022-07,90.84018888888889,69.13908,,,3,3,0.3466,High,459767
KE010,Marsabit,2022-08,99.57860355555556,91.7846,,,0,0,0.3466,High,459767
KE010,Marsabit,2022-09,106.05624277777777,91.491516,,,4,2,0.3466,High,459767
KE010,Marsabit,2022-10,102.8609461111111,60.399754,,,3,0,0.3466,High,459767
KE010,Marsabit,2022-11,57.331044777777784,46.910534,,,1,0,0.3466,High,459767
KE010,Marsabit,2022-12,83.8603711111111,62.248844,,,4,8,0.3466,High,459767
KE010,Marsabit,2023-01,76.24911066666667,70.7196,,,5,4,0.3466,High,459767
KE010,Marsabit,2023-02,73.14910066666667,62.72139,,,1,3,0.3466,High,459767
KE010,Marsabit,2023-03,197.1567958888889,58.493793,,,0,0,0.3466,High,459767
KE010,Marsabit,2023-04,181.27092022222223,37.747807,,,6,8,0.3466,High,459767
KE010,Marsabit,2023-05,84.26514744444445,37.086903,,,0,0,0.3466,High,459767
KE010,Marsabit,2023-06,90.7874591111111,77.68403,,,2,4,0.3466,High,459767
KE010,Marsabit,2023-07,88.42810222222222,72.97934,,,1,8,0.3466,High,459767
KE010,Marsabit,2023-08,93.174474,85.969475,,,0,0,0.3466,High,459767
KE010,Marsabit,2023-09,95.73366222222222,82.92961,,,0,0,0.3466,High,459767
KE010,Marsabit,2023-10,223.96941222222222,84.72313,,,0,0,0.3466,High,459767
KE010,Marsabit,2023-11,225.54167044444446,44.406494,,,3,2,0.3466,High,459767
KE010,Marsabit,2023-12,73.55179166666667,34.34614,163.33333333333334,85.16666666666667,0,0,0.3466,High,459767
KE010,Marsabit,2024-01,98.61773866666667,68.79764,,,0,0,0.3466,High,459767
KE010,Marsabit,2024-02,142.49910888888888,75.53519,,,1,1,0.3466,High,459767
KE010,Marsabit,2024-03,72.00274666666667,46.52621,144.22222222222223,70.66666666666667,0,0,0.3466,High,459767
KE010,Marsabit,2024-04,215.93912,41.98526,,,0,0,0.3466,High,459767
KE010,Marsabit,2024-05,113.72833177777778,44.430843,,,0,0,0.3466,High,459767
KE010,Marsabit,2024-06,89.174719,73.389915,131.25,71.81818181818181,0,0,0.3466,High,459767
KE010,Marsabit,2024-07,112.41163733333333,89.44123,,,2,3,0.3466,High,459767
KE010,Marsabit,2024-08,121.22108833333333,96.56897,,,1,1,0.3466,High,459767
KE010,Marsabit,2024-09,106.39643,88.46117,130.0,67.71428571428571,3,4,0.3466,High,459767
KE010,Marsabit,2024-10,109.13904644444445,43.70293,,,2,7,0.3466,High,459767
KE010,Marsabit,2024-11,144.08262355555556,66.923676,,,1,1,0.3466,High,459767
KE010,Marsabit,2024-12,45.633164111111114,31.387297,,,0,0,0.3466,High,459767
KE010,Marsabit,2025-01,72.12993444444444,64.73847,,,3,1,0.3466,High,459767
KE010,Marsabit,2025-02,66.93639066666667,58.980106,,,0,0,0.3466,High,459767
KE010,Marsabit,2025-03,146.81645444444445,77.35502,120.0,60.0,0,0,0.3466,High,459767
KE010,Marsabit,2025-04,115.69318133333334,37.84254,,,1,0,0.3466,High,459767
KE010,Marsabit,2025-05,97.99952044444444,49.901627,,,5,8,0.3466,High,459767
KE010,Marsabit,2025-06,85.43599644444446,71.14329,,,4,5,0.3466,High,459767
KE010,Marsabit,2025-07,82.54774911111112,70.62516,,,1,0,0.3466,High,459767
KE010,Marsabit,2025-08,122.93587777777778,85.174095,,,4,4,0.3466,High,459767
KE010,Marsabit,2025-09,115.67689433333334,78.49839,,,1,0,0.3466,High,459767
KE010,Marsabit,2025-10,171.47687155555553,76.35922,,,1,2,0.3466,High,459767
KE010,Marsabit,2025-11,35.32228766666666,25.653574,,,2,1,0.3466,High,459767
KE010,Marsabit,2025-12,121.63410444444445,41.860935,,,0,0,0.3466,High,459767
KE012,Meru,2006-01,71.5329335,57.46687,,,0,0,0.1234,Low,1545673
KE012,Meru,2006-02,100.18574766666666,48.794643,,,0,0,0.1234,Low,1545673
KE012,Meru,2006-03,71.40250433333334,31.816956,,,0,0,0.1234,Low,1545673
KE012,Meru,2006-04,120.93378733333333,46.51933,,,0,0,0.1234,Low,1545673
KE012,Meru,2006-05,115.85772333333334,57.873066,,,0,0,0.1234,Low,1545673
KE012,Meru,2006-06,88.6136675,67.37716,,,0,0,0.1234,Low,1545673
KE012,Meru,2006-07,81.27378933333334,70.694336,,,0,0,0.1234,Low,1545673
KE012,Meru,2006-08,147.72223333333332,96.90259,,,0,0,0.1234,Low,1545673
KE012,Meru,2006-09,110.78919983333333,97.017265,,,0,0,0.1234,Low,1545673
KE012,Meru,2006-10,122.23815833333333,81.8799,,,0,0,0.1234,Low,1545673
KE012,Meru,2006-11,148.45009566666667,106.45873,,,0,0,0.1234,Low,1545673
KE012,Meru,2006-12,223.60613916666662,77.65669,,,0,0,0.1234,Low,1545673
KE012,Meru,2007-01,103.672421,72.74066,,,1,0,0.1234,Low,1545673
KE012,Meru,2007-02,82.92579066666667,58.29493,,,0,0,0.1234,Low,1545673
KE012,Meru,2007-03,89.806899,52.764267,,,0,0,0.1234,Low,1545673
KE012,Meru,2007-04,80.057665,25.157598,,,1,0,0.1234,Low,1545673
KE012,Meru,2007-05,119.12761166666667,63.56391,,,2,21,0.1234,Low,1545673
KE012,Meru,2007-06,130.7987775,106.127205,,,0,0,0.1234,Low,1545673
KE012,Meru,2007-07,124.90292749999999,89.7663,,,0,0,0.1234,Low,1545673
KE012,Meru,2007-08,107.21032000000001,72.96296,,,0,0,0.1234,Low,1545673
KE012,Meru,2007-09,115.17021066666666,96.95948,,,0,0,0.1234,Low,1545673
KE012,Meru,2007-10,103.04019616666666,61.121147,,,0,0,0.1234,Low,1545673
KE012,Meru,2007-11,68.7966035,46.68726,,,0,0,0.1234,Low,1545673
KE012,Meru,2007-12,64.06874366666666,53.292686,,,2,2,0.1234,Low,1545673
KE012,Meru,2008-01,140.78604466666667,38.406883,,,0,0,0.1234,Low,1545673
KE012,Meru,2008-02,59.48011866666667,50.137615,,,0,0,0.1234,Low,1545673
KE012,Meru,2008-03,102.18094066666667,49.332684,,,0,0,0.1234,Low,1545673
KE012,Meru,2008-04,73.70017316666666,19.024345,,,0,0,0.1234,Low,1545673
KE012,Meru,2008-05,40.30849,25.125563,,,0,0,0.1234,Low,1545673
KE012,Meru,2008-06,83.80473383333333,62.934708,,,0,0,0.1234,Low,1545673
KE012,Meru,2008-07,90.85698500000001,72.84529,,,0,0,0.1234,Low,1545673
KE012,Meru,2008-08,74.25448116666666,65.8824,,,0,0,0.1234,Low,1545673
KE012,Meru,2008-09,103.29220166666666,89.94121,,,0,0,0.1234,Low,1545673
KE012,Meru,2008-10,139.9622225,65.033295,,,0,0,0.1234,Low,1545673
KE012,Meru,2008-11,83.286548,44.93016,,,0,0,0.1234,Low,1545673
KE012,Meru,2008-12,41.754692166666665,27.717173,,,0,0,0.1234,Low,1545673
KE012,Meru,2009-01,143.93061833333334,76.89575,,,0,0,0.1234,Low,1545673
KE012,Meru,2009-02,76.166904,53.072254,,,0,0,0.1234,Low,1545673
KE012,Meru,2009-03,47.469321666666666,28.230711,,,0,0,0.1234,Low,1545673
KE012,Meru,2009-04,53.16353016666667,21.559921,,,0,0,0.1234,Low,1545673
KE012,Meru,2009-05,124.4939185,58.991272,,,0,0,0.1234,Low,1545673
KE012,Meru,2009-06,78.86579933333333,64.53581,,,0,0,0.1234,Low,1545673
KE012,Meru,2009-07,74.0568225,63.25282,,,0,0,0.1234,Low,1545673
KE012,Meru,2009-08,77.301206,65.00166,,,0,0,0.1234,Low,1545673
KE012,Meru,2009-09,83.8896925,68.11484,,,0,0,0.1234,Low,1545673
KE012,Meru,2009-10,153.60438166666668,98.55486,,,1,3,0.1234,Low,1545673
KE012,Meru,2009-11,60.791688,33.39619,,,1,1,0.1234,Low,1545673
KE012,Meru,2009-12,110.21171833333334,79.743286,,,0,0,0.1234,Low,1545673
KE012,Meru,2010-01,118.5937705,62.801933,,,0,0,0.1234,Low,1545673
KE012,Meru,2010-02,228.07451166666667,98.56764,,,1,0,0.1234,Low,1545673
KE012,Meru,2010-03,195.44015666666667,79.45841,,,0,0,0.1234,Low,1545673
KE012,Meru,2010-04,89.61961533333333,43.308422,,,0,0,0.1234,Low,1545673
KE012,Meru,2010-05,96.6646875,69.823654,,,0,0,0.1234,Low,1545673
KE012,Meru,2010-06,85.76703400000001,67.579094,,,0,0,0.1234,Low,1545673
KE012,Meru,2010-07,111.61063850000001,87.48648,,,0,0,0.1234,Low,1545673
KE012,Meru,2010-08,111.398395,94.46328,,,0,0,0.1234,Low,1545673
KE012,Meru,2010-09,81.65461833333333,68.65065,,,0,0,0.1234,Low,1545673
KE012,Meru,2010-10,68.5392935,38.018726,,,0,0,0.1234,Low,1545673
KE012,Meru,2010-11,68.43141533333333,41.927235,,,0,0,0.1234,Low,1545673
KE012,Meru,2010-12,40.482219666666666,32.532448,,,0,0,0.1234,Low,1545673
KE012,Meru,2011-01,60.866982,44.26834,,,0,0,0.1234,Low,1545673
KE012,Meru,2011-02,90.96148216666666,55.764103,,,0,0,0.1234,Low,1545673
KE012,Meru,2011-03,70.67532200000001,37.762142,,,0,0,0.1234,Low,1545673
KE012,Meru,2011-04,65.2217335,15.420162,,,0,0,0.1234,Low,1545673
KE012,Meru,2011-05,98.504615,65.57249,,,0,0,0.1234,Low,1545673
KE012,Meru,2011-06,115.689528,99.753204,,,0,0,0.1234,Low,1545673
KE012,Meru,2011-07,103.537415,87.93104,,,0,0,0.1234,Low,1545673
KE012,Meru,2011-08,146.60058666666666,90.66436,,,0,0,0.1234,Low,1545673
KE012,Meru,2011-09,126.00439916666666,97.017265,,,0,0,0.1234,Low,1545673
KE012,Meru,2011-10,141.27952333333334,46.36075,,,1,1,0.1234,Low,1545673
KE012,Meru,2011-11,145.12825,92.33243,,,0,0,0.1234,Low,1545673
KE012,Meru,2011-12,91.10343133333333,30.06528,,,0,0,0.1234,Low,1545673
KE012,Meru,2012-01,46.6292885,41.128014,,,0,0,0.1234,Low,1545673
KE012,Meru,2012-02,77.369494,56.29496,,,0,0,0.1234,Low,1545673
KE012,Meru,2012-03,34.68819633333333,20.333462,,,0,0,0.1234,Low,1545673
KE012,Meru,2012-04,121.54803133333333,59.888798,,,0,0,0.1234,Low,1545673
KE012,Meru,2012-05,125.93025833333333,91.47569,,,0,0,0.1234,Low,1545673
KE012,Meru,2012-06,119.46522333333333,86.08484,,,0,0,0.1234,Low,1545673
KE012,Meru,2012-07,103.41497183333333,91.4862,,,0,0,0.1234,Low,1545673
KE012,Meru,2012-08,108.29560233333332,79.672874,,,0,0,0.1234,Low,1545673
KE012,Meru,2012-09,97.11190133333334,76.15199,,,0,0,0.1234,Low,1545673
KE012,Meru,2012-10,149.30107283333334,63.061047,,,0,0,0.1234,Low,1545673
KE012,Meru,2012-11,82.17942683333334,40.960316,,,0,0,0.1234,Low,1545673
KE012,Meru,2012-12,130.46296933333335,59.371716,,,1,0,0.1234,Low,1545673
KE012,Meru,2013-01,91.30138766666668,68.902855,,,0,0,0.1234,Low,1545673
KE012,Meru,2013-02,56.45838333333333,43.373016,,,0,0,0.1234,Low,1545673
KE012,Meru,2013-03,129.344132,51.894062,,,1,1,0.1234,Low,1545673
KE012,Meru,2013-04,142.352037,29.139507,,,0,0,0.1234,Low,1545673
KE012,Meru,2013-05,38.666771000000004,22.773628,,,1,2,0.1234,Low,1545673
KE012,Meru,2013-06,99.33346566666667,67.98295,,,0,0,0.1234,Low,1545673
KE012,Meru,2013-07,94.43230266666667,82.726295,,,0,0,0.1234,Low,1545673
KE012,Meru,2013-08,79.950513,62.27258,,,0,0,0.1234,Low,1545673
KE012,Meru,2013-09,110.81600050000002,85.003624,,,0,0,0.1234,Low,1545673
KE012,Meru,2013-10,49.54359516666667,28.029469,,,0,0,0.1234,Low,1545673
KE012,Meru,2013-11,87.25195783333334,46.53779,,,0,0,0.1234,Low,1545673
KE012,Meru,2013-12,74.725882,38.12777,,,0,0,0.1234,Low,1545673
KE012,Meru,2014-01,43.320579333333335,39.267662,,,0,0,0.1234,Low,1545673
KE012,Meru,2014-02,134.621105,60.31261,,,0,0,0.1234,Low,1545673
KE012,Meru,2014-03,139.66979533333333,38.695232,,,0,0,0.1234,Low,1545673
KE012,Meru,2014-04,71.30659316666667,18.555605,,,0,0,0.1234,Low,1545673
KE012,Meru,2014-05,57.92064466666667,34.322975,,,0,0,0.1234,Low,1545673
KE012,Meru,2014-06,110.04501749999999,103.541885,,,1,6,0.1234,Low,1545673
KE012,Meru,2014-07,87.6801625,66.15375,,,0,0,0.1234,Low,1545673
KE012,Meru,2014-08,166.73985083333332,72.94079,,,1,4,0.1234,Low,1545673
KE012,Meru,2014-09,100.10819066666666,75.48222,,,0,0,0.1234,Low,1545673
KE012,Meru,2014-10,79.70236433333334,40.485756,,,0,0,0.1234,Low,1545673
KE012,Meru,2014-11,85.66659,49.81217,,,0,0,0.1234,Low,1545673
KE012,Meru,2014-12,78.594865,59.56355,,,0,0,0.1234,Low,1545673
KE012,Meru,2015-01,55.940712166666664,49.596943,,,0,0,0.1234,Low,1545673
KE012,Meru,2015-02,80.34777466666667,57.156693,,,0,0,0.1234,Low,1545673
KE012,Meru,2015-03,66.38057783333333,31.510813,,,2,5,0.1234,Low,1545673
KE012,Meru,2015-04,166.47947,122.32715,,,0,0,0.1234,Low,1545673
KE012,Meru,2015-05,84.73991983333333,57.100975,,,0,0,0.1234,Low,1545673
KE012,Meru,2015-06,82.12139333333333,70.34483,,,0,0,0.1234,Low,1545673
KE012,Meru,2015-07,106.54091833333332,84.25301,,,0,0,0.1234,Low,1545673
KE012,Meru,2015-08,80.40963683333332,57.529556,,,0,0,0.1234,Low,1545673
KE012,Meru,2015-09,75.79753783333334,59.876762,,,0,0,0.1234,Low,1545673
KE012,Meru,2015-10,107.09854233333334,43.63653,,,1,5,0.1234,Low,1545673
KE012,Meru,2015-11,139.05917666666667,121.82528,,,0,0,0.1234,Low,1545673
KE012,Meru,2015-12,131.9222215,43.366917,,,0,0,0.1234,Low,1545673
KE012,Meru,2016-01,113.80388333333333,91.5289,,,0,0,0.1234,Low,1545673
KE012,Meru,2016-02,89.01379966666667,65.45744,,,0,0,0.1234,Low,1545673
KE012,Meru,2016-03,70.30980966666667,22.38806,,,0,0,0.1234,Low,1545673
KE012,Meru,2016-04,107.428275,70.54438,,,0,0,0.1234,Low,1545673
KE012,Meru,2016-05,70.1554185,46.325306,,,0,0,0.1234,Low,1545673
KE012,Meru,2016-06,92.81225599999999,86.49316,,,0,0,0.1234,Low,1545673
KE012,Meru,2016-07,83.21165883333333,72.39705,,,0,0,0.1234,Low,1545673
KE012,Meru,2016-08,78.13520166666667,68.72312,,,0,0,0.1234,Low,1545673
KE012,Meru,2016-09,89.277866,78.49468,,,2,2,0.1234,Low,1545673
KE012,Meru,2016-10,33.643643000000004,18.204475,,,0,0,0.1234,Low,1545673
KE012,Meru,2016-11,113.18441233333334,60.216568,,,0,0,0.1234,Low,1545673
KE012,Meru,2016-12,48.267846999999996,38.472523,,,0,0,0.1234,Low,1545673
KE012,Meru,2017-01,42.943429,36.78589,,,0,0,0.1234,Low,1545673
KE012,Meru,2017-02,108.623215,87.57043,,,0,0,0.1234,Low,1545673
KE012,Meru,2017-03,36.331623666666665,25.45225,,,0,0,0.1234,Low,1545673
KE012,Meru,2017-04,48.384975499999996,38.23929,,,0,0,0.1234,Low,1545673
KE012,Meru,2017-05,86.01441,49.02618,,,0,0,0.1234,Low,1545673
KE012,Meru,2017-06,77.85121583333334,58.49226,,,0,0,0.1234,Low,1545673
KE012,Meru,2017-07,89.320065,76.51612,,,0,0,0.1234,Low,1545673
KE012,Meru,2017-08,98.52620433333334,92.2359,,,4,20,0.1234,Low,1545673
KE012,Meru,2017-09,94.77043366666668,73.22553,,,0,0,0.1234,Low,1545673
KE012,Meru,2017-10,115.28088600000001,51.32921,,,2,4,0.1234,Low,1545673
KE012,Meru,2017-11,93.84354983333333,34.94638,,,0,0,0.1234,Low,1545673
KE012,Meru,2017-12,33.15191866666667,27.672544,,,0,0,0.1234,Low,1545673
KE012,Meru,2018-01,45.00637633333333,38.868942,,,1,0,0.1234,Low,1545673
KE012,Meru,2018-02,56.18419633333334,46.8548,,,0,0,0.1234,Low,1545673
KE012,Meru,2018-03,295.43785166666663,103.94287,,,0,0,0.1234,Low,1545673
KE012,Meru,2018-04,203.949895,131.71095,,,0,0,0.1234,Low,1545673
KE012,Meru,2018-05,174.32913666666664,111.36322,,,0,0,0.1234,Low,1545673
KE012,Meru,2018-06,174.91448,108.87504,,,0,0,0.1234,Low,1545673
KE012,Meru,2018-07,119.37459916666666,81.22595,,,0,0,0.1234,Low,1545673
KE012,Meru,2018-08,78.39137916666667,64.195335,,,0,0,0.1234,Low,1545673
KE012,Meru,2018-09,127.16542333333332,99.12267,,,1,0,0.1234,Low,1545673
KE012,Meru,2018-10,50.41980083333333,40.23731,,,0,0,0.1234,Low,1545673
KE012,Meru,2018-11,63.40178933333333,53.217716,,,0,0,0.1234,Low,1545673
KE012,Meru,2018-12,166.05435916666667,45.95619,,,0,0,0.1234,Low,1545673
KE012,Meru,2019-01,104.58776166666667,68.59179,,,0,0,0.1234,Low,1545673
KE012,Meru,2019-02,107.3513615,60.32074,,,3,12,0.1234,Low,1545673
KE012,Meru,2019-03,36.32003983333333,21.801722,,,0,0,0.1234,Low,1545673
KE012,Meru,2019-04,64.54130200000002,12.285874,,,0,0,0.1234,Low,1545673
KE012,Meru,2019-05,102.45654666666667,79.73841,,,0,0,0.1234,Low,1545673
KE012,Meru,2019-06,136.92520900000002,98.97325,,,0,0,0.1234,Low,1545673
KE012,Meru,2019-07,87.90400916666665,74.768845,,,0,0,0.1234,Low,1545673
KE012,Meru,2019-08,88.27979016666666,75.284805,,,0,0,0.1234,Low,1545673
KE012,Meru,2019-09,125.35485083333333,109.53128,,,1,1,0.1234,Low,1545673
KE012,Meru,2019-10,272.74004833333333,173.09001,,,0,0,0.1234,Low,1545673
KE012,Meru,2019-11,178.15239333333332,118.42991,,,0,0,0.1234,Low,1545673
KE012,Meru,2019-12,207.80360916666666,79.314445,,,2,2,0.1234,Low,1545673
KE012,Meru,2020-01,215.64197166666668,103.09872,,,0,0,0.1234,Low,1545673
KE012,Meru,2020-02,191.75309333333334,84.35853,,,0,0,0.1234,Low,1545673
KE012,Meru,2020-03,149.65738583333334,53.071995,,,2,0,0.1234,Low,1545673
KE012,Meru,2020-04,209.00064333333333,56.31534,,,0,0,0.1234,Low,1545673
KE012,Meru,2020-05,105.31372833333334,73.919075,,,0,0,0.1234,Low,1545673
KE012,Meru,2020-06,132.85618666666667,107.42705,,,0,0,0.1234,Low,1545673
KE012,Meru,2020-07,111.67879633333332,91.06388,,,3,1,0.1234,Low,1545673
KE012,Meru,2020-08,130.66471483333333,90.30764,,,1,0,0.1234,Low,1545673
KE012,Meru,2020-09,136.274347,94.889946,,,0,0,0.1234,Low,1545673
KE012,Meru,2020-10,76.56384233333334,50.807274,,,1,0,0.1234,Low,1545673
KE012,Meru,2020-11,83.53894066666668,26.821598,,,1,0,0.1234,Low,1545673
KE012,Meru,2020-12,74.09696516666666,34.856194,,,0,0,0.1234,Low,1545673
KE012,Meru,2021-01,86.35520383333333,58.219593,,,0,0,0.1234,Low,1545673
KE012,Meru,2021-02,100.45097166666666,66.64307,,,0,0,0.1234,Low,1545673
KE012,Meru,2021-03,62.77391016666667,47.446,,,0,0,0.1234,Low,1545673
KE012,Meru,2021-04,75.856477,38.75617,,,0,0,0.1234,Low,1545673
KE012,Meru,2021-05,181.0274883333333,80.43147,,,0,0,0.1234,Low,1545673
KE012,Meru,2021-06,76.8941105,58.290333,,,0,0,0.1234,Low,1545673
KE012,Meru,2021-07,96.08691666666668,87.4062,,,0,0,0.1234,Low,1545673
KE012,Meru,2021-08,75.70863766666666,62.176163,,,0,0,0.1234,Low,1545673
KE012,Meru,2021-09,91.99778500000001,77.29059,,,0,0,0.1234,Low,1545673
KE012,Meru,2021-10,57.92771366666667,36.92843,,,0,0,0.1234,Low,1545673
KE012,Meru,2021-11,63.911729666666666,29.75873,,,0,0,0.1234,Low,1545673
KE012,Meru,2021-12,175.35184733333335,73.90965,,,0,0,0.1234,Low,1545673
KE012,Meru,2022-01,98.87327599999999,61.647766,,,1,7,0.1234,Low,1545673
KE012,Meru,2022-02,87.93583216666667,55.459763,,,1,1,0.1234,Low,1545673
KE012,Meru,2022-03,46.444522166666665,26.437595,,,2,4,0.1234,Low,1545673
KE012,Meru,2022-04,68.96796833333333,16.259775,,,1,5,0.1234,Low,1545673
KE012,Meru,2022-05,45.1011095,25.748688,,,0,0,0.1234,Low,1545673
KE012,Meru,2022-06,79.801085,62.194305,,,2,0,0.1234,Low,1545673
KE012,Meru,2022-07,102.27109266666668,80.72145,,,0,0,0.1234,Low,1545673
KE012,Meru,2022-08,124.84721266666666,116.87332,,,0,0,0.1234,Low,1545673
KE012,Meru,2022-09,105.88400166666668,75.21432,,,0,0,0.1234,Low,1545673
KE012,Meru,2022-10,39.309160166666665,25.877836,,,1,1,0.1234,Low,1545673
KE012,Meru,2022-11,100.31279599999999,69.76499,,,0,0,0.1234,Low,1545673
KE012,Meru,2022-12,87.50972816666666,59.204857,,,3,2,0.1234,Low,1545673
KE012,Meru,2023-01,77.59305566666667,67.72149,,,0,0,0.1234,Low,1545673
KE012,Meru,2023-02,54.24856283333333,44.31807,,,4,4,0.1234,Low,1545673
KE012,Meru,2023-03,117.20046416666666,41.864117,,,0,0,0.1234,Low,1545673
KE012,Meru,2023-04,191.35716749999997,86.708,,,2,3,0.1234,Low,1545673
KE012,Meru,2023-05,55.30993833333333,45.40721,,,1,1,0.1234,Low,1545673
KE012,Meru,2023-06,122.80798233333333,104.328064,,,0,0,0.1234,Low,1545673
KE012,Meru,2023-07,118.87153,99.37632,,,2,4,0.1234,Low,1545673
KE012,Meru,2023-08,93.36202099999998,78.826546,,,0,0,0.1234,Low,1545673
KE012,Meru,2023-09,101.59947,86.08844,,,6,7,0.1234,Low,1545673
KE012,Meru,2023-10,138.81095266666668,64.97216,,,4,5,0.1234,Low,1545673
KE012,Meru,2023-11,175.87038166666665,126.39891,,,1,3,0.1234,Low,1545673
KE012,Meru,2023-12,79.54702383333334,33.897648,,,4,2,0.1234,Low,1545673
KE012,Meru,2024-01,137.27530549999997,63.135113,,,0,0,0.1234,Low,1545673
KE012,Meru,2024-02,240.31424166666667,121.81252,,,2,1,0.1234,Low,1545673
KE012,Meru,2024-03,44.741914666666666,26.284521,,,1,0,0.1234,Low,1545673
KE012,Meru,2024-04,190.51984166666668,54.76955,,,1,1,0.1234,Low,1545673
KE012,Meru,2024-05,127.0308425,69.16248,,,0,0,0.1234,Low,1545673
KE012,Meru,2024-06,77.70609933333333,54.38636,,,1,5,0.1234,Low,1545673
KE012,Meru,2024-07,105.275775,94.12873,,,2,1,0.1234,Low,1545673
KE012,Meru,2024-08,97.22119733333334,88.06446,,,3,1,0.1234,Low,1545673
KE012,Meru,2024-09,79.01118066666668,60.814434,,,4,7,0.1234,Low,1545673
KE012,Meru,2024-10,48.32411083333333,26.24516,,,2,0,0.1234,Low,1545673
KE012,Meru,2024-11,131.40737633333333,106.579544,,,1,1,0.1234,Low,1545673
KE012,Meru,2024-12,56.807167,32.634113,,,1,0,0.1234,Low,1545673
KE012,Meru,2025-01,74.81858316666667,41.153164,,,5,3,0.1234,Low,1545673
KE012,Meru,2025-02,67.4651815,54.79535,,,0,0,0.1234,Low,1545673
KE012,Meru,2025-03,162.303195,47.09713,,,1,1,0.1234,Low,1545673
KE012,Meru,2025-04,131.94349166666666,87.54889,,,1,0,0.1234,Low,1545673
KE012,Meru,2025-05,77.26436033333333,43.5204,,,2,1,0.1234,Low,1545673
KE012,Meru,2025-06,96.35881666666667,84.137314,,,1,0,0.1234,Low,1545673
KE012,Meru,2025-07,89.59321833333333,60.1627,,,0,0,0.1234,Low,1545673
KE012,Meru,2025-08,122.77490999999999,105.3916,,,1,0,0.1234,Low,1545673
KE012,Meru,2025-09,104.89097933333333,91.28862,,,5,2,0.1234,Low,1545673
KE012,Meru,2025-10,91.66744249999999,34.667496,,,4,5,0.1234,Low,1545673
KE012,Meru,2025-11,39.908364,33.219753,,,4,5,0.1234,Low,1545673
KE012,Meru,2025-12,94.62667866666668,48.450108,,,1,0,0.1234,Low,1545673
KE044,Migori,2006-01,88.1786095,43.935753,,,0,0,0.1393,Low,1116401
KE044,Migori,2006-02,87.89574633333332,32.444508,,,0,0,0.1393,Low,1116401
KE044,Migori,2006-03,122.00553666666667,71.26812,,,0,0,0.1393,Low,1116401
KE044,Migori,2006-04,101.012919,79.113754,,,0,0,0.1393,Low,1116401
KE044,Migori,2006-05,157.37808166666665,116.74107,,,0,0,0.1393,Low,1116401
KE044,Migori,2006-06,77.63003400000001,49.893326,,,0,0,0.1393,Low,1116401
KE044,Migori,2006-07,89.86686000000002,56.28518,,,0,0,0.1393,Low,1116401
KE044,Migori,2006-08,76.86709950000001,32.440865,,,0,0,0.1393,Low,1116401
KE044,Migori,2006-09,78.89468366666667,54.08536,,,0,0,0.1393,Low,1116401
KE044,Migori,2006-10,71.0145085,30.90284,,,0,0,0.1393,Low,1116401
KE044,Migori,2006-11,204.16827,101.13093,,,0,0,0.1393,Low,1116401
KE044,Migori,2006-12,210.0639441666667,124.204865,,,0,0,0.1393,Low,1116401
KE044,Migori,2007-01,148.2389975,74.76587,,,1,1,0.1393,Low,1116401
KE044,Migori,2007-02,150.272904,74.50331,,,0,0,0.1393,Low,1116401
KE044,Migori,2007-03,125.01629000000001,67.22899,,,0,0,0.1393,Low,1116401
KE044,Migori,2007-04,90.83858083333332,52.01791,,,0,0,0.1393,Low,1116401
KE044,Migori,2007-05,81.87386,51.732468,,,1,4,0.1393,Low,1116401
KE044,Migori,2007-06,118.28173883333334,57.04534,,,2,0,0.1393,Low,1116401
KE044,Migori,2007-07,138.08366166666667,67.98367,,,0,0,0.1393,Low,1116401
KE044,Migori,2007-08,80.806127,49.42656,,,0,0,0.1393,Low,1116401
KE044,Migori,2007-09,114.94230366666666,49.729618,,,0,0,0.1393,Low,1116401
KE044,Migori,2007-10,78.55665016666666,25.674238,,,0,0,0.1393,Low,1116401
KE044,Migori,2007-11,83.8987585,52.111835,,,0,0,0.1393,Low,1116401
KE044,Migori,2007-12,84.4251175,43.29336,,,4,9,0.1393,Low,1116401
KE044,Migori,2008-01,64.545116,30.760405,,,0,0,0.1393,Low,1116401
KE044,Migori,2008-02,122.82266650000001,48.495564,,,0,0,0.1393,Low,1116401
KE044,Migori,2008-03,108.76426500000001,50.474686,,,0,0,0.1393,Low,1116401
KE044,Migori,2008-04,69.82715933333333,33.604298,,,1,1,0.1393,Low,1116401
KE044,Migori,2008-05,90.90624566666668,49.54795,,,0,0,0.1393,Low,1116401
KE044,Migori,2008-06,100.33999216666666,40.236984,,,0,0,0.1393,Low,1116401
KE044,Migori,2008-07,130.402385,108.71927,,,0,0,0.1393,Low,1116401
KE044,Migori,2008-08,116.86245833333332,59.745415,,,0,0,0.1393,Low,1116401
KE044,Migori,2008-09,101.93869616666666,53.152687,,,0,0,0.1393,Low,1116401
KE044,Migori,2008-10,125.85184550000001,55.095528,,,0,0,0.1393,Low,1116401
KE044,Migori,2008-11,88.59673183333332,20.262665,,,0,0,0.1393,Low,1116401
KE044,Migori,2008-12,53.9881565,37.48053,,,0,0,0.1393,Low,1116401
KE044,Migori,2009-01,107.587463,35.49097,,,0,0,0.1393,Low,1116401
KE044,Migori,2009-02,72.79318,25.475328,,,0,0,0.1393,Low,1116401
KE044,Migori,2009-03,66.85248216666666,53.231983,,,1,0,0.1393,Low,1116401
KE044,Migori,2009-04,106.9264605,49.51024,,,0,0,0.1393,Low,1116401
KE044,Migori,2009-05,106.46080283333333,41.026535,,,1,0,0.1393,Low,1116401
KE044,Migori,2009-06,75.72192,65.15394,,,0,0,0.1393,Low,1116401
KE044,Migori,2009-07,68.87010616666667,60.019363,,,0,0,0.1393,Low,1116401
KE044,Migori,2009-08,102.4492245,45.933514,,,0,0,0.1393,Low,1116401
KE044,Migori,2009-09,134.14685666666665,109.01097,,,0,0,0.1393,Low,1116401
KE044,Migori,2009-10,68.90479466666666,41.07878,,,1,0,0.1393,Low,1116401
KE044,Migori,2009-11,103.5028135,47.51228,,,0,0,0.1393,Low,1116401
KE044,Migori,2009-12,153.78756333333334,99.66923,,,0,0,0.1393,Low,1116401
KE044,Migori,2010-01,109.00527083333333,42.68358,,,0,0,0.1393,Low,1116401
KE044,Migori,2010-02,211.08614666666668,75.93895,,,0,0,0.1393,Low,1116401
KE044,Migori,2010-03,135.55730733333334,48.907494,,,0,0,0.1393,Low,1116401
KE044,Migori,2010-04,102.70646416666666,51.803047,,,0,0,0.1393,Low,1116401
KE044,Migori,2010-05,111.639497,42.37448,,,0,0,0.1393,Low,1116401
KE044,Migori,2010-06,110.70736116666666,61.368637,,,0,0,0.1393,Low,1116401
KE044,Migori,2010-07,75.79688933333334,65.10851,,,0,0,0.1393,Low,1116401
KE044,Migori,2010-08,75.94374666666666,51.21676,,,0,0,0.1393,Low,1116401
KE044,Migori,2010-09,118.061307,53.519493,,,0,0,0.1393,Low,1116401
KE044,Migori,2010-10,125.97506666666668,91.74912,,,0,0,0.1393,Low,1116401
KE044,Migori,2010-11,73.44969433333334,39.48199,,,0,0,0.1393,Low,1116401
KE044,Migori,2010-12,73.26231766666666,20.739477,,,0,0,0.1393,Low,1116401
KE044,Migori,2011-01,74.88031166666667,49.22359,,,0,0,0.1393,Low,1116401
KE044,Migori,2011-02,96.70869549999999,27.097475,,,0,0,0.1393,Low,1116401
KE044,Migori,2011-03,104.5931395,54.205143,,,0,0,0.1393,Low,1116401
KE044,Migori,2011-04,77.197279,36.881924,,,0,0,0.1393,Low,1116401
KE044,Migori,2011-05,95.513038,42.274864,,,1,1,0.1393,Low,1116401
KE044,Migori,2011-06,127.03148750000001,61.274,,,0,0,0.1393,Low,1116401
KE044,Migori,2011-07,127.86403666666666,62.14061,,,0,0,0.1393,Low,1116401
KE044,Migori,2011-08,177.59480500000004,101.647545,,,0,0,0.1393,Low,1116401
KE044,Migori,2011-09,148.62491666666668,86.13812,,,0,0,0.1393,Low,1116401
KE044,Migori,2011-10,117.37639583333333,92.69005,,,0,0,0.1393,Low,1116401
KE044,Migori,2011-11,172.4838041666667,88.86472,,,0,0,0.1393,Low,1116401
KE044,Migori,2011-12,103.63805333333333,80.34244,,,0,0,0.1393,Low,1116401
KE044,Migori,2012-01,45.561318166666666,31.761759,,,0,0,0.1393,Low,1116401
KE044,Migori,2012-02,86.5994845,31.72965,,,0,0,0.1393,Low,1116401
KE044,Migori,2012-03,79.51442966666667,40.37856,,,0,0,0.1393,Low,1116401
KE044,Migori,2012-04,134.95979166666666,104.07338,,,0,0,0.1393,Low,1116401
KE044,Migori,2012-05,109.00724666666667,84.09515,,,0,0,0.1393,Low,1116401
KE044,Migori,2012-06,182.781511,55.0053,,,0,0,0.1393,Low,1116401
KE044,Migori,2012-07,114.68446999999999,85.51146,,,0,0,0.1393,Low,1116401
KE044,Migori,2012-08,108.84071,73.29592,,,0,0,0.1393,Low,1116401
KE044,Migori,2012-09,166.12797833333335,132.21973,,,0,0,0.1393,Low,1116401
KE044,Migori,2012-10,123.45928716666667,50.118233,,,0,0,0.1393,Low,1116401
KE044,Migori,2012-11,106.84715583333333,74.217255,,,0,0,0.1393,Low,1116401
KE044,Migori,2012-12,140.09963033333332,55.45914,,,1,1,0.1393,Low,1116401
KE044,Migori,2013-01,91.81097666666666,57.39103,,,1,0,0.1393,Low,1116401
KE044,Migori,2013-02,69.003878,34.73569,,,2,2,0.1393,Low,1116401
KE044,Migori,2013-03,112.43774733333333,83.95148,,,3,3,0.1393,Low,1116401
KE044,Migori,2013-04,152.43727833333332,74.52058,,,0,0,0.1393,Low,1116401
KE044,Migori,2013-05,74.67850616666666,37.12309,,,0,0,0.1393,Low,1116401
KE044,Migori,2013-06,86.376573,58.126522,,,0,0,0.1393,Low,1116401
KE044,Migori,2013-07,93.96023066666667,68.44741,,,0,0,0.1393,Low,1116401
KE044,Migori,2013-08,106.50828333333334,76.73992,,,0,0,0.1393,Low,1116401
KE044,Migori,2013-09,117.44567216666667,58.908833,,,2,0,0.1393,Low,1116401
KE044,Migori,2013-10,78.20647816666667,27.478376,,,1,1,0.1393,Low,1116401
KE044,Migori,2013-11,105.26428233333333,75.89577,,,0,0,0.1393,Low,1116401
KE044,Migori,2013-12,91.27766700000001,57.032703,,,1,1,0.1393,Low,1116401
KE044,Migori,2014-01,104.32718333333332,61.48952,,,0,0,0.1393,Low,1116401
KE044,Migori,2014-02,144.93173233333331,83.26803,,,0,0,0.1393,Low,1116401
KE044,Migori,2014-03,92.40282333333333,27.313423,,,0,0,0.1393,Low,1116401
KE044,Migori,2014-04,54.22644016666667,34.044853,,,1,0,0.1393,Low,1116401
KE044,Migori,2014-05,83.93278183333334,51.74504,,,0,0,0.1393,Low,1116401
KE044,Migori,2014-06,88.24078516666667,43.073837,,,0,0,0.1393,Low,1116401
KE044,Migori,2014-07,93.93242683333334,72.5726,,,0,0,0.1393,Low,1116401
KE044,Migori,2014-08,221.19028833333334,118.14285,,,0,0,0.1393,Low,1116401
KE044,Migori,2014-09,104.58617499999998,57.87114,,,0,0,0.1393,Low,1116401
KE044,Migori,2014-10,119.85549666666667,84.02158,,,0,0,0.1393,Low,1116401
KE044,Migori,2014-11,73.21545116666667,41.44969,,,0,0,0.1393,Low,1116401
KE044,Migori,2014-12,90.32988016666667,63.645966,,,0,0,0.1393,Low,1116401
KE044,Migori,2015-01,33.416847,29.096205,,,0,0,0.1393,Low,1116401
KE044,Migori,2015-02,54.92078333333333,31.342707,,,0,0,0.1393,Low,1116401
KE044,Migori,2015-03,62.26928425,14.4126625,,,0,0,0.1393,Low,1116401
KE044,Migori,2015-04,133.05711166666666,93.59147,,,0,0,0.1393,Low,1116401
KE044,Migori,2015-05,126.24302516666667,62.244946,,,0,0,0.1393,Low,1116401
KE044,Migori,2015-06,154.95365066666668,90.269554,,,0,0,0.1393,Low,1116401
KE044,Migori,2015-07,69.5637795,54.071598,,,1,3,0.1393,Low,1116401
KE044,Migori,2015-08,63.10814533333333,33.591816,,,0,0,0.1393,Low,1116401
KE044,Migori,2015-09,85.69952033333334,60.191036,,,0,0,0.1393,Low,1116401
KE044,Migori,2015-10,159.404325,59.7915,,,0,0,0.1393,Low,1116401
KE044,Migori,2015-11,117.98386433333333,74.90213,,,0,0,0.1393,Low,1116401
KE044,Migori,2015-12,153.17503000000002,63.76971,,,0,0,0.1393,Low,1116401
KE044,Migori,2016-01,106.70833916666668,93.81448,,,0,0,0.1393,Low,1116401
KE044,Migori,2016-02,52.765949,37.652214,,,0,0,0.1393,Low,1116401
KE044,Migori,2016-03,72.1642425,43.353523,,,0,0,0.1393,Low,1116401
KE044,Migori,2016-04,129.44217733333332,87.706024,,,0,0,0.1393,Low,1116401
KE044,Migori,2016-05,79.80290933333333,68.71559,,,0,0,0.1393,Low,1116401
KE044,Migori,2016-06,55.44796016666666,34.171234,,,0,0,0.1393,Low,1116401
KE044,Migori,2016-07,73.99708233333332,59.521164,,,0,0,0.1393,Low,1116401
KE044,Migori,2016-08,71.48034866666667,35.86023,,,0,0,0.1393,Low,1116401
KE044,Migori,2016-09,92.79578616666667,54.716003,,,0,0,0.1393,Low,1116401
KE044,Migori,2016-10,76.06171450000001,36.268814,,,0,0,0.1393,Low,1116401
KE044,Migori,2016-11,104.2692125,65.34273,,,0,0,0.1393,Low,1116401
KE044,Migori,2016-12,42.550208833333336,17.56832,,,0,0,0.1393,Low,1116401
KE044,Migori,2017-01,42.76721816666667,28.295856,,,1,0,0.1393,Low,1116401
KE044,Migori,2017-02,112.12468533333333,37.920807,,,0,0,0.1393,Low,1116401
KE044,Migori,2017-03,97.3133095,56.03892,,,0,0,0.1393,Low,1116401
KE044,Migori,2017-04,72.04074666666666,48.36982,,,2,0,0.1393,Low,1116401
KE044,Migori,2017-05,94.47293166666667,49.924503,,,1,0,0.1393,Low,1116401
KE044,Migori,2017-06,118.53538533333334,55.712772,,,0,0,0.1393,Low,1116401
KE044,Migori,2017-07,145.22596333333334,92.67578,,,0,0,0.1393,Low,1116401
KE044,Migori,2017-08,131.31634833333334,121.57998,,,0,0,0.1393,Low,1116401
KE044,Migori,2017-09,95.58810249999999,61.858795,,,0,0,0.1393,Low,1116401
KE044,Migori,2017-10,99.26709833333332,68.81184,,,2,1,0.1393,Low,1116401
KE044,Migori,2017-11,91.00389116666668,37.028755,,,0,0,0.1393,Low,1116401
KE044,Migori,2017-12,80.89543516666667,36.585365,,,1,1,0.1393,Low,1116401
KE044,Migori,2018-01,73.47642783333333,53.478146,,,1,1,0.1393,Low,1116401
KE044,Migori,2018-02,95.22924716666667,30.152231,,,0,0,0.1393,Low,1116401
KE044,Migori,2018-03,126.46702666666665,87.8624,,,0,0,0.1393,Low,1116401
KE044,Migori,2018-04,124.71870999999999,76.27057,,,0,0,0.1393,Low,1116401
KE044,Migori,2018-05,137.71989183333332,106.52053,,,0,0,0.1393,Low,1116401
KE044,Migori,2018-06,90.19809583333334,68.74695,,,0,0,0.1393,Low,1116401
KE044,Migori,2018-07,71.88591533333333,54.62808,,,0,0,0.1393,Low,1116401
KE044,Migori,2018-08,116.92613483333332,47.935013,,,0,0,0.1393,Low,1116401
KE044,Migori,2018-09,64.0626945,52.91352,,,1,1,0.1393,Low,1116401
KE044,Migori,2018-10,127.61769233333332,95.91954,,,0,0,0.1393,Low,1116401
KE044,Migori,2018-11,73.63937066666666,46.016563,,,0,0,0.1393,Low,1116401
KE044,Migori,2018-12,147.10951566666668,101.74986,,,0,0,0.1393,Low,1116401
KE044,Migori,2019-01,58.43917866666666,35.815437,,,1,1,0.1393,Low,1116401
KE044,Migori,2019-02,89.138401,34.438286,,,0,0,0.1393,Low,1116401
KE044,Migori,2019-03,86.272004,23.626368,,,0,0,0.1393,Low,1116401
KE044,Migori,2019-04,81.42088283333334,42.162098,,,0,0,0.1393,Low,1116401
KE044,Migori,2019-05,126.08593566666667,85.32868,,,0,0,0.1393,Low,1116401
KE044,Migori,2019-06,142.059905,51.82172,,,0,0,0.1393,Low,1116401
KE044,Migori,2019-07,108.43744716666667,63.977783,,,0,0,0.1393,Low,1116401
KE044,Migori,2019-08,133.65719583333333,53.79911,,,1,0,0.1393,Low,1116401
KE044,Migori,2019-09,128.00348333333332,67.25025,,,0,0,0.1393,Low,1116401
KE044,Migori,2019-10,173.923495,80.96022,,,0,0,0.1393,Low,1116401
KE044,Migori,2019-11,161.8183075,70.391205,,,0,0,0.1393,Low,1116401
KE044,Migori,2019-12,216.69993166666666,153.3615,,,0,0,0.1393,Low,1116401
KE044,Migori,2020-01,210.00880516666666,98.100426,,,0,0,0.1393,Low,1116401
KE044,Migori,2020-02,133.61015166666667,97.25487,,,0,0,0.1393,Low,1116401
KE044,Migori,2020-03,174.38891833333332,124.80035,,,0,0,0.1393,Low,1116401
KE044,Migori,2020-04,102.20035933333334,32.14324,,,0,0,0.1393,Low,1116401
KE044,Migori,2020-05,106.17646416666666,72.98926,,,0,0,0.1393,Low,1116401
KE044,Migori,2020-06,116.05380166666667,65.74864,,,0,0,0.1393,Low,1116401
KE044,Migori,2020-07,86.65410033333335,69.30058,,,0,0,0.1393,Low,1116401
KE044,Migori,2020-08,92.22346850000001,64.02929,,,0,0,0.1393,Low,1116401
KE044,Migori,2020-09,117.26902833333332,48.74074,,,0,0,0.1393,Low,1116401
KE044,Migori,2020-10,216.15744500000002,128.4569,,,0,0,0.1393,Low,1116401
KE044,Migori,2020-11,264.5691933333333,154.70853,,,0,0,0.1393,Low,1116401
KE044,Migori,2020-12,98.63336866666667,78.39734,,,0,0,0.1393,Low,1116401
KE044,Migori,2021-01,99.03118083333334,71.190155,,,0,0,0.1393,Low,1116401
KE044,Migori,2021-02,118.17642699999999,65.28856,,,0,0,0.1393,Low,1116401
KE044,Migori,2021-03,76.604982,42.284843,,,0,0,0.1393,Low,1116401
KE044,Migori,2021-04,133.01597583333333,82.03188,,,0,0,0.1393,Low,1116401
KE044,Migori,2021-05,94.87440516666668,47.844032,,,0,0,0.1393,Low,1116401
KE044,Migori,2021-06,74.02110616666666,51.988792,,,0,0,0.1393,Low,1116401
KE044,Migori,2021-07,99.91556116666668,51.900734,,,0,0,0.1393,Low,1116401
KE044,Migori,2021-08,91.68262666666668,56.9366,,,0,0,0.1393,Low,1116401
KE044,Migori,2021-09,116.43191083333333,94.82797,,,0,0,0.1393,Low,1116401
KE044,Migori,2021-10,101.77836366666666,61.354797,,,0,0,0.1393,Low,1116401
KE044,Migori,2021-11,113.98588333333333,52.45759,,,1,0,0.1393,Low,1116401
KE044,Migori,2021-12,97.70174433333334,70.91807,,,0,0,0.1393,Low,1116401
KE044,Migori,2022-01,218.70273166666666,101.4233,,,0,0,0.1393,Low,1116401
KE044,Migori,2022-02,259.4389566666667,119.84724,,,0,0,0.1393,Low,1116401
KE044,Migori,2022-03,76.2252725,29.05639,,,0,0,0.1393,Low,1116401
KE044,Migori,2022-04,114.06442733333334,42.263203,,,1,0,0.1393,Low,1116401
KE044,Migori,2022-05,137.25643333333332,55.07797,,,0,0,0.1393,Low,1116401
KE044,Migori,2022-06,111.06257999999998,83.37396,,,0,0,0.1393,Low,1116401
KE044,Migori,2022-07,85.29677983333333,50.37685,,,1,0,0.1393,Low,1116401
KE044,Migori,2022-08,170.58128833333333,109.30523,,,0,0,0.1393,Low,1116401
KE044,Migori,2022-09,138.75776416666668,105.18578,,,1,0,0.1393,Low,1116401
KE044,Migori,2022-10,79.52503883333334,33.117996,,,0,0,0.1393,Low,1116401
KE044,Migori,2022-11,125.16875433333333,69.07976,,,0,0,0.1393,Low,1116401
KE044,Migori,2022-12,165.61628166666665,84.72975,,,0,0,0.1393,Low,1116401
KE044,Migori,2023-01,58.57212116666667,41.5895,,,0,0,0.1393,Low,1116401
KE044,Migori,2023-02,46.50790066666667,24.353773,,,1,0,0.1393,Low,1116401
KE044,Migori,2023-03,141.404901,81.18186,,,0,0,0.1393,Low,1116401
KE044,Migori,2023-04,115.69771666666668,88.27344,,,1,2,0.1393,Low,1116401
KE044,Migori,2023-05,80.62656466666667,61.261314,,,0,0,0.1393,Low,1116401
KE044,Migori,2023-06,159.150025,85.24049,,,0,0,0.1393,Low,1116401
KE044,Migori,2023-07,75.33453666666666,60.007416,,,0,0,0.1393,Low,1116401
KE044,Migori,2023-08,84.47772216666667,57.281685,,,0,0,0.1393,Low,1116401
KE044,Migori,2023-09,175.57847166666667,147.47162,,,1,1,0.1393,Low,1116401
KE044,Migori,2023-10,143.25208999999998,67.53456,,,0,0,0.1393,Low,1116401
KE044,Migori,2023-11,169.5740125,96.433235,,,0,0,0.1393,Low,1116401
KE044,Migori,2023-12,149.37176666666667,105.67419,,,1,0,0.1393,Low,1116401
KE044,Migori,2024-01,166.654555,146.7067,,,0,0,0.1393,Low,1116401
KE044,Migori,2024-02,113.02422,92.48033,,,0,0,0.1393,Low,1116401
KE044,Migori,2024-03,75.26139416666666,19.322788,,,1,0,0.1393,Low,1116401
KE044,Migori,2024-04,103.78709683333334,64.00803,,,0,0,0.1393,Low,1116401
KE044,Migori,2024-05,83.16352583333334,36.39375,,,0,0,0.1393,Low,1116401
KE044,Migori,2024-06,70.5866395,60.094948,,,0,0,0.1393,Low,1116401
KE044,Migori,2024-07,145.92779833333333,80.67119,,,0,0,0.1393,Low,1116401
KE044,Migori,2024-08,81.83605166666666,48.203995,,,0,0,0.1393,Low,1116401
KE044,Migori,2024-09,94.13306999999999,78.866455,,,0,0,0.1393,Low,1116401
KE044,Migori,2024-10,113.73540166666668,75.43545,,,1,0,0.1393,Low,1116401
KE044,Migori,2024-11,146.6519945,59.269917,,,0,0,0.1393,Low,1116401
KE044,Migori,2024-12,110.83416166666666,74.8887,,,1,0,0.1393,Low,1116401
KE044,Migori,2025-01,126.79007666666666,49.55947,,,1,1,0.1393,Low,1116401
KE044,Migori,2025-02,47.554430333333336,23.72838,,,0,0,0.1393,Low,1116401
KE044,Migori,2025-03,106.30966783333334,54.97354,,,0,0,0.1393,Low,1116401
KE044,Migori,2025-04,112.43938833333334,56.801884,,,0,0,0.1393,Low,1116401
KE044,Migori,2025-05,165.40056766666666,114.754906,,,1,0,0.1393,Low,1116401
KE044,Migori,2025-06,96.16508083333333,84.35293,,,1,1,0.1393,Low,1116401
KE044,Migori,2025-07,126.47592266666668,55.11109,,,0,0,0.1393,Low,1116401
KE044,Migori,2025-08,97.18898883333333,53.138775,,,2,1,0.1393,Low,1116401
KE044,Migori,2025-09,73.305485,64.73948,,,1,1,0.1393,Low,1116401
KE044,Migori,2025-10,118.50818,64.52099,,,0,0,0.1393,Low,1116401
KE044,Migori,2025-11,63.3980965,23.200476,,,1,1,0.1393,Low,1116401
KE044,Migori,2025-12,141.74477249999998,26.080618,,,0,0,0.1393,Low,1116401
KE001,Mombasa,2006-01,59.854524,53.517586,,,0,0,0.0518,Low,1208303
KE001,Mombasa,2006-02,82.36341333333333,76.66942,,,0,0,0.0518,Low,1208303
KE001,Mombasa,2006-03,106.07475833333332,55.32994,,,0,0,0.0518,Low,1208303
KE001,Mombasa,2006-04,192.410528,61.579514,,,0,0,0.0518,Low,1208303
KE001,Mombasa,2006-05,98.31245866666666,24.25496,,,0,0,0.0518,Low,1208303
KE001,Mombasa,2006-06,142.07743000000002,62.18818,,,0,0,0.0518,Low,1208303
KE001,Mombasa,2006-07,85.24075533333333,69.648346,,,0,0,0.0518,Low,1208303
KE001,Mombasa,2006-08,114.77323533333333,102.37755,,,0,0,0.0518,Low,1208303
KE001,Mombasa,2006-09,142.74363666666667,86.82545,,,0,0,0.0518,Low,1208303
KE001,Mombasa,2006-10,225.3994733333333,84.45642,,,0,0,0.0518,Low,1208303
KE001,Mombasa,2006-11,197.02741,129.93103,,,0,0,0.0518,Low,1208303
KE001,Mombasa,2006-12,147.070965,99.844795,,,0,0,0.0518,Low,1208303
KE001,Mombasa,2007-01,74.25756,64.82412,,,0,0,0.0518,Low,1208303
KE001,Mombasa,2007-02,84.81716666666667,75.432816,,,0,0,0.0518,Low,1208303
KE001,Mombasa,2007-03,56.79396533333334,31.920416,,,0,0,0.0518,Low,1208303
KE001,Mombasa,2007-04,105.21366366666666,37.634407,,,0,0,0.0518,Low,1208303
KE001,Mombasa,2007-05,214.7087,87.96624,,,0,0,0.0518,Low,1208303
KE001,Mombasa,2007-06,123.04740566666668,44.975014,,,0,0,0.0518,Low,1208303
KE001,Mombasa,2007-07,86.340034,69.585106,,,0,0,0.0518,Low,1208303
KE001,Mombasa,2007-08,150.34321,131.06061,,,0,0,0.0518,Low,1208303
KE001,Mombasa,2007-09,189.83599,96.64153,,,0,0,0.0518,Low,1208303
KE001,Mombasa,2007-10,83.27684666666666,76.70739,,,0,0,0.0518,Low,1208303
KE001,Mombasa,2007-11,64.32336566666667,28.074602,,,0,0,0.0518,Low,1208303
KE001,Mombasa,2007-12,79.07784199999999,52.47238,,,6,31,0.0518,Low,1208303
KE001,Mombasa,2008-01,119.26074566666666,60.949867,,,0,0,0.0518,Low,1208303
KE001,Mombasa,2008-02,83.07809333333334,71.88319,,,0,0,0.0518,Low,1208303
KE001,Mombasa,2008-03,123.13483666666666,46.77661,,,0,0,0.0518,Low,1208303
KE001,Mombasa,2008-04,65.24442966666668,53.274685,,,0,0,0.0518,Low,1208303
KE001,Mombasa,2008-05,77.41147966666666,43.324474,,,0,0,0.0518,Low,1208303
KE001,Mombasa,2008-06,134.33442,97.39301,,,1,0,0.0518,Low,1208303
KE001,Mombasa,2008-07,103.18521333333335,78.3163,,,0,0,0.0518,Low,1208303
KE001,Mombasa,2008-08,96.17166133333335,90.530304,,,0,0,0.0518,Low,1208303
KE001,Mombasa,2008-09,100.15465999999999,66.20973,,,0,0,0.0518,Low,1208303
KE001,Mombasa,2008-10,59.42368066666666,48.165905,,,0,0,0.0518,Low,1208303
KE001,Mombasa,2008-11,86.45307333333334,32.68966,,,0,0,0.0518,Low,1208303
KE001,Mombasa,2008-12,50.68234266666667,37.480274,,,0,0,0.0518,Low,1208303
KE001,Mombasa,2009-01,65.82807933333333,53.034298,,,0,0,0.0518,Low,1208303
KE001,Mombasa,2009-02,98.56998800000001,89.03545,,,0,0,0.0518,Low,1208303
KE001,Mombasa,2009-03,69.92650133333333,52.941174,,,0,0,0.0518,Low,1208303
KE001,Mombasa,2009-04,36.027052,23.460411,,,0,0,0.0518,Low,1208303
KE001,Mombasa,2009-05,46.65905433333334,22.394068,,,0,0,0.0518,Low,1208303
KE001,Mombasa,2009-06,137.29814666666667,90.30437,,,0,0,0.0518,Low,1208303
KE001,Mombasa,2009-07,68.681518,56.10912,,,0,0,0.0518,Low,1208303
KE001,Mombasa,2009-08,74.52212266666668,64.393936,,,0,0,0.0518,Low,1208303
KE001,Mombasa,2009-09,49.71270466666667,38.49127,,,0,0,0.0518,Low,1208303
KE001,Mombasa,2009-10,166.40492333333336,62.66846,,,0,0,0.0518,Low,1208303
KE001,Mombasa,2009-11,31.089544999999998,24.888832,,,0,0,0.0518,Low,1208303
KE001,Mombasa,2009-12,94.31908966666667,47.077084,,,1,0,0.0518,Low,1208303
KE001,Mombasa,2010-01,72.77577666666666,64.07036,,,0,0,0.0518,Low,1208303
KE001,Mombasa,2010-02,95.29280833333333,85.325645,,,0,0,0.0518,Low,1208303
KE001,Mombasa,2010-03,95.20176666666667,40.929535,,,0,0,0.0518,Low,1208303
KE001,Mombasa,2010-04,105.49992666666667,66.09019,,,1,0,0.0518,Low,1208303
KE001,Mombasa,2010-05,129.466314,35.348312,,,0,0,0.0518,Low,1208303
KE001,Mombasa,2010-06,110.43651299999999,70.238754,,,0,0,0.0518,Low,1208303
KE001,Mombasa,2010-07,76.99093133333334,62.479584,,,0,0,0.0518,Low,1208303
KE001,Mombasa,2010-08,67.03678666666667,66.28788,,,0,0,0.0518,Low,1208303
KE001,Mombasa,2010-09,86.30954666666666,62.14252,,,0,0,0.0518,Low,1208303
KE001,Mombasa,2010-10,34.928819,27.638695,,,2,0,0.0518,Low,1208303
KE001,Mombasa,2010-11,75.734534,52.37809,,,1,0,0.0518,Low,1208303
KE001,Mombasa,2010-12,56.00077100000001,39.05839,,,1,0,0.0518,Low,1208303
KE001,Mombasa,2011-01,58.986859,52.01005,,,0,0,0.0518,Low,1208303
KE001,Mombasa,2011-02,129.38214833333333,94.820015,,,0,0,0.0518,Low,1208303
KE001,Mombasa,2011-03,43.669824000000006,41.52249,,,0,0,0.0518,Low,1208303
KE001,Mombasa,2011-04,53.860981333333335,52.419357,,,0,0,0.0518,Low,1208303
KE001,Mombasa,2011-05,66.08044466666666,55.546074,,,1,2,0.0518,Low,1208303
KE001,Mombasa,2011-06,59.31679066666666,52.005642,,,0,0,0.0518,Low,1208303
KE001,Mombasa,2011-07,78.480497,64.18573,,,0,0,0.0518,Low,1208303
KE001,Mombasa,2011-08,67.86992566666667,60.565697,,,0,0,0.0518,Low,1208303
KE001,Mombasa,2011-09,106.45117166666667,99.70629,,,1,1,0.0518,Low,1208303
KE001,Mombasa,2011-10,166.2514176666667,50.005573,,,0,0,0.0518,Low,1208303
KE001,Mombasa,2011-11,64.78394133333333,44.701984,,,0,0,0.0518,Low,1208303
KE001,Mombasa,2011-12,72.04804866666666,50.27717,,,1,0,0.0518,Low,1208303
KE001,Mombasa,2012-01,67.50036233333333,51.451187,,,2,0,0.0518,Low,1208303
KE001,Mombasa,2012-02,79.18814533333334,75.432816,,,3,0,0.0518,Low,1208303
KE001,Mombasa,2012-03,42.552852,21.799307,,,1,0,0.0518,Low,1208303
KE001,Mombasa,2012-04,48.93524233333333,45.41489,,,0,0,0.0518,Low,1208303
KE001,Mombasa,2012-05,82.48702133333333,39.372578,,,0,0,0.0518,Low,1208303
KE001,Mombasa,2012-06,58.68433433333333,37.31291,,,2,3,0.0518,Low,1208303
KE001,Mombasa,2012-07,76.758042,69.98975,,,1,1,0.0518,Low,1208303
KE001,Mombasa,2012-08,94.18481933333334,71.018654,,,5,6,0.0518,Low,1208303
KE001,Mombasa,2012-09,99.74297233333334,42.201267,,,0,0,0.0518,Low,1208303
KE001,Mombasa,2012-10,114.65632433333333,30.939903,,,3,7,0.0518,Low,1208303
KE001,Mombasa,2012-11,94.57495266666668,42.206898,,,0,0,0.0518,Low,1208303
KE001,Mombasa,2012-12,79.500958,42.421104,,,1,1,0.0518,Low,1208303
KE001,Mombasa,2013-01,69.78752,68.86543,,,1,0,0.0518,Low,1208303
KE001,Mombasa,2013-02,82.144982,75.432816,,,7,17,0.0518,Low,1208303
KE001,Mombasa,2013-03,284.0616733333333,196.45328,,,1,1,0.0518,Low,1208303
KE001,Mombasa,2013-04,78.12119333333332,27.49267,,,2,1,0.0518,Low,1208303
KE001,Mombasa,2013-05,108.08959399999999,48.69794,,,1,1,0.0518,Low,1208303
KE001,Mombasa,2013-06,72.074045,55.65315,,,3,2,0.0518,Low,1208303
KE001,Mombasa,2013-07,62.85023433333333,52.514416,,,2,0,0.0518,Low,1208303
KE001,Mombasa,2013-08,156.81167333333335,134.29752,,,2,0,0.0518,Low,1208303
KE001,Mombasa,2013-09,152.16444666666666,98.130844,,,2,4,0.0518,Low,1208303
KE001,Mombasa,2013-10,98.58927666666666,32.94682,,,0,0,0.0518,Low,1208303
KE001,Mombasa,2013-11,86.68720333333333,34.75862,,,0,0,0.0518,Low,1208303
KE001,Mombasa,2013-12,106.49291899999999,50.499737,,,2,1,0.0518,Low,1208303
KE001,Mombasa,2014-01,61.19725333333333,55.778896,,,4,10,0.0518,Low,1208303
KE001,Mombasa,2014-02,102.47150666666668,78.62223,,,1,0,0.0518,Low,1208303
KE001,Mombasa,2014-03,206.79222000000001,196.55173,,,4,13,0.0518,Low,1208303
KE001,Mombasa,2014-04,39.110393,18.695017,,,0,0,0.0518,Low,1208303
KE001,Mombasa,2014-05,96.07570833333334,47.416225,,,2,1,0.0518,Low,1208303
KE001,Mombasa,2014-06,95.39871666666666,73.29261,,,1,1,0.0518,Low,1208303
KE001,Mombasa,2014-07,95.29373333333335,77.15944,,,6,11,0.0518,Low,1208303
KE001,Mombasa,2014-08,91.27723300000001,82.954544,,,3,2,0.0518,Low,1208303
KE001,Mombasa,2014-09,112.84179333333334,60.28752,,,0,0,0.0518,Low,1208303
KE001,Mombasa,2014-10,90.15342333333332,80.10927,,,0,0,0.0518,Low,1208303
KE001,Mombasa,2014-11,126.24090533333333,44.25045,,,4,6,0.0518,Low,1208303
KE001,Mombasa,2014-12,201.91518333333332,132.95634,,,0,0,0.0518,Low,1208303
KE001,Mombasa,2015-01,73.52140666666666,62.532986,,,1,1,0.0518,Low,1208303
KE001,Mombasa,2015-02,78.51497666666667,77.90602,,,0,0,0.0518,Low,1208303
KE001,Mombasa,2015-03,141.50002666666668,74.21289,,,1,1,0.0518,Low,1208303
KE001,Mombasa,2015-04,92.94895266666667,51.729465,,,0,0,0.0518,Low,1208303
KE001,Mombasa,2015-05,159.40516666666667,78.40556,,,0,0,0.0518,Low,1208303
KE001,Mombasa,2015-06,80.54163,56.357574,,,1,1,0.0518,Low,1208303
KE001,Mombasa,2015-07,132.02923,104.8677,,,0,0,0.0518,Low,1208303
KE001,Mombasa,2015-08,108.37372333333333,98.86364,,,0,0,0.0518,Low,1208303
KE001,Mombasa,2015-09,70.488332,61.678772,,,0,0,0.0518,Low,1208303
KE001,Mombasa,2015-10,128.09372666666667,33.95027,,,1,1,0.0518,Low,1208303
KE001,Mombasa,2015-11,221.73331799999997,82.405174,,,0,0,0.0518,Low,1208303
KE001,Mombasa,2015-12,70.49818633333332,56.023144,,,0,0,0.0518,Low,1208303
KE001,Mombasa,2016-01,102.8568,84.69656,,,0,0,0.0518,Low,1208303
KE001,Mombasa,2016-02,97.17742466666668,86.56225,,,0,0,0.0518,Low,1208303
KE001,Mombasa,2016-03,57.05879866666667,20.242216,,,0,0,0.0518,Low,1208303
KE001,Mombasa,2016-04,176.80174333333335,99.70674,,,0,0,0.0518,Low,1208303
KE001,Mombasa,2016-05,49.494170999999994,40.129543,,,0,0,0.0518,Low,1208303
KE001,Mombasa,2016-06,85.332538,70.62047,,,0,0,0.0518,Low,1208303
KE001,Mombasa,2016-07,74.89562566666667,61.795837,,,1,2,0.0518,Low,1208303
KE001,Mombasa,2016-08,116.43801466666666,111.742424,,,1,2,0.0518,Low,1208303
KE001,Mombasa,2016-09,68.88221,51.47627,,,1,1,0.0518,Low,1208303
KE001,Mombasa,2016-10,63.27773766666667,51.009033,,,1,3,0.0518,Low,1208303
KE001,Mombasa,2016-11,81.01307266666667,34.247032,,,0,0,0.0518,Low,1208303
KE001,Mombasa,2016-12,65.93033866666667,51.474392,,,0,0,0.0518,Low,1208303
KE001,Mombasa,2017-01,90.37076066666667,79.899506,,,0,0,0.0518,Low,1208303
KE001,Mombasa,2017-02,113.94519333333334,89.03545,,,1,1,0.0518,Low,1208303
KE001,Mombasa,2017-03,76.20082466666666,51.77665,,,0,0,0.0518,Low,1208303
KE001,Mombasa,2017-04,91.26085866666666,53.519066,,,1,1,0.0518,Low,1208303
KE001,Mombasa,2017-05,148.65437866666667,72.952896,,,0,0,0.0518,Low,1208303
KE001,Mombasa,2017-06,79.376333,72.939354,,,1,1,0.0518,Low,1208303
KE001,Mombasa,2017-07,77.33390200000001,69.648346,,,0,0,0.0518,Low,1208303
KE001,Mombasa,2017-08,128.81076,107.57576,,,2,3,0.0518,Low,1208303
KE001,Mombasa,2017-09,183.28987333333336,68.17127,,,0,0,0.0518,Low,1208303
KE001,Mombasa,2017-10,62.48178366666667,29.441217,,,1,0,0.0518,Low,1208303
KE001,Mombasa,2017-11,174.84689233333333,56.667667,,,0,0,0.0518,Low,1208303
KE001,Mombasa,2017-12,95.31734999999999,47.18319,,,1,1,0.0518,Low,1208303
KE001,Mombasa,2018-01,65.31303233333334,52.01005,,,1,3,0.0518,Low,1208303
KE001,Mombasa,2018-02,87.79134166666667,81.99176,,,0,0,0.0518,Low,1208303
KE001,Mombasa,2018-03,177.04199333333335,68.77162,,,0,0,0.0518,Low,1208303
KE001,Mombasa,2018-04,134.61988866666664,74.04692,,,0,0,0.0518,Low,1208303
KE001,Mombasa,2018-05,133.77379866666666,59.771896,,,0,0,0.0518,Low,1208303
KE001,Mombasa,2018-06,105.33640666666666,80.95004,,,1,1,0.0518,Low,1208303
KE001,Mombasa,2018-07,180.02565333333334,156.32147,,,0,0,0.0518,Low,1208303
KE001,Mombasa,2018-08,112.34715,83.333336,,,3,3,0.0518,Low,1208303
KE001,Mombasa,2018-09,228.19502333333335,69.49966,,,0,0,0.0518,Low,1208303
KE001,Mombasa,2018-10,177.61779333333334,62.2872,,,0,0,0.0518,Low,1208303
KE001,Mombasa,2018-11,69.779358,29.070154,,,4,2,0.0518,Low,1208303
KE001,Mombasa,2018-12,156.34076666666667,53.26144,,,1,1,0.0518,Low,1208303
KE001,Mombasa,2019-01,94.17682666666667,83.66834,,,1,1,0.0518,Low,1208303
KE001,Mombasa,2019-02,90.69510466666668,87.79885,,,0,0,0.0518,Low,1208303
KE001,Mombasa,2019-03,36.79331066666666,34.18291,,,0,0,0.0518,Low,1208303
KE001,Mombasa,2019-04,28.70024666666667,23.09232,,,0,0,0.0518,Low,1208303
KE001,Mombasa,2019-05,186.29903,72.0123,,,0,0,0.0518,Low,1208303
KE001,Mombasa,2019-06,66.62883733333332,50.172157,,,0,0,0.0518,Low,1208303
KE001,Mombasa,2019-07,115.12415333333335,91.15739,,,2,1,0.0518,Low,1208303
KE001,Mombasa,2019-08,108.04613466666667,85.606064,,,0,0,0.0518,Low,1208303
KE001,Mombasa,2019-09,152.06095333333334,93.21379,,,1,3,0.0518,Low,1208303
KE001,Mombasa,2019-10,296.17609999999996,228.8859,,,0,0,0.0518,Low,1208303
KE001,Mombasa,2019-11,140.94780666666665,65.50741,,,3,1,0.0518,Low,1208303
KE001,Mombasa,2019-12,206.88422333333332,142.52457,,,0,0,0.0518,Low,1208303
KE001,Mombasa,2020-01,201.597035,108.443275,,,0,0,0.0518,Low,1208303
KE001,Mombasa,2020-02,102.293918,93.50307,,,0,0,0.0518,Low,1208303
KE001,Mombasa,2020-03,156.73374666666666,117.25888,,,3,1,0.0518,Low,1208303
KE001,Mombasa,2020-04,301.99370666666664,180.66708,,,1,1,0.0518,Low,1208303
KE001,Mombasa,2020-05,91.92805800000001,34.63813,,,0,0,0.0518,Low,1208303
KE001,Mombasa,2020-06,149.76191666666668,92.17102,,,0,0,0.0518,Low,1208303
KE001,Mombasa,2020-07,146.34978666666666,127.18811,,,0,0,0.0518,Low,1208303
KE001,Mombasa,2020-08,85.11389933333334,62.878788,,,1,0,0.0518,Low,1208303
KE001,Mombasa,2020-09,106.41478666666666,86.72129,,,0,0,0.0518,Low,1208303
KE001,Mombasa,2020-10,51.003572999999996,39.655514,,,0,0,0.0518,Low,1208303
KE001,Mombasa,2020-11,113.66587433333332,52.965523,,,0,0,0.0518,Low,1208303
KE001,Mombasa,2020-12,69.39534733333333,46.94897,,,0,0,0.0518,Low,1208303
KE001,Mombasa,2021-01,119.17372,64.07036,,,0,0,0.0518,Low,1208303
KE001,Mombasa,2021-02,113.04535666666668,86.56225,,,0,0,0.0518,Low,1208303
KE001,Mombasa,2021-03,41.134041333333336,33.73313,,,0,0,0.0518,Low,1208303
KE001,Mombasa,2021-04,49.149911333333336,27.859238,,,0,0,0.0518,Low,1208303
KE001,Mombasa,2021-05,61.243935666666665,26.605246,,,0,0,0.0518,Low,1208303
KE001,Mombasa,2021-06,68.20584433333333,49.961353,,,0,0,0.0518,Low,1208303
KE001,Mombasa,2021-07,132.45905000000002,111.98361,,,1,0,0.0518,Low,1208303
KE001,Mombasa,2021-08,112.59605033333332,104.54546,,,1,0,0.0518,Low,1208303
KE001,Mombasa,2021-09,86.06292333333333,52.40377,,,1,0,0.0518,Low,1208303
KE001,Mombasa,2021-10,51.543967,48.165905,,,0,0,0.0518,Low,1208303
KE001,Mombasa,2021-11,42.90537866666667,26.680828,,,0,0,0.0518,Low,1208303
KE001,Mombasa,2021-12,182.75366999999997,95.96482,,,0,0,0.0518,Low,1208303
KE001,Mombasa,2022-01,73.112882,58.793976,,,0,0,0.0518,Low,1208303
KE001,Mombasa,2022-02,98.67075666666666,91.50866,,,1,0,0.0518,Low,1208303
KE001,Mombasa,2022-03,40.221289000000006,34.775085,,,0,0,0.0518,Low,1208303
KE001,Mombasa,2022-04,85.166614,34.280426,,,0,0,0.0518,Low,1208303
KE001,Mombasa,2022-05,66.80410033333334,27.827394,,,1,1,0.0518,Low,1208303
KE001,Mombasa,2022-06,88.68762,74.40311,,,0,0,0.0518,Low,1208303
KE001,Mombasa,2022-07,252.56046,233.0121,,,0,0,0.0518,Low,1208303
KE001,Mombasa,2022-08,107.45388200000001,97.72727,,,0,0,0.0518,Low,1208303
KE001,Mombasa,2022-09,80.76231133333333,70.95378,,,0,0,0.0518,Low,1208303
KE001,Mombasa,2022-10,42.92753966666667,33.647106,,,0,0,0.0518,Low,1208303
KE001,Mombasa,2022-11,81.57454733333333,56.348312,,,1,0,0.0518,Low,1208303
KE001,Mombasa,2022-12,80.86851733333333,36.213142,,,0,0,0.0518,Low,1208303
KE001,Mombasa,2023-01,89.45104666666667,64.82412,,,0,0,0.0518,Low,1208303
KE001,Mombasa,2023-02,78.10277666666667,76.66942,,,1,0,0.0518,Low,1208303
KE001,Mombasa,2023-03,100.87582533333334,45.685276,,,0,0,0.0518,Low,1208303
KE001,Mombasa,2023-04,198.48476333333335,66.55343,,,1,2,0.0518,Low,1208303
KE001,Mombasa,2023-05,62.35002566666666,33.092037,,,1,0,0.0518,Low,1208303
KE001,Mombasa,2023-06,83.44189999999999,73.57024,,,0,0,0.0518,Low,1208303
KE001,Mombasa,2023-07,182.17961333333332,163.42699,,,0,0,0.0518,Low,1208303
KE001,Mombasa,2023-08,104.48931,99.5179,,,0,0,0.0518,Low,1208303
KE001,Mombasa,2023-09,72.30972666666666,63.07003,,,1,0,0.0518,Low,1208303
KE001,Mombasa,2023-10,106.95552666666667,56.07851,,,1,0,0.0518,Low,1208303
KE001,Mombasa,2023-11,413.99443,284.01566,,,0,0,0.0518,Low,1208303
KE001,Mombasa,2023-12,150.16544133333332,121.514984,147.0,,1,0,0.0518,Low,1208303
KE001,Mombasa,2024-01,89.85489333333334,70.44855,,,0,0,0.0518,Low,1208303
KE001,Mombasa,2024-02,96.03898,89.03545,,,0,0,0.0518,Low,1208303
KE001,Mombasa,2024-03,126.41913,118.74063,150.0,67.0,0,0,0.0518,Low,1208303
KE001,Mombasa,2024-04,126.84499,117.81966,,,2,0,0.0518,Low,1208303
KE001,Mombasa,2024-05,38.92658,15.699916,,,0,0,0.0518,Low,1208303
KE001,Mombasa,2024-06,81.097498,35.204834,127.0,57.0,2,0,0.0518,Low,1208303
KE001,Mombasa,2024-07,49.755132333333336,45.08331,,,1,0,0.0518,Low,1208303
KE001,Mombasa,2024-08,140.37712466666667,125.378784,,,0,0,0.0518,Low,1208303
KE001,Mombasa,2024-09,62.015116666666664,43.12877,,,0,0,0.0518,Low,1208303
KE001,Mombasa,2024-10,52.917790333333336,42.312412,,,1,0,0.0518,Low,1208303
KE001,Mombasa,2024-11,90.794976,40.817684,,,1,0,0.0518,Low,1208303
KE001,Mombasa,2024-12,204.22712666666666,177.53815,,,0,0,0.0518,Low,1208303
KE001,Mombasa,2025-01,70.17102333333332,64.07036,,,0,0,0.0518,Low,1208303
KE001,Mombasa,2025-02,74.28323999999999,69.63683,,,2,0,0.0518,Low,1208303
KE001,Mombasa,2025-03,106.34818333333334,82.30884,,,1,0,0.0518,Low,1208303
KE001,Mombasa,2025-04,84.86734700000001,42.489864,,,1,1,0.0518,Low,1208303
KE001,Mombasa,2025-05,99.05167999999999,46.677,,,0,0,0.0518,Low,1208303
KE001,Mombasa,2025-06,92.07315,64.30155,,,1,0,0.0518,Low,1208303
KE001,Mombasa,2025-07,57.14352466666667,54.62615,,,0,0,0.0518,Low,1208303
KE001,Mombasa,2025-08,82.04106466666667,71.590904,,,0,0,0.0518,Low,1208303
KE001,Mombasa,2025-09,79.98815333333333,55.18627,,,1,0,0.0518,Low,1208303
KE001,Mombasa,2025-10,65.86994933333334,27.638695,,,0,0,0.0518,Low,1208303
KE001,Mombasa,2025-11,29.028633666666668,24.834436,,,1,0,0.0518,Low,1208303
KE001,Mombasa,2025-12,51.328050999999995,31.557163,,,2,1,0.0518,Low,1208303
KE021,Murang'a,2006-01,51.351312,41.349136,,,1,5,0.0453,Low,1056609
KE021,Murang'a,2006-02,94.33379944444444,43.75034,,,0,0,0.0453,Low,1056609
KE021,Murang'a,2006-03,116.51459055555557,38.19924,,,0,0,0.0453,Low,1056609
KE021,Murang'a,2006-04,106.33169944444445,65.818375,,,0,0,0.0453,Low,1056609
KE021,Murang'a,2006-05,76.75435211111112,52.49766,,,0,0,0.0453,Low,1056609
KE021,Murang'a,2006-06,67.90632622222222,45.31465,,,0,0,0.0453,Low,1056609
KE021,Murang'a,2006-07,89.87788611111111,82.996445,,,0,0,0.0453,Low,1056609
KE021,Murang'a,2006-08,112.97786455555556,71.595955,,,0,0,0.0453,Low,1056609
KE021,Murang'a,2006-09,111.75999866666666,97.010994,,,0,0,0.0453,Low,1056609
KE021,Murang'a,2006-10,85.86230366666666,66.99237,,,0,0,0.0453,Low,1056609
KE021,Murang'a,2006-11,179.9733138888889,119.72665,,,0,0,0.0453,Low,1056609
KE021,Murang'a,2006-12,207.04323666666667,72.52842,,,0,0,0.0453,Low,1056609
KE021,Murang'a,2007-01,79.52668277777778,66.97827,,,0,0,0.0453,Low,1056609
KE021,Murang'a,2007-02,145.5210051111111,71.502426,,,5,24,0.0453,Low,1056609
KE021,Murang'a,2007-03,48.77821077777778,30.097685,,,0,0,0.0453,Low,1056609
KE021,Murang'a,2007-04,86.5552531111111,31.281301,,,0,0,0.0453,Low,1056609
KE021,Murang'a,2007-05,115.59842288888889,51.05824,,,1,3,0.0453,Low,1056609
KE021,Murang'a,2007-06,130.2627877777778,100.6503,,,2,3,0.0453,Low,1056609
KE021,Murang'a,2007-07,152.88037111111112,91.61756,,,0,0,0.0453,Low,1056609
KE021,Murang'a,2007-08,132.62506177777777,81.48974,,,0,0,0.0453,Low,1056609
KE021,Murang'a,2007-09,125.13784555555556,86.97056,,,0,0,0.0453,Low,1056609
KE021,Murang'a,2007-10,103.61985777777778,72.72669,,,0,0,0.0453,Low,1056609
KE021,Murang'a,2007-11,55.99947733333333,41.58736,,,0,0,0.0453,Low,1056609
KE021,Murang'a,2007-12,54.94995933333333,48.263718,,,1,1,0.0453,Low,1056609
KE021,Murang'a,2008-01,111.99375577777778,37.468246,,,0,0,0.0453,Low,1056609
KE021,Murang'a,2008-02,94.21635411111112,46.1035,,,0,0,0.0453,Low,1056609
KE021,Murang'a,2008-03,138.27753844444445,47.918682,,,0,0,0.0453,Low,1056609
KE021,Murang'a,2008-04,61.631863111111116,29.070107,,,0,0,0.0453,Low,1056609
KE021,Murang'a,2008-05,46.204472555555554,27.928188,,,0,0,0.0453,Low,1056609
KE021,Murang'a,2008-06,72.70790622222222,50.538593,,,1,1,0.0453,Low,1056609
KE021,Murang'a,2008-07,98.50463777777776,71.992775,,,0,0,0.0453,Low,1056609
KE021,Murang'a,2008-08,73.38166444444444,61.19342,,,0,0,0.0453,Low,1056609
KE021,Murang'a,2008-09,120.24082877777778,89.6354,,,0,0,0.0453,Low,1056609
KE021,Murang'a,2008-10,115.31177288888891,76.807686,,,0,0,0.0453,Low,1056609
KE021,Murang'a,2008-11,83.20636944444445,54.917114,,,0,0,0.0453,Low,1056609
KE021,Murang'a,2008-12,49.52309511111111,33.366886,,,0,0,0.0453,Low,1056609
KE021,Murang'a,2009-01,71.9730001111111,39.796783,,,0,0,0.0453,Low,1056609
KE021,Murang'a,2009-02,85.79935877777777,54.611565,,,0,0,0.0453,Low,1056609
KE021,Murang'a,2009-03,50.604415333333336,40.012604,,,0,0,0.0453,Low,1056609
KE021,Murang'a,2009-04,60.49439255555555,43.92514,,,0,0,0.0453,Low,1056609
KE021,Murang'a,2009-05,67.14564088888889,29.11469,,,0,0,0.0453,Low,1056609
KE021,Murang'a,2009-06,89.28968511111111,64.26175,,,0,0,0.0453,Low,1056609
KE021,Murang'a,2009-07,65.81832422222222,49.48516,,,1,0,0.0453,Low,1056609
KE021,Murang'a,2009-08,65.18526855555555,56.3223,,,0,0,0.0453,Low,1056609
KE021,Murang'a,2009-09,67.78855522222221,56.661446,,,0,0,0.0453,Low,1056609
KE021,Murang'a,2009-10,137.22403844444443,91.35448,,,0,0,0.0453,Low,1056609
KE021,Murang'a,2009-11,64.76514733333333,48.019928,,,0,0,0.0453,Low,1056609
KE021,Murang'a,2009-12,123.23992222222222,68.87403,,,0,0,0.0453,Low,1056609
KE021,Murang'a,2010-01,120.75376355555555,52.65547,,,0,0,0.0453,Low,1056609
KE021,Murang'a,2010-02,222.34774222222222,105.45792,,,0,0,0.0453,Low,1056609
KE021,Murang'a,2010-03,169.20184400000002,49.779106,,,0,0,0.0453,Low,1056609
KE021,Murang'a,2010-04,88.149311,55.694508,,,0,0,0.0453,Low,1056609
KE021,Murang'a,2010-05,126.37525177777778,77.67969,,,0,0,0.0453,Low,1056609
KE021,Murang'a,2010-06,101.47378955555556,70.09801,,,0,0,0.0453,Low,1056609
KE021,Murang'a,2010-07,84.73705733333333,74.9389,,,0,0,0.0453,Low,1056609
KE021,Murang'a,2010-08,92.97155611111111,74.926,,,0,0,0.0453,Low,1056609
KE021,Murang'a,2010-09,89.20577177777778,80.52709,,,0,0,0.0453,Low,1056609
KE021,Murang'a,2010-10,90.17122122222223,62.789227,,,0,0,0.0453,Low,1056609
KE021,Murang'a,2010-11,73.30352822222223,56.018997,,,0,0,0.0453,Low,1056609
KE021,Murang'a,2010-12,75.13131788888889,45.25842,,,0,0,0.0453,Low,1056609
KE021,Murang'a,2011-01,53.63433188888889,37.546204,,,1,0,0.0453,Low,1056609
KE021,Murang'a,2011-02,120.59534388888889,51.602318,,,0,0,0.0453,Low,1056609
KE021,Murang'a,2011-03,80.37321055555554,29.61563,,,0,0,0.0453,Low,1056609
KE021,Murang'a,2011-04,47.44113344444444,24.241247,,,0,0,0.0453,Low,1056609
KE021,Murang'a,2011-05,64.289552,39.249783,,,0,0,0.0453,Low,1056609
KE021,Murang'a,2011-06,137.05267111111112,92.81607,,,0,0,0.0453,Low,1056609
KE021,Murang'a,2011-07,90.73570055555555,75.84723,,,0,0,0.0453,Low,1056609
KE021,Murang'a,2011-08,143.92857555555554,77.45093,,,0,0,0.0453,Low,1056609
KE021,Murang'a,2011-09,160.94400888888887,106.91081,,,0,0,0.0453,Low,1056609
KE021,Murang'a,2011-10,148.2843938888889,59.169285,,,0,0,0.0453,Low,1056609
KE021,Murang'a,2011-11,147.3088177777778,82.05741,,,0,0,0.0453,Low,1056609
KE021,Murang'a,2011-12,88.52797311111112,49.280365,,,0,0,0.0453,Low,1056609
KE021,Murang'a,2012-01,43.18469622222222,34.504658,,,0,0,0.0453,Low,1056609
KE021,Murang'a,2012-02,71.26273922222222,38.68622,,,0,0,0.0453,Low,1056609
KE021,Murang'a,2012-03,34.201936777777775,18.941826,,,0,0,0.0453,Low,1056609
KE021,Murang'a,2012-04,150.9281,71.91627,,,0,0,0.0453,Low,1056609
KE021,Murang'a,2012-05,152.59806155555555,75.1266,,,0,0,0.0453,Low,1056609
KE021,Murang'a,2012-06,118.18072111111113,67.11132,,,0,0,0.0453,Low,1056609
KE021,Murang'a,2012-07,113.42327822222222,102.97121,,,0,0,0.0453,Low,1056609
KE021,Murang'a,2012-08,144.3011811111111,121.90901,,,0,0,0.0453,Low,1056609
KE021,Murang'a,2012-09,97.56111600000001,83.28411,,,0,0,0.0453,Low,1056609
KE021,Murang'a,2012-10,156.42207711111112,71.50716,,,0,0,0.0453,Low,1056609
KE021,Murang'a,2012-11,99.61690255555555,70.203674,,,0,0,0.0453,Low,1056609
KE021,Murang'a,2012-12,164.97926833333335,114.94715,,,0,0,0.0453,Low,1056609
KE021,Murang'a,2013-01,102.66669277777777,38.778286,,,1,1,0.0453,Low,1056609
KE021,Murang'a,2013-02,51.24417744444444,34.395832,,,0,0,0.0453,Low,1056609
KE021,Murang'a,2013-03,151.81338555555556,60.7674,,,1,1,0.0453,Low,1056609
KE021,Murang'a,2013-04,195.73389111111112,96.54815,,,0,0,0.0453,Low,1056609
KE021,Murang'a,2013-05,48.584048555555555,32.367496,,,0,0,0.0453,Low,1056609
KE021,Murang'a,2013-06,104.22464722222223,50.29562,,,0,0,0.0453,Low,1056609
KE021,Murang'a,2013-07,86.26652,76.15315,,,0,0,0.0453,Low,1056609
KE021,Murang'a,2013-08,102.07801888888889,78.47548,,,1,2,0.0453,Low,1056609
KE021,Murang'a,2013-09,129.33279844444445,106.8814,,,0,0,0.0453,Low,1056609
KE021,Murang'a,2013-10,53.46269133333333,38.0038,,,0,0,0.0453,Low,1056609
KE021,Murang'a,2013-11,86.57704722222222,47.19748,,,0,0,0.0453,Low,1056609
KE021,Murang'a,2013-12,137.4171587777778,39.572224,,,0,0,0.0453,Low,1056609
KE021,Murang'a,2014-01,45.701919333333336,38.385548,,,0,0,0.0453,Low,1056609
KE021,Murang'a,2014-02,166.60138277777776,53.159245,,,0,0,0.0453,Low,1056609
KE021,Murang'a,2014-03,151.83798877777778,30.889729,,,0,0,0.0453,Low,1056609
KE021,Murang'a,2014-04,45.53047533333333,32.444485,,,0,0,0.0453,Low,1056609
KE021,Murang'a,2014-05,62.49422577777778,50.863434,,,0,0,0.0453,Low,1056609
KE021,Murang'a,2014-06,140.94699333333335,133.54391,,,0,0,0.0453,Low,1056609
KE021,Murang'a,2014-07,88.35515277777777,78.866455,,,0,0,0.0453,Low,1056609
KE021,Murang'a,2014-08,161.64552711111114,74.03681,,,0,0,0.0453,Low,1056609
KE021,Murang'a,2014-09,114.44745222222224,68.05258,,,0,0,0.0453,Low,1056609
KE021,Murang'a,2014-10,92.87215544444445,70.00701,,,0,0,0.0453,Low,1056609
KE021,Murang'a,2014-11,86.68285677777777,54.48277,,,0,0,0.0453,Low,1056609
KE021,Murang'a,2014-12,94.96332866666665,63.13858,,,0,0,0.0453,Low,1056609
KE021,Murang'a,2015-01,45.324923222222225,36.18442,,,0,0,0.0453,Low,1056609
KE021,Murang'a,2015-02,80.83263233333334,42.59967,,,0,0,0.0453,Low,1056609
KE021,Murang'a,2015-03,56.60877422222222,40.205036,,,0,0,0.0453,Low,1056609
KE021,Murang'a,2015-04,141.11378833333333,115.050995,,,0,0,0.0453,Low,1056609
KE021,Murang'a,2015-05,96.10577755555556,80.22528,,,0,0,0.0453,Low,1056609
KE021,Murang'a,2015-06,86.74408466666667,54.361935,,,0,0,0.0453,Low,1056609
KE021,Murang'a,2015-07,105.07982733333333,91.0227,,,0,0,0.0453,Low,1056609
KE021,Murang'a,2015-08,79.29786922222223,60.598064,,,0,0,0.0453,Low,1056609
KE021,Murang'a,2015-09,64.8917031111111,55.920643,,,0,0,0.0453,Low,1056609
KE021,Murang'a,2015-10,131.05114444444445,101.27485,,,0,0,0.0453,Low,1056609
KE021,Murang'a,2015-11,150.5850243333333,106.966805,,,0,0,0.0453,Low,1056609
KE021,Murang'a,2015-12,126.08409777777777,44.380062,,,0,0,0.0453,Low,1056609
KE021,Murang'a,2016-01,157.48731855555556,74.372,,,0,0,0.0453,Low,1056609
KE021,Murang'a,2016-02,78.56841577777777,47.557877,,,0,0,0.0453,Low,1056609
KE021,Murang'a,2016-03,72.15106966666667,27.00013,,,0,0,0.0453,Low,1056609
KE021,Murang'a,2016-04,119.90771444444444,66.67584,,,0,0,0.0453,Low,1056609
KE021,Murang'a,2016-05,95.58641955555555,48.17192,,,0,0,0.0453,Low,1056609
KE021,Murang'a,2016-06,96.88710344444445,81.72531,,,0,0,0.0453,Low,1056609
KE021,Murang'a,2016-07,69.75391333333333,62.981106,,,0,0,0.0453,Low,1056609
KE021,Murang'a,2016-08,88.96167666666666,80.29107,,,0,0,0.0453,Low,1056609
KE021,Murang'a,2016-09,82.048096,73.74414,,,0,0,0.0453,Low,1056609
KE021,Murang'a,2016-10,70.86804322222223,50.405045,,,0,0,0.0453,Low,1056609
KE021,Murang'a,2016-11,113.72701011111111,69.67633,,,0,0,0.0453,Low,1056609
KE021,Murang'a,2016-12,42.55358377777778,36.480843,,,0,0,0.0453,Low,1056609
KE021,Murang'a,2017-01,54.67583344444444,41.701946,,,0,0,0.0453,Low,1056609
KE021,Murang'a,2017-02,120.97659966666667,53.977787,,,0,0,0.0453,Low,1056609
KE021,Murang'a,2017-03,44.976594444444444,33.117897,,,1,1,0.0453,Low,1056609
KE021,Murang'a,2017-04,54.11981566666666,42.326733,,,0,0,0.0453,Low,1056609
KE021,Murang'a,2017-05,92.21028255555555,59.438248,,,0,0,0.0453,Low,1056609
KE021,Murang'a,2017-06,78.23775233333333,51.14603,,,0,0,0.0453,Low,1056609
KE021,Murang'a,2017-07,112.95923222222223,96.593315,,,0,0,0.0453,Low,1056609
KE021,Murang'a,2017-08,119.34979000000001,95.44604,,,0,0,0.0453,Low,1056609
KE021,Murang'a,2017-09,115.60828444444445,77.28025,,,1,0,0.0453,Low,1056609
KE021,Murang'a,2017-10,101.83683477777778,49.224167,,,0,0,0.0453,Low,1056609
KE021,Murang'a,2017-11,96.61173511111112,60.590702,,,0,0,0.0453,Low,1056609
KE021,Murang'a,2017-12,36.23332533333333,29.864088,,,0,0,0.0453,Low,1056609
KE021,Murang'a,2018-01,82.87013622222223,66.27327,,,0,0,0.0453,Low,1056609
KE021,Murang'a,2018-02,81.01310222222223,56.647682,,,0,0,0.0453,Low,1056609
KE021,Murang'a,2018-03,249.87681155555552,52.13818,,,0,0,0.0453,Low,1056609
KE021,Murang'a,2018-04,207.95958166666665,93.84272,,,0,0,0.0453,Low,1056609
KE021,Murang'a,2018-05,234.5689577777778,137.02382,,,0,0,0.0453,Low,1056609
KE021,Murang'a,2018-06,202.44928888888887,143.02283,,,0,0,0.0453,Low,1056609
KE021,Murang'a,2018-07,144.77377,125.81749,,,0,0,0.0453,Low,1056609
KE021,Murang'a,2018-08,135.62821566666668,76.167366,,,0,0,0.0453,Low,1056609
KE021,Murang'a,2018-09,109.10497333333333,75.716385,,,1,1,0.0453,Low,1056609
KE021,Murang'a,2018-10,75.91932255555555,46.780174,,,0,0,0.0453,Low,1056609
KE021,Murang'a,2018-11,80.72905833333333,63.13215,,,0,0,0.0453,Low,1056609
KE021,Murang'a,2018-12,177.11645422222222,58.479977,,,0,0,0.0453,Low,1056609
KE021,Murang'a,2019-01,64.77357933333333,48.480934,,,1,1,0.0453,Low,1056609
KE021,Murang'a,2019-02,73.11120933333333,62.878895,,,1,0,0.0453,Low,1056609
KE021,Murang'a,2019-03,36.36969144444444,25.317583,,,0,0,0.0453,Low,1056609
KE021,Murang'a,2019-04,78.11147177777778,27.285948,,,0,0,0.0453,Low,1056609
KE021,Murang'a,2019-05,68.00692333333333,57.21401,,,0,0,0.0453,Low,1056609
KE021,Murang'a,2019-06,132.07791311111112,70.30975,,,0,0,0.0453,Low,1056609
KE021,Murang'a,2019-07,139.57795222222222,89.07327,,,0,0,0.0453,Low,1056609
KE021,Murang'a,2019-08,120.43112177777779,72.33597,,,1,1,0.0453,Low,1056609
KE021,Murang'a,2019-09,131.33570722222223,99.56077,,,0,0,0.0453,Low,1056609
KE021,Murang'a,2019-10,378.01825222222226,258.8259,,,0,0,0.0453,Low,1056609
KE021,Murang'a,2019-11,175.193869,49.160652,,,1,0,0.0453,Low,1056609
KE021,Murang'a,2019-12,240.04105944444441,64.64959,,,0,0,0.0453,Low,1056609
KE021,Murang'a,2020-01,229.20867444444443,113.39146,,,0,0,0.0453,Low,1056609
KE021,Murang'a,2020-02,173.73303466666664,48.212337,,,0,0,0.0453,Low,1056609
KE021,Murang'a,2020-03,180.5418722222222,54.29017,,,0,0,0.0453,Low,1056609
KE021,Murang'a,2020-04,202.166288,57.42267,,,0,0,0.0453,Low,1056609
KE021,Murang'a,2020-05,105.19286555555556,85.22634,,,0,0,0.0453,Low,1056609
KE021,Murang'a,2020-06,206.14121444444447,103.63717,,,0,0,0.0453,Low,1056609
KE021,Murang'a,2020-07,102.47771066666667,76.177155,,,0,0,0.0453,Low,1056609
KE021,Murang'a,2020-08,96.12574933333333,73.336754,,,0,0,0.0453,Low,1056609
KE021,Murang'a,2020-09,128.00658144444444,76.762184,,,0,0,0.0453,Low,1056609
KE021,Murang'a,2020-10,93.68651955555555,64.35078,,,0,0,0.0453,Low,1056609
KE021,Murang'a,2020-11,84.6835198888889,55.176533,,,0,0,0.0453,Low,1056609
KE021,Murang'a,2020-12,74.2771251111111,46.800385,,,1,0,0.0453,Low,1056609
KE021,Murang'a,2021-01,129.70941244444444,53.693016,,,0,0,0.0453,Low,1056609
KE021,Murang'a,2021-02,154.4719511111111,118.67652,,,0,0,0.0453,Low,1056609
KE021,Murang'a,2021-03,64.94960444444445,46.906628,,,0,0,0.0453,Low,1056609
KE021,Murang'a,2021-04,68.24802222222223,59.296886,,,0,0,0.0453,Low,1056609
KE021,Murang'a,2021-05,120.95253444444444,74.95744,,,0,0,0.0453,Low,1056609
KE021,Murang'a,2021-06,58.38376488888889,40.94112,,,0,0,0.0453,Low,1056609
KE021,Murang'a,2021-07,161.14475222222222,105.56834,,,0,0,0.0453,Low,1056609
KE021,Murang'a,2021-08,103.56734888888889,70.32677,,,0,0,0.0453,Low,1056609
KE021,Murang'a,2021-09,74.97136366666666,62.744858,,,0,0,0.0453,Low,1056609
KE021,Murang'a,2021-10,86.5628551111111,53.737934,,,0,0,0.0453,Low,1056609
KE021,Murang'a,2021-11,69.31840833333334,36.956554,,,0,0,0.0453,Low,1056609
KE021,Murang'a,2021-12,131.70469166666666,97.44341,,,0,0,0.0453,Low,1056609
KE021,Murang'a,2022-01,80.5472338888889,38.526672,,,0,0,0.0453,Low,1056609
KE021,Murang'a,2022-02,111.39355577777778,43.09735,,,0,0,0.0453,Low,1056609
KE021,Murang'a,2022-03,50.253542,33.251614,,,0,0,0.0453,Low,1056609
KE021,Murang'a,2022-04,82.80969622222223,31.49423,,,0,0,0.0453,Low,1056609
KE021,Murang'a,2022-05,51.88762555555556,30.70444,,,0,0,0.0453,Low,1056609
KE021,Murang'a,2022-06,63.69973888888889,46.408035,,,0,0,0.0453,Low,1056609
KE021,Murang'a,2022-07,91.58197444444444,64.93052,,,0,0,0.0453,Low,1056609
KE021,Murang'a,2022-08,87.80519866666666,72.3564,,,0,0,0.0453,Low,1056609
KE021,Murang'a,2022-09,98.30857166666667,66.742035,,,0,0,0.0453,Low,1056609
KE021,Murang'a,2022-10,55.82749688888889,45.90459,,,0,0,0.0453,Low,1056609
KE021,Murang'a,2022-11,132.16896777777777,75.494064,,,1,0,0.0453,Low,1056609
KE021,Murang'a,2022-12,50.29504677777778,39.71091,,,0,0,0.0453,Low,1056609
KE021,Murang'a,2023-01,79.00051533333334,53.88755,,,0,0,0.0453,Low,1056609
KE021,Murang'a,2023-02,42.79917922222222,34.323112,,,0,0,0.0453,Low,1056609
KE021,Murang'a,2023-03,106.6850268888889,37.534103,,,0,0,0.0453,Low,1056609
KE021,Murang'a,2023-04,105.75833077777777,47.27173,,,0,0,0.0453,Low,1056609
KE021,Murang'a,2023-05,62.17262777777777,43.624252,,,0,0,0.0453,Low,1056609
KE021,Murang'a,2023-06,102.9033708888889,61.590088,,,0,0,0.0453,Low,1056609
KE021,Murang'a,2023-07,78.88929122222223,69.478615,,,1,0,0.0453,Low,1056609
KE021,Murang'a,2023-08,65.466954,57.540077,,,0,0,0.0453,Low,1056609
KE021,Murang'a,2023-09,109.19081333333332,76.41066,,,0,0,0.0453,Low,1056609
KE021,Murang'a,2023-10,110.07974944444445,80.82043,,,0,0,0.0453,Low,1056609
KE021,Murang'a,2023-11,203.34982155555556,122.015274,,,0,0,0.0453,Low,1056609
KE021,Murang'a,2023-12,81.37595011111111,46.669052,,,1,4,0.0453,Low,1056609
KE021,Murang'a,2024-01,195.6449897777778,84.431404,,,0,0,0.0453,Low,1056609
KE021,Murang'a,2024-02,111.03630144444443,53.1572,,,0,0,0.0453,Low,1056609
KE021,Murang'a,2024-03,97.79250499999999,52.302563,,,0,0,0.0453,Low,1056609
KE021,Murang'a,2024-04,296.3896611111111,199.4376,,,0,0,0.0453,Low,1056609
KE021,Murang'a,2024-05,197.20614666666668,132.31993,,,0,0,0.0453,Low,1056609
KE021,Murang'a,2024-06,97.55855155555555,77.94038,,,0,0,0.0453,Low,1056609
KE021,Murang'a,2024-07,190.59347444444447,117.26482,,,0,0,0.0453,Low,1056609
KE021,Murang'a,2024-08,76.00718433333333,60.280083,,,0,0,0.0453,Low,1056609
KE021,Murang'a,2024-09,105.43062555555555,83.97574,,,0,0,0.0453,Low,1056609
KE021,Murang'a,2024-10,68.51800044444445,49.05491,,,1,0,0.0453,Low,1056609
KE021,Murang'a,2024-11,145.86889888888888,94.58501,,,1,0,0.0453,Low,1056609
KE021,Murang'a,2024-12,96.20003033333333,43.42539,,,1,0,0.0453,Low,1056609
KE021,Murang'a,2025-01,143.97790477777778,41.307304,,,1,0,0.0453,Low,1056609
KE021,Murang'a,2025-02,42.03277588888889,30.614471,,,0,0,0.0453,Low,1056609
KE021,Murang'a,2025-03,139.43987777777778,119.18435,,,0,0,0.0453,Low,1056609
KE021,Murang'a,2025-04,137.21333288888889,101.092186,,,0,0,0.0453,Low,1056609
KE021,Murang'a,2025-05,91.47669422222222,57.110428,,,0,0,0.0453,Low,1056609
KE021,Murang'a,2025-06,99.04299577777778,58.62903,,,0,0,0.0453,Low,1056609
KE021,Murang'a,2025-07,73.7997538888889,48.585426,,,1,0,0.0453,Low,1056609
KE021,Murang'a,2025-08,162.9015811111111,82.381676,,,0,0,0.0453,Low,1056609
KE021,Murang'a,2025-09,102.52982922222222,94.22682,,,0,0,0.0453,Low,1056609
KE021,Murang'a,2025-10,153.0107528888889,54.903393,,,0,0,0.0453,Low,1056609
KE021,Murang'a,2025-11,43.14724688888889,38.24924,,,0,0,0.0453,Low,1056609
KE021,Murang'a,2025-12,131.37807499999997,35.206215,,,1,0,0.0453,Low,1056609
KE047,Nairobi,2006-01,35.766236,34.18124,,,1,0,0.0089,Low,4396828
KE047,Nairobi,2006-02,91.11305566666665,39.03478,,,1,0,0.0089,Low,4396828
KE047,Nairobi,2006-03,121.13160866666668,37.385036,,,0,0,0.0089,Low,4396828
KE047,Nairobi,2006-04,129.04623,92.31958,,,5,6,0.0089,Low,4396828
KE047,Nairobi,2006-05,84.97558333333333,46.435764,,,1,0,0.0089,Low,4396828
KE047,Nairobi,2006-06,66.06233533333334,47.537476,,,1,1,0.0089,Low,4396828
KE047,Nairobi,2006-07,78.31906833333333,77.34237,,,0,0,0.0089,Low,4396828
KE047,Nairobi,2006-08,121.26076666666667,84.87613,,,0,0,0.0089,Low,4396828
KE047,Nairobi,2006-09,104.97495333333332,92.82179,,,1,0,0.0089,Low,4396828
KE047,Nairobi,2006-10,70.91569199999999,68.55824,,,0,0,0.0089,Low,4396828
KE047,Nairobi,2006-11,183.99450333333334,127.38927,,,1,0,0.0089,Low,4396828
KE047,Nairobi,2006-12,179.4581466666667,61.07676,,,0,0,0.0089,Low,4396828
KE047,Nairobi,2007-01,79.288788,66.66013,,,3,2,0.0089,Low,4396828
KE047,Nairobi,2007-02,167.966588,107.52307,,,8,42,0.0089,Low,4396828
KE047,Nairobi,2007-03,48.327786333333336,28.774303,,,1,2,0.0089,Low,4396828
KE047,Nairobi,2007-04,105.03383666666667,61.24204,,,1,1,0.0089,Low,4396828
KE047,Nairobi,2007-05,67.68722100000001,39.565613,,,1,0,0.0089,Low,4396828
KE047,Nairobi,2007-06,108.064102,85.924706,,,14,39,0.0089,Low,4396828
KE047,Nairobi,2007-07,138.37992,85.99509,,,4,19,0.0089,Low,4396828
KE047,Nairobi,2007-08,99.72113533333334,77.990746,,,2,2,0.0089,Low,4396828
KE047,Nairobi,2007-09,128.22045333333332,81.5011,,,4,11,0.0089,Low,4396828
KE047,Nairobi,2007-10,75.11643500000001,59.98935,,,1,1,0.0089,Low,4396828
KE047,Nairobi,2007-11,58.66271066666667,43.951015,,,3,2,0.0089,Low,4396828
KE047,Nairobi,2007-12,61.998761,47.479717,,,19,18,0.0089,Low,4396828
KE047,Nairobi,2008-01,84.35785700000001,28.775831,,,12,25,0.0089,Low,4396828
KE047,Nairobi,2008-02,74.83715933333333,45.067425,,,1,1,0.0089,Low,4396828
KE047,Nairobi,2008-03,147.45190599999998,44.388268,,,0,0,0.0089,Low,4396828
KE047,Nairobi,2008-04,60.29900433333333,31.327423,,,1,2,0.0089,Low,4396828
KE047,Nairobi,2008-05,54.520799000000004,33.566223,,,3,3,0.0089,Low,4396828
KE047,Nairobi,2008-06,69.90899333333333,50.53533,,,0,0,0.0089,Low,4396828
KE047,Nairobi,2008-07,114.34746833333334,88.94348,,,0,0,0.0089,Low,4396828
KE047,Nairobi,2008-08,68.248288,59.154,,,1,1,0.0089,Low,4396828
KE047,Nairobi,2008-09,115.39120333333334,95.31484,,,0,0,0.0089,Low,4396828
KE047,Nairobi,2008-10,130.57160466666667,74.395874,,,0,0,0.0089,Low,4396828
KE047,Nairobi,2008-11,77.45915000000001,48.62891,,,2,1,0.0089,Low,4396828
KE047,Nairobi,2008-12,29.265439,25.532923,,,5,5,0.0089,Low,4396828
KE047,Nairobi,2009-01,87.37331400000001,32.43243,,,0,0,0.0089,Low,4396828
KE047,Nairobi,2009-02,81.39550766666666,48.616043,,,2,3,0.0089,Low,4396828
KE047,Nairobi,2009-03,41.32651933333333,40.439873,,,1,0,0.0089,Low,4396828
KE047,Nairobi,2009-04,53.41935833333333,39.312847,,,0,0,0.0089,Low,4396828
KE047,Nairobi,2009-05,87.226254,49.741802,,,0,0,0.0089,Low,4396828
KE047,Nairobi,2009-06,101.04011666666666,75.40331,,,0,0,0.0089,Low,4396828
KE047,Nairobi,2009-07,82.57605333333333,78.22628,,,3,0,0.0089,Low,4396828
KE047,Nairobi,2009-08,66.463616,57.501648,,,0,0,0.0089,Low,4396828
KE047,Nairobi,2009-09,71.71828,60.78048,,,2,0,0.0089,Low,4396828
KE047,Nairobi,2009-10,135.81647333333333,78.74016,,,2,8,0.0089,Low,4396828
KE047,Nairobi,2009-11,60.32614533333333,42.958126,,,1,0,0.0089,Low,4396828
KE047,Nairobi,2009-12,122.51976633333334,68.767914,,,1,0,0.0089,Low,4396828
KE047,Nairobi,2010-01,132.179154,39.14259,,,0,0,0.0089,Low,4396828
KE047,Nairobi,2010-02,187.232995,94.748055,,,1,0,0.0089,Low,4396828
KE047,Nairobi,2010-03,179.43073166666667,53.509575,,,0,0,0.0089,Low,4396828
KE047,Nairobi,2010-04,72.34242333333333,56.12117,,,0,0,0.0089,Low,4396828
KE047,Nairobi,2010-05,145.72468666666666,77.38457,,,0,0,0.0089,Low,4396828
KE047,Nairobi,2010-06,110.59612766666667,109.126724,,,1,7,0.0089,Low,4396828
KE047,Nairobi,2010-07,78.600845,77.67575,,,0,0,0.0089,Low,4396828
KE047,Nairobi,2010-08,91.74349133333334,80.573654,,,0,0,0.0089,Low,4396828
KE047,Nairobi,2010-09,97.7008,92.82179,,,2,1,0.0089,Low,4396828
KE047,Nairobi,2010-10,109.62310833333333,80.399925,,,1,2,0.0089,Low,4396828
KE047,Nairobi,2010-11,69.366216,56.417633,,,2,5,0.0089,Low,4396828
KE047,Nairobi,2010-12,84.20338533333333,37.305492,,,4,9,0.0089,Low,4396828
KE047,Nairobi,2011-01,39.284956666666666,30.754894,,,3,4,0.0089,Low,4396828
KE047,Nairobi,2011-02,122.738966,51.142628,,,0,0,0.0089,Low,4396828
KE047,Nairobi,2011-03,104.567477,29.443476,,,0,0,0.0089,Low,4396828
KE047,Nairobi,2011-04,34.20379533333333,21.37636,,,2,3,0.0089,Low,4396828
KE047,Nairobi,2011-05,62.15402333333333,48.51808,,,2,2,0.0089,Low,4396828
KE047,Nairobi,2011-06,161.58671,95.50322,,,4,1,0.0089,Low,4396828
KE047,Nairobi,2011-07,96.71743666666667,77.64128,,,0,0,0.0089,Low,4396828
KE047,Nairobi,2011-08,139.73462,88.23529,,,1,0,0.0089,Low,4396828
KE047,Nairobi,2011-09,122.71550666666667,97.35975,,,2,0,0.0089,Low,4396828
KE047,Nairobi,2011-10,159.93129,82.85327,,,2,1,0.0089,Low,4396828
KE047,Nairobi,2011-11,144.29560666666666,103.62719,,,0,0,0.0089,Low,4396828
KE047,Nairobi,2011-12,103.94880666666666,42.99109,,,1,0,0.0089,Low,4396828
KE047,Nairobi,2012-01,34.963771333333334,26.596033,,,3,9,0.0089,Low,4396828
KE047,Nairobi,2012-02,60.88686033333334,36.373318,,,0,0,0.0089,Low,4396828
KE047,Nairobi,2012-03,36.571725,18.623625,,,2,0,0.0089,Low,4396828
KE047,Nairobi,2012-04,202.9194733333333,98.89637,,,1,2,0.0089,Low,4396828
KE047,Nairobi,2012-05,150.40977333333333,68.88026,,,1,1,0.0089,Low,4396828
KE047,Nairobi,2012-06,112.880328,63.829784,,,1,0,0.0089,Low,4396828
KE047,Nairobi,2012-07,108.31913833333333,93.481865,,,5,1,0.0089,Low,4396828
KE047,Nairobi,2012-08,123.069475,85.922005,,,1,1,0.0089,Low,4396828
KE047,Nairobi,2012-09,101.30987666666668,74.25743,,,2,3,0.0089,Low,4396828
KE047,Nairobi,2012-10,151.15492666666668,146.4237,,,3,9,0.0089,Low,4396828
KE047,Nairobi,2012-11,115.67475999999999,79.21853,,,5,13,0.0089,Low,4396828
KE047,Nairobi,2012-12,183.82472466666664,110.760864,,,2,0,0.0089,Low,4396828
KE047,Nairobi,2013-01,73.73059566666667,29.136217,,,5,2,0.0089,Low,4396828
KE047,Nairobi,2013-02,50.475111,32.292408,,,4,3,0.0089,Low,4396828
KE047,Nairobi,2013-03,150.64752133333332,57.771664,,,1,0,0.0089,Low,4396828
KE047,Nairobi,2013-04,190.75250000000003,82.44962,,,3,0,0.0089,Low,4396828
KE047,Nairobi,2013-05,40.71313433333333,27.490887,,,2,4,0.0089,Low,4396828
KE047,Nairobi,2013-06,111.48352766666666,59.100647,,,3,2,0.0089,Low,4396828
KE047,Nairobi,2013-07,90.15182666666665,89.71715,,,0,0,0.0089,Low,4396828
KE047,Nairobi,2013-08,131.38533133333334,89.251434,,,2,1,0.0089,Low,4396828
KE047,Nairobi,2013-09,143.34698333333333,113.8614,,,12,84,0.0089,Low,4396828
KE047,Nairobi,2013-10,60.840539666666665,40.863426,,,0,0,0.0089,Low,4396828
KE047,Nairobi,2013-11,70.82999333333333,43.4825,,,1,1,0.0089,Low,4396828
KE047,Nairobi,2013-12,159.37203633333334,31.121159,,,3,6,0.0089,Low,4396828
KE047,Nairobi,2014-01,37.643887666666664,32.27345,,,0,0,0.0089,Low,4396828
KE047,Nairobi,2014-02,154.81195,56.58867,,,1,0,0.0089,Low,4396828
KE047,Nairobi,2014-03,153.858054,27.882078,,,4,13,0.0089,Low,4396828
KE047,Nairobi,2014-04,39.45584,26.413319,,,4,5,0.0089,Low,4396828
KE047,Nairobi,2014-05,54.19614333333333,46.24848,,,0,0,0.0089,Low,4396828
KE047,Nairobi,2014-06,155.85268,126.12421,,,0,0,0.0089,Low,4396828
KE047,Nairobi,2014-07,90.00592533333334,86.62345,,,0,0,0.0089,Low,4396828
KE047,Nairobi,2014-08,115.36968666666667,76.91253,,,0,0,0.0089,Low,4396828
KE047,Nairobi,2014-09,101.68874166666667,83.918495,,,0,0,0.0089,Low,4396828
KE047,Nairobi,2014-10,123.00466333333333,74.12435,,,2,10,0.0089,Low,4396828
KE047,Nairobi,2014-11,83.53245,72.39959,,,1,1,0.0089,Low,4396828
KE047,Nairobi,2014-12,102.37169999999999,62.41381,,,0,0,0.0089,Low,4396828
KE047,Nairobi,2015-01,31.71086,29.28337,,,1,4,0.0089,Low,4396828
KE047,Nairobi,2015-02,80.45825033333334,40.561398,,,1,1,0.0089,Low,4396828
KE047,Nairobi,2015-03,57.19578766666666,39.893295,,,1,1,0.0089,Low,4396828
KE047,Nairobi,2015-04,135.83683,99.51064,,,0,0,0.0089,Low,4396828
KE047,Nairobi,2015-05,89.83501333333334,75.106316,,,0,0,0.0089,Low,4396828
KE047,Nairobi,2015-06,89.36066799999999,67.68762,,,0,0,0.0089,Low,4396828
KE047,Nairobi,2015-07,113.98553,100.24569,,,0,0,0.0089,Low,4396828
KE047,Nairobi,2015-08,81.04885999999999,70.38995,,,1,0,0.0089,Low,4396828
KE047,Nairobi,2015-09,74.86984,67.34201,,,0,0,0.0089,Low,4396828
KE047,Nairobi,2015-10,110.44809333333335,101.69792,,,0,0,0.0089,Low,4396828
KE047,Nairobi,2015-11,145.31609799999998,109.4005,,,1,0,0.0089,Low,4396828
KE047,Nairobi,2015-12,138.531008,36.70701,,,0,0,0.0089,Low,4396828
KE047,Nairobi,2016-01,156.29638433333335,57.869633,,,0,0,0.0089,Low,4396828
KE047,Nairobi,2016-02,80.24352233333333,45.422287,,,2,2,0.0089,Low,4396828
KE047,Nairobi,2016-03,66.374261,30.457458,,,0,0,0.0089,Low,4396828
KE047,Nairobi,2016-04,107.42953233333333,62.833477,,,1,1,0.0089,Low,4396828
KE047,Nairobi,2016-05,93.51269500000001,47.060455,,,0,0,0.0089,Low,4396828
KE047,Nairobi,2016-06,94.79280333333334,78.80086,,,1,2,0.0089,Low,4396828
KE047,Nairobi,2016-07,77.828682,72.922806,,,0,0,0.0089,Low,4396828
KE047,Nairobi,2016-08,96.80824,79.009125,,,0,0,0.0089,Low,4396828
KE047,Nairobi,2016-09,82.396675,81.7993,,,1,1,0.0089,Low,4396828
KE047,Nairobi,2016-10,79.71087466666667,60.955738,,,1,1,0.0089,Low,4396828
KE047,Nairobi,2016-11,111.40160800000001,67.574684,,,0,0,0.0089,Low,4396828
KE047,Nairobi,2016-12,38.51847033333333,33.116104,,,0,0,0.0089,Low,4396828
KE047,Nairobi,2017-01,45.47626399999999,34.658184,,,1,0,0.0089,Low,4396828
KE047,Nairobi,2017-02,93.37149433333333,53.567493,,,0,0,0.0089,Low,4396828
KE047,Nairobi,2017-03,46.712637,39.654415,,,4,3,0.0089,Low,4396828
KE047,Nairobi,2017-04,50.03230833333333,45.959312,,,2,0,0.0089,Low,4396828
KE047,Nairobi,2017-05,79.76591333333333,50.7839,,,3,1,0.0089,Low,4396828
KE047,Nairobi,2017-06,86.25791599999998,62.098503,,,3,1,0.0089,Low,4396828
KE047,Nairobi,2017-07,133.41364866666666,108.384766,,,2,2,0.0089,Low,4396828
KE047,Nairobi,2017-08,135.72255800000002,99.34811,,,1,1,0.0089,Low,4396828
KE047,Nairobi,2017-09,108.65343,68.03269,,,0,0,0.0089,Low,4396828
KE047,Nairobi,2017-10,109.27433333333333,62.52118,,,6,9,0.0089,Low,4396828
KE047,Nairobi,2017-11,85.45928466666668,61.757164,,,3,17,0.0089,Low,4396828
KE047,Nairobi,2017-12,33.245641,26.33329,,,4,7,0.0089,Low,4396828
KE047,Nairobi,2018-01,74.41828366666667,55.476536,,,1,1,0.0089,Low,4396828
KE047,Nairobi,2018-02,87.74210666666666,51.8098,,,0,0,0.0089,Low,4396828
KE047,Nairobi,2018-03,247.09856466666668,33.699894,,,4,1,0.0089,Low,4396828
KE047,Nairobi,2018-04,186.60497866666665,71.131676,,,0,0,0.0089,Low,4396828
KE047,Nairobi,2018-05,195.52724666666666,107.55189,,,1,1,0.0089,Low,4396828
KE047,Nairobi,2018-06,142.83162000000002,131.86812,,,0,0,0.0089,Low,4396828
KE047,Nairobi,2018-07,146.86800000000002,117.93611,,,1,1,0.0089,Low,4396828
KE047,Nairobi,2018-08,147.61468,94.5983,,,5,9,0.0089,Low,4396828
KE047,Nairobi,2018-09,108.97585833333333,100.66007,,,4,5,0.0089,Low,4396828
KE047,Nairobi,2018-10,83.04352999999999,48.09797,,,4,8,0.0089,Low,4396828
KE047,Nairobi,2018-11,74.128025,62.218155,,,2,0,0.0089,Low,4396828
KE047,Nairobi,2018-12,176.31826999999998,51.96835,,,1,1,0.0089,Low,4396828
KE047,Nairobi,2019-01,40.03148633333333,36.001945,,,4,2,0.0089,Low,4396828
KE047,Nairobi,2019-02,69.45779566666666,61.036198,,,1,1,0.0089,Low,4396828
KE047,Nairobi,2019-03,31.364743333333337,26.161757,,,0,0,0.0089,Low,4396828
KE047,Nairobi,2019-04,76.39006766666667,27.518993,,,0,0,0.0089,Low,4396828
KE047,Nairobi,2019-05,55.93412000000001,44.881535,,,0,0,0.0089,Low,4396828
KE047,Nairobi,2019-06,141.98863666666668,73.67038,,,1,0,0.0089,Low,4396828
KE047,Nairobi,2019-07,156.50809,142.7519,,,1,1,0.0089,Low,4396828
KE047,Nairobi,2019-08,133.93516333333335,75.48891,,,0,0,0.0089,Low,4396828
KE047,Nairobi,2019-09,157.115515,110.973595,,,2,2,0.0089,Low,4396828
KE047,Nairobi,2019-10,315.58965333333333,237.82759,,,0,0,0.0089,Low,4396828
KE047,Nairobi,2019-11,163.44469333333333,41.753464,,,0,0,0.0089,Low,4396828
KE047,Nairobi,2019-12,280.92564,67.26034,,,5,23,0.0089,Low,4396828
KE047,Nairobi,2020-01,212.53230333333332,110.49285,,,0,0,0.0089,Low,4396828
KE047,Nairobi,2020-02,151.08433233333332,44.535137,,,2,1,0.0089,Low,4396828
KE047,Nairobi,2020-03,167.61916133333332,50.284664,,,4,2,0.0089,Low,4396828
KE047,Nairobi,2020-04,176.94209333333333,56.0208,,,3,2,0.0089,Low,4396828
KE047,Nairobi,2020-05,73.65440533333333,56.728436,,,3,1,0.0089,Low,4396828
KE047,Nairobi,2020-06,168.45136666666664,96.57387,,,0,0,0.0089,Low,4396828
KE047,Nairobi,2020-07,106.00300866666667,91.926926,,,1,0,0.0089,Low,4396828
KE047,Nairobi,2020-08,87.65695333333333,75.016525,108.0,,1,0,0.0089,Low,4396828
KE047,Nairobi,2020-09,142.86913666666666,80.03301,,,0,0,0.0089,Low,4396828
KE047,Nairobi,2020-10,86.15943666666665,79.041,,,0,0,0.0089,Low,4396828
KE047,Nairobi,2020-11,82.14722466666666,68.1104,,,1,3,0.0089,Low,4396828
KE047,Nairobi,2020-12,59.27697733333333,46.928566,,,0,0,0.0089,Low,4396828
KE047,Nairobi,2021-01,83.147335,32.520725,,,1,0,0.0089,Low,4396828
KE047,Nairobi,2021-02,142.51786333333334,108.94252,,,0,0,0.0089,Low,4396828
KE047,Nairobi,2021-03,56.00477333333333,42.9384,,,1,0,0.0089,Low,4396828
KE047,Nairobi,2021-04,72.68607733333333,48.903942,,,1,0,0.0089,Low,4396828
KE047,Nairobi,2021-05,147.809582,71.319496,,,2,1,0.0089,Low,4396828
KE047,Nairobi,2021-06,64.22069833333333,47.537476,,,2,0,0.0089,Low,4396828
KE047,Nairobi,2021-07,184.83389,119.77018,,,0,0,0.0089,Low,4396828
KE047,Nairobi,2021-08,109.64503333333334,68.7376,,,1,1,0.0089,Low,4396828
KE047,Nairobi,2021-09,74.60108000000001,67.34201,,,1,1,0.0089,Low,4396828
KE047,Nairobi,2021-10,84.670457,52.131416,,,3,1,0.0089,Low,4396828
KE047,Nairobi,2021-11,96.51752266666666,52.878563,,,4,3,0.0089,Low,4396828
KE047,Nairobi,2021-12,96.52775833333334,81.32709,,,0,0,0.0089,Low,4396828
KE047,Nairobi,2022-01,79.73963533333334,32.27345,,,2,2,0.0089,Low,4396828
KE047,Nairobi,2022-02,119.21576733333335,55.358418,,,3,1,0.0089,Low,4396828
KE047,Nairobi,2022-03,51.292664333333335,30.218578,,,1,0,0.0089,Low,4396828
KE047,Nairobi,2022-04,73.47218033333333,30.713161,,,0,0,0.0089,Low,4396828
KE047,Nairobi,2022-05,52.754282666666676,27.490887,,,1,0,0.0089,Low,4396828
KE047,Nairobi,2022-06,67.07792266666667,47.96574,,,2,0,0.0089,Low,4396828
KE047,Nairobi,2022-07,90.95695866666667,78.22628,,,1,0,0.0089,Low,4396828
KE047,Nairobi,2022-08,75.643257,60.806347,,,4,1,0.0089,Low,4396828
KE047,Nairobi,2022-09,96.10989,66.65131,,,7,3,0.0089,Low,4396828
KE047,Nairobi,2022-10,64.85493933333333,54.30356,,,1,1,0.0089,Low,4396828
KE047,Nairobi,2022-11,106.94164166666667,62.533985,,,0,0,0.0089,Low,4396828
KE047,Nairobi,2022-12,47.897661,41.594627,,,1,1,0.0089,Low,4396828
KE047,Nairobi,2023-01,53.693800333333336,42.085644,,,3,0,0.0089,Low,4396828
KE047,Nairobi,2023-02,40.240597,32.64727,,,0,0,0.0089,Low,4396828
KE047,Nairobi,2023-03,111.85332533333333,35.13142,,,2,1,0.0089,Low,4396828
KE047,Nairobi,2023-04,83.97066233333334,39.17439,,,1,0,0.0089,Low,4396828
KE047,Nairobi,2023-05,54.236826,41.817245,,,1,0,0.0089,Low,4396828
KE047,Nairobi,2023-06,81.19674533333334,53.747326,,,3,3,0.0089,Low,4396828
KE047,Nairobi,2023-07,80.09031666666667,74.24867,,,3,0,0.0089,Low,4396828
KE047,Nairobi,2023-08,66.12851266666667,59.814938,,,1,0,0.0089,Low,4396828
KE047,Nairobi,2023-09,138.05019333333334,122.25164,,,2,0,0.0089,Low,4396828
KE047,Nairobi,2023-10,106.08021666666667,70.32311,,,1,0,0.0089,Low,4396828
KE047,Nairobi,2023-11,160.669115,115.173805,,,7,2,0.0089,Low,4396828
KE047,Nairobi,2023-12,73.91267566666666,56.326347,,,0,0,0.0089,Low,4396828
KE047,Nairobi,2024-01,209.038406,63.084488,,,1,0,0.0089,Low,4396828
KE047,Nairobi,2024-02,101.51698066666667,51.987232,,,2,2,0.0089,Low,4396828
KE047,Nairobi,2024-03,127.78402666666666,66.17032,,,3,0,0.0089,Low,4396828
KE047,Nairobi,2024-04,295.9621666666667,178.19775,,,0,0,0.0089,Low,4396828
KE047,Nairobi,2024-05,203.51596666666669,125.61475,,,2,2,0.0089,Low,4396828
KE047,Nairobi,2024-06,107.34588166666667,81.71615,,,17,0,0.0089,Low,4396828
KE047,Nairobi,2024-07,207.72509666666667,117.93611,,,5,1,0.0089,Low,4396828
KE047,Nairobi,2024-08,68.33571266666667,58.823524,,,4,3,0.0089,Low,4396828
KE047,Nairobi,2024-09,145.07498333333334,90.93425,,,3,1,0.0089,Low,4396828
KE047,Nairobi,2024-10,73.54181766666666,56.339943,,,1,0,0.0089,Low,4396828
KE047,Nairobi,2024-11,156.46829,85.42978,,,3,0,0.0089,Low,4396828
KE047,Nairobi,2024-12,105.42604,46.71241,,,6,1,0.0089,Low,4396828
KE047,Nairobi,2025-01,160.49146266666665,34.728016,,,4,2,0.0089,Low,4396828
KE047,Nairobi,2025-02,37.96197466666667,30.163237,,,1,0,0.0089,Low,4396828
KE047,Nairobi,2025-03,163.44108333333332,129.1238,,,2,0,0.0089,Low,4396828
KE047,Nairobi,2025-04,115.95327999999999,101.96501,,,5,1,0.0089,Low,4396828
KE047,Nairobi,2025-05,93.03009866666666,64.551956,,,1,0,0.0089,Low,4396828
KE047,Nairobi,2025-06,110.00034366666667,51.177727,,,2,1,0.0089,Low,4396828
KE047,Nairobi,2025-07,83.941525,72.48085,,,2,1,0.0089,Low,4396828
KE047,Nairobi,2025-08,134.92432666666667,86.58295,,,1,0,0.0089,Low,4396828
KE047,Nairobi,2025-09,105.84707666666667,95.70957,,,2,0,0.0089,Low,4396828
KE047,Nairobi,2025-10,205.7089,54.66485,,,0,0,0.0089,Low,4396828
KE047,Nairobi,2025-11,39.838962333333335,35.023464,,,2,0,0.0089,Low,4396828
KE047,Nairobi,2025-12,136.45198333333335,34.72327,,,0,0,0.0089,Low,4396828
KE032,Nakuru,2006-01,65.88082133333333,58.887474,,,0,0,0.0727,Low,2162107
KE032,Nakuru,2006-02,79.99907333333333,41.64949,,,0,0,0.0727,Low,2162107
KE032,Nakuru,2006-03,124.55307166666667,53.103275,,,0,0,0.0727,Low,2162107
KE032,Nakuru,2006-04,109.07031466666666,81.62168,,,5,3,0.0727,Low,2162107
KE032,Nakuru,2006-05,96.61860466666667,75.71093,,,0,0,0.0727,Low,2162107
KE032,Nakuru,2006-06,76.12086466666666,54.39152,,,1,1,0.0727,Low,2162107
KE032,Nakuru,2006-07,73.02781599999999,58.745853,,,3,2,0.0727,Low,2162107
KE032,Nakuru,2006-08,97.37132533333333,72.089836,,,0,0,0.0727,Low,2162107
KE032,Nakuru,2006-09,80.05313333333334,66.00444,,,0,0,0.0727,Low,2162107
KE032,Nakuru,2006-10,74.63703666666667,60.22042,,,1,4,0.0727,Low,2162107
KE032,Nakuru,2006-11,193.97037,98.76232,,,1,2,0.0727,Low,2162107
KE032,Nakuru,2006-12,170.34881700000003,72.237816,,,0,0,0.0727,Low,2162107
KE032,Nakuru,2007-01,127.56329000000001,82.38058,,,5,9,0.0727,Low,2162107
KE032,Nakuru,2007-02,196.18407200000001,121.908676,,,0,0,0.0727,Low,2162107
KE032,Nakuru,2007-03,58.37387166666667,42.393185,,,0,0,0.0727,Low,2162107
KE032,Nakuru,2007-04,95.37833666666666,35.119526,,,0,0,0.0727,Low,2162107
KE032,Nakuru,2007-05,96.99336966666665,56.179775,,,1,5,0.0727,Low,2162107
KE032,Nakuru,2007-06,120.04248533333333,100.47803,,,0,0,0.0727,Low,2162107
KE032,Nakuru,2007-07,127.46462266666667,57.201218,,,0,0,0.0727,Low,2162107
KE032,Nakuru,2007-08,122.15679,86.49951,,,1,0,0.0727,Low,2162107
KE032,Nakuru,2007-09,162.51634133333332,109.920074,,,0,0,0.0727,Low,2162107
KE032,Nakuru,2007-10,87.76811833333333,66.12772,,,1,0,0.0727,Low,2162107
KE032,Nakuru,2007-11,63.053567333333326,58.284832,,,6,4,0.0727,Low,2162107
KE032,Nakuru,2007-12,55.449704,40.307182,,,4,3,0.0727,Low,2162107
KE032,Nakuru,2008-01,65.09501433333334,46.676773,,,54,180,0.0727,Low,2162107
KE032,Nakuru,2008-02,76.72814033333334,46.748005,,,2,12,0.0727,Low,2162107
KE032,Nakuru,2008-03,119.41655800000001,43.59155,,,0,0,0.0727,Low,2162107
KE032,Nakuru,2008-04,51.192003666666665,35.488804,,,0,0,0.0727,Low,2162107
KE032,Nakuru,2008-05,54.59076100000001,36.394398,,,3,3,0.0727,Low,2162107
KE032,Nakuru,2008-06,58.41338366666667,46.497677,,,0,0,0.0727,Low,2162107
KE032,Nakuru,2008-07,78.27489,60.58371,,,0,0,0.0727,Low,2162107
KE032,Nakuru,2008-08,79.46159866666666,69.17154,,,0,0,0.0727,Low,2162107
KE032,Nakuru,2008-09,122.40924999999999,105.641106,,,0,0,0.0727,Low,2162107
KE032,Nakuru,2008-10,151.58034,104.34806,,,1,0,0.0727,Low,2162107
KE032,Nakuru,2008-11,96.70694633333333,55.965702,,,0,0,0.0727,Low,2162107
KE032,Nakuru,2008-12,46.091416,42.94499,,,0,0,0.0727,Low,2162107
KE032,Nakuru,2009-01,68.36431566666666,42.925217,,,0,0,0.0727,Low,2162107
KE032,Nakuru,2009-02,56.81108433333333,41.39773,,,0,0,0.0727,Low,2162107
KE032,Nakuru,2009-03,47.35201633333333,34.697193,,,0,0,0.0727,Low,2162107
KE032,Nakuru,2009-04,71.16027566666666,55.555557,,,0,0,0.0727,Low,2162107
KE032,Nakuru,2009-05,132.48994666666667,54.36896,,,0,0,0.0727,Low,2162107
KE032,Nakuru,2009-06,46.36825033333333,42.41328,,,0,0,0.0727,Low,2162107
KE032,Nakuru,2009-07,47.406595333333335,35.67968,,,0,0,0.0727,Low,2162107
KE032,Nakuru,2009-08,51.095178000000004,42.119446,,,0,0,0.0727,Low,2162107
KE032,Nakuru,2009-09,77.21655133333333,70.146,,,0,0,0.0727,Low,2162107
KE032,Nakuru,2009-10,91.926268,65.25088,,,0,0,0.0727,Low,2162107
KE032,Nakuru,2009-11,83.36415666666667,54.59141,,,1,0,0.0727,Low,2162107
KE032,Nakuru,2009-12,227.9419366666667,122.15888,,,0,0,0.0727,Low,2162107
KE032,Nakuru,2010-01,111.95654833333333,47.558655,,,0,0,0.0727,Low,2162107
KE032,Nakuru,2010-02,259.65829333333335,133.88503,,,1,0,0.0727,Low,2162107
KE032,Nakuru,2010-03,176.00883766666666,55.724953,,,0,0,0.0727,Low,2162107
KE032,Nakuru,2010-04,107.65806533333334,95.64974,,,0,0,0.0727,Low,2162107
KE032,Nakuru,2010-05,138.25230666666667,95.11228,,,1,0,0.0727,Low,2162107
KE032,Nakuru,2010-06,84.75254,76.10454,,,0,0,0.0727,Low,2162107
KE032,Nakuru,2010-07,86.55736766666666,57.612293,,,0,0,0.0727,Low,2162107
KE032,Nakuru,2010-08,121.90071666666667,83.35309,,,0,0,0.0727,Low,2162107
KE032,Nakuru,2010-09,136.63025333333334,104.14247,,,0,0,0.0727,Low,2162107
KE032,Nakuru,2010-10,108.89782333333333,99.79345,,,0,0,0.0727,Low,2162107
KE032,Nakuru,2010-11,65.88288033333333,56.628315,,,2,2,0.0727,Low,2162107
KE032,Nakuru,2010-12,60.58514533333334,43.412872,,,0,0,0.0727,Low,2162107
KE032,Nakuru,2011-01,54.279656666666675,53.07965,,,4,1,0.0727,Low,2162107
KE032,Nakuru,2011-02,79.088096,48.15941,,,0,0,0.0727,Low,2162107
KE032,Nakuru,2011-03,118.55385666666666,45.99579,,,0,0,0.0727,Low,2162107
KE032,Nakuru,2011-04,46.08032533333333,27.764812,,,0,0,0.0727,Low,2162107
KE032,Nakuru,2011-05,80.8868,39.46043,,,0,0,0.0727,Low,2162107
KE032,Nakuru,2011-06,133.28717833333334,85.664925,,,0,0,0.0727,Low,2162107
KE032,Nakuru,2011-07,126.89187333333332,85.01705,,,0,0,0.0727,Low,2162107
KE032,Nakuru,2011-08,151.67339333333334,124.69902,,,0,0,0.0727,Low,2162107
KE032,Nakuru,2011-09,156.79488533333333,121.339836,,,0,0,0.0727,Low,2162107
KE032,Nakuru,2011-10,115.57902333333334,66.9461,,,0,0,0.0727,Low,2162107
KE032,Nakuru,2011-11,144.9706623333333,60.128437,,,0,0,0.0727,Low,2162107
KE032,Nakuru,2011-12,114.609619,45.810017,,,0,0,0.0727,Low,2162107
KE032,Nakuru,2012-01,43.89274066666667,41.027264,,,0,0,0.0727,Low,2162107
KE032,Nakuru,2012-02,79.38845333333335,52.19394,,,0,0,0.0727,Low,2162107
KE032,Nakuru,2012-03,54.798274666666664,33.640144,,,0,0,0.0727,Low,2162107
KE032,Nakuru,2012-04,173.42165866666664,106.351006,,,0,0,0.0727,Low,2162107
KE032,Nakuru,2012-05,150.07269666666664,98.8228,,,0,0,0.0727,Low,2162107
KE032,Nakuru,2012-06,107.63055933333332,51.885628,,,0,0,0.0727,Low,2162107
KE032,Nakuru,2012-07,132.39763,97.29938,,,0,0,0.0727,Low,2162107
KE032,Nakuru,2012-08,112.51805966666666,108.615364,,,0,0,0.0727,Low,2162107
KE032,Nakuru,2012-09,122.94788166666666,75.292915,,,0,0,0.0727,Low,2162107
KE032,Nakuru,2012-10,128.56724666666665,96.66064,,,0,0,0.0727,Low,2162107
KE032,Nakuru,2012-11,86.89405333333333,58.681435,,,0,0,0.0727,Low,2162107
KE032,Nakuru,2012-12,124.373588,66.004944,,,0,0,0.0727,Low,2162107
KE032,Nakuru,2013-01,92.19649700000001,49.084297,,,0,0,0.0727,Low,2162107
KE032,Nakuru,2013-02,57.853071666666665,33.899345,,,0,0,0.0727,Low,2162107
KE032,Nakuru,2013-03,128.03401799999997,63.377224,,,1,0,0.0727,Low,2162107
KE032,Nakuru,2013-04,190.48739999999998,126.40902,,,0,0,0.0727,Low,2162107
KE032,Nakuru,2013-05,76.832845,58.940895,,,0,0,0.0727,Low,2162107
KE032,Nakuru,2013-06,110.18071266666665,56.130608,,,0,0,0.0727,Low,2162107
KE032,Nakuru,2013-07,130.66904466666665,102.091324,,,2,8,0.0727,Low,2162107
KE032,Nakuru,2013-08,109.31901333333333,69.4921,,,0,0,0.0727,Low,2162107
KE032,Nakuru,2013-09,124.97972333333333,96.9016,,,0,0,0.0727,Low,2162107
KE032,Nakuru,2013-10,83.01648566666667,50.672417,,,0,0,0.0727,Low,2162107
KE032,Nakuru,2013-11,96.54357666666665,84.38417,,,0,0,0.0727,Low,2162107
KE032,Nakuru,2013-12,155.46083433333334,57.660103,,,0,0,0.0727,Low,2162107
KE032,Nakuru,2014-01,58.96876866666667,50.715786,,,2,0,0.0727,Low,2162107
KE032,Nakuru,2014-02,162.56259333333335,60.20812,,,0,0,0.0727,Low,2162107
KE032,Nakuru,2014-03,120.60884466666666,30.571894,,,0,0,0.0727,Low,2162107
KE032,Nakuru,2014-04,46.16911666666667,32.163742,,,1,1,0.0727,Low,2162107
KE032,Nakuru,2014-05,78.01531,65.31586,,,0,0,0.0727,Low,2162107
KE032,Nakuru,2014-06,105.10303,85.23591,,,0,0,0.0727,Low,2162107
KE032,Nakuru,2014-07,82.088903,59.094643,,,0,0,0.0727,Low,2162107
KE032,Nakuru,2014-08,124.17809933333335,95.080284,,,0,0,0.0727,Low,2162107
KE032,Nakuru,2014-09,98.53998666666666,69.43446,,,0,0,0.0727,Low,2162107
KE032,Nakuru,2014-10,107.30137666666667,65.88992,,,0,0,0.0727,Low,2162107
KE032,Nakuru,2014-11,80.859058,69.584564,,,0,0,0.0727,Low,2162107
KE032,Nakuru,2014-12,87.10880000000002,64.33394,,,1,0,0.0727,Low,2162107
KE032,Nakuru,2015-01,45.29631966666667,40.815685,,,1,3,0.0727,Low,2162107
KE032,Nakuru,2015-02,72.93955933333335,41.626156,,,0,0,0.0727,Low,2162107
KE032,Nakuru,2015-03,50.923906666666674,44.01288,,,0,0,0.0727,Low,2162107
KE032,Nakuru,2015-04,118.082315,111.407745,,,0,0,0.0727,Low,2162107
KE032,Nakuru,2015-05,117.61659866666668,109.59138,,,0,0,0.0727,Low,2162107
KE032,Nakuru,2015-06,107.28549133333333,59.110474,,,0,0,0.0727,Low,2162107
KE032,Nakuru,2015-07,75.28485133333334,67.029564,,,0,0,0.0727,Low,2162107
KE032,Nakuru,2015-08,49.762896666666656,33.17592,,,0,0,0.0727,Low,2162107
KE032,Nakuru,2015-09,70.523286,56.701134,,,0,0,0.0727,Low,2162107
KE032,Nakuru,2015-10,101.17852,76.67673,,,0,0,0.0727,Low,2162107
KE032,Nakuru,2015-11,135.5235,99.20692,,,0,0,0.0727,Low,2162107
KE032,Nakuru,2015-12,136.16866666666667,55.1409,,,0,0,0.0727,Low,2162107
KE032,Nakuru,2016-01,155.52666466666668,86.64123,,,0,0,0.0727,Low,2162107
KE032,Nakuru,2016-02,74.67317866666667,52.41502,,,0,0,0.0727,Low,2162107
KE032,Nakuru,2016-03,81.03791733333334,34.580532,,,0,0,0.0727,Low,2162107
KE032,Nakuru,2016-04,127.30678666666667,94.41369,,,0,0,0.0727,Low,2162107
KE032,Nakuru,2016-05,131.73613333333333,76.17166,,,0,0,0.0727,Low,2162107
KE032,Nakuru,2016-06,102.00132,73.662384,,,0,0,0.0727,Low,2162107
KE032,Nakuru,2016-07,97.54591,68.06536,,,0,0,0.0727,Low,2162107
KE032,Nakuru,2016-08,74.23770833333333,54.29414,,,1,1,0.0727,Low,2162107
KE032,Nakuru,2016-09,97.07182999999999,62.72685,,,0,0,0.0727,Low,2162107
KE032,Nakuru,2016-10,96.18535333333334,70.7884,,,0,0,0.0727,Low,2162107
KE032,Nakuru,2016-11,102.09254833333334,83.468155,,,0,0,0.0727,Low,2162107
KE032,Nakuru,2016-12,43.717069333333335,34.860645,,,1,0,0.0727,Low,2162107
KE032,Nakuru,2017-01,61.25814066666666,46.503887,,,0,0,0.0727,Low,2162107
KE032,Nakuru,2017-02,90.69006133333333,66.195854,,,0,0,0.0727,Low,2162107
KE032,Nakuru,2017-03,48.99298833333333,41.305557,,,0,0,0.0727,Low,2162107
KE032,Nakuru,2017-04,61.71869133333333,48.90577,,,1,0,0.0727,Low,2162107
KE032,Nakuru,2017-05,83.89394166666666,70.20925,,,1,1,0.0727,Low,2162107
KE032,Nakuru,2017-06,73.09748433333334,60.203773,,,0,0,0.0727,Low,2162107
KE032,Nakuru,2017-07,193.59419333333332,150.48119,,,0,0,0.0727,Low,2162107
KE032,Nakuru,2017-08,129.23989666666668,77.27156,,,1,2,0.0727,Low,2162107
KE032,Nakuru,2017-09,143.17180333333332,97.06672,,,0,0,0.0727,Low,2162107
KE032,Nakuru,2017-10,130.02502666666666,66.17749,,,0,0,0.0727,Low,2162107
KE032,Nakuru,2017-11,115.00696833333332,79.169205,,,0,0,0.0727,Low,2162107
KE032,Nakuru,2017-12,48.03105933333333,36.83097,,,0,0,0.0727,Low,2162107
KE032,Nakuru,2018-01,80.54757,56.29815,,,1,1,0.0727,Low,2162107
KE032,Nakuru,2018-02,70.73904966666667,56.155003,,,0,0,0.0727,Low,2162107
KE032,Nakuru,2018-03,224.66985,69.92777,,,1,0,0.0727,Low,2162107
KE032,Nakuru,2018-04,224.98311,199.24657,,,0,0,0.0727,Low,2162107
KE032,Nakuru,2018-05,202.23796666666667,176.68799,,,0,0,0.0727,Low,2162107
KE032,Nakuru,2018-06,235.62847,220.45093,,,1,1,0.0727,Low,2162107
KE032,Nakuru,2018-07,102.19562,78.45237,,,0,0,0.0727,Low,2162107
KE032,Nakuru,2018-08,91.6762,43.03775,,,13,13,0.0727,Low,2162107
KE032,Nakuru,2018-09,77.81954166666667,64.532455,,,0,0,0.0727,Low,2162107
KE032,Nakuru,2018-10,83.93315833333334,74.893585,,,0,0,0.0727,Low,2162107
KE032,Nakuru,2018-11,70.942753,64.853035,,,2,2,0.0727,Low,2162107
KE032,Nakuru,2018-12,144.42324666666667,57.23789,,,0,0,0.0727,Low,2162107
KE032,Nakuru,2019-01,58.58092966666666,51.55443,,,1,0,0.0727,Low,2162107
KE032,Nakuru,2019-02,57.722432999999995,46.427364,,,0,0,0.0727,Low,2162107
KE032,Nakuru,2019-03,39.828271,33.497665,,,0,0,0.0727,Low,2162107
KE032,Nakuru,2019-04,83.14714000000001,36.48546,,,0,0,0.0727,Low,2162107
KE032,Nakuru,2019-05,80.17128433333333,60.358013,,,1,0,0.0727,Low,2162107
KE032,Nakuru,2019-06,153.49000666666666,78.777,,,0,0,0.0727,Low,2162107
KE032,Nakuru,2019-07,115.24166333333334,91.49667,,,0,0,0.0727,Low,2162107
KE032,Nakuru,2019-08,114.01647333333334,76.74074,,,0,0,0.0727,Low,2162107
KE032,Nakuru,2019-09,122.71301833333332,77.235565,,,1,1,0.0727,Low,2162107
KE032,Nakuru,2019-10,166.97664666666665,141.80891,,,1,0,0.0727,Low,2162107
KE032,Nakuru,2019-11,164.49285333333333,82.20197,,,0,0,0.0727,Low,2162107
KE032,Nakuru,2019-12,243.26123666666663,125.50966,,,0,0,0.0727,Low,2162107
KE032,Nakuru,2020-01,166.34958466666666,84.71322,,,0,0,0.0727,Low,2162107
KE032,Nakuru,2020-02,129.62301,71.59395,,,2,0,0.0727,Low,2162107
KE032,Nakuru,2020-03,186.43358333333333,83.35233,,,4,1,0.0727,Low,2162107
KE032,Nakuru,2020-04,183.35162333333335,56.13739,,,0,0,0.0727,Low,2162107
KE032,Nakuru,2020-05,106.71287133333333,86.790054,,,0,0,0.0727,Low,2162107
KE032,Nakuru,2020-06,144.76531333333332,132.30434,,,0,0,0.0727,Low,2162107
KE032,Nakuru,2020-07,122.038225,99.09315,,,1,1,0.0727,Low,2162107
KE032,Nakuru,2020-08,128.53940666666665,80.28396,,,1,1,0.0727,Low,2162107
KE032,Nakuru,2020-09,131.29771466666668,93.186554,,,1,1,0.0727,Low,2162107
KE032,Nakuru,2020-10,131.19314666666665,98.5668,,,0,0,0.0727,Low,2162107
KE032,Nakuru,2020-11,149.34291,129.17294,,,0,0,0.0727,Low,2162107
KE032,Nakuru,2020-12,63.270073333333336,48.329216,,,1,1,0.0727,Low,2162107
KE032,Nakuru,2021-01,121.33281299999999,70.710785,,,0,0,0.0727,Low,2162107
KE032,Nakuru,2021-02,124.21804333333334,117.28437,,,0,0,0.0727,Low,2162107
KE032,Nakuru,2021-03,66.65599533333334,53.484386,,,1,1,0.0727,Low,2162107
KE032,Nakuru,2021-04,80.01925666666666,70.19645,,,0,0,0.0727,Low,2162107
KE032,Nakuru,2021-05,143.79677166666667,94.676155,,,0,0,0.0727,Low,2162107
KE032,Nakuru,2021-06,75.44901,51.41968,,,1,3,0.0727,Low,2162107
KE032,Nakuru,2021-07,114.59528999999999,53.84369,,,0,0,0.0727,Low,2162107
KE032,Nakuru,2021-08,107.72633333333333,80.17432,,,0,0,0.0727,Low,2162107
KE032,Nakuru,2021-09,145.03189333333333,125.13828,,,0,0,0.0727,Low,2162107
KE032,Nakuru,2021-10,94.03374633333333,68.571625,,,0,0,0.0727,Low,2162107
KE032,Nakuru,2021-11,60.72414766666666,47.58374,,,0,0,0.0727,Low,2162107
KE032,Nakuru,2021-12,90.80177666666667,75.44617,,,0,0,0.0727,Low,2162107
KE032,Nakuru,2022-01,105.24073333333332,59.1255,,,0,0,0.0727,Low,2162107
KE032,Nakuru,2022-02,179.24414333333334,118.60188,,,0,0,0.0727,Low,2162107
KE032,Nakuru,2022-03,56.34987,39.78156,,,0,0,0.0727,Low,2162107
KE032,Nakuru,2022-04,91.43760333333334,35.88885,,,0,0,0.0727,Low,2162107
KE032,Nakuru,2022-05,94.744341,61.463783,,,2,1,0.0727,Low,2162107
KE032,Nakuru,2022-06,74.35507100000001,61.521633,,,0,0,0.0727,Low,2162107
KE032,Nakuru,2022-07,69.77833966666667,62.930923,,,1,0,0.0727,Low,2162107
KE032,Nakuru,2022-08,129.89568,90.5461,,,0,0,0.0727,Low,2162107
KE032,Nakuru,2022-09,145.23953333333333,115.68022,,,2,5,0.0727,Low,2162107
KE032,Nakuru,2022-10,77.71164333333333,42.86154,,,0,0,0.0727,Low,2162107
KE032,Nakuru,2022-11,173.77817666666667,86.24928,,,2,1,0.0727,Low,2162107
KE032,Nakuru,2022-12,87.784428,79.1391,,,1,0,0.0727,Low,2162107
KE032,Nakuru,2023-01,57.822808,43.84814,,,2,0,0.0727,Low,2162107
KE032,Nakuru,2023-02,40.82849266666667,33.844078,,,0,0,0.0727,Low,2162107
KE032,Nakuru,2023-03,132.290988,53.760284,,,1,1,0.0727,Low,2162107
KE032,Nakuru,2023-04,110.04954666666667,54.99827,,,0,0,0.0727,Low,2162107
KE032,Nakuru,2023-05,82.20599299999999,64.892555,,,0,0,0.0727,Low,2162107
KE032,Nakuru,2023-06,104.40658499999999,59.091175,,,1,1,0.0727,Low,2162107
KE032,Nakuru,2023-07,57.9309,48.740616,,,0,0,0.0727,Low,2162107
KE032,Nakuru,2023-08,60.03980466666667,41.644894,,,0,0,0.0727,Low,2162107
KE032,Nakuru,2023-09,161.39101666666667,148.36945,,,2,1,0.0727,Low,2162107
KE032,Nakuru,2023-10,113.20841333333334,72.85094,,,1,0,0.0727,Low,2162107
KE032,Nakuru,2023-11,184.03117333333333,130.46962,,,0,0,0.0727,Low,2162107
KE032,Nakuru,2023-12,75.37326866666668,61.05187,,,1,0,0.0727,Low,2162107
KE032,Nakuru,2024-01,233.19527000000002,127.12052,,,1,0,0.0727,Low,2162107
KE032,Nakuru,2024-02,125.44866666666667,67.68815,,,0,0,0.0727,Low,2162107
KE032,Nakuru,2024-03,89.04208866666666,42.901516,,,0,0,0.0727,Low,2162107
KE032,Nakuru,2024-04,179.39633,159.33418,,,1,1,0.0727,Low,2162107
KE032,Nakuru,2024-05,199.62321333333333,113.21697,,,0,0,0.0727,Low,2162107
KE032,Nakuru,2024-06,70.215255,58.12092,,,1,1,0.0727,Low,2162107
KE032,Nakuru,2024-07,147.17836333333335,86.28764,,,0,0,0.0727,Low,2162107
KE032,Nakuru,2024-08,101.73547666666667,61.19552,,,0,0,0.0727,Low,2162107
KE032,Nakuru,2024-09,96.46604833333333,86.02369,,,3,0,0.0727,Low,2162107
KE032,Nakuru,2024-10,98.70463666666666,65.39923,,,1,5,0.0727,Low,2162107
KE032,Nakuru,2024-11,158.48739333333333,88.12195,,,1,0,0.0727,Low,2162107
KE032,Nakuru,2024-12,83.30027033333333,51.680065,,,1,0,0.0727,Low,2162107
KE032,Nakuru,2025-01,130.85557533333335,58.935062,,,3,1,0.0727,Low,2162107
KE032,Nakuru,2025-02,47.423184,38.52366,,,3,2,0.0727,Low,2162107
KE032,Nakuru,2025-03,147.87586,121.97226,,,2,2,0.0727,Low,2162107
KE032,Nakuru,2025-04,126.73050666666666,102.24737,,,4,1,0.0727,Low,2162107
KE032,Nakuru,2025-05,124.79346,99.92522,,,3,0,0.0727,Low,2162107
KE032,Nakuru,2025-06,89.51630333333333,74.86034,,,0,0,0.0727,Low,2162107
KE032,Nakuru,2025-07,115.16243333333334,71.81947,,,1,0,0.0727,Low,2162107
KE032,Nakuru,2025-08,118.59315,61.75749,,,1,1,0.0727,Low,2162107
KE032,Nakuru,2025-09,136.76995333333335,122.55948,,,0,0,0.0727,Low,2162107
KE032,Nakuru,2025-10,147.01494466666665,69.031784,,,0,0,0.0727,Low,2162107
KE032,Nakuru,2025-11,58.053307,46.885548,,,2,0,0.0727,Low,2162107
KE032,Nakuru,2025-12,113.55195466666667,51.383244,,,0,0,0.0727,Low,2162107
KE029,Nandi,2006-01,66.2882865,37.81747,,,0,0,0.1076,Low,885689
KE029,Nandi,2006-02,96.56219133333333,32.967033,,,0,0,0.1076,Low,885689
KE029,Nandi,2006-03,118.8786865,92.92882,,,0,0,0.1076,Low,885689
KE029,Nandi,2006-04,128.247995,92.80412,,,0,0,0.1076,Low,885689
KE029,Nandi,2006-05,102.16106500000001,70.08592,,,0,0,0.1076,Low,885689
KE029,Nandi,2006-06,108.73183333333334,74.107315,,,0,0,0.1076,Low,885689
KE029,Nandi,2006-07,82.66701083333334,74.205765,,,0,0,0.1076,Low,885689
KE029,Nandi,2006-08,76.90314833333333,37.8249,,,0,0,0.1076,Low,885689
KE029,Nandi,2006-09,95.587532,72.862434,,,0,0,0.1076,Low,885689
KE029,Nandi,2006-10,88.28140466666666,23.736658,,,0,0,0.1076,Low,885689
KE029,Nandi,2006-11,213.12203833333334,73.26362,,,0,0,0.1076,Low,885689
KE029,Nandi,2006-12,171.8847795,67.032166,,,0,0,0.1076,Low,885689
KE029,Nandi,2007-01,133.73882,66.7909,,,0,0,0.1076,Low,885689
KE029,Nandi,2007-02,183.74025500000002,90.48977,,,0,0,0.1076,Low,885689
KE029,Nandi,2007-03,74.128104,20.231594,,,0,0,0.1076,Low,885689
KE029,Nandi,2007-04,82.13337833333333,17.156973,,,0,0,0.1076,Low,885689
KE029,Nandi,2007-05,79.4285125,40.339252,,,0,0,0.1076,Low,885689
KE029,Nandi,2007-06,107.79659600000001,84.644806,,,0,0,0.1076,Low,885689
KE029,Nandi,2007-07,120.1007085,73.226105,,,0,0,0.1076,Low,885689
KE029,Nandi,2007-08,116.86541799999999,88.845314,,,0,0,0.1076,Low,885689
KE029,Nandi,2007-09,159.02158333333333,105.20836,,,0,0,0.1076,Low,885689
KE029,Nandi,2007-10,70.75039533333333,29.180527,,,0,0,0.1076,Low,885689
KE029,Nandi,2007-11,62.39627133333334,27.822802,,,0,0,0.1076,Low,885689
KE029,Nandi,2007-12,64.714991,27.902588,,,0,0,0.1076,Low,885689
KE029,Nandi,2008-01,69.72710133333334,37.363422,,,0,0,0.1076,Low,885689
KE029,Nandi,2008-02,93.21066083333334,41.13924,,,0,0,0.1076,Low,885689
KE029,Nandi,2008-03,105.05413333333333,34.315563,,,0,0,0.1076,Low,885689
KE029,Nandi,2008-04,77.0440445,48.18075,,,0,0,0.1076,Low,885689
KE029,Nandi,2008-05,93.2187195,25.169357,,,0,0,0.1076,Low,885689
KE029,Nandi,2008-06,81.056738,33.617798,,,0,0,0.1076,Low,885689
KE029,Nandi,2008-07,130.02586066666666,116.67273,,,0,0,0.1076,Low,885689
KE029,Nandi,2008-08,123.29279366666667,100.169876,,,0,0,0.1076,Low,885689
KE029,Nandi,2008-09,100.32959383333333,53.142006,,,0,0,0.1076,Low,885689
KE029,Nandi,2008-10,134.81802333333334,71.13533,,,0,0,0.1076,Low,885689
KE029,Nandi,2008-11,96.68795316666667,25.769854,,,0,0,0.1076,Low,885689
KE029,Nandi,2008-12,55.74665983333333,44.2128,,,0,0,0.1076,Low,885689
KE029,Nandi,2009-01,78.55265916666667,30.698353,,,0,0,0.1076,Low,885689
KE029,Nandi,2009-02,55.405668,28.136349,,,0,0,0.1076,Low,885689
KE029,Nandi,2009-03,56.7715615,32.1548,,,0,0,0.1076,Low,885689
KE029,Nandi,2009-04,93.050777,58.799118,,,0,0,0.1076,Low,885689
KE029,Nandi,2009-05,97.67938500000001,26.632019,,,0,0,0.1076,Low,885689
KE029,Nandi,2009-06,62.53779716666667,48.43349,,,0,0,0.1076,Low,885689
KE029,Nandi,2009-07,70.57527633333333,52.020992,,,0,0,0.1076,Low,885689
KE029,Nandi,2009-08,82.915453,54.748554,,,0,0,0.1076,Low,885689
KE029,Nandi,2009-09,123.893759,77.444954,,,0,0,0.1076,Low,885689
KE029,Nandi,2009-10,85.641009,42.180153,,,0,0,0.1076,Low,885689
KE029,Nandi,2009-11,77.61644933333334,26.850351,,,0,0,0.1076,Low,885689
KE029,Nandi,2009-12,196.34698666666668,112.88096,,,0,0,0.1076,Low,885689
KE029,Nandi,2010-01,115.40288983333335,30.98933,,,0,0,0.1076,Low,885689
KE029,Nandi,2010-02,248.830156,127.979256,,,0,0,0.1076,Low,885689
KE029,Nandi,2010-03,131.22601166666666,40.30283,,,0,0,0.1076,Low,885689
KE029,Nandi,2010-04,98.81923,38.352554,,,0,0,0.1076,Low,885689
KE029,Nandi,2010-05,131.4665875,78.88179,,,0,0,0.1076,Low,885689
KE029,Nandi,2010-06,96.06786166666666,70.30127,,,0,0,0.1076,Low,885689
KE029,Nandi,2010-07,102.26922016666667,60.126625,,,0,0,0.1076,Low,885689
KE029,Nandi,2010-08,98.39308083333333,63.15834,,,0,0,0.1076,Low,885689
KE029,Nandi,2010-09,109.47455666666666,61.06508,,,0,0,0.1076,Low,885689
KE029,Nandi,2010-10,119.5361125,102.12574,,,0,0,0.1076,Low,885689
KE029,Nandi,2010-11,51.98484066666666,39.85187,,,0,0,0.1076,Low,885689
KE029,Nandi,2010-12,112.9078295,40.25755,,,0,0,0.1076,Low,885689
KE029,Nandi,2011-01,65.16222116666667,33.757065,,,0,0,0.1076,Low,885689
KE029,Nandi,2011-02,62.26249833333333,32.576324,,,0,0,0.1076,Low,885689
KE029,Nandi,2011-03,105.07175000000001,33.248463,,,0,0,0.1076,Low,885689
KE029,Nandi,2011-04,59.692962666666666,16.126146,,,0,0,0.1076,Low,885689
KE029,Nandi,2011-05,83.36933216666667,34.578793,,,0,0,0.1076,Low,885689
KE029,Nandi,2011-06,122.18243749999999,98.97574,,,0,0,0.1076,Low,885689
KE029,Nandi,2011-07,103.21808633333335,67.287674,,,0,0,0.1076,Low,885689
KE029,Nandi,2011-08,161.71968433333333,100.15206,,,0,0,0.1076,Low,885689
KE029,Nandi,2011-09,112.60737333333333,99.34476,,,0,0,0.1076,Low,885689
KE029,Nandi,2011-10,116.89584,87.94312,,,0,0,0.1076,Low,885689
KE029,Nandi,2011-11,188.12584583333333,41.056515,,,0,0,0.1076,Low,885689
KE029,Nandi,2011-12,87.4797215,45.56075,,,0,0,0.1076,Low,885689
KE029,Nandi,2012-01,33.50257666666666,30.8909,,,0,0,0.1076,Low,885689
KE029,Nandi,2012-02,48.054966666666665,33.1438,,,5,0,0.1076,Low,885689
KE029,Nandi,2012-03,51.95296666666667,16.196846,,,0,0,0.1076,Low,885689
KE029,Nandi,2012-04,144.66275666666667,105.22948,,,0,0,0.1076,Low,885689
KE029,Nandi,2012-05,109.00774100000001,83.04854,,,0,0,0.1076,Low,885689
KE029,Nandi,2012-06,141.587175,84.02178,,,0,0,0.1076,Low,885689
KE029,Nandi,2012-07,89.645099,60.650604,,,0,0,0.1076,Low,885689
KE029,Nandi,2012-08,123.98761583333334,94.49102,,,0,0,0.1076,Low,885689
KE029,Nandi,2012-09,192.49734,150.56752,,,0,0,0.1076,Low,885689
KE029,Nandi,2012-10,130.36204183333334,66.629906,,,0,0,0.1076,Low,885689
KE029,Nandi,2012-11,121.96115016666666,40.211937,,,0,0,0.1076,Low,885689
KE029,Nandi,2012-12,162.22169833333334,42.17002,,,0,0,0.1076,Low,885689
KE029,Nandi,2013-01,112.02794066666667,55.60536,,,0,0,0.1076,Low,885689
KE029,Nandi,2013-02,65.291768,30.156368,,,0,0,0.1076,Low,885689
KE029,Nandi,2013-03,156.33482,95.03543,,,0,0,0.1076,Low,885689
KE029,Nandi,2013-04,137.26872733333332,82.634514,,,0,0,0.1076,Low,885689
KE029,Nandi,2013-05,82.59445883333333,34.87558,,,0,0,0.1076,Low,885689
KE029,Nandi,2013-06,92.45472733333334,58.795834,,,0,0,0.1076,Low,885689
KE029,Nandi,2013-07,82.444674,67.06935,,,0,0,0.1076,Low,885689
KE029,Nandi,2013-08,117.158224,99.94054,,,0,0,0.1076,Low,885689
KE029,Nandi,2013-09,152.490061,103.16518,,,0,0,0.1076,Low,885689
KE029,Nandi,2013-10,104.04183733333333,40.503647,,,0,0,0.1076,Low,885689
KE029,Nandi,2013-11,103.73627416666666,62.92824,,,0,0,0.1076,Low,885689
KE029,Nandi,2013-12,161.226669,34.69255,,,0,0,0.1076,Low,885689
KE029,Nandi,2014-01,54.008235333333324,37.079857,,,0,0,0.1076,Low,885689
KE029,Nandi,2014-02,151.12338916666667,94.426765,,,0,0,0.1076,Low,885689
KE029,Nandi,2014-03,89.79502216666667,22.85832,,,0,0,0.1076,Low,885689
KE029,Nandi,2014-04,53.91360133333333,30.654297,,,0,0,0.1076,Low,885689
KE029,Nandi,2014-05,123.1120175,69.568565,,,0,0,0.1076,Low,885689
KE029,Nandi,2014-06,91.99982766666666,44.917892,,,0,0,0.1076,Low,885689
KE029,Nandi,2014-07,97.399658,62.320988,,,0,0,0.1076,Low,885689
KE029,Nandi,2014-08,160.6851225,97.039185,,,0,0,0.1076,Low,885689
KE029,Nandi,2014-09,103.33245,65.83988,,,0,0,0.1076,Low,885689
KE029,Nandi,2014-10,129.93227633333333,68.71173,,,0,0,0.1076,Low,885689
KE029,Nandi,2014-11,85.5471475,42.17831,,,0,0,0.1076,Low,885689
KE029,Nandi,2014-12,87.54861983333332,52.114876,,,0,0,0.1076,Low,885689
KE029,Nandi,2015-01,31.474420166666665,26.551893,,,0,0,0.1076,Low,885689
KE029,Nandi,2015-02,58.496912,25.012524,,,0,0,0.1076,Low,885689
KE029,Nandi,2015-03,52.702431499999996,15.384616,,,0,0,0.1076,Low,885689
KE029,Nandi,2015-04,129.93828566666667,82.97448,,,0,0,0.1076,Low,885689
KE029,Nandi,2015-05,117.95430599999999,80.67641,,,0,0,0.1076,Low,885689
KE029,Nandi,2015-06,112.31424883333334,51.168262,,,0,0,0.1076,Low,885689
KE029,Nandi,2015-07,76.7831025,58.89104,,,0,0,0.1076,Low,885689
KE029,Nandi,2015-08,56.59059083333333,36.25672,,,0,0,0.1076,Low,885689
KE029,Nandi,2015-09,109.06146583333333,62.99644,,,0,0,0.1076,Low,885689
KE029,Nandi,2015-10,125.9244905,44.03238,,,0,0,0.1076,Low,885689
KE029,Nandi,2015-11,110.00352166666666,65.79126,,,0,0,0.1076,Low,885689
KE029,Nandi,2015-12,159.714965,73.46334,,,0,0,0.1076,Low,885689
KE029,Nandi,2016-01,128.3926615,66.001434,,,0,0,0.1076,Low,885689
KE029,Nandi,2016-02,51.6828695,39.31619,,,0,0,0.1076,Low,885689
KE029,Nandi,2016-03,89.29673616666668,25.179169,,,0,0,0.1076,Low,885689
KE029,Nandi,2016-04,161.7698606666667,120.710754,,,0,0,0.1076,Low,885689
KE029,Nandi,2016-05,111.14875833333333,47.483852,,,0,0,0.1076,Low,885689
KE029,Nandi,2016-06,87.31867666666666,51.07497,,,1,2,0.1076,Low,885689
KE029,Nandi,2016-07,108.025255,80.790016,,,0,0,0.1076,Low,885689
KE029,Nandi,2016-08,59.472839666666665,39.220898,,,0,0,0.1076,Low,885689
KE029,Nandi,2016-09,83.46254433333333,46.535965,,,0,0,0.1076,Low,885689
KE029,Nandi,2016-10,73.65341666666667,39.03859,,,0,0,0.1076,Low,885689
KE029,Nandi,2016-11,80.28898433333333,42.846294,,,0,0,0.1076,Low,885689
KE029,Nandi,2016-12,38.0866645,22.812227,,,0,0,0.1076,Low,885689
KE029,Nandi,2017-01,80.56018116666667,24.87876,,,0,0,0.1076,Low,885689
KE029,Nandi,2017-02,144.68296266666667,51.47014,,,0,0,0.1076,Low,885689
KE029,Nandi,2017-03,56.60074316666667,30.384155,,,0,0,0.1076,Low,885689
KE029,Nandi,2017-04,81.66482183333333,44.650505,,,0,0,0.1076,Low,885689
KE029,Nandi,2017-05,113.19482816666665,81.301735,,,0,0,0.1076,Low,885689
KE029,Nandi,2017-06,86.96234916666667,61.303043,,,0,0,0.1076,Low,885689
KE029,Nandi,2017-07,166.84013666666667,103.21401,,,0,0,0.1076,Low,885689
KE029,Nandi,2017-08,117.60706833333334,92.27298,,,0,0,0.1076,Low,885689
KE029,Nandi,2017-09,129.44313916666667,99.77731,,,0,0,0.1076,Low,885689
KE029,Nandi,2017-10,125.48134750000001,70.508575,,,0,0,0.1076,Low,885689
KE029,Nandi,2017-11,106.33083883333332,23.429873,,,0,0,0.1076,Low,885689
KE029,Nandi,2017-12,60.08204549999999,28.643963,,,0,0,0.1076,Low,885689
KE029,Nandi,2018-01,49.46374016666667,33.389915,,,0,0,0.1076,Low,885689
KE029,Nandi,2018-02,86.72757266666667,30.934212,,,0,0,0.1076,Low,885689
KE029,Nandi,2018-03,180.652919,68.470634,,,0,0,0.1076,Low,885689
KE029,Nandi,2018-04,176.62373833333334,138.49129,,,0,0,0.1076,Low,885689
KE029,Nandi,2018-05,142.107305,95.14284,,,0,0,0.1076,Low,885689
KE029,Nandi,2018-06,154.554385,110.16711,,,0,0,0.1076,Low,885689
KE029,Nandi,2018-07,119.30997166666667,70.49943,,,0,0,0.1076,Low,885689
KE029,Nandi,2018-08,81.6425695,37.292946,,,0,0,0.1076,Low,885689
KE029,Nandi,2018-09,61.617305666666674,50.301025,,,0,0,0.1076,Low,885689
KE029,Nandi,2018-10,127.87599449999999,55.852562,,,0,0,0.1076,Low,885689
KE029,Nandi,2018-11,53.05385016666667,21.772013,,,1,1,0.1076,Low,885689
KE029,Nandi,2018-12,127.50231666666667,65.30823,,,0,0,0.1076,Low,885689
KE029,Nandi,2019-01,45.67744033333333,35.51078,,,0,0,0.1076,Low,885689
KE029,Nandi,2019-02,74.40525733333332,30.492296,,,0,0,0.1076,Low,885689
KE029,Nandi,2019-03,45.76230566666667,17.247969,,,0,0,0.1076,Low,885689
KE029,Nandi,2019-04,67.27943283333333,18.43805,,,0,0,0.1076,Low,885689
KE029,Nandi,2019-05,91.41222733333332,59.336388,,,1,0,0.1076,Low,885689
KE029,Nandi,2019-06,134.30201316666668,95.71638,,,0,0,0.1076,Low,885689
KE029,Nandi,2019-07,125.17463833333333,91.18691,,,0,0,0.1076,Low,885689
KE029,Nandi,2019-08,117.84388066666668,93.65443,,,0,0,0.1076,Low,885689
KE029,Nandi,2019-09,121.32956266666667,66.61266,,,0,0,0.1076,Low,885689
KE029,Nandi,2019-10,179.85843,128.9449,,,0,0,0.1076,Low,885689
KE029,Nandi,2019-11,153.94851416666668,96.52583,,,0,0,0.1076,Low,885689
KE029,Nandi,2019-12,223.32136833333334,112.64464,,,0,0,0.1076,Low,885689
KE029,Nandi,2020-01,152.93164583333333,41.332485,,,0,0,0.1076,Low,885689
KE029,Nandi,2020-02,109.60616900000001,43.022472,,,0,0,0.1076,Low,885689
KE029,Nandi,2020-03,181.40759166666666,128.43465,,,0,0,0.1076,Low,885689
KE029,Nandi,2020-04,138.56474366666666,32.36526,,,0,0,0.1076,Low,885689
KE029,Nandi,2020-05,102.0275535,84.541336,,,1,2,0.1076,Low,885689
KE029,Nandi,2020-06,163.89383666666666,98.43136,,,1,1,0.1076,Low,885689
KE029,Nandi,2020-07,161.36036099999998,121.191536,,,0,0,0.1076,Low,885689
KE029,Nandi,2020-08,161.95744266666668,116.134766,,,0,0,0.1076,Low,885689
KE029,Nandi,2020-09,159.03057416666664,115.023575,,,0,0,0.1076,Low,885689
KE029,Nandi,2020-10,170.259495,142.72256,,,0,0,0.1076,Low,885689
KE029,Nandi,2020-11,191.127825,115.98002,,,0,0,0.1076,Low,885689
KE029,Nandi,2020-12,88.4616115,45.156364,,,0,0,0.1076,Low,885689
KE029,Nandi,2021-01,96.08156283333334,57.880627,,,0,0,0.1076,Low,885689
KE029,Nandi,2021-02,144.49014250000002,125.712845,,,0,0,0.1076,Low,885689
KE029,Nandi,2021-03,71.67561833333333,33.761887,,,0,0,0.1076,Low,885689
KE029,Nandi,2021-04,137.16330666666667,80.68116,,,0,0,0.1076,Low,885689
KE029,Nandi,2021-05,136.95584083333333,68.56429,,,0,0,0.1076,Low,885689
KE029,Nandi,2021-06,86.6318465,68.0501,,,0,0,0.1076,Low,885689
KE029,Nandi,2021-07,92.01073616666667,35.471733,,,0,0,0.1076,Low,885689
KE029,Nandi,2021-08,139.56027,90.07513,,,0,0,0.1076,Low,885689
KE029,Nandi,2021-09,155.73833,127.43058,,,0,0,0.1076,Low,885689
KE029,Nandi,2021-10,100.64016833333334,66.37228,,,0,0,0.1076,Low,885689
KE029,Nandi,2021-11,73.79882316666666,37.527634,,,0,0,0.1076,Low,885689
KE029,Nandi,2021-12,81.93938783333333,53.733738,,,0,0,0.1076,Low,885689
KE029,Nandi,2022-01,129.12817283333334,49.265087,,,0,0,0.1076,Low,885689
KE029,Nandi,2022-02,221.58202433333335,72.1871,,,0,0,0.1076,Low,885689
KE029,Nandi,2022-03,76.34102933333334,24.037743,,,0,0,0.1076,Low,885689
KE029,Nandi,2022-04,81.52296516666667,21.642672,,,0,0,0.1076,Low,885689
KE029,Nandi,2022-05,103.00234733333333,66.56588,,,0,0,0.1076,Low,885689
KE029,Nandi,2022-06,73.12418483333333,53.69228,,,0,0,0.1076,Low,885689
KE029,Nandi,2022-07,102.78349850000001,82.35137,,,0,0,0.1076,Low,885689
KE029,Nandi,2022-08,185.00281166666664,152.99475,,,0,0,0.1076,Low,885689
KE029,Nandi,2022-09,130.596455,109.69932,,,0,0,0.1076,Low,885689
KE029,Nandi,2022-10,87.48285133333333,27.80264,,,0,0,0.1076,Low,885689
KE029,Nandi,2022-11,168.60150666666667,107.93639,,,0,0,0.1076,Low,885689
KE029,Nandi,2022-12,219.87360516666664,99.732025,,,1,0,0.1076,Low,885689
KE029,Nandi,2023-01,32.05512366666667,25.222301,,,0,0,0.1076,Low,885689
KE029,Nandi,2023-02,41.21899316666667,24.203308,,,0,0,0.1076,Low,885689
KE029,Nandi,2023-03,158.412165,83.065,,,0,0,0.1076,Low,885689
KE029,Nandi,2023-04,105.79976266666667,30.035233,,,0,0,0.1076,Low,885689
KE029,Nandi,2023-05,106.878375,74.37689,,,0,0,0.1076,Low,885689
KE029,Nandi,2023-06,157.22802,93.70812,,,0,0,0.1076,Low,885689
KE029,Nandi,2023-07,83.50365483333333,53.53322,,,0,0,0.1076,Low,885689
KE029,Nandi,2023-08,88.61843499999999,45.56937,,,0,0,0.1076,Low,885689
KE029,Nandi,2023-09,167.4881806666667,124.012634,,,0,0,0.1076,Low,885689
KE029,Nandi,2023-10,147.31172999999998,77.60955,,,0,0,0.1076,Low,885689
KE029,Nandi,2023-11,115.243599,47.21772,,,0,0,0.1076,Low,885689
KE029,Nandi,2023-12,114.86183999999999,86.27356,,,1,0,0.1076,Low,885689
KE029,Nandi,2024-01,220.59598000000003,102.3062,,,0,0,0.1076,Low,885689
KE029,Nandi,2024-02,194.42476166666665,128.77472,,,0,0,0.1076,Low,885689
KE029,Nandi,2024-03,109.08270750000001,22.408026,,,1,0,0.1076,Low,885689
KE029,Nandi,2024-04,104.49245266666667,89.63992,,,0,0,0.1076,Low,885689
KE029,Nandi,2024-05,108.90912583333333,64.60808,,,0,0,0.1076,Low,885689
KE029,Nandi,2024-06,70.88845333333335,60.16172,,,0,0,0.1076,Low,885689
KE029,Nandi,2024-07,130.15860416666666,97.98413,,,0,0,0.1076,Low,885689
KE029,Nandi,2024-08,120.43914533333333,61.354797,,,0,0,0.1076,Low,885689
KE029,Nandi,2024-09,107.59858000000001,92.24758,,,0,0,0.1076,Low,885689
KE029,Nandi,2024-10,87.0319015,54.00657,,,1,0,0.1076,Low,885689
KE029,Nandi,2024-11,193.58127416666665,64.26541,,,0,0,0.1076,Low,885689
KE029,Nandi,2024-12,98.12246166666667,41.42826,,,0,0,0.1076,Low,885689
KE029,Nandi,2025-01,84.07394433333333,37.68187,,,0,0,0.1076,Low,885689
KE029,Nandi,2025-02,42.770451,31.016762,,,0,0,0.1076,Low,885689
KE029,Nandi,2025-03,155.3153166666667,94.46608,,,0,0,0.1076,Low,885689
KE029,Nandi,2025-04,116.55161833333334,70.91551,,,0,0,0.1076,Low,885689
KE029,Nandi,2025-05,174.32953333333333,146.86697,,,1,0,0.1076,Low,885689
KE029,Nandi,2025-06,102.69572,68.62561,,,0,0,0.1076,Low,885689
KE029,Nandi,2025-07,201.06164,122.42712,,,0,0,0.1076,Low,885689
KE029,Nandi,2025-08,84.28498983333333,65.242584,,,0,0,0.1076,Low,885689
KE029,Nandi,2025-09,101.59503833333333,91.40775,,,0,0,0.1076,Low,885689
KE029,Nandi,2025-10,159.90233083333334,69.28137,,,0,0,0.1076,Low,885689
KE029,Nandi,2025-11,48.81499,19.925936,,,0,0,0.1076,Low,885689
KE029,Nandi,2025-12,195.4830605,31.14418,,,1,0,0.1076,Low,885689
KE033,Narok,2006-01,77.10041933333333,48.6248,,,0,0,0.1934,Medium,1157847
KE033,Narok,2006-02,91.617096,31.741243,,,0,0,0.1934,Medium,1157847
KE033,Narok,2006-03,131.57594716666668,45.622147,,,0,0,0.1934,Medium,1157847
KE033,Narok,2006-04,110.94427333333334,79.37435,,,0,0,0.1934,Medium,1157847
KE033,Narok,2006-05,124.3140325,69.613335,,,0,0,0.1934,Medium,1157847
KE033,Narok,2006-06,71.66299616666667,50.083847,,,0,0,0.1934,Medium,1157847
KE033,Narok,2006-07,89.34214000000001,58.343147,,,0,0,0.1934,Medium,1157847
KE033,Narok,2006-08,90.01062333333334,41.39132,,,0,0,0.1934,Medium,1157847
KE033,Narok,2006-09,79.95403,66.27526,,,0,0,0.1934,Medium,1157847
KE033,Narok,2006-10,62.83259999999999,31.562937,,,0,0,0.1934,Medium,1157847
KE033,Narok,2006-11,201.29468166666666,70.08917,,,0,0,0.1934,Medium,1157847
KE033,Narok,2006-12,202.13803833333336,91.74416,,,0,0,0.1934,Medium,1157847
KE033,Narok,2007-01,120.67838166666667,79.20414,,,0,0,0.1934,Medium,1157847
KE033,Narok,2007-02,177.96849666666665,83.88031,,,0,0,0.1934,Medium,1157847
KE033,Narok,2007-03,94.75736649999999,40.623142,,,0,0,0.1934,Medium,1157847
KE033,Narok,2007-04,94.01915033333334,59.02709,,,0,0,0.1934,Medium,1157847
KE033,Narok,2007-05,80.42936833333333,45.115032,,,0,0,0.1934,Medium,1157847
KE033,Narok,2007-06,106.46114999999999,61.32918,,,0,0,0.1934,Medium,1157847
KE033,Narok,2007-07,118.28588733333333,61.446064,,,0,0,0.1934,Medium,1157847
KE033,Narok,2007-08,85.20200166666666,55.20581,,,0,0,0.1934,Medium,1157847
KE033,Narok,2007-09,107.75311933333334,46.601566,,,0,0,0.1934,Medium,1157847
KE033,Narok,2007-10,69.889099,30.387535,,,0,0,0.1934,Medium,1157847
KE033,Narok,2007-11,71.87017283333334,55.285454,,,0,0,0.1934,Medium,1157847
KE033,Narok,2007-12,84.71684,46.88939,,,0,0,0.1934,Medium,1157847
KE033,Narok,2008-01,62.13134216666666,28.260569,,,0,0,0.1934,Medium,1157847
KE033,Narok,2008-02,104.56490333333333,40.68748,,,0,0,0.1934,Medium,1157847
KE033,Narok,2008-03,135.94971483333333,45.068367,,,0,0,0.1934,Medium,1157847
KE033,Narok,2008-04,63.366559,34.335316,,,0,0,0.1934,Medium,1157847
KE033,Narok,2008-05,68.39014433333334,35.678284,,,0,0,0.1934,Medium,1157847
KE033,Narok,2008-06,84.4642215,52.229126,,,0,0,0.1934,Medium,1157847
KE033,Narok,2008-07,97.505284,75.76541,,,0,0,0.1934,Medium,1157847
KE033,Narok,2008-08,80.09493183333333,46.221245,,,0,0,0.1934,Medium,1157847
KE033,Narok,2008-09,102.41434266666666,55.623306,,,0,0,0.1934,Medium,1157847
KE033,Narok,2008-10,124.9397495,61.501057,,,0,0,0.1934,Medium,1157847
KE033,Narok,2008-11,102.75228066666666,52.658634,,,0,0,0.1934,Medium,1157847
KE033,Narok,2008-12,51.58337916666667,40.761585,,,1,4,0.1934,Medium,1157847
KE033,Narok,2009-01,87.72139966666667,41.658695,,,0,0,0.1934,Medium,1157847
KE033,Narok,2009-02,58.290387833333334,24.119026,,,0,0,0.1934,Medium,1157847
KE033,Narok,2009-03,63.63643149999999,35.664482,,,0,0,0.1934,Medium,1157847
KE033,Narok,2009-04,81.1915475,48.73279,,,0,0,0.1934,Medium,1157847
KE033,Narok,2009-05,124.05355833333334,47.69277,,,0,0,0.1934,Medium,1157847
KE033,Narok,2009-06,68.5845975,55.843884,,,0,0,0.1934,Medium,1157847
KE033,Narok,2009-07,68.21469666666667,56.56532,,,0,0,0.1934,Medium,1157847
KE033,Narok,2009-08,93.58216533333332,46.94788,,,0,0,0.1934,Medium,1157847
KE033,Narok,2009-09,113.06413166666668,68.86113,,,0,0,0.1934,Medium,1157847
KE033,Narok,2009-10,78.326403,45.356594,,,0,0,0.1934,Medium,1157847
KE033,Narok,2009-11,90.97577199999999,38.82345,,,0,0,0.1934,Medium,1157847
KE033,Narok,2009-12,150.9224815,71.298325,,,0,0,0.1934,Medium,1157847
KE033,Narok,2010-01,126.40178633333333,34.420567,,,0,0,0.1934,Medium,1157847
KE033,Narok,2010-02,188.77279316666667,82.972725,,,1,1,0.1934,Medium,1157847
KE033,Narok,2010-03,125.20401583333334,43.673035,,,0,0,0.1934,Medium,1157847
KE033,Narok,2010-04,92.09534366666666,53.261356,,,0,0,0.1934,Medium,1157847
KE033,Narok,2010-05,130.74304733333335,65.60969,,,0,0,0.1934,Medium,1157847
KE033,Narok,2010-06,97.36833,67.33959,,,0,0,0.1934,Medium,1157847
KE033,Narok,2010-07,74.28753583333334,65.55473,,,0,0,0.1934,Medium,1157847
KE033,Narok,2010-08,93.52872416666666,64.33346,,,0,0,0.1934,Medium,1157847
KE033,Narok,2010-09,127.01690433333334,76.729126,,,0,0,0.1934,Medium,1157847
KE033,Narok,2010-10,125.22798933333333,95.85085,,,0,0,0.1934,Medium,1157847
KE033,Narok,2010-11,90.76785416666667,74.723175,,,0,0,0.1934,Medium,1157847
KE033,Narok,2010-12,77.33231066666667,24.442974,,,0,0,0.1934,Medium,1157847
KE033,Narok,2011-01,69.81573883333333,44.56363,,,0,0,0.1934,Medium,1157847
KE033,Narok,2011-02,94.23549016666668,25.254297,,,0,0,0.1934,Medium,1157847
KE033,Narok,2011-03,90.89577466666667,36.95617,,,0,0,0.1934,Medium,1157847
KE033,Narok,2011-04,50.8275135,27.029795,,,0,0,0.1934,Medium,1157847
KE033,Narok,2011-05,100.4292875,50.98154,,,0,0,0.1934,Medium,1157847
KE033,Narok,2011-06,119.979666,62.383686,,,0,0,0.1934,Medium,1157847
KE033,Narok,2011-07,119.6630525,58.84731,,,0,0,0.1934,Medium,1157847
KE033,Narok,2011-08,154.27558666666667,82.4519,,,0,0,0.1934,Medium,1157847
KE033,Narok,2011-09,149.43001666666666,111.24761,,,0,0,0.1934,Medium,1157847
KE033,Narok,2011-10,161.12715266666666,125.757706,,,0,0,0.1934,Medium,1157847
KE033,Narok,2011-11,141.49346916666667,66.07098,,,0,0,0.1934,Medium,1157847
KE033,Narok,2011-12,131.70461266666666,67.249306,,,0,0,0.1934,Medium,1157847
KE033,Narok,2012-01,38.08378666666667,30.82685,,,0,0,0.1934,Medium,1157847
KE033,Narok,2012-02,73.1034365,31.045162,,,0,0,0.1934,Medium,1157847
KE033,Narok,2012-03,78.89164749999999,30.405088,,,0,0,0.1934,Medium,1157847
KE033,Narok,2012-04,176.316059,120.75336,,,0,0,0.1934,Medium,1157847
KE033,Narok,2012-05,105.458274,65.45561,,,1,0,0.1934,Medium,1157847
KE033,Narok,2012-06,132.59286166666666,49.445107,,,0,0,0.1934,Medium,1157847
KE033,Narok,2012-07,113.72207900000001,87.43359,,,0,0,0.1934,Medium,1157847
KE033,Narok,2012-08,114.34873333333333,65.42861,,,0,0,0.1934,Medium,1157847
KE033,Narok,2012-09,125.68126833333334,66.86583,,,1,0,0.1934,Medium,1157847
KE033,Narok,2012-10,129.96442199999998,61.426456,,,0,0,0.1934,Medium,1157847
KE033,Narok,2012-11,113.84776766666666,67.47476,,,0,0,0.1934,Medium,1157847
KE033,Narok,2012-12,148.56917383333334,49.44257,,,0,0,0.1934,Medium,1157847
KE033,Narok,2013-01,88.10560666666667,35.81854,,,0,0,0.1934,Medium,1157847
KE033,Narok,2013-02,70.19791316666667,29.767952,,,0,0,0.1934,Medium,1157847
KE033,Narok,2013-03,133.00367833333334,106.86692,,,1,3,0.1934,Medium,1157847
KE033,Narok,2013-04,184.25430000000003,79.8656,,,2,5,0.1934,Medium,1157847
KE033,Narok,2013-05,65.10860100000001,45.14113,,,0,0,0.1934,Medium,1157847
KE033,Narok,2013-06,93.531055,57.96029,,,0,0,0.1934,Medium,1157847
KE033,Narok,2013-07,94.96577733333334,69.87757,,,0,0,0.1934,Medium,1157847
KE033,Narok,2013-08,107.9700945,63.071667,,,1,8,0.1934,Medium,1157847
KE033,Narok,2013-09,118.43702166666667,77.0427,,,1,1,0.1934,Medium,1157847
KE033,Narok,2013-10,77.55581916666667,33.63717,,,0,0,0.1934,Medium,1157847
KE033,Narok,2013-11,89.93488233333333,70.217804,,,0,0,0.1934,Medium,1157847
KE033,Narok,2013-12,126.50377583333334,45.739254,,,0,0,0.1934,Medium,1157847
KE033,Narok,2014-01,69.77960483333334,42.008377,,,0,0,0.1934,Medium,1157847
KE033,Narok,2014-02,157.3749175,50.941032,,,0,0,0.1934,Medium,1157847
KE033,Narok,2014-03,102.18162983333333,24.759167,,,0,0,0.1934,Medium,1157847
KE033,Narok,2014-04,51.68006433333334,33.67497,,,0,0,0.1934,Medium,1157847
KE033,Narok,2014-05,72.216211,47.44604,,,0,0,0.1934,Medium,1157847
KE033,Narok,2014-06,105.25255683333334,50.763107,,,0,0,0.1934,Medium,1157847
KE033,Narok,2014-07,90.85958933333335,71.50454,,,0,0,0.1934,Medium,1157847
KE033,Narok,2014-08,173.27147333333332,87.29874,,,0,0,0.1934,Medium,1157847
KE033,Narok,2014-09,112.1127675,73.731255,,,0,0,0.1934,Medium,1157847
KE033,Narok,2014-10,109.091387,47.111572,,,0,0,0.1934,Medium,1157847
KE033,Narok,2014-11,73.02132933333333,50.59914,,,0,0,0.1934,Medium,1157847
KE033,Narok,2014-12,91.91028116666666,53.524883,,,0,0,0.1934,Medium,1157847
KE033,Narok,2015-01,33.16307683333333,26.503223,,,0,0,0.1934,Medium,1157847
KE033,Narok,2015-02,59.05959933333333,29.061335,,,0,0,0.1934,Medium,1157847
KE033,Narok,2015-03,61.915391166666666,20.429806,,,0,0,0.1934,Medium,1157847
KE033,Narok,2015-04,154.92248500000002,126.19845,,,0,0,0.1934,Medium,1157847
KE033,Narok,2015-05,128.15892283333335,51.511127,,,0,0,0.1934,Medium,1157847
KE033,Narok,2015-06,145.41956933333333,82.02833,,,0,0,0.1934,Medium,1157847
KE033,Narok,2015-07,86.21404483333333,59.886814,,,0,0,0.1934,Medium,1157847
KE033,Narok,2015-08,73.91552416666667,48.349686,,,0,0,0.1934,Medium,1157847
KE033,Narok,2015-09,90.83165233333334,69.83825,,,0,0,0.1934,Medium,1157847
KE033,Narok,2015-10,127.20441133333334,77.855804,,,0,0,0.1934,Medium,1157847
KE033,Narok,2015-11,126.40227433333332,78.00451,,,0,0,0.1934,Medium,1157847
KE033,Narok,2015-12,144.74959966666668,45.954792,,,4,5,0.1934,Medium,1157847
KE033,Narok,2016-01,125.61852600000002,83.69476,,,0,0,0.1934,Medium,1157847
KE033,Narok,2016-02,68.18323916666667,53.87591,,,0,0,0.1934,Medium,1157847
KE033,Narok,2016-03,81.43693316666666,33.67832,,,0,0,0.1934,Medium,1157847
KE033,Narok,2016-04,137.122166,100.630226,,,0,0,0.1934,Medium,1157847
KE033,Narok,2016-05,97.389685,80.55432,,,0,0,0.1934,Medium,1157847
KE033,Narok,2016-06,82.932383,42.151134,,,1,1,0.1934,Medium,1157847
KE033,Narok,2016-07,86.03613683333333,70.12212,,,0,0,0.1934,Medium,1157847
KE033,Narok,2016-08,77.43406733333333,56.50567,,,0,0,0.1934,Medium,1157847
KE033,Narok,2016-09,106.83075533333333,55.267162,,,1,1,0.1934,Medium,1157847
KE033,Narok,2016-10,96.05459166666667,51.75215,,,1,0,0.1934,Medium,1157847
KE033,Narok,2016-11,118.68638333333332,83.74869,,,0,0,0.1934,Medium,1157847
KE033,Narok,2016-12,47.92264666666667,21.832872,,,5,8,0.1934,Medium,1157847
KE033,Narok,2017-01,45.48076866666667,26.014126,,,0,0,0.1934,Medium,1157847
KE033,Narok,2017-02,84.42609466666666,39.989788,,,0,0,0.1934,Medium,1157847
KE033,Narok,2017-03,81.24923116666666,48.81911,,,0,0,0.1934,Medium,1157847
KE033,Narok,2017-04,72.40690733333334,41.316658,,,1,0,0.1934,Medium,1157847
KE033,Narok,2017-05,79.1479895,54.814487,,,0,0,0.1934,Medium,1157847
KE033,Narok,2017-06,115.57306316666666,55.004894,,,0,0,0.1934,Medium,1157847
KE033,Narok,2017-07,152.22974333333335,100.07118,,,1,1,0.1934,Medium,1157847
KE033,Narok,2017-08,112.60768683333333,83.18365,,,0,0,0.1934,Medium,1157847
KE033,Narok,2017-09,114.54220833333333,78.71626,,,2,9,0.1934,Medium,1157847
KE033,Narok,2017-10,118.19833166666666,75.61193,,,0,0,0.1934,Medium,1157847
KE033,Narok,2017-11,100.75782116666666,46.438457,,,2,0,0.1934,Medium,1157847
KE033,Narok,2017-12,71.61309216666668,32.506226,,,0,0,0.1934,Medium,1157847
KE033,Narok,2018-01,103.58391333333333,70.62527,,,3,3,0.1934,Medium,1157847
KE033,Narok,2018-02,70.99911416666667,29.33977,,,0,0,0.1934,Medium,1157847
KE033,Narok,2018-03,201.878105,87.063095,,,0,0,0.1934,Medium,1157847
KE033,Narok,2018-04,195.57883333333334,102.84945,,,0,0,0.1934,Medium,1157847
KE033,Narok,2018-05,144.18600066666667,96.2008,,,0,0,0.1934,Medium,1157847
KE033,Narok,2018-06,114.59259733333333,69.52172,,,1,0,0.1934,Medium,1157847
KE033,Narok,2018-07,97.200779,55.266804,,,0,0,0.1934,Medium,1157847
KE033,Narok,2018-08,134.24309033333333,43.581635,,,4,2,0.1934,Medium,1157847
KE033,Narok,2018-09,67.97502716666666,42.43499,,,1,0,0.1934,Medium,1157847
KE033,Narok,2018-10,111.22835083333332,86.358055,,,1,0,0.1934,Medium,1157847
KE033,Narok,2018-11,77.24007666666667,68.73749,,,0,0,0.1934,Medium,1157847
KE033,Narok,2018-12,129.08126083333335,49.80693,,,0,0,0.1934,Medium,1157847
KE033,Narok,2019-01,53.319091833333324,36.220844,,,0,0,0.1934,Medium,1157847
KE033,Narok,2019-02,59.70869716666667,31.184378,,,0,0,0.1934,Medium,1157847
KE033,Narok,2019-03,64.95221,24.714869,,,0,0,0.1934,Medium,1157847
KE033,Narok,2019-04,99.335075,39.0495,,,0,0,0.1934,Medium,1157847
KE033,Narok,2019-05,88.69549333333333,61.19799,,,0,0,0.1934,Medium,1157847
KE033,Narok,2019-06,170.14737,57.11065,,,0,0,0.1934,Medium,1157847
KE033,Narok,2019-07,109.60028,101.72891,,,0,0,0.1934,Medium,1157847
KE033,Narok,2019-08,116.857106,71.362686,,,0,0,0.1934,Medium,1157847
KE033,Narok,2019-09,124.47920950000001,59.344967,,,3,4,0.1934,Medium,1157847
KE033,Narok,2019-10,164.76856,84.23427,,,2,0,0.1934,Medium,1157847
KE033,Narok,2019-11,174.2976448333333,61.040585,,,0,0,0.1934,Medium,1157847
KE033,Narok,2019-12,245.7222843333333,118.42693,,,2,4,0.1934,Medium,1157847
KE033,Narok,2020-01,215.53627333333336,97.937,,,3,1,0.1934,Medium,1157847
KE033,Narok,2020-02,118.58734333333332,57.64314,,,0,0,0.1934,Medium,1157847
KE033,Narok,2020-03,194.08624833333337,122.76948,,,1,1,0.1934,Medium,1157847
KE033,Narok,2020-04,155.549314,64.85846,,,2,2,0.1934,Medium,1157847
KE033,Narok,2020-05,98.11791933333332,76.2334,,,2,8,0.1934,Medium,1157847
KE033,Narok,2020-06,120.52136666666667,62.6048,,,1,0,0.1934,Medium,1157847
KE033,Narok,2020-07,88.15535666666666,76.2905,,,4,3,0.1934,Medium,1157847
KE033,Narok,2020-08,92.632693,60.293865,,,0,0,0.1934,Medium,1157847
KE033,Narok,2020-09,124.39492333333332,70.85316,,,0,0,0.1934,Medium,1157847
KE033,Narok,2020-10,169.34334166666667,114.18041,,,0,0,0.1934,Medium,1157847
KE033,Narok,2020-11,187.149369,100.004074,,,0,0,0.1934,Medium,1157847
KE033,Narok,2020-12,84.58876233333334,54.239376,,,0,0,0.1934,Medium,1157847
KE033,Narok,2021-01,91.63930933333334,51.41164,,,0,0,0.1934,Medium,1157847
KE033,Narok,2021-02,135.47665,92.96147,,,0,0,0.1934,Medium,1157847
KE033,Narok,2021-03,71.75151533333333,46.053627,,,0,0,0.1934,Medium,1157847
KE033,Narok,2021-04,111.83886266666667,80.681,,,0,0,0.1934,Medium,1157847
KE033,Narok,2021-05,122.80646916666667,75.58916,,,0,0,0.1934,Medium,1157847
KE033,Narok,2021-06,75.97693066666666,48.78476,,,0,0,0.1934,Medium,1157847
KE033,Narok,2021-07,119.49566833333334,53.85528,,,1,1,0.1934,Medium,1157847
KE033,Narok,2021-08,127.59843833333333,71.54327,,,0,0,0.1934,Medium,1157847
KE033,Narok,2021-09,118.25909916666667,101.97635,,,0,0,0.1934,Medium,1157847
KE033,Narok,2021-10,104.30009266666667,76.371796,,,0,0,0.1934,Medium,1157847
KE033,Narok,2021-11,99.37195483333333,51.242733,,,0,0,0.1934,Medium,1157847
KE033,Narok,2021-12,86.14442683333334,63.66927,,,0,0,0.1934,Medium,1157847
KE033,Narok,2022-01,164.23003208333333,52.5078125,,,0,0,0.1934,Medium,1157847
KE033,Narok,2022-02,254.782905,162.53946,,,0,0,0.1934,Medium,1157847
KE033,Narok,2022-03,63.2229335,34.55115,,,2,1,0.1934,Medium,1157847
KE033,Narok,2022-04,109.08713383333334,42.556404,,,0,0,0.1934,Medium,1157847
KE033,Narok,2022-05,130.21062666666668,58.71976,,,2,0,0.1934,Medium,1157847
KE033,Narok,2022-06,94.41360149999998,65.38142,,,0,0,0.1934,Medium,1157847
KE033,Narok,2022-07,89.73926216666666,57.602467,,,0,0,0.1934,Medium,1157847
KE033,Narok,2022-08,145.50044416666665,101.653885,,,0,0,0.1934,Medium,1157847
KE033,Narok,2022-09,136.81559000000001,108.6478,,,0,0,0.1934,Medium,1157847
KE033,Narok,2022-10,99.2728515,49.660637,,,1,0,0.1934,Medium,1157847
KE033,Narok,2022-11,145.94277766666667,84.7756,,,0,0,0.1934,Medium,1157847
KE033,Narok,2022-12,141.39754250000001,77.78119,,,0,0,0.1934,Medium,1157847
KE033,Narok,2023-01,51.74726883333333,38.522606,,,1,0,0.1934,Medium,1157847
KE033,Narok,2023-02,40.261826,24.669062,,,1,0,0.1934,Medium,1157847
KE033,Narok,2023-03,139.03657066666668,53.77506,,,4,1,0.1934,Medium,1157847
KE033,Narok,2023-04,109.562861,56.335716,,,1,0,0.1934,Medium,1157847
KE033,Narok,2023-05,86.40150916666666,63.220985,,,0,0,0.1934,Medium,1157847
KE033,Narok,2023-06,131.30383350000002,54.526035,,,1,0,0.1934,Medium,1157847
KE033,Narok,2023-07,71.18246649999999,59.02056,,,1,0,0.1934,Medium,1157847
KE033,Narok,2023-08,76.90479966666668,55.86549,,,0,0,0.1934,Medium,1157847
KE033,Narok,2023-09,194.335325,148.9988,,,3,2,0.1934,Medium,1157847
KE033,Narok,2023-10,122.89075166666667,74.96092,,,1,1,0.1934,Medium,1157847
KE033,Narok,2023-11,189.17425333333333,113.99267,,,0,0,0.1934,Medium,1157847
KE033,Narok,2023-12,129.93544766666665,79.47444,,,2,0,0.1934,Medium,1157847
KE033,Narok,2024-01,268.15502833333335,154.0588,,,0,0,0.1934,Medium,1157847
KE033,Narok,2024-02,120.91145783333333,63.046707,,,2,4,0.1934,Medium,1157847
KE033,Narok,2024-03,94.41723366666668,28.653666,,,2,3,0.1934,Medium,1157847
KE033,Narok,2024-04,173.97418433333334,108.120476,,,1,0,0.1934,Medium,1157847
KE033,Narok,2024-05,147.36382666666665,72.871895,,,0,0,0.1934,Medium,1157847
KE033,Narok,2024-06,78.84230383333333,61.996723,,,2,1,0.1934,Medium,1157847
KE033,Narok,2024-07,170.38092833333334,79.63733,,,1,0,0.1934,Medium,1157847
KE033,Narok,2024-08,69.60813483333334,41.926853,,,0,0,0.1934,Medium,1157847
KE033,Narok,2024-09,114.04747333333334,74.85511,,,1,1,0.1934,Medium,1157847
KE033,Narok,2024-10,101.07308233333333,72.23365,,,1,4,0.1934,Medium,1157847
KE033,Narok,2024-11,164.4803305,82.5226,,,0,0,0.1934,Medium,1157847
KE033,Narok,2024-12,131.04576666666665,109.8328,,,0,0,0.1934,Medium,1157847
KE033,Narok,2025-01,143.27072983333335,55.98765,,,0,0,0.1934,Medium,1157847
KE033,Narok,2025-02,44.844030833333335,25.675205,,,1,1,0.1934,Medium,1157847
KE033,Narok,2025-03,122.32570833333334,71.30122,,,1,0,0.1934,Medium,1157847
KE033,Narok,2025-04,129.87602316666667,75.037674,,,1,3,0.1934,Medium,1157847
KE033,Narok,2025-05,132.683215,102.59248,,,2,1,0.1934,Medium,1157847
KE033,Narok,2025-06,95.40895083333334,73.50314,,,3,8,0.1934,Medium,1157847
KE033,Narok,2025-07,115.52117,57.17675,,,1,1,0.1934,Medium,1157847
KE033,Narok,2025-08,112.91357966666668,52.708042,,,1,1,0.1934,Medium,1157847
KE033,Narok,2025-09,78.93804266666666,58.49234,,,1,1,0.1934,Medium,1157847
KE033,Narok,2025-10,127.82069666666666,58.7354,,,1,1,0.1934,Medium,1157847
KE033,Narok,2025-11,59.648837500000006,31.715876,,,7,5,0.1934,Medium,1157847
KE033,Narok,2025-12,122.6062845,30.862507,,,6,5,0.1934,Medium,1157847
KE046,Nyamira,2006-01,79.03221033333334,36.561337,,,0,0,0.0985,Low,605563
KE046,Nyamira,2006-02,83.36943666666666,33.0865,,,0,0,0.0985,Low,605563
KE046,Nyamira,2006-03,128.19531833333335,64.577835,,,0,0,0.0985,Low,605563
KE046,Nyamira,2006-04,108.933002,92.1222,,,0,0,0.0985,Low,605563
KE046,Nyamira,2006-05,129.19160666666667,107.00631,,,0,0,0.0985,Low,605563
KE046,Nyamira,2006-06,89.00977333333333,77.41148,,,0,0,0.0985,Low,605563
KE046,Nyamira,2006-07,64.393136,54.79185,,,0,0,0.0985,Low,605563
KE046,Nyamira,2006-08,65.864316,41.241844,,,0,0,0.0985,Low,605563
KE046,Nyamira,2006-09,85.37846266666666,56.422688,,,0,0,0.0985,Low,605563
KE046,Nyamira,2006-10,77.63457966666667,27.611975,,,0,0,0.0985,Low,605563
KE046,Nyamira,2006-11,180.53162033333334,97.185776,,,0,0,0.0985,Low,605563
KE046,Nyamira,2006-12,205.14865333333333,78.20757,,,0,0,0.0985,Low,605563
KE046,Nyamira,2007-01,150.00183666666666,77.39181,,,1,0,0.0985,Low,605563
KE046,Nyamira,2007-02,155.69411666666667,86.12756,,,0,0,0.0985,Low,605563
KE046,Nyamira,2007-03,107.32470333333333,60.41131,,,0,0,0.0985,Low,605563
KE046,Nyamira,2007-04,67.86257633333334,22.015963,,,0,0,0.0985,Low,605563
KE046,Nyamira,2007-05,82.62297133333334,59.34251,,,0,0,0.0985,Low,605563
KE046,Nyamira,2007-06,107.63558499999999,71.5078,,,0,0,0.0985,Low,605563
KE046,Nyamira,2007-07,115.79048,56.54675,,,0,0,0.0985,Low,605563
KE046,Nyamira,2007-08,83.034397,67.19015,,,0,0,0.0985,Low,605563
KE046,Nyamira,2007-09,102.10314166666667,62.515865,,,0,0,0.0985,Low,605563
KE046,Nyamira,2007-10,64.74848433333334,30.209143,,,1,3,0.0985,Low,605563
KE046,Nyamira,2007-11,67.398022,58.344513,,,0,0,0.0985,Low,605563
KE046,Nyamira,2007-12,69.74922133333334,41.502254,,,1,1,0.0985,Low,605563
KE046,Nyamira,2008-01,57.638827,25.505363,,,4,27,0.0985,Low,605563
KE046,Nyamira,2008-02,89.52922733333334,35.722282,,,0,0,0.0985,Low,605563
KE046,Nyamira,2008-03,116.02574133333333,37.086304,,,0,0,0.0985,Low,605563
KE046,Nyamira,2008-04,75.79546766666668,36.064243,,,0,0,0.0985,Low,605563
KE046,Nyamira,2008-05,72.01232,64.73728,,,0,0,0.0985,Low,605563
KE046,Nyamira,2008-06,87.50334333333335,30.95576,,,0,0,0.0985,Low,605563
KE046,Nyamira,2008-07,140.79214,124.11037,,,0,0,0.0985,Low,605563
KE046,Nyamira,2008-08,100.46491833333334,58.27495,,,0,0,0.0985,Low,605563
KE046,Nyamira,2008-09,98.90738633333335,53.078045,,,0,0,0.0985,Low,605563
KE046,Nyamira,2008-10,120.98403666666667,70.67025,,,0,0,0.0985,Low,605563
KE046,Nyamira,2008-11,89.18096800000001,28.465519,,,0,0,0.0985,Low,605563
KE046,Nyamira,2008-12,56.08084233333333,45.444935,,,0,0,0.0985,Low,605563
KE046,Nyamira,2009-01,104.83736900000001,26.56908,,,0,0,0.0985,Low,605563
KE046,Nyamira,2009-02,69.01177533333333,27.606201,,,0,0,0.0985,Low,605563
KE046,Nyamira,2009-03,65.74766566666666,50.503426,,,0,0,0.0985,Low,605563
KE046,Nyamira,2009-04,94.31961266666667,54.862988,,,0,0,0.0985,Low,605563
KE046,Nyamira,2009-05,96.13277733333332,37.257656,,,0,0,0.0985,Low,605563
KE046,Nyamira,2009-06,54.908287333333334,45.385666,,,0,0,0.0985,Low,605563
KE046,Nyamira,2009-07,64.78723833333333,56.44916,,,0,0,0.0985,Low,605563
KE046,Nyamira,2009-08,103.78672533333332,69.807236,,,0,0,0.0985,Low,605563
KE046,Nyamira,2009-09,139.42035,103.68396,,,0,0,0.0985,Low,605563
KE046,Nyamira,2009-10,67.28274166666667,35.26067,,,0,0,0.0985,Low,605563
KE046,Nyamira,2009-11,83.25094766666666,30.0973,,,0,0,0.0985,Low,605563
KE046,Nyamira,2009-12,160.04264333333333,94.20136,,,0,0,0.0985,Low,605563
KE046,Nyamira,2010-01,107.78665166666667,35.240932,,,1,1,0.0985,Low,605563
KE046,Nyamira,2010-02,209.76261,79.05309,,,0,0,0.0985,Low,605563
KE046,Nyamira,2010-03,110.65889333333332,32.05805,,,0,0,0.0985,Low,605563
KE046,Nyamira,2010-04,110.92706,61.30921,,,0,0,0.0985,Low,605563
KE046,Nyamira,2010-05,135.62881166666668,82.2798,,,0,0,0.0985,Low,605563
KE046,Nyamira,2010-06,100.478458,72.9782,,,0,0,0.0985,Low,605563
KE046,Nyamira,2010-07,89.222615,60.05654,,,0,0,0.0985,Low,605563
KE046,Nyamira,2010-08,92.58478000000001,49.50471,,,0,0,0.0985,Low,605563
KE046,Nyamira,2010-09,109.41954,68.95438,,,0,0,0.0985,Low,605563
KE046,Nyamira,2010-10,108.84039,84.12968,,,0,0,0.0985,Low,605563
KE046,Nyamira,2010-11,65.18345133333334,54.997074,,,0,0,0.0985,Low,605563
KE046,Nyamira,2010-12,95.91657266666668,31.347698,,,1,0,0.0985,Low,605563
KE046,Nyamira,2011-01,76.68028133333333,36.7239,,,1,0,0.0985,Low,605563
KE046,Nyamira,2011-02,87.20936233333333,26.651737,,,0,0,0.0985,Low,605563
KE046,Nyamira,2011-03,73.327975,26.146189,,,0,0,0.0985,Low,605563
KE046,Nyamira,2011-04,56.530908000000004,27.551403,,,0,0,0.0985,Low,605563
KE046,Nyamira,2011-05,104.07893333333334,53.80622,,,0,0,0.0985,Low,605563
KE046,Nyamira,2011-06,90.83406000000001,66.70132,,,0,0,0.0985,Low,605563
KE046,Nyamira,2011-07,95.99860000000001,49.91713,,,0,0,0.0985,Low,605563
KE046,Nyamira,2011-08,159.51373666666666,88.88446,,,0,0,0.0985,Low,605563
KE046,Nyamira,2011-09,129.75989333333334,104.33157,,,0,0,0.0985,Low,605563
KE046,Nyamira,2011-10,116.25073833333333,102.50535,,,0,0,0.0985,Low,605563
KE046,Nyamira,2011-11,147.06888733333332,55.583202,,,0,0,0.0985,Low,605563
KE046,Nyamira,2011-12,103.72903666666666,77.15614,,,0,0,0.0985,Low,605563
KE046,Nyamira,2012-01,30.328012666666666,28.414158,,,0,0,0.0985,Low,605563
KE046,Nyamira,2012-02,61.526645,30.723175,,,0,0,0.0985,Low,605563
KE046,Nyamira,2012-03,80.47819500000001,26.385223,,,0,0,0.0985,Low,605563
KE046,Nyamira,2012-04,153.61832333333334,105.42501,,,0,0,0.0985,Low,605563
KE046,Nyamira,2012-05,95.30177333333334,89.07115,,,0,0,0.0985,Low,605563
KE046,Nyamira,2012-06,173.00392333333335,63.49522,,,0,0,0.0985,Low,605563
KE046,Nyamira,2012-07,132.87404666666666,97.00692,,,0,0,0.0985,Low,605563
KE046,Nyamira,2012-08,117.181558,65.30563,,,0,0,0.0985,Low,605563
KE046,Nyamira,2012-09,171.65862333333334,115.33935,,,0,0,0.0985,Low,605563
KE046,Nyamira,2012-10,109.60749,51.775665,,,0,0,0.0985,Low,605563
KE046,Nyamira,2012-11,133.55013333333332,80.55832,,,0,0,0.0985,Low,605563
KE046,Nyamira,2012-12,146.11951533333334,34.896496,,,0,0,0.0985,Low,605563
KE046,Nyamira,2013-01,81.16524333333334,45.85012,,,0,0,0.0985,Low,605563
KE046,Nyamira,2013-02,85.88648466666666,48.712204,,,0,0,0.0985,Low,605563
KE046,Nyamira,2013-03,128.79527666666667,113.18548,,,0,0,0.0985,Low,605563
KE046,Nyamira,2013-04,155.551252,94.272606,,,0,0,0.0985,Low,605563
KE046,Nyamira,2013-05,69.97662,39.35221,,,0,0,0.0985,Low,605563
KE046,Nyamira,2013-06,85.25033133333334,48.136204,,,0,0,0.0985,Low,605563
KE046,Nyamira,2013-07,85.54439766666667,51.477043,,,0,0,0.0985,Low,605563
KE046,Nyamira,2013-08,101.31611,73.40025,,,0,0,0.0985,Low,605563
KE046,Nyamira,2013-09,110.25489166666667,61.488525,,,0,0,0.0985,Low,605563
KE046,Nyamira,2013-10,93.39652833333332,32.806305,,,0,0,0.0985,Low,605563
KE046,Nyamira,2013-11,109.31306000000001,76.487564,,,0,0,0.0985,Low,605563
KE046,Nyamira,2013-12,100.50238566666667,49.601917,,,0,0,0.0985,Low,605563
KE046,Nyamira,2014-01,76.23903966666667,35.646664,,,0,0,0.0985,Low,605563
KE046,Nyamira,2014-02,165.75094833333335,96.416565,,,0,0,0.0985,Low,605563
KE046,Nyamira,2014-03,92.80892,19.95367,,,0,0,0.0985,Low,605563
KE046,Nyamira,2014-04,56.554386,29.460192,,,0,0,0.0985,Low,605563
KE046,Nyamira,2014-05,96.464498,89.26665,,,0,0,0.0985,Low,605563
KE046,Nyamira,2014-06,102.32672333333333,41.01638,,,0,0,0.0985,Low,605563
KE046,Nyamira,2014-07,106.29305,68.98655,,,0,0,0.0985,Low,605563
KE046,Nyamira,2014-08,209.09312666666668,147.64436,,,0,0,0.0985,Low,605563
KE046,Nyamira,2014-09,94.56695666666667,69.34849,,,0,0,0.0985,Low,605563
KE046,Nyamira,2014-10,102.90067666666666,68.4045,,,0,0,0.0985,Low,605563
KE046,Nyamira,2014-11,85.43247733333334,56.965862,,,0,0,0.0985,Low,605563
KE046,Nyamira,2014-12,83.83749066666667,41.402622,,,0,0,0.0985,Low,605563
KE046,Nyamira,2015-01,27.480677333333333,23.340202,,,0,0,0.0985,Low,605563
KE046,Nyamira,2015-02,61.582745666666675,25.405703,,,0,0,0.0985,Low,605563
KE046,Nyamira,2015-03,55.975887666666665,16.556728,,,0,0,0.0985,Low,605563
KE046,Nyamira,2015-04,152.74234666666666,118.78245,,,0,0,0.0985,Low,605563
KE046,Nyamira,2015-05,126.40075333333334,103.34364,,,0,0,0.0985,Low,605563
KE046,Nyamira,2015-06,137.73634,59.43506,,,0,0,0.0985,Low,605563
KE046,Nyamira,2015-07,74.23922333333333,58.33184,,,0,0,0.0985,Low,605563
KE046,Nyamira,2015-08,65.93258433333334,26.371939,,,0,0,0.0985,Low,605563
KE046,Nyamira,2015-09,104.870773,76.721535,,,0,0,0.0985,Low,605563
KE046,Nyamira,2015-10,135.99180666666666,57.00553,,,0,0,0.0985,Low,605563
KE046,Nyamira,2015-11,117.34775933333333,58.985878,,,0,0,0.0985,Low,605563
KE046,Nyamira,2015-12,183.06478333333334,88.92334,,,0,0,0.0985,Low,605563
KE046,Nyamira,2016-01,115.07098166666667,80.2379,,,0,0,0.0985,Low,605563
KE046,Nyamira,2016-02,62.335787,44.784935,,,0,0,0.0985,Low,605563
KE046,Nyamira,2016-03,81.702194,42.414246,,,0,0,0.0985,Low,605563
KE046,Nyamira,2016-04,163.56814,144.44313,,,0,0,0.0985,Low,605563
KE046,Nyamira,2016-05,113.151002,70.003136,,,0,0,0.0985,Low,605563
KE046,Nyamira,2016-06,73.97462333333333,44.46754,,,0,0,0.0985,Low,605563
KE046,Nyamira,2016-07,95.40887466666668,65.80218,,,0,0,0.0985,Low,605563
KE046,Nyamira,2016-08,66.699123,38.341724,,,0,0,0.0985,Low,605563
KE046,Nyamira,2016-09,99.73713500000001,52.932625,,,0,0,0.0985,Low,605563
KE046,Nyamira,2016-10,77.849451,39.025833,,,1,0,0.0985,Low,605563
KE046,Nyamira,2016-11,105.48586666666667,83.54447,,,0,0,0.0985,Low,605563
KE046,Nyamira,2016-12,37.52451,22.266064,,,0,0,0.0985,Low,605563
KE046,Nyamira,2017-01,45.167732,23.063438,,,0,0,0.0985,Low,605563
KE046,Nyamira,2017-02,124.92909833333333,77.6351,,,0,0,0.0985,Low,605563
KE046,Nyamira,2017-03,84.36347466666666,48.439255,,,0,0,0.0985,Low,605563
KE046,Nyamira,2017-04,95.02336433333333,42.438393,,,0,0,0.0985,Low,605563
KE046,Nyamira,2017-05,101.08450466666666,61.905754,,,0,0,0.0985,Low,605563
KE046,Nyamira,2017-06,101.55002166666667,47.323315,,,0,0,0.0985,Low,605563
KE046,Nyamira,2017-07,146.65863,108.591934,,,0,0,0.0985,Low,605563
KE046,Nyamira,2017-08,113.37663666666667,88.71709,,,0,0,0.0985,Low,605563
KE046,Nyamira,2017-09,128.45652833333335,83.769875,,,0,0,0.0985,Low,605563
KE046,Nyamira,2017-10,112.34375833333335,71.05146,,,0,0,0.0985,Low,605563
KE046,Nyamira,2017-11,87.925762,49.95023,,,0,0,0.0985,Low,605563
KE046,Nyamira,2017-12,84.47678766666667,33.882553,,,0,0,0.0985,Low,605563
KE046,Nyamira,2018-01,56.810113666666666,48.164635,,,0,0,0.0985,Low,605563
KE046,Nyamira,2018-02,69.503951,28.47802,,,0,0,0.0985,Low,605563
KE046,Nyamira,2018-03,162.26490333333334,112.74329,,,0,0,0.0985,Low,605563
KE046,Nyamira,2018-04,148.93398333333334,126.16724,,,0,0,0.0985,Low,605563
KE046,Nyamira,2018-05,129.89436333333333,109.617355,,,0,0,0.0985,Low,605563
KE046,Nyamira,2018-06,113.67974666666667,92.18731,,,1,1,0.0985,Low,605563
KE046,Nyamira,2018-07,85.634232,56.839226,,,0,0,0.0985,Low,605563
KE046,Nyamira,2018-08,89.43455666666667,41.096886,,,0,0,0.0985,Low,605563
KE046,Nyamira,2018-09,59.06103266666667,43.961876,,,0,0,0.0985,Low,605563
KE046,Nyamira,2018-10,150.81428666666667,100.82254,,,0,0,0.0985,Low,605563
KE046,Nyamira,2018-11,92.902765,43.15155,,,0,0,0.0985,Low,605563
KE046,Nyamira,2018-12,144.61661833333332,80.467865,,,0,0,0.0985,Low,605563
KE046,Nyamira,2019-01,41.78060833333333,26.735003,,,0,0,0.0985,Low,605563
KE046,Nyamira,2019-02,75.40554933333334,27.296358,,,0,0,0.0985,Low,605563
KE046,Nyamira,2019-03,68.46615666666666,18.53562,,,0,0,0.0985,Low,605563
KE046,Nyamira,2019-04,93.29564,37.44322,,,0,0,0.0985,Low,605563
KE046,Nyamira,2019-05,105.43439666666666,95.42006,,,0,0,0.0985,Low,605563
KE046,Nyamira,2019-06,144.51746,70.50056,,,0,0,0.0985,Low,605563
KE046,Nyamira,2019-07,105.79343,53.96607,,,0,0,0.0985,Low,605563
KE046,Nyamira,2019-08,96.43030333333331,59.88366,,,1,1,0.0985,Low,605563
KE046,Nyamira,2019-09,118.035781,62.531883,,,0,0,0.0985,Low,605563
KE046,Nyamira,2019-10,202.82145,147.18333,,,0,0,0.0985,Low,605563
KE046,Nyamira,2019-11,170.25789333333333,80.8441,,,0,0,0.0985,Low,605563
KE046,Nyamira,2019-12,227.89395,109.92818,,,0,0,0.0985,Low,605563
KE046,Nyamira,2020-01,185.44118333333336,84.50704,,,0,0,0.0985,Low,605563
KE046,Nyamira,2020-02,140.2086,124.98424,,,0,0,0.0985,Low,605563
KE046,Nyamira,2020-03,191.26443000000003,172.78737,,,0,0,0.0985,Low,605563
KE046,Nyamira,2020-04,121.38376166666667,37.196495,,,0,0,0.0985,Low,605563
KE046,Nyamira,2020-05,101.29597333333334,87.39944,,,0,0,0.0985,Low,605563
KE046,Nyamira,2020-06,115.78746333333333,90.83309,,,0,0,0.0985,Low,605563
KE046,Nyamira,2020-07,121.15091466666667,108.759834,,,0,0,0.0985,Low,605563
KE046,Nyamira,2020-08,102.51768333333332,70.91936,,,0,0,0.0985,Low,605563
KE046,Nyamira,2020-09,129.974394,75.399956,,,0,0,0.0985,Low,605563
KE046,Nyamira,2020-10,201.19646333333333,149.49944,,,0,0,0.0985,Low,605563
KE046,Nyamira,2020-11,260.55435666666665,151.98251,,,1,0,0.0985,Low,605563
KE046,Nyamira,2020-12,81.63823000000001,66.58681,,,0,0,0.0985,Low,605563
KE046,Nyamira,2021-01,91.89358433333332,52.196907,,,0,0,0.0985,Low,605563
KE046,Nyamira,2021-02,154.24154,119.58406,,,0,0,0.0985,Low,605563
KE046,Nyamira,2021-03,95.11303666666667,73.54881,,,0,0,0.0985,Low,605563
KE046,Nyamira,2021-04,149.89647333333332,92.58917,,,0,0,0.0985,Low,605563
KE046,Nyamira,2021-05,103.26192566666667,59.189217,,,0,0,0.0985,Low,605563
KE046,Nyamira,2021-06,88.200307,50.025986,,,0,0,0.0985,Low,605563
KE046,Nyamira,2021-07,103.8401,38.57084,,,0,0,0.0985,Low,605563
KE046,Nyamira,2021-08,135.59001833333335,90.637535,,,0,0,0.0985,Low,605563
KE046,Nyamira,2021-09,156.39126666666667,117.35338,,,0,0,0.0985,Low,605563
KE046,Nyamira,2021-10,107.51937333333335,65.25947,,,0,0,0.0985,Low,605563
KE046,Nyamira,2021-11,96.311479,58.365757,,,0,0,0.0985,Low,605563
KE046,Nyamira,2021-12,87.62239033333333,61.015995,,,0,0,0.0985,Low,605563
KE046,Nyamira,2022-01,155.06979333333334,76.95395,,,0,0,0.0985,Low,605563
KE046,Nyamira,2022-02,330.3701266666667,289.47366,,,0,0,0.0985,Low,605563
KE046,Nyamira,2022-03,84.85395333333334,22.08665,,,0,0,0.0985,Low,605563
KE046,Nyamira,2022-04,98.7326,45.28998,,,0,0,0.0985,Low,605563
KE046,Nyamira,2022-05,128.98170666666667,72.50319,,,0,0,0.0985,Low,605563
KE046,Nyamira,2022-06,107.632445,78.08591,,,0,0,0.0985,Low,605563
KE046,Nyamira,2022-07,80.72402066666666,59.838562,,,0,0,0.0985,Low,605563
KE046,Nyamira,2022-08,177.1200233333333,124.5626,,,0,0,0.0985,Low,605563
KE046,Nyamira,2022-09,137.35151,127.10867,,,0,0,0.0985,Low,605563
KE046,Nyamira,2022-10,84.66656666666667,35.86549,,,1,1,0.0985,Low,605563
KE046,Nyamira,2022-11,152.10591200000002,101.593506,,,0,0,0.0985,Low,605563
KE046,Nyamira,2022-12,240.3192733333333,154.30142,,,0,0,0.0985,Low,605563
KE046,Nyamira,2023-01,38.985815,36.999195,,,0,0,0.0985,Low,605563
KE046,Nyamira,2023-02,39.107633666666665,22.12278,,,0,0,0.0985,Low,605563
KE046,Nyamira,2023-03,147.80558333333332,80.43394,,,1,2,0.0985,Low,605563
KE046,Nyamira,2023-04,133.61330333333333,90.16938,,,0,0,0.0985,Low,605563
KE046,Nyamira,2023-05,104.40930333333334,66.95471,,,0,0,0.0985,Low,605563
KE046,Nyamira,2023-06,146.83388533333334,81.275276,,,0,0,0.0985,Low,605563
KE046,Nyamira,2023-07,74.89064066666667,53.055595,,,0,0,0.0985,Low,605563
KE046,Nyamira,2023-08,91.96313633333334,50.119484,,,0,0,0.0985,Low,605563
KE046,Nyamira,2023-09,190.37978999999999,175.30296,,,0,0,0.0985,Low,605563
KE046,Nyamira,2023-10,153.94937666666667,73.21812,,,0,0,0.0985,Low,605563
KE046,Nyamira,2023-11,178.00607666666667,167.76762,,,0,0,0.0985,Low,605563
KE046,Nyamira,2023-12,133.10464133333335,98.098854,,,0,0,0.0985,Low,605563
KE046,Nyamira,2024-01,241.4237966666667,203.49939,,,0,0,0.0985,Low,605563
KE046,Nyamira,2024-02,151.74044666666666,110.48527,,,0,0,0.0985,Low,605563
KE046,Nyamira,2024-03,99.13823766666667,18.799473,,,0,0,0.0985,Low,605563
KE046,Nyamira,2024-04,132.10606333333334,78.1136,,,0,0,0.0985,Low,605563
KE046,Nyamira,2024-05,105.053472,81.07826,,,0,0,0.0985,Low,605563
KE046,Nyamira,2024-06,69.65550933333333,59.512444,,,0,0,0.0985,Low,605563
KE046,Nyamira,2024-07,148.67591333333334,79.45793,,,1,0,0.0985,Low,605563
KE046,Nyamira,2024-08,86.49936000000001,43.65452,,,0,0,0.0985,Low,605563
KE046,Nyamira,2024-09,105.21976166666667,98.21471,,,0,0,0.0985,Low,605563
KE046,Nyamira,2024-10,101.62458500000001,66.71101,,,0,0,0.0985,Low,605563
KE046,Nyamira,2024-11,158.26504,75.16406,,,0,0,0.0985,Low,605563
KE046,Nyamira,2024-12,123.90477333333335,104.62904,,,0,0,0.0985,Low,605563
KE046,Nyamira,2025-01,108.216507,42.159966,,,0,0,0.0985,Low,605563
KE046,Nyamira,2025-02,44.802395999999995,25.643898,,,0,0,0.0985,Low,605563
KE046,Nyamira,2025-03,130.09584333333336,83.25497,,,0,0,0.0985,Low,605563
KE046,Nyamira,2025-04,147.50906866666668,95.93085,,,0,0,0.0985,Low,605563
KE046,Nyamira,2025-05,158.79398666666665,146.79684,,,0,0,0.0985,Low,605563
KE046,Nyamira,2025-06,87.86341333333333,66.86443,,,0,0,0.0985,Low,605563
KE046,Nyamira,2025-07,176.69187666666664,77.80384,,,0,0,0.0985,Low,605563
KE046,Nyamira,2025-08,70.98393666666666,53.25595,,,0,0,0.0985,Low,605563
KE046,Nyamira,2025-09,98.33593499999999,75.669815,,,0,0,0.0985,Low,605563
KE046,Nyamira,2025-10,127.39494466666667,71.28537,,,0,0,0.0985,Low,605563
KE046,Nyamira,2025-11,58.173770999999995,28.465519,,,0,0,0.0985,Low,605563
KE046,Nyamira,2025-12,140.19886666666665,27.61925,,,0,0,0.0985,Low,605563
KE018,Nyandarua,2006-01,68.59301933333334,63.6229,,,0,0,0.057,Low,638269
KE018,Nyandarua,2006-02,88.98951966666665,41.853493,,,0,0,0.057,Low,638269
KE018,Nyandarua,2006-03,132.312498,44.59214,,,0,0,0.057,Low,638269
KE018,Nyandarua,2006-04,100.95303666666666,78.03415,,,0,0,0.057,Low,638269
KE018,Nyandarua,2006-05,86.89904533333333,59.46205,,,0,0,0.057,Low,638269
KE018,Nyandarua,2006-06,68.922104,52.318687,,,0,0,0.057,Low,638269
KE018,Nyandarua,2006-07,78.60190166666666,65.49428,,,0,0,0.057,Low,638269
KE018,Nyandarua,2006-08,106.52184899999999,62.949287,,,0,0,0.057,Low,638269
KE018,Nyandarua,2006-09,90.593825,66.84382,,,4,2,0.057,Low,638269
KE018,Nyandarua,2006-10,80.41494666666667,65.7897,,,0,0,0.057,Low,638269
KE018,Nyandarua,2006-11,193.151912,116.796646,,,0,0,0.057,Low,638269
KE018,Nyandarua,2006-12,182.55455166666664,82.122925,,,0,0,0.057,Low,638269
KE018,Nyandarua,2007-01,101.19907666666666,83.227325,,,0,0,0.057,Low,638269
KE018,Nyandarua,2007-02,166.69056333333333,110.31038,,,0,0,0.057,Low,638269
KE018,Nyandarua,2007-03,59.28219633333333,43.269615,,,0,0,0.057,Low,638269
KE018,Nyandarua,2007-04,94.52428866666666,31.05478,,,0,0,0.057,Low,638269
KE018,Nyandarua,2007-05,99.02425466666666,73.07978,,,0,0,0.057,Low,638269
KE018,Nyandarua,2007-06,144.64523333333332,104.66109,,,0,0,0.057,Low,638269
KE018,Nyandarua,2007-07,132.27886333333333,53.83324,,,0,0,0.057,Low,638269
KE018,Nyandarua,2007-08,116.82629133333334,72.832634,,,0,0,0.057,Low,638269
KE018,Nyandarua,2007-09,179.38383,88.99007,,,0,0,0.057,Low,638269
KE018,Nyandarua,2007-10,92.33567133333334,77.786064,,,1,1,0.057,Low,638269
KE018,Nyandarua,2007-11,64.68098133333334,54.7427,,,0,0,0.057,Low,638269
KE018,Nyandarua,2007-12,53.45290766666667,46.238243,,,0,0,0.057,Low,638269
KE018,Nyandarua,2008-01,77.97370333333333,51.9648,,,0,0,0.057,Low,638269
KE018,Nyandarua,2008-02,86.87435666666666,49.12259,,,0,0,0.057,Low,638269
KE018,Nyandarua,2008-03,126.51163666666666,58.71728,,,0,0,0.057,Low,638269
KE018,Nyandarua,2008-04,49.98618466666667,32.21146,,,0,0,0.057,Low,638269
KE018,Nyandarua,2008-05,52.73126633333334,34.178764,,,0,0,0.057,Low,638269
KE018,Nyandarua,2008-06,56.83673233333334,50.018185,,,0,0,0.057,Low,638269
KE018,Nyandarua,2008-07,79.30221833333333,57.41191,,,0,0,0.057,Low,638269
KE018,Nyandarua,2008-08,62.069366,53.563828,,,0,0,0.057,Low,638269
KE018,Nyandarua,2008-09,140.94100666666665,109.27701,,,0,0,0.057,Low,638269
KE018,Nyandarua,2008-10,130.19593133333333,115.5269,,,0,0,0.057,Low,638269
KE018,Nyandarua,2008-11,105.56962666666668,65.85933,,,0,0,0.057,Low,638269
KE018,Nyandarua,2008-12,53.016736,44.757362,,,0,0,0.057,Low,638269
KE018,Nyandarua,2009-01,68.55435833333333,49.396175,,,0,0,0.057,Low,638269
KE018,Nyandarua,2009-02,70.65460166666666,53.469055,,,0,0,0.057,Low,638269
KE018,Nyandarua,2009-03,46.23596366666667,40.33106,,,0,0,0.057,Low,638269
KE018,Nyandarua,2009-04,77.72467133333333,69.52389,,,0,0,0.057,Low,638269
KE018,Nyandarua,2009-05,88.78060166666667,45.077385,,,0,0,0.057,Low,638269
KE018,Nyandarua,2009-06,54.534888333333335,49.977444,,,0,0,0.057,Low,638269
KE018,Nyandarua,2009-07,44.336784333333334,36.289673,,,0,0,0.057,Low,638269
KE018,Nyandarua,2009-08,54.115355,46.639072,,,0,0,0.057,Low,638269
KE018,Nyandarua,2009-09,72.79065633333333,64.7656,,,0,0,0.057,Low,638269
KE018,Nyandarua,2009-10,104.18850466666667,77.905594,,,0,0,0.057,Low,638269
KE018,Nyandarua,2009-11,92.79090833333333,65.86662,,,0,0,0.057,Low,638269
KE018,Nyandarua,2009-12,190.39246666666668,120.69124,,,0,0,0.057,Low,638269
KE018,Nyandarua,2010-01,124.79829733333334,62.856422,,,0,0,0.057,Low,638269
KE018,Nyandarua,2010-02,250.00608333333332,189.61119,,,0,0,0.057,Low,638269
KE018,Nyandarua,2010-03,172.79469666666668,57.03578,,,0,0,0.057,Low,638269
KE018,Nyandarua,2010-04,122.06142,103.70703,,,0,0,0.057,Low,638269
KE018,Nyandarua,2010-05,131.7590733333333,87.98467,,,0,0,0.057,Low,638269
KE018,Nyandarua,2010-06,74.79183,70.082375,,,0,0,0.057,Low,638269
KE018,Nyandarua,2010-07,82.35801,56.94663,,,0,0,0.057,Low,638269
KE018,Nyandarua,2010-08,112.65699333333333,74.39723,,,0,0,0.057,Low,638269
KE018,Nyandarua,2010-09,122.69631499999998,111.793365,,,0,0,0.057,Low,638269
KE018,Nyandarua,2010-10,95.75132333333333,81.43955,,,0,0,0.057,Low,638269
KE018,Nyandarua,2010-11,67.409124,57.189625,,,0,0,0.057,Low,638269
KE018,Nyandarua,2010-12,59.03497866666667,47.54441,,,0,0,0.057,Low,638269
KE018,Nyandarua,2011-01,56.435830333333335,50.612213,,,0,0,0.057,Low,638269
KE018,Nyandarua,2011-02,83.88229766666667,44.698433,,,0,0,0.057,Low,638269
KE018,Nyandarua,2011-03,103.22450333333335,44.32103,,,0,0,0.057,Low,638269
KE018,Nyandarua,2011-04,48.75115233333333,28.287521,,,0,0,0.057,Low,638269
KE018,Nyandarua,2011-05,77.26780000000001,40.8571,,,0,0,0.057,Low,638269
KE018,Nyandarua,2011-06,170.66602833333334,96.882065,,,0,0,0.057,Low,638269
KE018,Nyandarua,2011-07,147.44173666666666,110.38362,,,0,0,0.057,Low,638269
KE018,Nyandarua,2011-08,168.94600666666668,130.03493,,,0,0,0.057,Low,638269
KE018,Nyandarua,2011-09,169.75819666666666,129.6652,,,0,0,0.057,Low,638269
KE018,Nyandarua,2011-10,124.37910666666666,53.34157,,,0,0,0.057,Low,638269
KE018,Nyandarua,2011-11,158.97775,81.24316,,,0,0,0.057,Low,638269
KE018,Nyandarua,2011-12,101.35228000000001,40.75235,,,0,0,0.057,Low,638269
KE018,Nyandarua,2012-01,50.90943066666667,46.422596,,,0,0,0.057,Low,638269
KE018,Nyandarua,2012-02,87.32971333333334,59.95509,,,0,0,0.057,Low,638269
KE018,Nyandarua,2012-03,50.040946999999996,36.921005,,,0,0,0.057,Low,638269
KE018,Nyandarua,2012-04,171.59765166666668,97.981415,,,0,0,0.057,Low,638269
KE018,Nyandarua,2012-05,164.72918666666666,89.13058,,,0,0,0.057,Low,638269
KE018,Nyandarua,2012-06,113.508059,50.862457,,,0,0,0.057,Low,638269
KE018,Nyandarua,2012-07,159.95900666666668,123.74285,,,0,0,0.057,Low,638269
KE018,Nyandarua,2012-08,119.81644666666666,116.11661,,,0,0,0.057,Low,638269
KE018,Nyandarua,2012-09,113.90844,78.96542,,,0,0,0.057,Low,638269
KE018,Nyandarua,2012-10,128.52668966666667,116.006004,,,0,0,0.057,Low,638269
KE018,Nyandarua,2012-11,76.08274333333333,56.95061,,,0,0,0.057,Low,638269
KE018,Nyandarua,2012-12,118.26811500000001,85.264435,,,0,0,0.057,Low,638269
KE018,Nyandarua,2013-01,112.268905,59.66957,,,0,0,0.057,Low,638269
KE018,Nyandarua,2013-02,54.11298466666667,36.27053,,,0,0,0.057,Low,638269
KE018,Nyandarua,2013-03,120.52262166666667,55.886555,,,0,0,0.057,Low,638269
KE018,Nyandarua,2013-04,191.56494,96.85678,,,0,0,0.057,Low,638269
KE018,Nyandarua,2013-05,70.70642666666667,65.61443,,,0,0,0.057,Low,638269
KE018,Nyandarua,2013-06,118.22032833333333,55.65,,,0,0,0.057,Low,638269
KE018,Nyandarua,2013-07,126.95815666666665,91.09964,,,0,0,0.057,Low,638269
KE018,Nyandarua,2013-08,119.90524833333335,56.642735,,,0,0,0.057,Low,638269
KE018,Nyandarua,2013-09,108.53793733333333,72.302986,,,0,0,0.057,Low,638269
KE018,Nyandarua,2013-10,79.359572,55.75443,,,0,0,0.057,Low,638269
KE018,Nyandarua,2013-11,98.957562,87.56326,,,0,0,0.057,Low,638269
KE018,Nyandarua,2013-12,153.554982,69.65126,,,0,0,0.057,Low,638269
KE018,Nyandarua,2014-01,57.61932166666667,54.143612,,,0,0,0.057,Low,638269
KE018,Nyandarua,2014-02,167.696762,57.915886,,,0,0,0.057,Low,638269
KE018,Nyandarua,2014-03,142.95918333333333,31.73105,,,0,0,0.057,Low,638269
KE018,Nyandarua,2014-04,50.74927233333333,39.508087,,,1,0,0.057,Low,638269
KE018,Nyandarua,2014-05,68.44775033333333,56.364727,,,0,0,0.057,Low,638269
KE018,Nyandarua,2014-06,113.00067666666666,101.85399,,,0,0,0.057,Low,638269
KE018,Nyandarua,2014-07,72.136062,64.39044,,,0,0,0.057,Low,638269
KE018,Nyandarua,2014-08,121.09194333333333,84.71798,,,0,0,0.057,Low,638269
KE018,Nyandarua,2014-09,101.90737433333334,54.859417,,,0,0,0.057,Low,638269
KE018,Nyandarua,2014-10,97.79924666666666,65.69878,,,0,0,0.057,Low,638269
KE018,Nyandarua,2014-11,83.01594,58.62605,,,0,0,0.057,Low,638269
KE018,Nyandarua,2014-12,86.54783666666667,73.84411,,,0,0,0.057,Low,638269
KE018,Nyandarua,2015-01,51.35064033333333,43.1902,,,0,0,0.057,Low,638269
KE018,Nyandarua,2015-02,77.59182466666668,43.396732,,,0,0,0.057,Low,638269
KE018,Nyandarua,2015-03,56.55130166666667,53.001915,,,0,0,0.057,Low,638269
KE018,Nyandarua,2015-04,128.65640666666667,116.97154,,,0,0,0.057,Low,638269
KE018,Nyandarua,2015-05,103.94292666666666,88.77265,,,0,0,0.057,Low,638269
KE018,Nyandarua,2015-06,77.10119666666667,49.64439,,,0,0,0.057,Low,638269
KE018,Nyandarua,2015-07,72.130288,62.748844,,,0,0,0.057,Low,638269
KE018,Nyandarua,2015-08,53.83631566666667,39.917397,,,0,0,0.057,Low,638269
KE018,Nyandarua,2015-09,53.60620766666667,46.37761,,,0,0,0.057,Low,638269
KE018,Nyandarua,2015-10,113.31361833333334,95.824135,,,0,0,0.057,Low,638269
KE018,Nyandarua,2015-11,142.53288666666666,113.94467,,,0,0,0.057,Low,638269
KE018,Nyandarua,2015-12,145.483195,65.798065,,,0,0,0.057,Low,638269
KE018,Nyandarua,2016-01,159.59625000000003,83.2796,,,0,0,0.057,Low,638269
KE018,Nyandarua,2016-02,72.13230066666667,50.771248,,,0,0,0.057,Low,638269
KE018,Nyandarua,2016-03,82.21709333333332,36.34421,,,0,0,0.057,Low,638269
KE018,Nyandarua,2016-04,126.42903000000001,79.7292,,,0,0,0.057,Low,638269
KE018,Nyandarua,2016-05,104.77097666666667,64.5457,,,0,0,0.057,Low,638269
KE018,Nyandarua,2016-06,91.591453,71.623955,,,0,0,0.057,Low,638269
KE018,Nyandarua,2016-07,69.903016,58.871258,,,0,0,0.057,Low,638269
KE018,Nyandarua,2016-08,81.719928,63.40544,,,0,0,0.057,Low,638269
KE018,Nyandarua,2016-09,86.91916833333333,55.056965,,,0,0,0.057,Low,638269
KE018,Nyandarua,2016-10,83.34578466666666,59.586437,,,0,0,0.057,Low,638269
KE018,Nyandarua,2016-11,104.2786,75.35989,,,0,0,0.057,Low,638269
KE018,Nyandarua,2016-12,49.05347766666667,41.503395,,,0,0,0.057,Low,638269
KE018,Nyandarua,2017-01,59.715204666666665,53.533154,,,0,0,0.057,Low,638269
KE018,Nyandarua,2017-02,103.53447333333334,65.00662,,,0,0,0.057,Low,638269
KE018,Nyandarua,2017-03,48.42126066666666,46.466007,,,0,0,0.057,Low,638269
KE018,Nyandarua,2017-04,53.58197799999999,52.786404,,,1,1,0.057,Low,638269
KE018,Nyandarua,2017-05,84.47855766666667,62.234653,,,0,0,0.057,Low,638269
KE018,Nyandarua,2017-06,65.36760766666667,49.28297,,,0,0,0.057,Low,638269
KE018,Nyandarua,2017-07,148.02718833333333,114.550415,,,1,1,0.057,Low,638269
KE018,Nyandarua,2017-08,135.36756333333332,75.16409,,,0,0,0.057,Low,638269
KE018,Nyandarua,2017-09,135.51366333333334,117.30342,,,0,0,0.057,Low,638269
KE018,Nyandarua,2017-10,129.114469,58.320827,,,0,0,0.057,Low,638269
KE018,Nyandarua,2017-11,105.41037,70.626854,,,0,0,0.057,Low,638269
KE018,Nyandarua,2017-12,44.619424,35.070534,,,0,0,0.057,Low,638269
KE018,Nyandarua,2018-01,81.470658,61.43073,,,1,3,0.057,Low,638269
KE018,Nyandarua,2018-02,64.478271,52.832073,,,0,0,0.057,Low,638269
KE018,Nyandarua,2018-03,238.18840999999998,65.21028,,,0,0,0.057,Low,638269
KE018,Nyandarua,2018-04,216.56440999999998,183.13681,,,0,0,0.057,Low,638269
KE018,Nyandarua,2018-05,212.55636,157.21657,,,0,0,0.057,Low,638269
KE018,Nyandarua,2018-06,265.60498666666666,215.93047,,,0,0,0.057,Low,638269
KE018,Nyandarua,2018-07,102.94212800000001,79.872444,,,0,0,0.057,Low,638269
KE018,Nyandarua,2018-08,95.71724,51.87488,,,0,0,0.057,Low,638269
KE018,Nyandarua,2018-09,94.43002166666668,57.56037,,,0,0,0.057,Low,638269
KE018,Nyandarua,2018-10,80.034978,77.190704,,,0,0,0.057,Low,638269
KE018,Nyandarua,2018-11,76.728126,72.692474,,,0,0,0.057,Low,638269
KE018,Nyandarua,2018-12,167.44469333333333,62.36938,,,0,0,0.057,Low,638269
KE018,Nyandarua,2019-01,72.23046066666667,62.636726,,,0,0,0.057,Low,638269
KE018,Nyandarua,2019-02,57.695804333333335,46.53719,,,0,0,0.057,Low,638269
KE018,Nyandarua,2019-03,40.60845066666667,33.495346,,,0,0,0.057,Low,638269
KE018,Nyandarua,2019-04,81.30490400000001,33.76347,,,0,0,0.057,Low,638269
KE018,Nyandarua,2019-05,69.54632099999999,48.74865,,,0,0,0.057,Low,638269
KE018,Nyandarua,2019-06,153.59891666666667,61.11824,,,0,0,0.057,Low,638269
KE018,Nyandarua,2019-07,110.45332,80.74119,,,0,0,0.057,Low,638269
KE018,Nyandarua,2019-08,122.14739833333333,73.9413,,,0,0,0.057,Low,638269
KE018,Nyandarua,2019-09,106.07703866666667,73.75138,,,0,0,0.057,Low,638269
KE018,Nyandarua,2019-10,170.48785666666666,140.40521,,,0,0,0.057,Low,638269
KE018,Nyandarua,2019-11,176.4926066666667,81.75358,,,0,0,0.057,Low,638269
KE018,Nyandarua,2019-12,204.32279666666668,100.56547,,,0,0,0.057,Low,638269
KE018,Nyandarua,2020-01,162.96612466666667,103.09313,,,0,0,0.057,Low,638269
KE018,Nyandarua,2020-02,136.04257666666666,58.86467,,,0,0,0.057,Low,638269
KE018,Nyandarua,2020-03,189.34178,86.72484,,,0,0,0.057,Low,638269
KE018,Nyandarua,2020-04,196.01410666666666,52.76823,,,0,0,0.057,Low,638269
KE018,Nyandarua,2020-05,107.48521333333333,90.35981,,,1,1,0.057,Low,638269
KE018,Nyandarua,2020-06,160.44649666666666,131.81653,,,0,0,0.057,Low,638269
KE018,Nyandarua,2020-07,110.86569333333334,88.19368,,,0,0,0.057,Low,638269
KE018,Nyandarua,2020-08,133.01299666666668,60.5852,,,0,0,0.057,Low,638269
KE018,Nyandarua,2020-09,125.60137333333334,77.04446,,,0,0,0.057,Low,638269
KE018,Nyandarua,2020-10,116.13207333333332,77.78758,,,0,0,0.057,Low,638269
KE018,Nyandarua,2020-11,95.85217833333333,79.17022,,,0,0,0.057,Low,638269
KE018,Nyandarua,2020-12,60.42531566666667,55.327637,,,0,0,0.057,Low,638269
KE018,Nyandarua,2021-01,136.72767,68.13795,,,0,0,0.057,Low,638269
KE018,Nyandarua,2021-02,112.62950666666667,107.45994,,,0,0,0.057,Low,638269
KE018,Nyandarua,2021-03,72.26462933333333,57.369316,,,0,0,0.057,Low,638269
KE018,Nyandarua,2021-04,61.36923733333333,55.14245,,,0,0,0.057,Low,638269
KE018,Nyandarua,2021-05,130.56485666666666,78.42157,,,0,0,0.057,Low,638269
KE018,Nyandarua,2021-06,51.84486366666667,40.697582,,,0,0,0.057,Low,638269
KE018,Nyandarua,2021-07,132.156512,62.099236,,,0,0,0.057,Low,638269
KE018,Nyandarua,2021-08,90.18114633333334,80.899254,,,0,0,0.057,Low,638269
KE018,Nyandarua,2021-09,111.29459000000001,86.15505,,,0,0,0.057,Low,638269
KE018,Nyandarua,2021-10,96.92841666666668,72.72261,,,0,0,0.057,Low,638269
KE018,Nyandarua,2021-11,60.00827733333333,44.91865,,,0,0,0.057,Low,638269
KE018,Nyandarua,2021-12,107.83814333333333,88.59075,,,0,0,0.057,Low,638269
KE018,Nyandarua,2022-01,79.61485533333334,56.93126,,,0,0,0.057,Low,638269
KE018,Nyandarua,2022-02,129.601582,72.31624,,,0,0,0.057,Low,638269
KE018,Nyandarua,2022-03,57.07937999999999,44.29935,,,0,0,0.057,Low,638269
KE018,Nyandarua,2022-04,83.45497,38.68304,,,0,0,0.057,Low,638269
KE018,Nyandarua,2022-05,63.38797466666667,44.026394,,,0,0,0.057,Low,638269
KE018,Nyandarua,2022-06,58.602183333333336,50.373936,,,0,0,0.057,Low,638269
KE018,Nyandarua,2022-07,63.05241,55.480225,,,0,0,0.057,Low,638269
KE018,Nyandarua,2022-08,99.718462,80.30316,,,0,0,0.057,Low,638269
KE018,Nyandarua,2022-09,135.30748666666668,85.4555,,,0,0,0.057,Low,638269
KE018,Nyandarua,2022-10,66.14115466666667,43.733654,,,0,0,0.057,Low,638269
KE018,Nyandarua,2022-11,147.06541,76.68989,,,0,0,0.057,Low,638269
KE018,Nyandarua,2022-12,64.85404333333334,58.912666,,,0,0,0.057,Low,638269
KE018,Nyandarua,2023-01,74.39339166666666,57.53103,,,0,0,0.057,Low,638269
KE018,Nyandarua,2023-02,41.17294566666667,33.27297,,,0,0,0.057,Low,638269
KE018,Nyandarua,2023-03,112.30884166666668,47.96053,,,0,0,0.057,Low,638269
KE018,Nyandarua,2023-04,104.51412666666666,58.802986,,,0,0,0.057,Low,638269
KE018,Nyandarua,2023-05,66.83792,53.27739,,,0,0,0.057,Low,638269
KE018,Nyandarua,2023-06,104.733672,68.659386,,,1,4,0.057,Low,638269
KE018,Nyandarua,2023-07,53.387527,47.068707,,,0,0,0.057,Low,638269
KE018,Nyandarua,2023-08,53.738316999999995,39.598057,,,0,0,0.057,Low,638269
KE018,Nyandarua,2023-09,136.00405666666666,123.01743,,,0,0,0.057,Low,638269
KE018,Nyandarua,2023-10,100.05669966666666,67.700485,,,0,0,0.057,Low,638269
KE018,Nyandarua,2023-11,172.57746,118.05138,,,0,0,0.057,Low,638269
KE018,Nyandarua,2023-12,75.48693866666666,62.34222,,,0,0,0.057,Low,638269
KE018,Nyandarua,2024-01,197.495285,115.380905,,,0,0,0.057,Low,638269
KE018,Nyandarua,2024-02,115.232439,58.527447,,,0,0,0.057,Low,638269
KE018,Nyandarua,2024-03,75.99006233333334,43.098907,,,0,0,0.057,Low,638269
KE018,Nyandarua,2024-04,215.66362666666666,198.2762,,,0,0,0.057,Low,638269
KE018,Nyandarua,2024-05,203.66961666666666,116.49435,,,0,0,0.057,Low,638269
KE018,Nyandarua,2024-06,64.64549966666667,50.914513,,,0,0,0.057,Low,638269
KE018,Nyandarua,2024-07,137.631132,79.10825,,,0,0,0.057,Low,638269
KE018,Nyandarua,2024-08,108.54868066666667,56.927532,,,0,0,0.057,Low,638269
KE018,Nyandarua,2024-09,87.36978866666668,77.45197,,,0,0,0.057,Low,638269
KE018,Nyandarua,2024-10,88.428339,62.195797,,,0,0,0.057,Low,638269
KE018,Nyandarua,2024-11,144.92731666666666,102.13597,,,0,0,0.057,Low,638269
KE018,Nyandarua,2024-12,69.89909666666667,46.26612,,,0,0,0.057,Low,638269
KE018,Nyandarua,2025-01,136.00082,63.82086,,,0,0,0.057,Low,638269
KE018,Nyandarua,2025-02,46.64796333333334,36.982452,,,0,0,0.057,Low,638269
KE018,Nyandarua,2025-03,140.70711,134.98503,,,0,0,0.057,Low,638269
KE018,Nyandarua,2025-04,113.05154833333334,88.276955,,,0,0,0.057,Low,638269
KE018,Nyandarua,2025-05,107.92211000000002,91.53722,,,0,0,0.057,Low,638269
KE018,Nyandarua,2025-06,92.15220866666668,58.081806,,,0,0,0.057,Low,638269
KE018,Nyandarua,2025-07,82.142792,50.65386,,,0,0,0.057,Low,638269
KE018,Nyandarua,2025-08,144.41540999999998,70.14818,,,0,0,0.057,Low,638269
KE018,Nyandarua,2025-09,167.62534666666667,131.99396,,,0,0,0.057,Low,638269
KE018,Nyandarua,2025-10,134.70225333333335,59.14221,,,0,0,0.057,Low,638269
KE018,Nyandarua,2025-11,59.37856166666668,51.4857,,,0,0,0.057,Low,638269
KE018,Nyandarua,2025-12,146.48754,65.09615,,,0,0,0.057,Low,638269
KE019,Nyeri,2006-01,61.85662,58.474014,,,0,0,0.04,Low,759133
KE019,Nyeri,2006-02,101.00932866666666,46.1448,,,0,0,0.04,Low,759133
KE019,Nyeri,2006-03,129.63444966666665,53.554756,,,1,0,0.04,Low,759133
KE019,Nyeri,2006-04,102.37187999999999,73.77163,,,0,0,0.04,Low,759133
KE019,Nyeri,2006-05,77.961048,52.082478,,,0,0,0.04,Low,759133
KE019,Nyeri,2006-06,67.38629766666666,50.978683,,,0,0,0.04,Low,759133
KE019,Nyeri,2006-07,87.51103666666666,79.64601,,,0,0,0.04,Low,759133
KE019,Nyeri,2006-08,109.32817666666666,68.13372,,,0,0,0.04,Low,759133
KE019,Nyeri,2006-09,121.12376333333333,93.70492,,,0,0,0.04,Low,759133
KE019,Nyeri,2006-10,104.48806,78.26291,,,0,0,0.04,Low,759133
KE019,Nyeri,2006-11,186.04425333333333,140.09912,,,0,0,0.04,Low,759133
KE019,Nyeri,2006-12,214.40427999999997,81.27899,,,0,0,0.04,Low,759133
KE019,Nyeri,2007-01,103.11540666666667,76.34526,,,0,0,0.04,Low,759133
KE019,Nyeri,2007-02,121.43707,77.9688,,,0,0,0.04,Low,759133
KE019,Nyeri,2007-03,61.72059166666667,41.671535,,,0,0,0.04,Low,759133
KE019,Nyeri,2007-04,83.576542,32.60374,,,0,0,0.04,Low,759133
KE019,Nyeri,2007-05,123.63927833333334,98.369125,,,0,0,0.04,Low,759133
KE019,Nyeri,2007-06,163.25410333333335,144.42685,,,1,2,0.04,Low,759133
KE019,Nyeri,2007-07,157.93275666666668,82.86682,,,0,0,0.04,Low,759133
KE019,Nyeri,2007-08,133.07784866666665,111.063446,,,0,0,0.04,Low,759133
KE019,Nyeri,2007-09,146.95531,96.21118,,,0,0,0.04,Low,759133
KE019,Nyeri,2007-10,123.35377,99.9883,,,0,0,0.04,Low,759133
KE019,Nyeri,2007-11,64.25232966666667,51.298737,,,2,5,0.04,Low,759133
KE019,Nyeri,2007-12,63.95254966666667,55.831955,,,3,0,0.04,Low,759133
KE019,Nyeri,2008-01,104.37537933333333,51.510693,,,0,0,0.04,Low,759133
KE019,Nyeri,2008-02,97.74553166666665,56.487595,,,0,0,0.04,Low,759133
KE019,Nyeri,2008-03,125.12768266666666,75.871864,,,1,1,0.04,Low,759133
KE019,Nyeri,2008-04,55.39116666666666,36.47686,,,0,0,0.04,Low,759133
KE019,Nyeri,2008-05,46.627286,31.567678,,,0,0,0.04,Low,759133
KE019,Nyeri,2008-06,68.697282,52.746326,,,0,0,0.04,Low,759133
KE019,Nyeri,2008-07,81.37035333333334,61.85433,,,0,0,0.04,Low,759133
KE019,Nyeri,2008-08,67.53555999999999,59.34385,,,1,4,0.04,Low,759133
KE019,Nyeri,2008-09,130.41069666666667,116.35735,,,0,0,0.04,Low,759133
KE019,Nyeri,2008-10,108.47134666666666,57.09074,,,0,0,0.04,Low,759133
KE019,Nyeri,2008-11,88.37232,68.51936,,,2,2,0.04,Low,759133
KE019,Nyeri,2008-12,55.06595933333333,38.240685,,,0,0,0.04,Low,759133
KE019,Nyeri,2009-01,70.43211033333334,52.333134,,,0,0,0.04,Low,759133
KE019,Nyeri,2009-02,96.43941333333333,69.77066,,,0,0,0.04,Low,759133
KE019,Nyeri,2009-03,58.76086333333333,43.17986,,,0,0,0.04,Low,759133
KE019,Nyeri,2009-04,67.24356666666667,59.12801,,,2,24,0.04,Low,759133
KE019,Nyeri,2009-05,63.736185,35.738155,,,0,0,0.04,Low,759133
KE019,Nyeri,2009-06,79.25810666666668,67.4377,,,0,0,0.04,Low,759133
KE019,Nyeri,2009-07,51.160135,44.81437,,,0,0,0.04,Low,759133
KE019,Nyeri,2009-08,59.593077,59.013794,,,0,0,0.04,Low,759133
KE019,Nyeri,2009-09,65.55194966666666,62.299355,,,0,0,0.04,Low,759133
KE019,Nyeri,2009-10,128.68076,102.16551,,,0,0,0.04,Low,759133
KE019,Nyeri,2009-11,75.72768533333333,62.750076,,,0,0,0.04,Low,759133
KE019,Nyeri,2009-12,124.03518666666668,99.39809,,,0,0,0.04,Low,759133
KE019,Nyeri,2010-01,96.47210066666666,54.174965,,,0,0,0.04,Low,759133
KE019,Nyeri,2010-02,239.08018666666666,168.52068,,,1,0,0.04,Low,759133
KE019,Nyeri,2010-03,164.73935133333333,70.490654,,,0,0,0.04,Low,759133
KE019,Nyeri,2010-04,91.62689133333333,68.95564,,,0,0,0.04,Low,759133
KE019,Nyeri,2010-05,123.24888333333335,72.23092,,,0,0,0.04,Low,759133
KE019,Nyeri,2010-06,76.33781166666667,67.134895,,,0,0,0.04,Low,759133
KE019,Nyeri,2010-07,84.53032333333333,68.02672,,,0,0,0.04,Low,759133
KE019,Nyeri,2010-08,97.290847,82.850685,,,0,0,0.04,Low,759133
KE019,Nyeri,2010-09,82.893728,78.118454,,,0,0,0.04,Low,759133
KE019,Nyeri,2010-10,76.90548133333334,57.632744,,,1,0,0.04,Low,759133
KE019,Nyeri,2010-11,76.91941866666667,59.33501,,,1,1,0.04,Low,759133
KE019,Nyeri,2010-12,59.03877433333333,52.33455,,,0,0,0.04,Low,759133
KE019,Nyeri,2011-01,59.99951466666667,49.561356,,,0,0,0.04,Low,759133
KE019,Nyeri,2011-02,87.06325433333332,47.521465,,,0,0,0.04,Low,759133
KE019,Nyeri,2011-03,88.45415933333334,49.142742,,,1,2,0.04,Low,759133
KE019,Nyeri,2011-04,65.92585133333334,36.05717,,,0,0,0.04,Low,759133
KE019,Nyeri,2011-05,75.56583933333333,44.838688,,,0,0,0.04,Low,759133
KE019,Nyeri,2011-06,143.12800666666666,95.20499,,,0,0,0.04,Low,759133
KE019,Nyeri,2011-07,141.53913,102.97463,,,0,0,0.04,Low,759133
KE019,Nyeri,2011-08,154.054932,95.121796,,,0,0,0.04,Low,759133
KE019,Nyeri,2011-09,168.2435,117.25841,,,0,0,0.04,Low,759133
KE019,Nyeri,2011-10,129.84427466666668,57.216434,,,0,0,0.04,Low,759133
KE019,Nyeri,2011-11,157.19978,101.98704,,,0,0,0.04,Low,759133
KE019,Nyeri,2011-12,87.59052966666667,42.024853,,,0,0,0.04,Low,759133
KE019,Nyeri,2012-01,52.837473666666675,46.23219,,,0,0,0.04,Low,759133
KE019,Nyeri,2012-02,73.91450666666667,52.741993,,,0,0,0.04,Low,759133
KE019,Nyeri,2012-03,42.097044000000004,29.942125,,,0,0,0.04,Low,759133
KE019,Nyeri,2012-04,142.17638,78.20581,,,0,0,0.04,Low,759133
KE019,Nyeri,2012-05,165.10337666666666,88.44494,,,0,0,0.04,Low,759133
KE019,Nyeri,2012-06,118.71986,65.28404,,,0,0,0.04,Low,759133
KE019,Nyeri,2012-07,132.36055000000002,119.72208,,,0,0,0.04,Low,759133
KE019,Nyeri,2012-08,128.57298,108.93407,,,0,0,0.04,Low,759133
KE019,Nyeri,2012-09,92.96212466666667,82.26753,,,0,0,0.04,Low,759133
KE019,Nyeri,2012-10,129.4671,68.73531,,,0,0,0.04,Low,759133
KE019,Nyeri,2012-11,79.393322,59.50939,,,0,0,0.04,Low,759133
KE019,Nyeri,2012-12,131.3984,105.19632,,,1,0,0.04,Low,759133
KE019,Nyeri,2013-01,105.95430499999999,65.184715,,,0,0,0.04,Low,759133
KE019,Nyeri,2013-02,54.118906333333335,40.921513,,,1,0,0.04,Low,759133
KE019,Nyeri,2013-03,115.85681333333332,65.75741,,,0,0,0.04,Low,759133
KE019,Nyeri,2013-04,164.93370000000002,83.80424,,,0,0,0.04,Low,759133
KE019,Nyeri,2013-05,55.949846666666666,42.30758,,,0,0,0.04,Low,759133
KE019,Nyeri,2013-06,106.83305200000001,72.102356,,,0,0,0.04,Low,759133
KE019,Nyeri,2013-07,111.37608,106.36511,,,0,0,0.04,Low,759133
KE019,Nyeri,2013-08,116.83764466666666,70.897514,,,0,0,0.04,Low,759133
KE019,Nyeri,2013-09,113.78497866666667,100.125626,,,1,1,0.04,Low,759133
KE019,Nyeri,2013-10,61.43348,48.236015,,,0,0,0.04,Low,759133
KE019,Nyeri,2013-11,92.70566466666666,69.667404,,,0,0,0.04,Low,759133
KE019,Nyeri,2013-12,121.60807733333333,57.746376,,,0,0,0.04,Low,759133
KE019,Nyeri,2014-01,51.01283266666667,49.106987,,,0,0,0.04,Low,759133
KE019,Nyeri,2014-02,170.365621,60.740273,,,0,0,0.04,Low,759133
KE019,Nyeri,2014-03,152.293692,39.567726,,,1,0,0.04,Low,759133
KE019,Nyeri,2014-04,70.041239,50.769417,,,0,0,0.04,Low,759133
KE019,Nyeri,2014-05,66.06263733333334,56.418312,,,0,0,0.04,Low,759133
KE019,Nyeri,2014-06,131.94943800000001,119.571594,,,0,0,0.04,Low,759133
KE019,Nyeri,2014-07,76.914378,72.29387,,,0,0,0.04,Low,759133
KE019,Nyeri,2014-08,152.31718,72.91025,,,0,0,0.04,Low,759133
KE019,Nyeri,2014-09,112.74766333333332,65.1505,,,0,0,0.04,Low,759133
KE019,Nyeri,2014-10,100.240695,72.48206,,,0,0,0.04,Low,759133
KE019,Nyeri,2014-11,93.480688,63.034504,,,0,0,0.04,Low,759133
KE019,Nyeri,2014-12,92.98213466666668,76.81805,,,0,0,0.04,Low,759133
KE019,Nyeri,2015-01,58.917588,50.29534,,,0,0,0.04,Low,759133
KE019,Nyeri,2015-02,83.248532,49.201626,,,0,0,0.04,Low,759133
KE019,Nyeri,2015-03,61.801507333333326,49.6552,,,0,0,0.04,Low,759133
KE019,Nyeri,2015-04,155.08635333333334,140.40353,,,0,0,0.04,Low,759133
KE019,Nyeri,2015-05,91.83964966666667,79.645035,,,0,0,0.04,Low,759133
KE019,Nyeri,2015-06,81.33181233333333,62.906307,,,0,0,0.04,Low,759133
KE019,Nyeri,2015-07,85.512758,70.798874,,,0,0,0.04,Low,759133
KE019,Nyeri,2015-08,69.28003533333333,52.57773,,,0,0,0.04,Low,759133
KE019,Nyeri,2015-09,58.800251,58.274834,,,0,0,0.04,Low,759133
KE019,Nyeri,2015-10,127.34893333333333,116.51645,,,0,0,0.04,Low,759133
KE019,Nyeri,2015-11,143.64279333333334,130.01968,,,1,3,0.04,Low,759133
KE019,Nyeri,2015-12,137.61869166666668,71.92556,,,0,0,0.04,Low,759133
KE019,Nyeri,2016-01,176.42976666666667,99.51519,,,0,0,0.04,Low,759133
KE019,Nyeri,2016-02,73.53011066666666,53.097652,,,0,0,0.04,Low,759133
KE019,Nyeri,2016-03,77.61475133333333,37.9524,,,0,0,0.04,Low,759133
KE019,Nyeri,2016-04,127.601472,82.92732,,,0,0,0.04,Low,759133
KE019,Nyeri,2016-05,82.62493366666666,61.22161,,,0,0,0.04,Low,759133
KE019,Nyeri,2016-06,94.81738266666666,86.19004,,,0,0,0.04,Low,759133
KE019,Nyeri,2016-07,64.60062533333333,60.183125,,,0,0,0.04,Low,759133
KE019,Nyeri,2016-08,90.64042666666667,77.17949,,,0,0,0.04,Low,759133
KE019,Nyeri,2016-09,86.53875666666666,72.39567,,,0,0,0.04,Low,759133
KE019,Nyeri,2016-10,62.49831633333334,43.397594,,,0,0,0.04,Low,759133
KE019,Nyeri,2016-11,115.81685333333333,89.1233,,,0,0,0.04,Low,759133
KE019,Nyeri,2016-12,53.652404,52.929485,,,0,0,0.04,Low,759133
KE019,Nyeri,2017-01,54.900573333333334,50.90468,,,0,0,0.04,Low,759133
KE019,Nyeri,2017-02,124.09120666666666,83.57728,,,0,0,0.04,Low,759133
KE019,Nyeri,2017-03,50.033701666666666,40.72615,,,1,1,0.04,Low,759133
KE019,Nyeri,2017-04,60.47462466666667,49.060013,,,0,0,0.04,Low,759133
KE019,Nyeri,2017-05,80.640858,63.81,,,0,0,0.04,Low,759133
KE019,Nyeri,2017-06,61.523722666666664,50.094868,,,0,0,0.04,Low,759133
KE019,Nyeri,2017-07,93.85100666666666,81.24086,,,0,0,0.04,Low,759133
KE019,Nyeri,2017-08,127.954235,101.57816,,,1,0,0.04,Low,759133
KE019,Nyeri,2017-09,121.57755999999999,98.8694,,,0,0,0.04,Low,759133
KE019,Nyeri,2017-10,108.58749499999999,54.851925,,,1,1,0.04,Low,759133
KE019,Nyeri,2017-11,102.85797000000001,65.55157,,,0,0,0.04,Low,759133
KE019,Nyeri,2017-12,42.918440333333336,34.466423,,,0,0,0.04,Low,759133
KE019,Nyeri,2018-01,65.10617,51.41379,,,0,0,0.04,Low,759133
KE019,Nyeri,2018-02,63.51235366666666,53.236015,,,0,0,0.04,Low,759133
KE019,Nyeri,2018-03,240.24818333333334,107.77156,,,1,0,0.04,Low,759133
KE019,Nyeri,2018-04,209.94290333333333,159.937,,,0,0,0.04,Low,759133
KE019,Nyeri,2018-05,178.76616666666666,165.6865,,,0,0,0.04,Low,759133
KE019,Nyeri,2018-06,233.25729666666666,174.28069,,,1,0,0.04,Low,759133
KE019,Nyeri,2018-07,116.87858666666666,109.66884,,,1,1,0.04,Low,759133
KE019,Nyeri,2018-08,91.20831033333333,63.955635,,,0,0,0.04,Low,759133
KE019,Nyeri,2018-09,120.098718,77.272804,,,0,0,0.04,Low,759133
KE019,Nyeri,2018-10,72.96622366666666,65.002426,,,0,0,0.04,Low,759133
KE019,Nyeri,2018-11,88.01629500000001,82.96438,,,0,0,0.04,Low,759133
KE019,Nyeri,2018-12,184.82677266666667,60.527878,,,0,0,0.04,Low,759133
KE019,Nyeri,2019-01,100.08738,77.54818,,,0,0,0.04,Low,759133
KE019,Nyeri,2019-02,72.629101,56.107098,,,1,0,0.04,Low,759133
KE019,Nyeri,2019-03,43.71903066666666,31.658115,,,0,0,0.04,Low,759133
KE019,Nyeri,2019-04,86.572566,34.786118,,,0,0,0.04,Low,759133
KE019,Nyeri,2019-05,92.44307666666667,85.156456,,,0,0,0.04,Low,759133
KE019,Nyeri,2019-06,159.90850533333332,76.19878,,,0,0,0.04,Low,759133
KE019,Nyeri,2019-07,84.220435,69.93929,,,1,0,0.04,Low,759133
KE019,Nyeri,2019-08,112.88300666666667,70.4574,,,0,0,0.04,Low,759133
KE019,Nyeri,2019-09,124.22855666666668,103.71727,,,0,0,0.04,Low,759133
KE019,Nyeri,2019-10,242.44497333333334,165.58473,,,0,0,0.04,Low,759133
KE019,Nyeri,2019-11,173.071958,101.100334,,,0,0,0.04,Low,759133
KE019,Nyeri,2019-12,239.57971333333333,101.14282,,,0,0,0.04,Low,759133
KE019,Nyeri,2020-01,176.303265,109.608185,,,0,0,0.04,Low,759133
KE019,Nyeri,2020-02,157.46533833333334,70.635445,,,0,0,0.04,Low,759133
KE019,Nyeri,2020-03,177.02860666666666,83.69264,,,0,0,0.04,Low,759133
KE019,Nyeri,2020-04,226.19088666666667,72.49806,,,0,0,0.04,Low,759133
KE019,Nyeri,2020-05,121.69565666666666,88.19794,,,0,0,0.04,Low,759133
KE019,Nyeri,2020-06,175.35476000000003,135.45291,,,0,0,0.04,Low,759133
KE019,Nyeri,2020-07,90.47121866666667,80.76553,,,0,0,0.04,Low,759133
KE019,Nyeri,2020-08,125.30112166666667,80.87903,,,0,0,0.04,Low,759133
KE019,Nyeri,2020-09,142.88713666666666,85.02461,,,0,0,0.04,Low,759133
KE019,Nyeri,2020-10,102.08263166666666,69.17944,,,0,0,0.04,Low,759133
KE019,Nyeri,2020-11,97.02949666666666,60.00349,,,0,0,0.04,Low,759133
KE019,Nyeri,2020-12,82.77453733333333,54.092472,,,0,0,0.04,Low,759133
KE019,Nyeri,2021-01,145.99131333333332,72.69642,,,0,0,0.04,Low,759133
KE019,Nyeri,2021-02,122.88436833333333,112.50975,,,0,0,0.04,Low,759133
KE019,Nyeri,2021-03,84.26562533333333,63.491776,,,0,0,0.04,Low,759133
KE019,Nyeri,2021-04,70.52636,63.168995,,,0,0,0.04,Low,759133
KE019,Nyeri,2021-05,132.83588999999998,78.79415,,,0,0,0.04,Low,759133
KE019,Nyeri,2021-06,55.243862,44.898006,,,0,0,0.04,Low,759133
KE019,Nyeri,2021-07,103.28759333333333,76.74328,,,0,0,0.04,Low,759133
KE019,Nyeri,2021-08,80.87875533333333,75.120476,,,0,0,0.04,Low,759133
KE019,Nyeri,2021-09,85.89323666666667,70.43947,,,0,0,0.04,Low,759133
KE019,Nyeri,2021-10,86.758245,79.94861,,,0,0,0.04,Low,759133
KE019,Nyeri,2021-11,62.67038433333334,44.54697,,,0,0,0.04,Low,759133
KE019,Nyeri,2021-12,151.45522,133.82849,,,0,0,0.04,Low,759133
KE019,Nyeri,2022-01,80.82572733333333,61.509262,,,0,0,0.04,Low,759133
KE019,Nyeri,2022-02,101.81229233333333,55.138542,,,0,0,0.04,Low,759133
KE019,Nyeri,2022-03,60.89887533333333,42.96649,,,0,0,0.04,Low,759133
KE019,Nyeri,2022-04,94.00366033333334,46.861137,,,0,0,0.04,Low,759133
KE019,Nyeri,2022-05,50.19964866666667,28.873476,,,0,0,0.04,Low,759133
KE019,Nyeri,2022-06,62.45910533333333,53.59479,,,0,0,0.04,Low,759133
KE019,Nyeri,2022-07,81.84669933333333,61.045784,,,0,0,0.04,Low,759133
KE019,Nyeri,2022-08,108.66301666666668,102.05294,,,0,0,0.04,Low,759133
KE019,Nyeri,2022-09,120.84553333333334,75.68035,,,1,1,0.04,Low,759133
KE019,Nyeri,2022-10,59.869461,50.661976,,,1,3,0.04,Low,759133
KE019,Nyeri,2022-11,130.19171,87.93546,,,0,0,0.04,Low,759133
KE019,Nyeri,2022-12,76.587255,66.786255,,,0,0,0.04,Low,759133
KE019,Nyeri,2023-01,89.85216133333334,71.650764,,,0,0,0.04,Low,759133
KE019,Nyeri,2023-02,45.20246066666667,36.2171,,,0,0,0.04,Low,759133
KE019,Nyeri,2023-03,100.74336133333334,51.839924,,,0,0,0.04,Low,759133
KE019,Nyeri,2023-04,143.81198,107.68903,,,0,0,0.04,Low,759133
KE019,Nyeri,2023-05,63.179762000000004,49.102226,,,0,0,0.04,Low,759133
KE019,Nyeri,2023-06,111.66470733333334,91.037926,,,0,0,0.04,Low,759133
KE019,Nyeri,2023-07,79.20626333333333,72.284164,,,0,0,0.04,Low,759133
KE019,Nyeri,2023-08,70.542267,62.08331,,,0,0,0.04,Low,759133
KE019,Nyeri,2023-09,112.32848166666668,99.93948,,,0,0,0.04,Low,759133
KE019,Nyeri,2023-10,115.41524666666668,100.71404,,,0,0,0.04,Low,759133
KE019,Nyeri,2023-11,172.65989866666666,115.225876,,,1,1,0.04,Low,759133
KE019,Nyeri,2023-12,79.50606133333334,50.775864,,,0,0,0.04,Low,759133
KE019,Nyeri,2024-01,171.26493166666668,99.96258,,,0,0,0.04,Low,759133
KE019,Nyeri,2024-02,160.28216666666665,95.33363,,,0,0,0.04,Low,759133
KE019,Nyeri,2024-03,63.805793333333334,40.91285,,,0,0,0.04,Low,759133
KE019,Nyeri,2024-04,232.31758,187.34735,,,0,0,0.04,Low,759133
KE019,Nyeri,2024-05,167.73879,102.56814,,,0,0,0.04,Low,759133
KE019,Nyeri,2024-06,79.89106,63.3168,,,0,0,0.04,Low,759133
KE019,Nyeri,2024-07,138.57020666666668,92.66728,,,0,0,0.04,Low,759133
KE019,Nyeri,2024-08,99.68649699999999,83.470856,,,0,0,0.04,Low,759133
KE019,Nyeri,2024-09,86.73369333333333,84.28868,,,0,0,0.04,Low,759133
KE019,Nyeri,2024-10,77.50045233333333,52.494907,,,0,0,0.04,Low,759133
KE019,Nyeri,2024-11,136.12101833333335,119.353035,,,0,0,0.04,Low,759133
KE019,Nyeri,2024-12,82.83117166666666,49.119225,,,0,0,0.04,Low,759133
KE019,Nyeri,2025-01,117.82306433333333,57.565273,,,0,0,0.04,Low,759133
KE019,Nyeri,2025-02,51.98425266666667,40.5756,,,0,0,0.04,Low,759133
KE019,Nyeri,2025-03,134.5998,112.58056,,,0,0,0.04,Low,759133
KE019,Nyeri,2025-04,130.35112666666666,94.8085,,,1,0,0.04,Low,759133
KE019,Nyeri,2025-05,90.14383,65.77354,,,0,0,0.04,Low,759133
KE019,Nyeri,2025-06,106.30413533333332,73.675156,,,0,0,0.04,Low,759133
KE019,Nyeri,2025-07,68.44138166666667,45.27711,,,0,0,0.04,Low,759133
KE019,Nyeri,2025-08,147.85967866666667,103.406166,,,0,0,0.04,Low,759133
KE019,Nyeri,2025-09,123.99172833333334,105.875565,,,0,0,0.04,Low,759133
KE019,Nyeri,2025-10,148.39437766666666,59.647743,,,0,0,0.04,Low,759133
KE019,Nyeri,2025-11,53.288501,46.817413,,,0,0,0.04,Low,759133
KE019,Nyeri,2025-12,175.83029000000002,70.29654,,,0,0,0.04,Low,759133
KE025,Samburu,2006-01,71.19813666666666,66.05609,,,1,0,0.4172,High,310320
KE025,Samburu,2006-02,104.25166033333333,58.571636,,,0,0,0.4172,High,310320
KE025,Samburu,2006-03,62.030827666666674,40.69455,,,0,0,0.4172,High,310320
KE025,Samburu,2006-04,109.992003,44.409554,,,1,1,0.4172,High,310320
KE025,Samburu,2006-05,82.354215,72.240326,,,3,12,0.4172,High,310320
KE025,Samburu,2006-06,87.63579833333334,70.605965,,,0,0,0.4172,High,310320
KE025,Samburu,2006-07,87.47642666666667,83.07088,,,1,3,0.4172,High,310320
KE025,Samburu,2006-08,144.12542333333332,86.34229,,,0,0,0.4172,High,310320
KE025,Samburu,2006-09,93.18808866666666,85.939926,,,1,6,0.4172,High,310320
KE025,Samburu,2006-10,125.08956166666667,74.876015,,,0,0,0.4172,High,310320
KE025,Samburu,2006-11,125.19572333333333,97.98121,,,0,0,0.4172,High,310320
KE025,Samburu,2006-12,180.65691466666667,86.145004,,,0,0,0.4172,High,310320
KE025,Samburu,2007-01,93.32059666666667,87.91038,,,0,0,0.4172,High,310320
KE025,Samburu,2007-02,107.76876033333333,66.158035,,,0,0,0.4172,High,310320
KE025,Samburu,2007-03,93.39931666666666,37.73564,,,0,0,0.4172,High,310320
KE025,Samburu,2007-04,93.284971,32.051853,,,0,0,0.4172,High,310320
KE025,Samburu,2007-05,93.09766166666668,69.825905,,,3,32,0.4172,High,310320
KE025,Samburu,2007-06,142.92661466666667,115.888504,,,0,0,0.4172,High,310320
KE025,Samburu,2007-07,150.76166666666668,83.08868,,,2,20,0.4172,High,310320
KE025,Samburu,2007-08,119.38907333333333,100.47003,,,0,0,0.4172,High,310320
KE025,Samburu,2007-09,154.25646666666668,125.0125,,,0,0,0.4172,High,310320
KE025,Samburu,2007-10,90.85832,69.797775,,,0,0,0.4172,High,310320
KE025,Samburu,2007-11,80.34673966666666,51.475674,,,0,0,0.4172,High,310320
KE025,Samburu,2007-12,63.90537466666667,57.85836,,,0,0,0.4172,High,310320
KE025,Samburu,2008-01,125.90336200000002,61.634666,,,0,0,0.4172,High,310320
KE025,Samburu,2008-02,70.69327,53.7545,,,0,0,0.4172,High,310320
KE025,Samburu,2008-03,99.279926,58.178604,,,1,6,0.4172,High,310320
KE025,Samburu,2008-04,71.768598,28.022884,,,0,0,0.4172,High,310320
KE025,Samburu,2008-05,60.723337333333326,37.414272,,,0,0,0.4172,High,310320
KE025,Samburu,2008-06,82.385308,75.74045,,,0,0,0.4172,High,310320
KE025,Samburu,2008-07,97.79814500000002,84.543625,,,0,0,0.4172,High,310320
KE025,Samburu,2008-08,80.71651333333334,72.20865,,,0,0,0.4172,High,310320
KE025,Samburu,2008-09,107.78592333333334,100.7966,,,2,13,0.4172,High,310320
KE025,Samburu,2008-10,117.53291999999999,86.27387,,,0,0,0.4172,High,310320
KE025,Samburu,2008-11,96.061537,48.912308,,,0,0,0.4172,High,310320
KE025,Samburu,2008-12,54.76750666666667,43.20938,,,1,5,0.4172,High,310320
KE025,Samburu,2009-01,88.89934933333332,72.13239,,,0,0,0.4172,High,310320
KE025,Samburu,2009-02,66.80005200000001,58.12489,,,0,0,0.4172,High,310320
KE025,Samburu,2009-03,36.214317333333334,32.29029,,,0,0,0.4172,High,310320
KE025,Samburu,2009-04,52.92083,31.28759,,,0,0,0.4172,High,310320
KE025,Samburu,2009-05,112.56801599999999,46.401638,,,0,0,0.4172,High,310320
KE025,Samburu,2009-06,75.78799333333333,67.32343,,,0,0,0.4172,High,310320
KE025,Samburu,2009-07,78.77147333333333,66.41982,,,0,0,0.4172,High,310320
KE025,Samburu,2009-08,77.759608,75.25679,,,0,0,0.4172,High,310320
KE025,Samburu,2009-09,89.45404666666667,85.75323,,,0,0,0.4172,High,310320
KE025,Samburu,2009-10,131.92975666666666,93.29854,,,0,0,0.4172,High,310320
KE025,Samburu,2009-11,62.52793566666667,51.86915,,,0,0,0.4172,High,310320
KE025,Samburu,2009-12,138.66909666666666,101.7334,,,0,0,0.4172,High,310320
KE025,Samburu,2010-01,128.49307333333334,68.80514,,,0,0,0.4172,High,310320
KE025,Samburu,2010-02,220.19786833333333,104.438995,,,0,0,0.4172,High,310320
KE025,Samburu,2010-03,203.15961000000001,92.10819,,,0,0,0.4172,High,310320
KE025,Samburu,2010-04,78.294411,61.455143,,,0,0,0.4172,High,310320
KE025,Samburu,2010-05,116.980845,80.10128,,,1,0,0.4172,High,310320
KE025,Samburu,2010-06,94.59596800000001,77.26581,,,1,3,0.4172,High,310320
KE025,Samburu,2010-07,98.03658366666667,86.191216,,,1,5,0.4172,High,310320
KE025,Samburu,2010-08,99.97511133333334,89.600204,,,0,0,0.4172,High,310320
KE025,Samburu,2010-09,98.27386666666666,92.78932,,,0,0,0.4172,High,310320
KE025,Samburu,2010-10,77.21491166666667,59.308975,,,0,0,0.4172,High,310320
KE025,Samburu,2010-11,60.753313,49.343533,,,0,0,0.4172,High,310320
KE025,Samburu,2010-12,49.806748666666664,45.778923,,,1,1,0.4172,High,310320
KE025,Samburu,2011-01,67.50700166666667,60.61142,,,1,0,0.4172,High,310320
KE025,Samburu,2011-02,95.92663666666668,56.94098,,,0,0,0.4172,High,310320
KE025,Samburu,2011-03,69.49335866666667,37.09136,,,0,0,0.4172,High,310320
KE025,Samburu,2011-04,45.30085333333333,28.70513,,,0,0,0.4172,High,310320
KE025,Samburu,2011-05,77.55800333333333,65.45251,,,0,0,0.4172,High,310320
KE025,Samburu,2011-06,127.08177,90.39854,,,0,0,0.4172,High,310320
KE025,Samburu,2011-07,116.75789333333334,97.90414,,,0,0,0.4172,High,310320
KE025,Samburu,2011-08,119.57558,91.72424,,,0,0,0.4172,High,310320
KE025,Samburu,2011-09,115.973485,92.93042,,,0,0,0.4172,High,310320
KE025,Samburu,2011-10,162.79719666666668,67.91714,,,0,0,0.4172,High,310320
KE025,Samburu,2011-11,216.65853,111.76059,,,0,0,0.4172,High,310320
KE025,Samburu,2011-12,91.11724600000001,40.917824,,,0,0,0.4172,High,310320
KE025,Samburu,2012-01,60.679826,59.790302,,,0,0,0.4172,High,310320
KE025,Samburu,2012-02,76.817468,67.38582,,,0,0,0.4172,High,310320
KE025,Samburu,2012-03,36.52889833333333,24.802341,,,1,12,0.4172,High,310320
KE025,Samburu,2012-04,147.26934200000002,69.836586,,,0,0,0.4172,High,310320
KE025,Samburu,2012-05,153.49719166666668,110.570015,,,0,0,0.4172,High,310320
KE025,Samburu,2012-06,104.86981333333334,73.75999,,,0,0,0.4172,High,310320
KE025,Samburu,2012-07,123.78784666666667,102.91842,,,0,0,0.4172,High,310320
KE025,Samburu,2012-08,98.46818,85.18695,,,0,0,0.4172,High,310320
KE025,Samburu,2012-09,107.57815666666666,94.11211,,,1,1,0.4172,High,310320
KE025,Samburu,2012-10,161.70703333333333,131.99944,,,3,13,0.4172,High,310320
KE025,Samburu,2012-11,66.90413,52.93399,,,0,0,0.4172,High,310320
KE025,Samburu,2012-12,142.41646,70.71913,,,0,0,0.4172,High,310320
KE025,Samburu,2013-01,99.59128666666668,81.98586,,,0,0,0.4172,High,310320
KE025,Samburu,2013-02,66.852465,53.56558,,,0,0,0.4172,High,310320
KE025,Samburu,2013-03,171.5575683333333,53.36591,,,0,0,0.4172,High,310320
KE025,Samburu,2013-04,159.54317,56.25848,,,1,0,0.4172,High,310320
KE025,Samburu,2013-05,67.14519333333334,57.51172,,,0,0,0.4172,High,310320
KE025,Samburu,2013-06,112.99548499999999,79.226875,,,0,0,0.4172,High,310320
KE025,Samburu,2013-07,103.52689166666666,91.95171,,,1,0,0.4172,High,310320
KE025,Samburu,2013-08,81.00389,69.16546,,,0,0,0.4172,High,310320
KE025,Samburu,2013-09,110.78906333333333,89.28194,,,0,0,0.4172,High,310320
KE025,Samburu,2013-10,84.40656166666666,54.455585,,,0,0,0.4172,High,310320
KE025,Samburu,2013-11,94.15739866666667,78.3064,,,0,0,0.4172,High,310320
KE025,Samburu,2013-12,87.39079166666666,54.857285,,,1,4,0.4172,High,310320
KE025,Samburu,2014-01,63.086137,60.775642,,,0,0,0.4172,High,310320
KE025,Samburu,2014-02,141.68896333333333,59.47253,,,0,0,0.4172,High,310320
KE025,Samburu,2014-03,138.080098,39.367844,,,0,0,0.4172,High,310320
KE025,Samburu,2014-04,76.75780333333334,33.65741,,,0,0,0.4172,High,310320
KE025,Samburu,2014-05,69.66468533333334,50.44223,,,0,0,0.4172,High,310320
KE025,Samburu,2014-06,80.23563,75.75314,,,0,0,0.4172,High,310320
KE025,Samburu,2014-07,75.99936333333333,70.09715,,,0,0,0.4172,High,310320
KE025,Samburu,2014-08,124.27208833333333,69.436905,,,0,0,0.4172,High,310320
KE025,Samburu,2014-09,92.66494333333333,85.02895,,,0,0,0.4172,High,310320
KE025,Samburu,2014-10,91.68075800000001,57.179344,,,0,0,0.4172,High,310320
KE025,Samburu,2014-11,81.71024533333333,55.06711,,,0,0,0.4172,High,310320
KE025,Samburu,2014-12,92.856883,69.670074,,,0,0,0.4172,High,310320
KE025,Samburu,2015-01,67.76207333333333,65.62658,,,0,0,0.4172,High,310320
KE025,Samburu,2015-02,90.10469333333333,56.91579,,,1,15,0.4172,High,310320
KE025,Samburu,2015-03,59.078605,38.44946,,,0,0,0.4172,High,310320
KE025,Samburu,2015-04,154.26133866666666,118.961296,,,0,0,0.4172,High,310320
KE025,Samburu,2015-05,78.00336333333333,71.16331,,,0,0,0.4172,High,310320
KE025,Samburu,2015-06,82.58726333333334,79.9807,,,0,0,0.4172,High,310320
KE025,Samburu,2015-07,83.87917499999999,81.68239,,,0,0,0.4172,High,310320
KE025,Samburu,2015-08,72.29678166666666,60.818935,,,0,0,0.4172,High,310320
KE025,Samburu,2015-09,85.08432666666666,81.384346,,,0,0,0.4172,High,310320
KE025,Samburu,2015-10,98.18599,66.88396,,,0,0,0.4172,High,310320
KE025,Samburu,2015-11,117.39391866666666,109.20961,,,0,0,0.4172,High,310320
KE025,Samburu,2015-12,130.65112866666666,53.296516,,,0,0,0.4172,High,310320
KE025,Samburu,2016-01,130.21295,104.79417,,,0,0,0.4172,High,310320
KE025,Samburu,2016-02,80.33196,70.2291,,,0,0,0.4172,High,310320
KE025,Samburu,2016-03,68.48963833333333,28.586882,,,0,0,0.4172,High,310320
KE025,Samburu,2016-04,93.38986533333332,65.36128,,,0,0,0.4172,High,310320
KE025,Samburu,2016-05,91.78139500000002,70.79636,,,0,0,0.4172,High,310320
KE025,Samburu,2016-06,94.96965999999999,75.11596,,,0,0,0.4172,High,310320
KE025,Samburu,2016-07,78.73113333333333,74.42535,,,0,0,0.4172,High,310320
KE025,Samburu,2016-08,77.20262666666666,66.97112,,,1,0,0.4172,High,310320
KE025,Samburu,2016-09,88.17772333333333,80.74955,,,0,0,0.4172,High,310320
KE025,Samburu,2016-10,56.93456733333333,40.28322,,,0,0,0.4172,High,310320
KE025,Samburu,2016-11,93.65710899999999,62.482697,,,0,0,0.4172,High,310320
KE025,Samburu,2016-12,57.75263999999999,49.784805,,,0,0,0.4172,High,310320
KE025,Samburu,2017-01,67.31987533333334,62.076813,,,0,0,0.4172,High,310320
KE025,Samburu,2017-02,117.27986666666668,91.43468,,,0,0,0.4172,High,310320
KE025,Samburu,2017-03,40.32773266666667,32.218704,,,2,13,0.4172,High,310320
KE025,Samburu,2017-04,62.571486666666665,45.62059,,,0,0,0.4172,High,310320
KE025,Samburu,2017-05,106.31991,75.93287,,,2,6,0.4172,High,310320
KE025,Samburu,2017-06,74.41690666666666,67.241,,,0,0,0.4172,High,310320
KE025,Samburu,2017-07,113.74634333333334,109.31744,,,2,3,0.4172,High,310320
KE025,Samburu,2017-08,102.72892533333334,79.13569,,,0,0,0.4172,High,310320
KE025,Samburu,2017-09,105.74223833333333,92.73641,,,1,3,0.4172,High,310320
KE025,Samburu,2017-10,170.04336466666666,70.82866,,,0,0,0.4172,High,310320
KE025,Samburu,2017-11,98.10329333333334,44.17506,,,0,0,0.4172,High,310320
KE025,Samburu,2017-12,56.591603,53.70212,,,0,0,0.4172,High,310320
KE025,Samburu,2018-01,61.90115966666667,57.03638,,,1,0,0.4172,High,310320
KE025,Samburu,2018-02,67.76602233333334,61.828487,,,0,0,0.4172,High,310320
KE025,Samburu,2018-03,251.65068666666664,101.99647,,,2,14,0.4172,High,310320
KE025,Samburu,2018-04,203.88690666666665,148.01656,,,0,0,0.4172,High,310320
KE025,Samburu,2018-05,189.63230333333334,151.47658,,,0,0,0.4172,High,310320
KE025,Samburu,2018-06,208.2165,120.60581,,,0,0,0.4172,High,310320
KE025,Samburu,2018-07,91.82650466666666,74.609764,,,0,0,0.4172,High,310320
KE025,Samburu,2018-08,86.68780333333332,67.71048,,,0,0,0.4172,High,310320
KE025,Samburu,2018-09,98.58158166666665,93.41074,,,0,0,0.4172,High,310320
KE025,Samburu,2018-10,75.264168,68.14533,,,0,0,0.4172,High,310320
KE025,Samburu,2018-11,61.85033166666667,55.151142,,,0,0,0.4172,High,310320
KE025,Samburu,2018-12,178.34126333333333,61.03429,,,0,0,0.4172,High,310320
KE025,Samburu,2019-01,89.483502,76.99654,,,0,0,0.4172,High,310320
KE025,Samburu,2019-02,81.67259866666667,62.229126,,,0,0,0.4172,High,310320
KE025,Samburu,2019-03,56.500244,31.712309,,,0,0,0.4172,High,310320
KE025,Samburu,2019-04,81.87202866666667,27.171448,,,1,1,0.4172,High,310320
KE025,Samburu,2019-05,95.45027733333335,52.347702,,,1,2,0.4172,High,310320
KE025,Samburu,2019-06,141.41235666666668,83.97974,,,0,0,0.4172,High,310320
KE025,Samburu,2019-07,93.29752333333333,75.969,,,0,0,0.4172,High,310320
KE025,Samburu,2019-08,89.37476666666667,77.5492,,,0,0,0.4172,High,310320
KE025,Samburu,2019-09,117.46640333333333,96.96602,,,3,5,0.4172,High,310320
KE025,Samburu,2019-10,207.51800000000003,147.25934,,,1,1,0.4172,High,310320
KE025,Samburu,2019-11,162.15795333333332,128.91316,,,1,0,0.4172,High,310320
KE025,Samburu,2019-12,190.62351666666666,114.90771,,,1,2,0.4172,High,310320
KE025,Samburu,2020-01,149.864665,96.76605,,,0,0,0.4172,High,310320
KE025,Samburu,2020-02,151.73828133333333,107.967224,,,1,0,0.4172,High,310320
KE025,Samburu,2020-03,177.37165666666667,69.42843,,,0,0,0.4172,High,310320
KE025,Samburu,2020-04,195.857062,67.280716,,,0,0,0.4172,High,310320
KE025,Samburu,2020-05,116.97853666666667,83.77255,,,0,0,0.4172,High,310320
KE025,Samburu,2020-06,155.49516500000001,126.779175,,,0,0,0.4172,High,310320
KE025,Samburu,2020-07,101.66754333333334,85.96719,,,2,2,0.4172,High,310320
KE025,Samburu,2020-08,137.72665,96.470764,,,1,1,0.4172,High,310320
KE025,Samburu,2020-09,116.84212666666667,96.01371,,,0,0,0.4172,High,310320
KE025,Samburu,2020-10,115.61922833333334,78.93512,,,2,1,0.4172,High,310320
KE025,Samburu,2020-11,66.41614833333334,42.453255,,,2,2,0.4172,High,310320
KE025,Samburu,2020-12,71.897669,48.9926,,,1,1,0.4172,High,310320
KE025,Samburu,2021-01,85.69773666666667,69.70731,,,0,0,0.4172,High,310320
KE025,Samburu,2021-02,121.32224833333333,83.159195,,,1,2,0.4172,High,310320
KE025,Samburu,2021-03,62.460820000000005,48.39508,,,0,0,0.4172,High,310320
KE025,Samburu,2021-04,46.6829,36.264767,,,0,0,0.4172,High,310320
KE025,Samburu,2021-05,176.66490666666667,87.27481,,,0,0,0.4172,High,310320
KE025,Samburu,2021-06,77.83929166666667,69.08705,,,0,0,0.4172,High,310320
KE025,Samburu,2021-07,79.72717333333334,67.30932,,,2,4,0.4172,High,310320
KE025,Samburu,2021-08,81.62631800000001,74.26871,,,0,0,0.4172,High,310320
KE025,Samburu,2021-09,113.14254666666666,98.03836,,,1,1,0.4172,High,310320
KE025,Samburu,2021-10,66.80123933333333,53.323948,,,3,28,0.4172,High,310320
KE025,Samburu,2021-11,65.96677,43.63685,,,0,0,0.4172,High,310320
KE025,Samburu,2021-12,108.36481866666668,83.0397,,,2,2,0.4172,High,310320
KE025,Samburu,2022-01,103.55578833333334,63.276905,,,1,1,0.4172,High,310320
KE025,Samburu,2022-02,93.92098500000002,68.225876,,,2,1,0.4172,High,310320
KE025,Samburu,2022-03,58.046252,45.538376,,,0,0,0.4172,High,310320
KE025,Samburu,2022-04,94.54294,30.27327,,,0,0,0.4172,High,310320
KE025,Samburu,2022-05,83.09448466666667,64.90043,,,3,0,0.4172,High,310320
KE025,Samburu,2022-06,73.74504166666667,69.14548,,,1,0,0.4172,High,310320
KE025,Samburu,2022-07,82.73108866666666,69.97784,,,2,4,0.4172,High,310320
KE025,Samburu,2022-08,94.49434666666667,82.37563,,,0,0,0.4172,High,310320
KE025,Samburu,2022-09,109.59212866666667,93.28316,,,2,1,0.4172,High,310320
KE025,Samburu,2022-10,65.02140333333334,49.7037,,,4,2,0.4172,High,310320
KE025,Samburu,2022-11,70.71965466666667,64.41932,,,3,1,0.4172,High,310320
KE025,Samburu,2022-12,95.37253,76.1286,,,3,2,0.4172,High,310320
KE025,Samburu,2023-01,79.93112166666667,72.626884,,,6,4,0.4172,High,310320
KE025,Samburu,2023-02,63.066216,56.739468,,,5,16,0.4172,High,310320
KE025,Samburu,2023-03,143.28268333333332,45.22558,,,10,9,0.4172,High,310320
KE025,Samburu,2023-04,175.25793333333334,85.06657,,,6,17,0.4172,High,310320
KE025,Samburu,2023-05,90.86059233333333,57.406693,,,4,4,0.4172,High,310320
KE025,Samburu,2023-06,97.45376666666665,86.08716,,,2,3,0.4172,High,310320
KE025,Samburu,2023-07,83.94237033333333,76.674225,,,4,1,0.4172,High,310320
KE025,Samburu,2023-08,77.21286533333334,66.768936,,,3,4,0.4172,High,310320
KE025,Samburu,2023-09,101.47408833333333,91.951805,,,6,9,0.4172,High,310320
KE025,Samburu,2023-10,169.24839,78.46943,,,2,4,0.4172,High,310320
KE025,Samburu,2023-11,153.94122333333334,99.21952,,,2,3,0.4172,High,310320
KE025,Samburu,2023-12,69.35463,47.40819,176.45454545454547,72.85714285714286,4,7,0.4172,High,310320
KE025,Samburu,2024-01,127.72011833333333,73.931595,,,9,3,0.4172,High,310320
KE025,Samburu,2024-02,220.181915,93.802505,,,10,7,0.4172,High,310320
KE025,Samburu,2024-03,44.499328999999996,38.05,173.75,68.7,2,3,0.4172,High,310320
KE025,Samburu,2024-04,172.69331333333335,77.10769,,,1,0,0.4172,High,310320
KE025,Samburu,2024-05,147.44102333333333,78.21357,,,0,0,0.4172,High,310320
KE025,Samburu,2024-06,73.43603833333333,64.89863,148.25,63.07692307692308,1,0,0.4172,High,310320
KE025,Samburu,2024-07,123.20679133333334,87.205414,,,0,0,0.4172,High,310320
KE025,Samburu,2024-08,100.92267666666667,76.04052,,,1,1,0.4172,High,310320
KE025,Samburu,2024-09,90.02787533333333,87.209526,139.14285714285714,55.1,3,4,0.4172,High,310320
KE025,Samburu,2024-10,90.78037,67.29546,,,1,1,0.4172,High,310320
KE025,Samburu,2024-11,119.63966333333333,93.41514,,,2,0,0.4172,High,310320
KE025,Samburu,2024-12,44.82458,39.00726,,,1,0,0.4172,High,310320
KE025,Samburu,2025-01,95.429845,64.45175,,,1,1,0.4172,High,310320
KE025,Samburu,2025-02,66.14166533333334,55.64372,,,2,2,0.4172,High,310320
KE025,Samburu,2025-03,157.10789666666668,119.88423,,,6,6,0.4172,High,310320
KE025,Samburu,2025-04,116.90484733333334,51.738472,,,1,0,0.4172,High,310320
KE025,Samburu,2025-05,113.10656,67.4798,,,2,1,0.4172,High,310320
KE025,Samburu,2025-06,85.34532666666667,72.55718,,,1,0,0.4172,High,310320
KE025,Samburu,2025-07,74.61913466666667,58.728874,,,3,1,0.4172,High,310320
KE025,Samburu,2025-08,114.70780166666667,83.99311,,,7,9,0.4172,High,310320
KE025,Samburu,2025-09,109.09016333333334,95.68182,175.0,55.1,3,4,0.4172,High,310320
KE025,Samburu,2025-10,122.171785,74.662865,,,1,0,0.4172,High,310320
KE025,Samburu,2025-11,50.808497666666675,45.52015,,,3,5,0.4172,High,310320
KE025,Samburu,2025-12,89.33398133333333,61.732918,,,2,1,0.4172,High,310320
KE041,Siaya,2006-01,84.73541333333334,33.70065,,,0,0,0.1032,Low,993165
KE041,Siaya,2006-02,85.20785566666667,28.29059,,,0,0,0.1032,Low,993165
KE041,Siaya,2006-03,126.93443666666667,92.31227,,,0,0,0.1032,Low,993165
KE041,Siaya,2006-04,115.50506966666667,98.589714,,,0,0,0.1032,Low,993165
KE041,Siaya,2006-05,126.48807833333335,70.05922,,,0,0,0.1032,Low,993165
KE041,Siaya,2006-06,111.1750925,56.26921,,,0,0,0.1032,Low,993165
KE041,Siaya,2006-07,83.64102833333334,48.730755,,,0,0,0.1032,Low,993165
KE041,Siaya,2006-08,83.44360233333333,43.70434,,,0,0,0.1032,Low,993165
KE041,Siaya,2006-09,121.31698166666668,88.54903,,,0,0,0.1032,Low,993165
KE041,Siaya,2006-10,97.48309566666667,29.364754,,,0,0,0.1032,Low,993165
KE041,Siaya,2006-11,259.6401813333333,106.159164,,,0,0,0.1032,Low,993165
KE041,Siaya,2006-12,265.541635,190.22612,,,0,0,0.1032,Low,993165
KE041,Siaya,2007-01,108.04479266666665,65.71628,,,0,0,0.1032,Low,993165
KE041,Siaya,2007-02,155.37676866666666,72.25446,,,0,0,0.1032,Low,993165
KE041,Siaya,2007-03,128.28267400000001,43.946537,,,0,0,0.1032,Low,993165
KE041,Siaya,2007-04,67.24155966666667,12.821918,,,0,0,0.1032,Low,993165
KE041,Siaya,2007-05,92.429981,54.01368,,,0,0,0.1032,Low,993165
KE041,Siaya,2007-06,97.15251033333334,51.0998,,,0,0,0.1032,Low,993165
KE041,Siaya,2007-07,174.12422,116.66857,,,0,0,0.1032,Low,993165
KE041,Siaya,2007-08,110.86462833333333,75.45101,,,0,0,0.1032,Low,993165
KE041,Siaya,2007-09,120.74056833333334,83.62747,,,0,0,0.1032,Low,993165
KE041,Siaya,2007-10,75.08735683333333,30.359884,,,0,0,0.1032,Low,993165
KE041,Siaya,2007-11,86.5219795,41.062454,,,1,0,0.1032,Low,993165
KE041,Siaya,2007-12,74.41135949999999,27.81131,,,2,2,0.1032,Low,993165
KE041,Siaya,2008-01,80.60083916666666,32.81802,,,1,6,0.1032,Low,993165
KE041,Siaya,2008-02,104.83474216666667,39.683975,,,0,0,0.1032,Low,993165
KE041,Siaya,2008-03,95.52506166666667,31.802935,,,0,0,0.1032,Low,993165
KE041,Siaya,2008-04,78.63735150000001,40.10959,,,0,0,0.1032,Low,993165
KE041,Siaya,2008-05,102.149541,73.054016,,,0,0,0.1032,Low,993165
KE041,Siaya,2008-06,89.59437100000001,31.083506,,,0,0,0.1032,Low,993165
KE041,Siaya,2008-07,170.010805,118.44618,,,0,0,0.1032,Low,993165
KE041,Siaya,2008-08,117.3291425,87.66653,,,0,0,0.1032,Low,993165
KE041,Siaya,2008-09,114.97682733333333,81.17309,,,0,0,0.1032,Low,993165
KE041,Siaya,2008-10,121.77178733333334,106.17432,,,0,0,0.1032,Low,993165
KE041,Siaya,2008-11,82.24609966666667,15.066114,,,0,0,0.1032,Low,993165
KE041,Siaya,2008-12,48.61239583333333,37.20443,,,0,0,0.1032,Low,993165
KE041,Siaya,2009-01,120.72523999999999,29.51529,,,0,0,0.1032,Low,993165
KE041,Siaya,2009-02,86.11889383333333,29.298729,,,0,0,0.1032,Low,993165
KE041,Siaya,2009-03,57.32010766666667,45.918373,,,0,0,0.1032,Low,993165
KE041,Siaya,2009-04,124.93777833333333,89.20026,,,0,0,0.1032,Low,993165
KE041,Siaya,2009-05,83.50849766666666,35.707623,,,0,0,0.1032,Low,993165
KE041,Siaya,2009-06,54.40403916666667,32.960407,,,0,0,0.1032,Low,993165
KE041,Siaya,2009-07,64.67629833333334,60.330315,,,0,0,0.1032,Low,993165
KE041,Siaya,2009-08,86.13575666666667,66.84923,,,0,0,0.1032,Low,993165
KE041,Siaya,2009-09,134.204735,113.86047,,,0,0,0.1032,Low,993165
KE041,Siaya,2009-10,73.2901515,55.242085,,,0,0,0.1032,Low,993165
KE041,Siaya,2009-11,93.06917166666666,61.34372,,,0,0,0.1032,Low,993165
KE041,Siaya,2009-12,155.41135333333332,129.0516,,,0,0,0.1032,Low,993165
KE041,Siaya,2010-01,101.45006783333334,33.343,,,0,0,0.1032,Low,993165
KE041,Siaya,2010-02,200.02695749999998,82.75557,,,0,0,0.1032,Low,993165
KE041,Siaya,2010-03,134.25672266666666,67.710526,,,0,0,0.1032,Low,993165
KE041,Siaya,2010-04,93.41512766666666,53.262978,,,0,0,0.1032,Low,993165
KE041,Siaya,2010-05,108.722218,88.347496,,,0,0,0.1032,Low,993165
KE041,Siaya,2010-06,113.64979916666665,92.08764,,,0,0,0.1032,Low,993165
KE041,Siaya,2010-07,79.969137,63.201183,,,0,0,0.1032,Low,993165
KE041,Siaya,2010-08,109.601474,73.50729,,,0,0,0.1032,Low,993165
KE041,Siaya,2010-09,107.46576866666668,45.17304,,,0,0,0.1032,Low,993165
KE041,Siaya,2010-10,89.415975,78.37285,,,0,0,0.1032,Low,993165
KE041,Siaya,2010-11,56.828331,34.66979,,,0,0,0.1032,Low,993165
KE041,Siaya,2010-12,80.9012565,27.470545,,,0,0,0.1032,Low,993165
KE041,Siaya,2011-01,63.66565966666667,42.181175,,,0,0,0.1032,Low,993165
KE041,Siaya,2011-02,68.85788666666666,30.713867,,,0,0,0.1032,Low,993165
KE041,Siaya,2011-03,83.3549765,46.78524,,,0,0,0.1032,Low,993165
KE041,Siaya,2011-04,57.462506999999995,27.060062,,,0,0,0.1032,Low,993165
KE041,Siaya,2011-05,94.24110333333333,67.84452,,,0,0,0.1032,Low,993165
KE041,Siaya,2011-06,118.21374916666667,90.64112,,,0,0,0.1032,Low,993165
KE041,Siaya,2011-07,107.61286566666666,60.52782,,,0,0,0.1032,Low,993165
KE041,Siaya,2011-08,185.22984,95.61278,,,0,0,0.1032,Low,993165
KE041,Siaya,2011-09,93.29616833333334,71.64692,,,0,0,0.1032,Low,993165
KE041,Siaya,2011-10,126.10805750000002,102.3607,,,0,0,0.1032,Low,993165
KE041,Siaya,2011-11,177.11631283333335,61.959827,,,0,0,0.1032,Low,993165
KE041,Siaya,2011-12,79.65473666666666,35.10212,,,0,0,0.1032,Low,993165
KE041,Siaya,2012-01,37.3395305,32.01562,,,0,0,0.1032,Low,993165
KE041,Siaya,2012-02,66.39409683333334,27.841536,,,5,7,0.1032,Low,993165
KE041,Siaya,2012-03,67.43530916666667,15.784599,,,0,0,0.1032,Low,993165
KE041,Siaya,2012-04,115.61941999999999,66.891464,,,0,0,0.1032,Low,993165
KE041,Siaya,2012-05,105.44021500000001,69.653824,,,0,0,0.1032,Low,993165
KE041,Siaya,2012-06,153.31204499999998,62.16701,,,0,0,0.1032,Low,993165
KE041,Siaya,2012-07,116.980369,86.87695,,,0,0,0.1032,Low,993165
KE041,Siaya,2012-08,113.23993083333333,102.36356,,,1,0,0.1032,Low,993165
KE041,Siaya,2012-09,150.37385,115.62384,,,0,0,0.1032,Low,993165
KE041,Siaya,2012-10,111.34460066666668,74.094864,,,0,0,0.1032,Low,993165
KE041,Siaya,2012-11,120.84822750000001,75.2365,,,0,0,0.1032,Low,993165
KE041,Siaya,2012-12,203.14246666666668,85.56237,,,0,0,0.1032,Low,993165
KE041,Siaya,2013-01,91.36519366666668,46.10032,,,0,0,0.1032,Low,993165
KE041,Siaya,2013-02,77.13929016666667,34.056877,,,0,0,0.1032,Low,993165
KE041,Siaya,2013-03,117.4434005,63.100327,,,0,0,0.1032,Low,993165
KE041,Siaya,2013-04,131.0636775,103.33189,,,0,0,0.1032,Low,993165
KE041,Siaya,2013-05,76.1377735,40.585564,,,0,0,0.1032,Low,993165
KE041,Siaya,2013-06,84.34273766666666,63.95303,,,0,0,0.1032,Low,993165
KE041,Siaya,2013-07,86.92083483333333,47.50371,,,0,0,0.1032,Low,993165
KE041,Siaya,2013-08,106.96513499999999,90.76064,,,0,0,0.1032,Low,993165
KE041,Siaya,2013-09,127.40658933333333,70.62808,,,0,0,0.1032,Low,993165
KE041,Siaya,2013-10,94.20277516666665,45.795666,,,0,0,0.1032,Low,993165
KE041,Siaya,2013-11,85.67317783333333,45.871883,,,0,0,0.1032,Low,993165
KE041,Siaya,2013-12,103.15339666666667,66.71585,,,1,0,0.1032,Low,993165
KE041,Siaya,2014-01,91.61802266666666,44.51593,,,0,0,0.1032,Low,993165
KE041,Siaya,2014-02,118.46231583333334,76.502235,,,0,0,0.1032,Low,993165
KE041,Siaya,2014-03,86.29926566666666,22.611336,,,0,0,0.1032,Low,993165
KE041,Siaya,2014-04,68.41693616666667,28.614082,,,0,0,0.1032,Low,993165
KE041,Siaya,2014-05,120.98769066666667,103.03887,,,0,0,0.1032,Low,993165
KE041,Siaya,2014-06,110.73187566666667,38.853134,,,0,0,0.1032,Low,993165
KE041,Siaya,2014-07,108.670459,74.69797,,,0,0,0.1032,Low,993165
KE041,Siaya,2014-08,171.23662666666667,128.00702,,,0,0,0.1032,Low,993165
KE041,Siaya,2014-09,108.82703916666667,76.399765,,,0,0,0.1032,Low,993165
KE041,Siaya,2014-10,141.86044,118.92331,,,0,0,0.1032,Low,993165
KE041,Siaya,2014-11,93.76911383333334,52.381165,,,0,0,0.1032,Low,993165
KE041,Siaya,2014-12,92.70486766666666,55.13801,,,0,0,0.1032,Low,993165
KE041,Siaya,2015-01,32.98437933333333,25.44216,,,0,0,0.1032,Low,993165
KE041,Siaya,2015-02,62.43828516666667,24.922663,,,0,0,0.1032,Low,993165
KE041,Siaya,2015-03,62.94773333333334,11.848097,,,0,0,0.1032,Low,993165
KE041,Siaya,2015-04,124.53850433333332,94.46794,,,0,0,0.1032,Low,993165
KE041,Siaya,2015-05,122.4773985,96.0685,,,0,0,0.1032,Low,993165
KE041,Siaya,2015-06,151.59873733333333,98.261444,,,0,0,0.1032,Low,993165
KE041,Siaya,2015-07,76.40011116666666,55.260265,,,0,0,0.1032,Low,993165
KE041,Siaya,2015-08,51.66798433333333,32.366467,,,0,0,0.1032,Low,993165
KE041,Siaya,2015-09,123.30663166666666,88.39254,,,0,0,0.1032,Low,993165
KE041,Siaya,2015-10,171.0520316666667,99.32961,,,0,0,0.1032,Low,993165
KE041,Siaya,2015-11,168.604804,82.916794,,,0,0,0.1032,Low,993165
KE041,Siaya,2015-12,151.13575066666667,54.649174,,,0,0,0.1032,Low,993165
KE041,Siaya,2016-01,121.67023733333333,68.604904,,,0,0,0.1032,Low,993165
KE041,Siaya,2016-02,51.942692666666666,38.99715,,,0,0,0.1032,Low,993165
KE041,Siaya,2016-03,65.37054166666667,21.882317,,,0,0,0.1032,Low,993165
KE041,Siaya,2016-04,155.246826,107.178406,,,0,0,0.1032,Low,993165
KE041,Siaya,2016-05,103.67278416666666,44.930668,,,0,0,0.1032,Low,993165
KE041,Siaya,2016-06,79.97790616666667,52.409405,,,0,0,0.1032,Low,993165
KE041,Siaya,2016-07,76.19433033333333,47.631046,,,0,0,0.1032,Low,993165
KE041,Siaya,2016-08,58.133844333333336,32.35767,,,0,0,0.1032,Low,993165
KE041,Siaya,2016-09,69.89951383333333,52.867805,,,0,0,0.1032,Low,993165
KE041,Siaya,2016-10,65.98849233333333,32.406616,,,0,0,0.1032,Low,993165
KE041,Siaya,2016-11,84.87069366666667,62.523556,,,0,0,0.1032,Low,993165
KE041,Siaya,2016-12,30.866741666666666,20.83448,,,0,0,0.1032,Low,993165
KE041,Siaya,2017-01,80.518503,26.891855,,,0,0,0.1032,Low,993165
KE041,Siaya,2017-02,256.539135,91.83216,,,0,0,0.1032,Low,993165
KE041,Siaya,2017-03,71.32880066666667,32.308475,,,2,0,0.1032,Low,993165
KE041,Siaya,2017-04,94.11931666666668,57.748825,,,0,0,0.1032,Low,993165
KE041,Siaya,2017-05,125.53773883333334,57.465233,,,0,0,0.1032,Low,993165
KE041,Siaya,2017-06,92.67349,67.71627,,,0,0,0.1032,Low,993165
KE041,Siaya,2017-07,149.95334766666667,101.836136,,,1,0,0.1032,Low,993165
KE041,Siaya,2017-08,130.19179666666665,115.5642,,,0,0,0.1032,Low,993165
KE041,Siaya,2017-09,115.645225,91.98076,,,0,0,0.1032,Low,993165
KE041,Siaya,2017-10,106.62675066666667,79.09504,,,0,0,0.1032,Low,993165
KE041,Siaya,2017-11,88.29681333333333,43.87555,,,0,0,0.1032,Low,993165
KE041,Siaya,2017-12,36.92471916666667,27.238071,,,0,0,0.1032,Low,993165
KE041,Siaya,2018-01,55.02688833333334,40.76174,,,0,0,0.1032,Low,993165
KE041,Siaya,2018-02,110.01621933333335,31.733358,,,0,0,0.1032,Low,993165
KE041,Siaya,2018-03,147.065539,93.001884,,,0,0,0.1032,Low,993165
KE041,Siaya,2018-04,128.32684066666667,93.908104,,,0,0,0.1032,Low,993165
KE041,Siaya,2018-05,127.03694833333334,100.03064,,,0,0,0.1032,Low,993165
KE041,Siaya,2018-06,107.92504433333333,69.108376,,,0,0,0.1032,Low,993165
KE041,Siaya,2018-07,82.20154583333333,67.72163,,,0,0,0.1032,Low,993165
KE041,Siaya,2018-08,96.99734416666666,48.194965,,,0,0,0.1032,Low,993165
KE041,Siaya,2018-09,60.033107333333334,53.414898,,,0,0,0.1032,Low,993165
KE041,Siaya,2018-10,141.898655,104.98274,,,0,0,0.1032,Low,993165
KE041,Siaya,2018-11,61.087574499999995,14.644652,,,0,0,0.1032,Low,993165
KE041,Siaya,2018-12,149.61379333333332,85.07413,,,1,1,0.1032,Low,993165
KE041,Siaya,2019-01,47.021567,32.686516,,,0,0,0.1032,Low,993165
KE041,Siaya,2019-02,136.91169966666666,28.889334,,,0,0,0.1032,Low,993165
KE041,Siaya,2019-03,85.4502185,13.276045,,,0,0,0.1032,Low,993165
KE041,Siaya,2019-04,75.18537983333333,33.863014,,,0,0,0.1032,Low,993165
KE041,Siaya,2019-05,111.13464700000002,78.81936,,,0,0,0.1032,Low,993165
KE041,Siaya,2019-06,107.57078249999999,59.06529,,,0,0,0.1032,Low,993165
KE041,Siaya,2019-07,127.558295,48.182354,,,0,0,0.1032,Low,993165
KE041,Siaya,2019-08,108.370725,68.07048,,,0,0,0.1032,Low,993165
KE041,Siaya,2019-09,113.27102500000001,64.43263,,,0,0,0.1032,Low,993165
KE041,Siaya,2019-10,242.54271000000003,189.03348,,,0,0,0.1032,Low,993165
KE041,Siaya,2019-11,138.97230333333331,49.0617,,,0,0,0.1032,Low,993165
KE041,Siaya,2019-12,187.141295,105.05759,,,0,0,0.1032,Low,993165
KE041,Siaya,2020-01,175.9465981666667,66.59891,,,0,0,0.1032,Low,993165
KE041,Siaya,2020-02,129.04534266666667,97.05204,,,0,0,0.1032,Low,993165
KE041,Siaya,2020-03,193.98221166666667,166.22534,,,0,0,0.1032,Low,993165
KE041,Siaya,2020-04,111.844694,46.405304,,,0,0,0.1032,Low,993165
KE041,Siaya,2020-05,90.87412433333334,70.36311,,,0,0,0.1032,Low,993165
KE041,Siaya,2020-06,119.31716483333332,92.277084,,,0,0,0.1032,Low,993165
KE041,Siaya,2020-07,139.82759666666666,122.532364,,,0,0,0.1032,Low,993165
KE041,Siaya,2020-08,134.614605,74.0999,,,0,0,0.1032,Low,993165
KE041,Siaya,2020-09,172.46393166666667,97.3924,,,0,0,0.1032,Low,993165
KE041,Siaya,2020-10,156.19257833333333,136.36363,,,0,0,0.1032,Low,993165
KE041,Siaya,2020-11,287.55382166666664,196.99974,,,1,0,0.1032,Low,993165
KE041,Siaya,2020-12,75.81929316666667,56.074768,,,0,0,0.1032,Low,993165
KE041,Siaya,2021-01,110.0675125,78.83678,,,0,0,0.1032,Low,993165
KE041,Siaya,2021-02,126.26414,42.58557,,,0,0,0.1032,Low,993165
KE041,Siaya,2021-03,80.65000733333333,57.465096,,,0,0,0.1032,Low,993165
KE041,Siaya,2021-04,136.83695,78.3423,,,0,0,0.1032,Low,993165
KE041,Siaya,2021-05,119.96601299999999,35.207798,,,0,0,0.1032,Low,993165
KE041,Siaya,2021-06,79.5965805,40.29611,,,0,0,0.1032,Low,993165
KE041,Siaya,2021-07,72.02223416666666,35.820423,,,0,0,0.1032,Low,993165
KE041,Siaya,2021-08,106.54822933333332,87.230286,,,0,0,0.1032,Low,993165
KE041,Siaya,2021-09,142.44733166666666,137.26802,,,0,0,0.1032,Low,993165
KE041,Siaya,2021-10,106.7837275,68.00115,,,0,0,0.1032,Low,993165
KE041,Siaya,2021-11,65.87591583333334,32.51425,,,0,0,0.1032,Low,993165
KE041,Siaya,2021-12,73.37906650000001,41.91065,,,0,0,0.1032,Low,993165
KE041,Siaya,2022-01,176.17445266666667,43.249176,,,0,0,0.1032,Low,993165
KE041,Siaya,2022-02,273.1594416666666,161.2863,,,0,0,0.1032,Low,993165
KE041,Siaya,2022-03,83.46547183333332,19.210442,,,0,0,0.1032,Low,993165
KE041,Siaya,2022-04,83.97643216666667,21.44573,,,1,0,0.1032,Low,993165
KE041,Siaya,2022-05,113.064475,46.697903,,,0,0,0.1032,Low,993165
KE041,Siaya,2022-06,88.2234165,71.020096,,,1,0,0.1032,Low,993165
KE041,Siaya,2022-07,81.97806333333334,66.04585,,,0,0,0.1032,Low,993165
KE041,Siaya,2022-08,145.66126,85.30452,,,0,0,0.1032,Low,993165
KE041,Siaya,2022-09,127.03363583333334,99.48053,,,0,0,0.1032,Low,993165
KE041,Siaya,2022-10,65.75206916666667,39.193558,,,0,0,0.1032,Low,993165
KE041,Siaya,2022-11,119.41867733333333,105.772484,,,0,0,0.1032,Low,993165
KE041,Siaya,2022-12,180.54145833333334,156.11601,,,0,0,0.1032,Low,993165
KE041,Siaya,2023-01,48.35961766666667,38.99681,,,0,0,0.1032,Low,993165
KE041,Siaya,2023-02,46.72031483333333,24.483429,,,0,0,0.1032,Low,993165
KE041,Siaya,2023-03,154.38137749999999,63.238205,,,0,0,0.1032,Low,993165
KE041,Siaya,2023-04,135.273385,77.70497,,,0,0,0.1032,Low,993165
KE041,Siaya,2023-05,94.74348249999998,74.628975,,,0,0,0.1032,Low,993165
KE041,Siaya,2023-06,143.14437166666667,96.46948,,,0,0,0.1032,Low,993165
KE041,Siaya,2023-07,73.77387183333333,52.413666,,,0,0,0.1032,Low,993165
KE041,Siaya,2023-08,99.34240666666666,63.55824,,,0,0,0.1032,Low,993165
KE041,Siaya,2023-09,138.03991816666667,105.94822,,,0,0,0.1032,Low,993165
KE041,Siaya,2023-10,163.678165,64.938255,,,0,0,0.1032,Low,993165
KE041,Siaya,2023-11,154.67715166666667,125.06647,,,2,3,0.1032,Low,993165
KE041,Siaya,2023-12,96.74732366666667,60.848732,,,0,0,0.1032,Low,993165
KE041,Siaya,2024-01,181.02974666666668,117.5437,,,1,2,0.1032,Low,993165
KE041,Siaya,2024-02,196.05109666666667,155.93732,,,1,0,0.1032,Low,993165
KE041,Siaya,2024-03,88.838984,13.083078,,,1,0,0.1032,Low,993165
KE041,Siaya,2024-04,142.29936566666666,74.769844,,,1,1,0.1032,Low,993165
KE041,Siaya,2024-05,80.38882116666666,48.68498,,,0,0,0.1032,Low,993165
KE041,Siaya,2024-06,76.46960233333333,70.070114,,,0,0,0.1032,Low,993165
KE041,Siaya,2024-07,123.0365255,86.71312,,,1,0,0.1032,Low,993165
KE041,Siaya,2024-08,111.77052733333333,68.022644,,,0,0,0.1032,Low,993165
KE041,Siaya,2024-09,99.3306665,83.62747,,,1,1,0.1032,Low,993165
KE041,Siaya,2024-10,112.34249666666666,85.092995,,,0,0,0.1032,Low,993165
KE041,Siaya,2024-11,184.79235433333335,66.52209,,,0,0,0.1032,Low,993165
KE041,Siaya,2024-12,94.897559,57.402374,,,1,0,0.1032,Low,993165
KE041,Siaya,2025-01,121.06886833333333,64.03124,,,0,0,0.1032,Low,993165
KE041,Siaya,2025-02,46.42606916666667,24.097504,,,0,0,0.1032,Low,993165
KE041,Siaya,2025-03,114.00549433333333,76.79581,,,0,0,0.1032,Low,993165
KE041,Siaya,2025-04,110.71308266666666,67.50777,,,1,9,0.1032,Low,993165
KE041,Siaya,2025-05,149.35479083333334,97.006645,,,0,0,0.1032,Low,993165
KE041,Siaya,2025-06,81.4534475,57.275436,,,1,2,0.1032,Low,993165
KE041,Siaya,2025-07,186.76977883333333,60.057323,,,0,0,0.1032,Low,993165
KE041,Siaya,2025-08,86.79655466666667,54.757698,,,0,0,0.1032,Low,993165
KE041,Siaya,2025-09,87.541487,76.906136,,,0,0,0.1032,Low,993165
KE041,Siaya,2025-10,121.92434166666668,61.743134,,,0,0,0.1032,Low,993165
KE041,Siaya,2025-11,37.49369516666667,13.222731,,,0,0,0.1032,Low,993165
KE041,Siaya,2025-12,160.86123833333332,28.95477,,,0,0,0.1032,Low,993165
KE006,Taita Taveta,2006-01,54.38569666666667,46.95732,,,0,0,0.0793,Low,340664
KE006,Taita Taveta,2006-02,70.33062333333334,48.48009,,,0,0,0.0793,Low,340664
KE006,Taita Taveta,2006-03,134.84146666666666,124.33789,,,0,0,0.0793,Low,340664
KE006,Taita Taveta,2006-04,112.51440000000001,108.56676,,,0,0,0.0793,Low,340664
KE006,Taita Taveta,2006-05,107.48327166666667,77.96895,,,0,0,0.0793,Low,340664
KE006,Taita Taveta,2006-06,97.41298133333333,88.215294,,,0,0,0.0793,Low,340664
KE006,Taita Taveta,2006-07,92.95216,88.17298,,,0,0,0.0793,Low,340664
KE006,Taita Taveta,2006-08,88.11077999999999,83.73626,,,0,0,0.0793,Low,340664
KE006,Taita Taveta,2006-09,127.75116333333334,99.55273,,,0,0,0.0793,Low,340664
KE006,Taita Taveta,2006-10,125.83564666666666,83.89575,,,0,0,0.0793,Low,340664
KE006,Taita Taveta,2006-11,188.01056333333335,81.48083,,,0,0,0.0793,Low,340664
KE006,Taita Taveta,2006-12,180.81325233333337,55.671967,,,0,0,0.0793,Low,340664
KE006,Taita Taveta,2007-01,58.21837366666667,44.860466,,,0,0,0.0793,Low,340664
KE006,Taita Taveta,2007-02,86.59768233333334,55.599167,,,0,0,0.0793,Low,340664
KE006,Taita Taveta,2007-03,79.16755666666667,36.48479,,,0,0,0.0793,Low,340664
KE006,Taita Taveta,2007-04,49.18039133333334,27.178028,,,2,3,0.0793,Low,340664
KE006,Taita Taveta,2007-05,130.99972466666668,64.824554,,,1,0,0.0793,Low,340664
KE006,Taita Taveta,2007-06,100.21025166666668,88.6629,,,0,0,0.0793,Low,340664
KE006,Taita Taveta,2007-07,95.51990533333333,86.63655,,,0,0,0.0793,Low,340664
KE006,Taita Taveta,2007-08,108.99750999999999,99.96007,,,1,1,0.0793,Low,340664
KE006,Taita Taveta,2007-09,96.66761033333334,87.58252,,,0,0,0.0793,Low,340664
KE006,Taita Taveta,2007-10,89.844828,84.1176,,,0,0,0.0793,Low,340664
KE006,Taita Taveta,2007-11,59.312110999999994,44.463493,,,0,0,0.0793,Low,340664
KE006,Taita Taveta,2007-12,90.80638033333332,58.509476,,,0,0,0.0793,Low,340664
KE006,Taita Taveta,2008-01,106.172461,42.185333,,,0,0,0.0793,Low,340664
KE006,Taita Taveta,2008-02,94.39707733333334,61.401222,,,0,0,0.0793,Low,340664
KE006,Taita Taveta,2008-03,237.80967,126.08068,,,0,0,0.0793,Low,340664
KE006,Taita Taveta,2008-04,78.13662166666667,63.87026,,,0,0,0.0793,Low,340664
KE006,Taita Taveta,2008-05,92.92043766666666,63.651783,,,0,0,0.0793,Low,340664
KE006,Taita Taveta,2008-06,107.26852133333334,97.53498,,,0,0,0.0793,Low,340664
KE006,Taita Taveta,2008-07,98.65586866666666,91.934906,,,0,0,0.0793,Low,340664
KE006,Taita Taveta,2008-08,83.19238533333333,80.58424,,,0,0,0.0793,Low,340664
KE006,Taita Taveta,2008-09,95.33978666666667,79.09035,,,0,0,0.0793,Low,340664
KE006,Taita Taveta,2008-10,66.76155366666667,50.485455,,,0,0,0.0793,Low,340664
KE006,Taita Taveta,2008-11,90.45535533333333,44.868896,,,0,0,0.0793,Low,340664
KE006,Taita Taveta,2008-12,39.65973966666667,28.992212,,,0,0,0.0793,Low,340664
KE006,Taita Taveta,2009-01,78.22620166666667,43.514095,,,0,0,0.0793,Low,340664
KE006,Taita Taveta,2009-02,90.58753,74.73676,,,0,0,0.0793,Low,340664
KE006,Taita Taveta,2009-03,54.62263433333334,31.591051,,,0,0,0.0793,Low,340664
KE006,Taita Taveta,2009-04,79.9304,67.87479,,,0,0,0.0793,Low,340664
KE006,Taita Taveta,2009-05,64.52252233333333,60.856743,,,0,0,0.0793,Low,340664
KE006,Taita Taveta,2009-06,117.15460333333334,101.80753,,,0,0,0.0793,Low,340664
KE006,Taita Taveta,2009-07,86.8217,83.63382,,,0,0,0.0793,Low,340664
KE006,Taita Taveta,2009-08,91.70833866666668,89.3955,,,0,0,0.0793,Low,340664
KE006,Taita Taveta,2009-09,79.99506333333333,74.30671,,,0,0,0.0793,Low,340664
KE006,Taita Taveta,2009-10,166.06903,97.46971,,,0,0,0.0793,Low,340664
KE006,Taita Taveta,2009-11,69.53397866666667,57.307686,,,0,0,0.0793,Low,340664
KE006,Taita Taveta,2009-12,177.80355666666665,107.92525,,,0,0,0.0793,Low,340664
KE006,Taita Taveta,2010-01,111.52348233333333,41.22497,,,1,0,0.0793,Low,340664
KE006,Taita Taveta,2010-02,84.28163333333333,62.47462,,,0,0,0.0793,Low,340664
KE006,Taita Taveta,2010-03,113.76552866666667,29.532316,,,0,0,0.0793,Low,340664
KE006,Taita Taveta,2010-04,85.220379,62.240337,,,0,0,0.0793,Low,340664
KE006,Taita Taveta,2010-05,109.63079133333333,64.55398,,,0,0,0.0793,Low,340664
KE006,Taita Taveta,2010-06,95.506355,91.65032,,,0,0,0.0793,Low,340664
KE006,Taita Taveta,2010-07,88.02306833333334,82.24794,,,0,0,0.0793,Low,340664
KE006,Taita Taveta,2010-08,80.226247,79.46997,,,0,0,0.0793,Low,340664
KE006,Taita Taveta,2010-09,90.44509,83.24263,,,0,0,0.0793,Low,340664
KE006,Taita Taveta,2010-10,50.76370766666667,41.903,,,0,0,0.0793,Low,340664
KE006,Taita Taveta,2010-11,77.55055,45.56267,,,0,0,0.0793,Low,340664
KE006,Taita Taveta,2010-12,65.073336,26.451462,,,0,0,0.0793,Low,340664
KE006,Taita Taveta,2011-01,53.41000333333333,47.340763,,,0,0,0.0793,Low,340664
KE006,Taita Taveta,2011-02,131.21059,67.98605,,,0,0,0.0793,Low,340664
KE006,Taita Taveta,2011-03,76.855349,36.277367,,,0,0,0.0793,Low,340664
KE006,Taita Taveta,2011-04,64.454325,46.30032,,,0,0,0.0793,Low,340664
KE006,Taita Taveta,2011-05,103.84974833333332,87.782135,,,1,0,0.0793,Low,340664
KE006,Taita Taveta,2011-06,84.70921666666666,81.43879,,,0,0,0.0793,Low,340664
KE006,Taita Taveta,2011-07,86.691438,84.70023,,,0,0,0.0793,Low,340664
KE006,Taita Taveta,2011-08,79.36222666666667,78.64841,,,0,0,0.0793,Low,340664
KE006,Taita Taveta,2011-09,110.94871333333333,100.32524,,,0,0,0.0793,Low,340664
KE006,Taita Taveta,2011-10,165.22240333333335,148.36171,,,0,0,0.0793,Low,340664
KE006,Taita Taveta,2011-11,137.30568000000002,116.7155,,,0,0,0.0793,Low,340664
KE006,Taita Taveta,2011-12,68.70111133333334,45.284874,,,0,0,0.0793,Low,340664
KE006,Taita Taveta,2012-01,48.98475066666666,40.972115,,,0,0,0.0793,Low,340664
KE006,Taita Taveta,2012-02,85.80197666666668,64.58598,,,0,0,0.0793,Low,340664
KE006,Taita Taveta,2012-03,48.38533,18.454346,,,0,0,0.0793,Low,340664
KE006,Taita Taveta,2012-04,105.86940333333332,89.942154,,,0,0,0.0793,Low,340664
KE006,Taita Taveta,2012-05,76.30984733333334,50.602627,,,0,0,0.0793,Low,340664
KE006,Taita Taveta,2012-06,82.038218,75.99126,,,0,0,0.0793,Low,340664
KE006,Taita Taveta,2012-07,86.43009,84.59624,,,1,0,0.0793,Low,340664
KE006,Taita Taveta,2012-08,114.66758333333333,106.75745,,,0,0,0.0793,Low,340664
KE006,Taita Taveta,2012-09,86.97109999999999,79.356064,,,0,0,0.0793,Low,340664
KE006,Taita Taveta,2012-10,75.089426,36.687138,,,0,0,0.0793,Low,340664
KE006,Taita Taveta,2012-11,114.84677299999998,45.707134,,,0,0,0.0793,Low,340664
KE006,Taita Taveta,2012-12,121.22885833333333,73.71486,,,0,0,0.0793,Low,340664
KE006,Taita Taveta,2013-01,76.438104,54.158737,,,0,0,0.0793,Low,340664
KE006,Taita Taveta,2013-02,73.97006166666667,50.821537,,,0,0,0.0793,Low,340664
KE006,Taita Taveta,2013-03,121.43711,73.59494,,,0,0,0.0793,Low,340664
KE006,Taita Taveta,2013-04,114.01962199999998,66.9605,,,0,0,0.0793,Low,340664
KE006,Taita Taveta,2013-05,80.192205,77.22491,,,0,0,0.0793,Low,340664
KE006,Taita Taveta,2013-06,90.42319833333333,83.3073,,,0,0,0.0793,Low,340664
KE006,Taita Taveta,2013-07,91.315608,86.36561,,,0,0,0.0793,Low,340664
KE006,Taita Taveta,2013-08,90.76129333333334,83.68008,,,0,0,0.0793,Low,340664
KE006,Taita Taveta,2013-09,113.96219533333334,92.78489,,,1,0,0.0793,Low,340664
KE006,Taita Taveta,2013-10,106.87382666666667,40.40598,,,0,0,0.0793,Low,340664
KE006,Taita Taveta,2013-11,82.73283366666666,45.119587,,,0,0,0.0793,Low,340664
KE006,Taita Taveta,2013-12,127.46285233333333,34.836967,,,0,0,0.0793,Low,340664
KE006,Taita Taveta,2014-01,44.200747,40.267292,,,0,0,0.0793,Low,340664
KE006,Taita Taveta,2014-02,125.642119,56.907307,,,1,1,0.0793,Low,340664
KE006,Taita Taveta,2014-03,145.36245333333332,85.53551,,,0,0,0.0793,Low,340664
KE006,Taita Taveta,2014-04,67.91097666666667,59.70525,,,0,0,0.0793,Low,340664
KE006,Taita Taveta,2014-05,92.69286866666666,70.58393,,,0,0,0.0793,Low,340664
KE006,Taita Taveta,2014-06,105.25334666666667,94.63953,,,0,0,0.0793,Low,340664
KE006,Taita Taveta,2014-07,97.82986133333334,91.29628,,,0,0,0.0793,Low,340664
KE006,Taita Taveta,2014-08,96.74352700000001,94.42706,,,0,0,0.0793,Low,340664
KE006,Taita Taveta,2014-09,123.06449666666667,98.27918,,,0,0,0.0793,Low,340664
KE006,Taita Taveta,2014-10,77.06939333333334,55.518425,,,0,0,0.0793,Low,340664
KE006,Taita Taveta,2014-11,113.02710333333334,64.10722,,,0,0,0.0793,Low,340664
KE006,Taita Taveta,2014-12,123.08323666666666,58.71814,,,0,0,0.0793,Low,340664
KE006,Taita Taveta,2015-01,44.09478133333334,40.197964,,,0,0,0.0793,Low,340664
KE006,Taita Taveta,2015-02,77.89413233333333,60.449387,,,0,0,0.0793,Low,340664
KE006,Taita Taveta,2015-03,88.98566,45.95037,,,0,0,0.0793,Low,340664
KE006,Taita Taveta,2015-04,133.50879333333333,70.15219,,,0,0,0.0793,Low,340664
KE006,Taita Taveta,2015-05,129.24567666666667,73.18265,,,0,0,0.0793,Low,340664
KE006,Taita Taveta,2015-06,92.02715966666666,83.103424,,,0,0,0.0793,Low,340664
KE006,Taita Taveta,2015-07,115.63077833333334,108.09839,,,0,0,0.0793,Low,340664
KE006,Taita Taveta,2015-08,87.92649,86.55531,,,0,0,0.0793,Low,340664
KE006,Taita Taveta,2015-09,101.23989333333334,93.68478,,,0,0,0.0793,Low,340664
KE006,Taita Taveta,2015-10,142.338932,45.127346,,,0,0,0.0793,Low,340664
KE006,Taita Taveta,2015-11,150.37378999999999,72.08899,,,0,0,0.0793,Low,340664
KE006,Taita Taveta,2015-12,97.93069566666667,38.457054,,,0,0,0.0793,Low,340664
KE006,Taita Taveta,2016-01,147.81688999999997,110.55307,,,0,0,0.0793,Low,340664
KE006,Taita Taveta,2016-02,91.02894933333334,58.414314,,,0,0,0.0793,Low,340664
KE006,Taita Taveta,2016-03,62.694175,18.957989,,,0,0,0.0793,Low,340664
KE006,Taita Taveta,2016-04,117.72922833333332,86.55901,,,0,0,0.0793,Low,340664
KE006,Taita Taveta,2016-05,84.28472633333332,68.347565,,,0,0,0.0793,Low,340664
KE006,Taita Taveta,2016-06,91.99170666666667,90.421135,,,0,0,0.0793,Low,340664
KE006,Taita Taveta,2016-07,90.05676133333333,86.16359,,,0,0,0.0793,Low,340664
KE006,Taita Taveta,2016-08,117.12893666666666,116.30626,,,0,0,0.0793,Low,340664
KE006,Taita Taveta,2016-09,87.13784633333334,82.468094,,,0,0,0.0793,Low,340664
KE006,Taita Taveta,2016-10,85.08103999999999,56.90706,,,0,0,0.0793,Low,340664
KE006,Taita Taveta,2016-11,82.735271,60.225533,,,0,0,0.0793,Low,340664
KE006,Taita Taveta,2016-12,79.47229066666667,48.567722,,,0,0,0.0793,Low,340664
KE006,Taita Taveta,2017-01,63.25608466666667,47.47667,,,0,0,0.0793,Low,340664
KE006,Taita Taveta,2017-02,97.35383300000001,75.809845,,,0,0,0.0793,Low,340664
KE006,Taita Taveta,2017-03,49.28210633333333,41.770576,,,0,0,0.0793,Low,340664
KE006,Taita Taveta,2017-04,89.81564066666665,39.797012,,,1,2,0.0793,Low,340664
KE006,Taita Taveta,2017-05,128.67086,89.1675,,,0,0,0.0793,Low,340664
KE006,Taita Taveta,2017-06,93.63545366666666,90.274086,,,0,0,0.0793,Low,340664
KE006,Taita Taveta,2017-07,88.18740666666667,85.94518,,,0,0,0.0793,Low,340664
KE006,Taita Taveta,2017-08,151.88012666666665,148.23279,,,0,0,0.0793,Low,340664
KE006,Taita Taveta,2017-09,110.37509833333336,90.83683,,,0,0,0.0793,Low,340664
KE006,Taita Taveta,2017-10,67.063874,53.896416,,,0,0,0.0793,Low,340664
KE006,Taita Taveta,2017-11,116.74605333333334,90.35155,,,1,2,0.0793,Low,340664
KE006,Taita Taveta,2017-12,63.584058,29.805586,,,0,0,0.0793,Low,340664
KE006,Taita Taveta,2018-01,69.713599,39.152397,,,0,0,0.0793,Low,340664
KE006,Taita Taveta,2018-02,62.41049833333333,54.82771,,,0,0,0.0793,Low,340664
KE006,Taita Taveta,2018-03,252.25303999999997,40.82452,,,0,0,0.0793,Low,340664
KE006,Taita Taveta,2018-04,159.61226666666667,80.36936,,,0,0,0.0793,Low,340664
KE006,Taita Taveta,2018-05,95.09666333333332,81.74595,,,0,0,0.0793,Low,340664
KE006,Taita Taveta,2018-06,127.46031333333333,113.49057,,,0,0,0.0793,Low,340664
KE006,Taita Taveta,2018-07,145.39192666666668,136.1624,,,0,0,0.0793,Low,340664
KE006,Taita Taveta,2018-08,102.93268133333333,93.21617,,,0,0,0.0793,Low,340664
KE006,Taita Taveta,2018-09,134.00469999999999,115.46489,,,0,0,0.0793,Low,340664
KE006,Taita Taveta,2018-10,157.34151,127.17074,,,0,0,0.0793,Low,340664
KE006,Taita Taveta,2018-11,63.226772000000004,46.03783,,,0,0,0.0793,Low,340664
KE006,Taita Taveta,2018-12,150.03196533333335,42.736256,,,0,0,0.0793,Low,340664
KE006,Taita Taveta,2019-01,92.25576733333332,58.615772,,,0,0,0.0793,Low,340664
KE006,Taita Taveta,2019-02,104.73547333333333,66.85976,,,0,0,0.0793,Low,340664
KE006,Taita Taveta,2019-03,30.535942333333335,22.12799,,,0,0,0.0793,Low,340664
KE006,Taita Taveta,2019-04,100.77720566666666,50.74128,,,0,0,0.0793,Low,340664
KE006,Taita Taveta,2019-05,152.187168,127.274704,,,1,1,0.0793,Low,340664
KE006,Taita Taveta,2019-06,121.48285,112.34497,,,0,0,0.0793,Low,340664
KE006,Taita Taveta,2019-07,135.27106333333333,125.72982,,,0,0,0.0793,Low,340664
KE006,Taita Taveta,2019-08,154.3188,134.01149,,,0,0,0.0793,Low,340664
KE006,Taita Taveta,2019-09,145.30727666666667,129.4673,,,2,2,0.0793,Low,340664
KE006,Taita Taveta,2019-10,315.29069666666663,254.43292,,,0,0,0.0793,Low,340664
KE006,Taita Taveta,2019-11,150.03275666666664,103.29634,,,1,1,0.0793,Low,340664
KE006,Taita Taveta,2019-12,211.55687333333333,85.74819,,,1,1,0.0793,Low,340664
KE006,Taita Taveta,2020-01,291.89902666666666,157.53351,,,0,0,0.0793,Low,340664
KE006,Taita Taveta,2020-02,132.73857666666666,80.89489,,,0,0,0.0793,Low,340664
KE006,Taita Taveta,2020-03,192.81007333333332,101.21723,,,0,0,0.0793,Low,340664
KE006,Taita Taveta,2020-04,151.99691833333333,85.434875,,,0,0,0.0793,Low,340664
KE006,Taita Taveta,2020-05,68.32664133333334,62.63792,,,1,0,0.0793,Low,340664
KE006,Taita Taveta,2020-06,124.31645666666667,115.89441,,,0,0,0.0793,Low,340664
KE006,Taita Taveta,2020-07,127.41841733333332,119.897606,,,0,0,0.0793,Low,340664
KE006,Taita Taveta,2020-08,100.84552000000001,95.85211,,,0,0,0.0793,Low,340664
KE006,Taita Taveta,2020-09,122.59668333333333,112.0096,,,0,0,0.0793,Low,340664
KE006,Taita Taveta,2020-10,60.75557966666667,56.111614,,,0,0,0.0793,Low,340664
KE006,Taita Taveta,2020-11,132.41641666666666,71.43541,,,0,0,0.0793,Low,340664
KE006,Taita Taveta,2020-12,90.77411266666667,38.528038,,,0,0,0.0793,Low,340664
KE006,Taita Taveta,2021-01,125.83960133333333,41.48546,,,0,0,0.0793,Low,340664
KE006,Taita Taveta,2021-02,135.75312466666665,94.172104,,,0,0,0.0793,Low,340664
KE006,Taita Taveta,2021-03,33.165811999999995,24.518196,,,0,0,0.0793,Low,340664
KE006,Taita Taveta,2021-04,82.20035133333333,56.951054,,,0,0,0.0793,Low,340664
KE006,Taita Taveta,2021-05,110.25156533333332,69.821976,,,0,0,0.0793,Low,340664
KE006,Taita Taveta,2021-06,86.58620466666667,79.7228,,,0,0,0.0793,Low,340664
KE006,Taita Taveta,2021-07,114.825585,107.41509,,,0,0,0.0793,Low,340664
KE006,Taita Taveta,2021-08,102.06137333333334,101.05551,,,0,0,0.0793,Low,340664
KE006,Taita Taveta,2021-09,86.92691466666668,75.119064,,,0,0,0.0793,Low,340664
KE006,Taita Taveta,2021-10,62.07423666666667,52.470196,,,0,0,0.0793,Low,340664
KE006,Taita Taveta,2021-11,61.705527,40.569557,,,0,0,0.0793,Low,340664
KE006,Taita Taveta,2021-12,153.24274333333332,86.06264,,,0,0,0.0793,Low,340664
KE006,Taita Taveta,2022-01,78.600146,40.140194,,,0,0,0.0793,Low,340664
KE006,Taita Taveta,2022-02,132.09906533333333,112.252556,,,0,0,0.0793,Low,340664
KE006,Taita Taveta,2022-03,40.271405666666666,27.535168,,,0,0,0.0793,Low,340664
KE006,Taita Taveta,2022-04,90.484756,35.975483,,,0,0,0.0793,Low,340664
KE006,Taita Taveta,2022-05,75.10509666666667,65.26471,,,0,0,0.0793,Low,340664
KE006,Taita Taveta,2022-06,114.54047333333334,104.08175,,,0,0,0.0793,Low,340664
KE006,Taita Taveta,2022-07,113.98305133333334,109.68659,,,0,0,0.0793,Low,340664
KE006,Taita Taveta,2022-08,90.18663566666667,87.400246,,,0,0,0.0793,Low,340664
KE006,Taita Taveta,2022-09,85.75441333333333,83.72678,,,0,0,0.0793,Low,340664
KE006,Taita Taveta,2022-10,53.76192366666667,42.68876,,,0,0,0.0793,Low,340664
KE006,Taita Taveta,2022-11,100.36738533333335,90.97642,,,0,0,0.0793,Low,340664
KE006,Taita Taveta,2022-12,72.18426533333333,55.468796,,,0,0,0.0793,Low,340664
KE006,Taita Taveta,2023-01,71.98512566666666,41.711967,,,0,0,0.0793,Low,340664
KE006,Taita Taveta,2023-02,57.76729733333334,49.955338,,,0,0,0.0793,Low,340664
KE006,Taita Taveta,2023-03,44.742176666666666,26.79545,,,0,0,0.0793,Low,340664
KE006,Taita Taveta,2023-04,174.50261133333333,62.040474,,,0,0,0.0793,Low,340664
KE006,Taita Taveta,2023-05,78.41191466666668,59.55534,,,0,0,0.0793,Low,340664
KE006,Taita Taveta,2023-06,142.21234333333334,128.02312,,,0,0,0.0793,Low,340664
KE006,Taita Taveta,2023-07,130.21725999999998,128.2953,,,0,0,0.0793,Low,340664
KE006,Taita Taveta,2023-08,117.29502166666667,105.261925,,,0,0,0.0793,Low,340664
KE006,Taita Taveta,2023-09,102.30357299999999,99.500244,,,1,0,0.0793,Low,340664
KE006,Taita Taveta,2023-10,139.75546,108.75815,,,0,0,0.0793,Low,340664
KE006,Taita Taveta,2023-11,265.84298333333334,214.98291,,,0,0,0.0793,Low,340664
KE006,Taita Taveta,2023-12,120.00606333333333,105.17275,,,0,0,0.0793,Low,340664
KE006,Taita Taveta,2024-01,108.271733,62.547695,,,0,0,0.0793,Low,340664
KE006,Taita Taveta,2024-02,184.15724666666665,77.985,,,0,0,0.0793,Low,340664
KE006,Taita Taveta,2024-03,143.13385,119.50363,154.0,53.0,0,0,0.0793,Low,340664
KE006,Taita Taveta,2024-04,93.03014366666666,86.003456,,,0,0,0.0793,Low,340664
KE006,Taita Taveta,2024-05,61.091456666666666,53.38224,,,0,0,0.0793,Low,340664
KE006,Taita Taveta,2024-06,96.87335866666666,80.108826,,,0,0,0.0793,Low,340664
KE006,Taita Taveta,2024-07,80.63864666666667,77.32039,,,0,0,0.0793,Low,340664
KE006,Taita Taveta,2024-08,96.12911666666666,93.42786,,,0,0,0.0793,Low,340664
KE006,Taita Taveta,2024-09,78.716755,70.88496,,,1,0,0.0793,Low,340664
KE006,Taita Taveta,2024-10,56.705028,45.35766,,,0,0,0.0793,Low,340664
KE006,Taita Taveta,2024-11,121.32041666666667,65.04172,,,0,0,0.0793,Low,340664
KE006,Taita Taveta,2024-12,125.48246533333334,86.51189,,,0,0,0.0793,Low,340664
KE006,Taita Taveta,2025-01,132.05016766666668,56.763607,,,1,0,0.0793,Low,340664
KE006,Taita Taveta,2025-02,56.77130333333333,53.72412,,,0,0,0.0793,Low,340664
KE006,Taita Taveta,2025-03,89.15880333333332,57.15391,,,0,0,0.0793,Low,340664
KE006,Taita Taveta,2025-04,146.70489666666666,94.10862,,,0,0,0.0793,Low,340664
KE006,Taita Taveta,2025-05,83.66330333333333,60.92601,,,0,0,0.0793,Low,340664
KE006,Taita Taveta,2025-06,108.06832333333334,99.0917,,,0,0,0.0793,Low,340664
KE006,Taita Taveta,2025-07,81.48530066666667,80.265366,,,0,0,0.0793,Low,340664
KE006,Taita Taveta,2025-08,98.06767133333334,95.882324,,,0,0,0.0793,Low,340664
KE006,Taita Taveta,2025-09,91.04764999999999,79.62685,,,0,0,0.0793,Low,340664
KE006,Taita Taveta,2025-10,73.764899,46.712257,,,0,0,0.0793,Low,340664
KE006,Taita Taveta,2025-11,34.014253333333336,24.669886,,,0,0,0.0793,Low,340664
KE006,Taita Taveta,2025-12,75.146374,28.607632,,,0,0,0.0793,Low,340664
KE004,Tana River,2006-01,77.06748,69.63085,,,0,0,0.378,High,315941
KE004,Tana River,2006-02,90.81317999999999,85.56154,,,0,0,0.378,High,315941
KE004,Tana River,2006-03,83.32365333333333,60.29433,,,0,0,0.378,High,315941
KE004,Tana River,2006-04,96.48518666666666,66.38394,,,0,0,0.378,High,315941
KE004,Tana River,2006-05,109.65707100000002,63.853233,,,0,0,0.378,High,315941
KE004,Tana River,2006-06,95.91095,84.95799,,,0,0,0.378,High,315941
KE004,Tana River,2006-07,94.23953333333333,85.95391,,,0,0,0.378,High,315941
KE004,Tana River,2006-08,100.91749633333335,97.391304,,,0,0,0.378,High,315941
KE004,Tana River,2006-09,149.30243,96.110085,,,0,0,0.378,High,315941
KE004,Tana River,2006-10,145.95938999999998,84.89749,,,0,0,0.378,High,315941
KE004,Tana River,2006-11,179.1908,147.6804,,,0,0,0.378,High,315941
KE004,Tana River,2006-12,185.28311799999997,48.175274,,,0,0,0.378,High,315941
KE004,Tana River,2007-01,88.72103666666668,81.9293,,,1,0,0.378,High,315941
KE004,Tana River,2007-02,93.86934000000001,85.84959,,,0,0,0.378,High,315941
KE004,Tana River,2007-03,79.86773766666667,45.771893,,,0,0,0.378,High,315941
KE004,Tana River,2007-04,66.41453733333333,28.411282,,,0,0,0.378,High,315941
KE004,Tana River,2007-05,149.39088999999998,87.77522,,,0,0,0.378,High,315941
KE004,Tana River,2007-06,96.04873666666667,85.28888,,,0,0,0.378,High,315941
KE004,Tana River,2007-07,85.23488166666667,78.95756,,,0,0,0.378,High,315941
KE004,Tana River,2007-08,109.41102000000001,103.99787,,,0,0,0.378,High,315941
KE004,Tana River,2007-09,134.12765833333333,104.918655,,,0,0,0.378,High,315941
KE004,Tana River,2007-10,69.181697,54.914307,,,0,0,0.378,High,315941
KE004,Tana River,2007-11,83.15787633333333,36.013023,,,0,0,0.378,High,315941
KE004,Tana River,2007-12,72.47747700000001,59.90823,,,0,0,0.378,High,315941
KE004,Tana River,2008-01,154.18306333333334,72.21866,,,1,3,0.378,High,315941
KE004,Tana River,2008-02,90.208355,83.24082,,,0,0,0.378,High,315941
KE004,Tana River,2008-03,153.28521466666666,63.869934,,,0,0,0.378,High,315941
KE004,Tana River,2008-04,73.77114566666667,45.739147,,,0,0,0.378,High,315941
KE004,Tana River,2008-05,102.18013466666666,56.340324,,,0,0,0.378,High,315941
KE004,Tana River,2008-06,101.98908,95.73213,,,0,0,0.378,High,315941
KE004,Tana River,2008-07,89.08466,84.13221,,,0,0,0.378,High,315941
KE004,Tana River,2008-08,97.02467833333333,94.172035,,,0,0,0.378,High,315941
KE004,Tana River,2008-09,93.79814533333332,83.700386,,,0,0,0.378,High,315941
KE004,Tana River,2008-10,72.20009566666666,50.408733,,,0,0,0.378,High,315941
KE004,Tana River,2008-11,91.71851500000001,32.364365,,,0,0,0.378,High,315941
KE004,Tana River,2008-12,40.61327033333333,25.955608,,,4,5,0.378,High,315941
KE004,Tana River,2009-01,98.80892833333333,73.716095,,,1,1,0.378,High,315941
KE004,Tana River,2009-02,92.05921000000001,85.5155,,,0,0,0.378,High,315941
KE004,Tana River,2009-03,41.482534,34.326607,,,0,0,0.378,High,315941
KE004,Tana River,2009-04,67.41659533333333,50.177456,,,0,0,0.378,High,315941
KE004,Tana River,2009-05,75.34253933333333,61.116444,,,0,0,0.378,High,315941
KE004,Tana River,2009-06,125.32396,92.9976,,,0,0,0.378,High,315941
KE004,Tana River,2009-07,81.59999833333335,77.25723,,,0,0,0.378,High,315941
KE004,Tana River,2009-08,91.74756666666667,86.4058,,,0,0,0.378,High,315941
KE004,Tana River,2009-09,86.92616466666668,74.01201,,,0,0,0.378,High,315941
KE004,Tana River,2009-10,217.8751433333333,101.38257,,,0,0,0.378,High,315941
KE004,Tana River,2009-11,45.99473166666667,28.577545,,,0,0,0.378,High,315941
KE004,Tana River,2009-12,129.77983666666668,84.76581,,,0,0,0.378,High,315941
KE004,Tana River,2010-01,78.07754866666666,75.745636,,,0,0,0.378,High,315941
KE004,Tana River,2010-02,99.50939999999999,88.60332,,,0,0,0.378,High,315941
KE004,Tana River,2010-03,237.36509333333333,185.80908,,,0,0,0.378,High,315941
KE004,Tana River,2010-04,100.28437533333333,67.422516,,,0,0,0.378,High,315941
KE004,Tana River,2010-05,114.281113,68.062744,,,0,0,0.378,High,315941
KE004,Tana River,2010-06,109.01579166666666,100.46434,,,0,0,0.378,High,315941
KE004,Tana River,2010-07,108.08254799999999,96.20642,,,0,0,0.378,High,315941
KE004,Tana River,2010-08,99.95211666666667,99.52657,,,0,0,0.378,High,315941
KE004,Tana River,2010-09,112.36148333333334,88.08482,,,0,0,0.378,High,315941
KE004,Tana River,2010-10,57.932986666666665,49.87282,,,0,0,0.378,High,315941
KE004,Tana River,2010-11,76.26874333333333,46.66898,,,0,0,0.378,High,315941
KE004,Tana River,2010-12,61.33942666666667,50.34947,,,0,0,0.378,High,315941
KE004,Tana River,2011-01,92.01787466666667,71.75343,,,2,7,0.378,High,315941
KE004,Tana River,2011-02,102.05803166666665,90.08534,,,1,0,0.378,High,315941
KE004,Tana River,2011-03,58.02524833333334,52.171444,,,0,0,0.378,High,315941
KE004,Tana River,2011-04,77.30939833333333,61.838715,,,0,0,0.378,High,315941
KE004,Tana River,2011-05,78.97200333333333,73.96478,,,0,0,0.378,High,315941
KE004,Tana River,2011-06,87.46663666666666,80.0934,,,0,0,0.378,High,315941
KE004,Tana River,2011-07,88.63179000000001,80.21602,,,0,0,0.378,High,315941
KE004,Tana River,2011-08,96.05575166666667,93.773575,,,0,0,0.378,High,315941
KE004,Tana River,2011-09,126.27305666666666,103.81682,,,0,0,0.378,High,315941
KE004,Tana River,2011-10,163.97857333333334,92.83597,,,0,0,0.378,High,315941
KE004,Tana River,2011-11,103.66390633333333,99.01331,,,0,0,0.378,High,315941
KE004,Tana River,2011-12,67.17276933333333,44.592888,,,0,0,0.378,High,315941
KE004,Tana River,2012-01,72.44631333333334,65.96722,,,2,11,0.378,High,315941
KE004,Tana River,2012-02,104.07230333333332,91.74574,,,0,0,0.378,High,315941
KE004,Tana River,2012-03,51.374946333333334,29.041794,,,0,0,0.378,High,315941
KE004,Tana River,2012-04,63.672809,37.145847,,,0,0,0.378,High,315941
KE004,Tana River,2012-05,84.37190633333334,49.510933,,,0,0,0.378,High,315941
KE004,Tana River,2012-06,83.59025633333333,77.38975,,,0,0,0.378,High,315941
KE004,Tana River,2012-07,83.694745,79.46798,,,0,0,0.378,High,315941
KE004,Tana River,2012-08,92.96160300000001,86.016335,,,8,96,0.378,High,315941
KE004,Tana River,2012-09,87.37137166666666,76.36984,,,1,0,0.378,High,315941
KE004,Tana River,2012-10,95.80512733333332,40.382122,,,2,4,0.378,High,315941
KE004,Tana River,2012-11,109.913771,48.499683,,,2,4,0.378,High,315941
KE004,Tana River,2012-12,125.14538333333333,75.9172,,,1,45,0.378,High,315941
KE004,Tana River,2013-01,84.60906333333334,72.60392,,,0,0,0.378,High,315941
KE004,Tana River,2013-02,95.582057,90.362,,,0,0,0.378,High,315941
KE004,Tana River,2013-03,166.27416333333335,113.99736,,,0,0,0.378,High,315941
KE004,Tana River,2013-04,91.42573933333334,50.430958,,,0,0,0.378,High,315941
KE004,Tana River,2013-05,99.90026466666666,75.32708,,,3,19,0.378,High,315941
KE004,Tana River,2013-06,85.40058133333332,78.59078,,,0,0,0.378,High,315941
KE004,Tana River,2013-07,94.19568366666665,83.982605,,,0,0,0.378,High,315941
KE004,Tana River,2013-08,99.347685,92.91788,,,1,0,0.378,High,315941
KE004,Tana River,2013-09,118.24169333333333,94.63259,,,0,0,0.378,High,315941
KE004,Tana River,2013-10,94.537672,35.391506,,,0,0,0.378,High,315941
KE004,Tana River,2013-11,77.60018533333333,44.86242,,,0,0,0.378,High,315941
KE004,Tana River,2013-12,83.464874,57.72177,,,1,0,0.378,High,315941
KE004,Tana River,2014-01,69.75822933333333,60.878838,,,1,1,0.378,High,315941
KE004,Tana River,2014-02,96.416945,86.335205,,,0,0,0.378,High,315941
KE004,Tana River,2014-03,139.42260666666667,54.4928,,,0,0,0.378,High,315941
KE004,Tana River,2014-04,111.40174666666667,66.3351,,,1,0,0.378,High,315941
KE004,Tana River,2014-05,103.65562666666666,91.09138,,,1,12,0.378,High,315941
KE004,Tana River,2014-06,101.724468,88.48927,,,0,0,0.378,High,315941
KE004,Tana River,2014-07,98.30199,88.09241,,,0,0,0.378,High,315941
KE004,Tana River,2014-08,105.38184333333334,101.29305,,,0,0,0.378,High,315941
KE004,Tana River,2014-09,95.348775,74.97591,,,1,1,0.378,High,315941
KE004,Tana River,2014-10,71.01081666666666,44.40952,,,0,0,0.378,High,315941
KE004,Tana River,2014-11,107.60861333333332,57.07562,,,0,0,0.378,High,315941
KE004,Tana River,2014-12,80.39882,43.45512,,,0,0,0.378,High,315941
KE004,Tana River,2015-01,73.04448033333334,63.117725,,,1,9,0.378,High,315941
KE004,Tana River,2015-02,90.59518633333334,86.335205,,,0,0,0.378,High,315941
KE004,Tana River,2015-03,85.70896866666668,53.056694,,,0,0,0.378,High,315941
KE004,Tana River,2015-04,128.04993466666667,93.554184,,,0,0,0.378,High,315941
KE004,Tana River,2015-05,120.39336333333334,74.60886,,,1,1,0.378,High,315941
KE004,Tana River,2015-06,90.27261833333334,79.032455,,,0,0,0.378,High,315941
KE004,Tana River,2015-07,106.12767666666666,101.001465,,,0,0,0.378,High,315941
KE004,Tana River,2015-08,110.29781333333334,104.26087,,,0,0,0.378,High,315941
KE004,Tana River,2015-09,91.14504333333333,84.33306,,,0,0,0.378,High,315941
KE004,Tana River,2015-10,133.63627666666665,94.01207,,,0,0,0.378,High,315941
KE004,Tana River,2015-11,157.84691466666666,95.563194,,,1,0,0.378,High,315941
KE004,Tana River,2015-12,91.85392333333334,41.293385,,,0,0,0.378,High,315941
KE004,Tana River,2016-01,113.76836166666668,100.964066,,,0,0,0.378,High,315941
KE004,Tana River,2016-02,102.47078333333333,95.56254,,,0,0,0.378,High,315941
KE004,Tana River,2016-03,56.48677333333333,27.037636,,,0,0,0.378,High,315941
KE004,Tana River,2016-04,79.84562,72.53425,,,0,0,0.378,High,315941
KE004,Tana River,2016-05,79.929505,63.440365,,,0,0,0.378,High,315941
KE004,Tana River,2016-06,91.32844033333333,86.40522,,,0,0,0.378,High,315941
KE004,Tana River,2016-07,91.68745333333334,82.28413,,,0,0,0.378,High,315941
KE004,Tana River,2016-08,106.32307866666667,101.19807,,,0,0,0.378,High,315941
KE004,Tana River,2016-09,92.04995533333333,82.746346,,,0,0,0.378,High,315941
KE004,Tana River,2016-10,62.951060000000005,35.12627,,,0,0,0.378,High,315941
KE004,Tana River,2016-11,87.40847966666666,54.822224,,,0,0,0.378,High,315941
KE004,Tana River,2016-12,62.716445666666665,50.73123,,,0,0,0.378,High,315941
KE004,Tana River,2017-01,92.09090299999998,84.75787,,,0,0,0.378,High,315941
KE004,Tana River,2017-02,106.34150166666666,97.34358,,,0,0,0.378,High,315941
KE004,Tana River,2017-03,47.73928333333333,42.460407,,,0,0,0.378,High,315941
KE004,Tana River,2017-04,90.17898333333333,81.24247,,,1,3,0.378,High,315941
KE004,Tana River,2017-05,106.69428666666666,90.2536,,,5,9,0.378,High,315941
KE004,Tana River,2017-06,97.142328,89.954414,,,1,2,0.378,High,315941
KE004,Tana River,2017-07,93.83421333333332,85.90111,,,0,0,0.378,High,315941
KE004,Tana River,2017-08,119.70738533333333,113.56089,,,1,3,0.378,High,315941
KE004,Tana River,2017-09,108.07236999999999,91.75502,,,0,0,0.378,High,315941
KE004,Tana River,2017-10,79.66282333333334,67.34891,,,0,0,0.378,High,315941
KE004,Tana River,2017-11,88.22292,52.36407,,,1,2,0.378,High,315941
KE004,Tana River,2017-12,39.514257,30.906933,,,0,0,0.378,High,315941
KE004,Tana River,2018-01,71.462711,61.802013,,,0,0,0.378,High,315941
KE004,Tana River,2018-02,95.32431533333333,89.62427,,,0,0,0.378,High,315941
KE004,Tana River,2018-03,268.7836566666667,116.55877,,,0,0,0.378,High,315941
KE004,Tana River,2018-04,179.33082666666667,127.74063,,,0,0,0.378,High,315941
KE004,Tana River,2018-05,128.66326466666666,89.37745,,,0,0,0.378,High,315941
KE004,Tana River,2018-06,143.99045333333333,97.01436,,,0,0,0.378,High,315941
KE004,Tana River,2018-07,132.66011333333333,126.57823,,,0,0,0.378,High,315941
KE004,Tana River,2018-08,109.37271333333335,102.63294,,,0,0,0.378,High,315941
KE004,Tana River,2018-09,109.10184533333332,98.50438,,,0,0,0.378,High,315941
KE004,Tana River,2018-10,102.50674199999999,74.517166,,,0,0,0.378,High,315941
KE004,Tana River,2018-11,48.14375933333333,34.099888,,,0,0,0.378,High,315941
KE004,Tana River,2018-12,158.17242333333334,62.45913,,,0,0,0.378,High,315941
KE004,Tana River,2019-01,113.279465,111.538025,,,0,0,0.378,High,315941
KE004,Tana River,2019-02,110.10816666666666,96.06968,,,0,0,0.378,High,315941
KE004,Tana River,2019-03,40.85500533333333,34.680016,,,0,0,0.378,High,315941
KE004,Tana River,2019-04,71.77271666666667,38.355793,,,0,0,0.378,High,315941
KE004,Tana River,2019-05,102.40393,90.31589,,,0,0,0.378,High,315941
KE004,Tana River,2019-06,101.99820666666666,87.814125,,,0,0,0.378,High,315941
KE004,Tana River,2019-07,136.77474333333333,115.29458,,,1,4,0.378,High,315941
KE004,Tana River,2019-08,119.84767166666667,107.149765,,,0,0,0.378,High,315941
KE004,Tana River,2019-09,133.51997333333335,112.1302,,,0,0,0.378,High,315941
KE004,Tana River,2019-10,301.2562766666667,226.44586,,,0,0,0.378,High,315941
KE004,Tana River,2019-11,176.48812533333333,63.777786,,,0,0,0.378,High,315941
KE004,Tana River,2019-12,214.00141333333332,141.9303,,,0,0,0.378,High,315941
KE004,Tana River,2020-01,244.00688666666667,210.15736,,,0,0,0.378,High,315941
KE004,Tana River,2020-02,117.46507466666667,99.52392,,,0,0,0.378,High,315941
KE004,Tana River,2020-03,155.465045,74.597755,,,0,0,0.378,High,315941
KE004,Tana River,2020-04,153.69659000000001,83.33274,,,0,0,0.378,High,315941
KE004,Tana River,2020-05,76.751148,73.383804,,,0,0,0.378,High,315941
KE004,Tana River,2020-06,104.32143333333333,89.16638,,,0,0,0.378,High,315941
KE004,Tana River,2020-07,179.98820333333333,157.22787,,,0,0,0.378,High,315941
KE004,Tana River,2020-08,102.01758699999999,99.70808,,,0,0,0.378,High,315941
KE004,Tana River,2020-09,104.259432,96.403946,,,0,0,0.378,High,315941
KE004,Tana River,2020-10,65.76136766666666,55.978672,,,1,0,0.378,High,315941
KE004,Tana River,2020-11,80.11721333333334,48.08897,,,0,0,0.378,High,315941
KE004,Tana River,2020-12,92.80397766666665,33.030293,,,0,0,0.378,High,315941
KE004,Tana River,2021-01,81.20993666666668,70.91194,,,1,1,0.378,High,315941
KE004,Tana River,2021-02,98.658323,93.557724,,,0,0,0.378,High,315941
KE004,Tana River,2021-03,46.55972666666667,42.28157,,,0,0,0.378,High,315941
KE004,Tana River,2021-04,71.434038,57.420044,,,0,0,0.378,High,315941
KE004,Tana River,2021-05,70.40707133333333,55.94505,,,1,1,0.378,High,315941
KE004,Tana River,2021-06,98.56253199999999,83.79527,,,0,0,0.378,High,315941
KE004,Tana River,2021-07,106.03948333333334,97.9049,,,0,0,0.378,High,315941
KE004,Tana River,2021-08,100.86938333333335,98.6653,,,0,0,0.378,High,315941
KE004,Tana River,2021-09,89.77374400000001,78.082596,,,0,0,0.378,High,315941
KE004,Tana River,2021-10,61.31110933333334,45.002808,,,0,0,0.378,High,315941
KE004,Tana River,2021-11,54.07970533333333,28.031126,,,0,0,0.378,High,315941
KE004,Tana River,2021-12,255.1625633333333,82.89912,,,0,0,0.378,High,315941
KE004,Tana River,2022-01,84.64189333333333,67.60277,,,0,0,0.378,High,315941
KE004,Tana River,2022-02,105.33480333333334,92.82033,,,0,0,0.378,High,315941
KE004,Tana River,2022-03,46.24865566666667,40.39919,,,0,0,0.378,High,315941
KE004,Tana River,2022-04,65.42429833333334,34.47855,,,0,0,0.378,High,315941
KE004,Tana River,2022-05,85.56311799999999,63.125168,,,1,0,0.378,High,315941
KE004,Tana River,2022-06,98.52540666666665,93.82252,,,1,0,0.378,High,315941
KE004,Tana River,2022-07,111.21101366666666,102.278725,,,0,0,0.378,High,315941
KE004,Tana River,2022-08,98.40112833333335,96.0,,,0,0,0.378,High,315941
KE004,Tana River,2022-09,92.47946666666667,90.24987,,,0,0,0.378,High,315941
KE004,Tana River,2022-10,70.20503233333334,60.745167,,,0,0,0.378,High,315941
KE004,Tana River,2022-11,87.11996466666666,82.342224,,,0,0,0.378,High,315941
KE004,Tana River,2022-12,51.92178033333334,41.233437,,,0,0,0.378,High,315941
KE004,Tana River,2023-01,86.98137133333334,73.798004,,,1,1,0.378,High,315941
KE004,Tana River,2023-02,88.12308,85.99708,,,0,0,0.378,High,315941
KE004,Tana River,2023-03,96.13463466666667,54.89177,,,0,0,0.378,High,315941
KE004,Tana River,2023-04,237.65606499999998,127.580215,,,0,0,0.378,High,315941
KE004,Tana River,2023-05,69.58085,66.15371,,,0,0,0.378,High,315941
KE004,Tana River,2023-06,99.20008166666666,97.00268,,,0,0,0.378,High,315941
KE004,Tana River,2023-07,119.673273,115.28578,,,0,0,0.378,High,315941
KE004,Tana River,2023-08,120.30929333333334,119.24638,,,1,2,0.378,High,315941
KE004,Tana River,2023-09,100.807967,96.344635,,,0,0,0.378,High,315941
KE004,Tana River,2023-10,127.57728666666667,112.73352,,,2,1,0.378,High,315941
KE004,Tana River,2023-11,236.37073666666666,176.2113,,,0,0,0.378,High,315941
KE004,Tana River,2023-12,159.626052,66.338486,184.5,84.83333333333333,1,1,0.378,High,315941
KE004,Tana River,2024-01,98.227132,78.3029,,,0,0,0.378,High,315941
KE004,Tana River,2024-02,115.40844,102.40654,,,0,0,0.378,High,315941
KE004,Tana River,2024-03,102.68709799999999,66.226715,163.5,84.0,0,0,0.378,High,315941
KE004,Tana River,2024-04,122.61336666666666,89.19569,,,0,0,0.378,High,315941
KE004,Tana River,2024-05,94.92942333333333,67.00284,,,5,17,0.378,High,315941
KE004,Tana River,2024-06,96.76777933333334,74.864494,162.125,68.33333333333333,0,0,0.378,High,315941
KE004,Tana River,2024-07,99.55047333333334,92.31858,,,2,1,0.378,High,315941
KE004,Tana River,2024-08,97.43703166666667,93.024155,,,2,5,0.378,High,315941
KE004,Tana River,2024-09,82.95117333333333,71.29088,152.4,80.54166666666667,4,7,0.378,High,315941
KE004,Tana River,2024-10,71.666145,40.68575,,,0,0,0.378,High,315941
KE004,Tana River,2024-11,135.399292,73.413666,,,0,0,0.378,High,315941
KE004,Tana River,2024-12,80.26793333333333,72.934,,,1,1,0.378,High,315941
KE004,Tana River,2025-01,81.87245333333334,69.703545,,,1,1,0.378,High,315941
KE004,Tana River,2025-02,84.43720666666667,78.10744,,,0,0,0.378,High,315941
KE004,Tana River,2025-03,144.54870333333335,58.8949,155.78571428571428,76.5,1,0,0.378,High,315941
KE004,Tana River,2025-04,109.90118333333334,80.0869,,,1,1,0.378,High,315941
KE004,Tana River,2025-05,83.27404966666667,64.508835,,,0,0,0.378,High,315941
KE004,Tana River,2025-06,123.72549333333335,113.25349,,,0,0,0.378,High,315941
KE004,Tana River,2025-07,89.443512,84.07062,,,1,0,0.378,High,315941
KE004,Tana River,2025-08,110.96592833333334,107.31271,,,2,3,0.378,High,315941
KE004,Tana River,2025-09,96.50099,80.544235,180.0,95.0,0,0,0.378,High,315941
KE004,Tana River,2025-10,124.80319000000001,66.91809,,,0,0,0.378,High,315941
KE004,Tana River,2025-11,46.67851466666667,32.612057,,,1,1,0.378,High,315941
KE004,Tana River,2025-12,69.81339033333334,34.562565,,95.0,0,0,0.378,High,315941
KE013,Tharaka-Nithi,2006-01,70.60225383333334,54.34783,,,0,0,0.1052,Low,393170
KE013,Tharaka-Nithi,2006-02,98.42880016666668,56.351597,,,0,0,0.1052,Low,393170
KE013,Tharaka-Nithi,2006-03,93.84655316666668,45.674603,,,0,0,0.1052,Low,393170
KE013,Tharaka-Nithi,2006-04,104.33166,44.311966,,,0,0,0.1052,Low,393170
KE013,Tharaka-Nithi,2006-05,145.550868,54.719788,,,0,0,0.1052,Low,393170
KE013,Tharaka-Nithi,2006-06,94.10406166666667,73.24887,,,0,0,0.1052,Low,393170
KE013,Tharaka-Nithi,2006-07,82.108446,75.207886,,,0,0,0.1052,Low,393170
KE013,Tharaka-Nithi,2006-08,125.1998825,89.207275,,,0,0,0.1052,Low,393170
KE013,Tharaka-Nithi,2006-09,118.765325,100.0,,,0,0,0.1052,Low,393170
KE013,Tharaka-Nithi,2006-10,123.05512166666666,84.11411,,,0,0,0.1052,Low,393170
KE013,Tharaka-Nithi,2006-11,149.13173400000002,101.93205,,,0,0,0.1052,Low,393170
KE013,Tharaka-Nithi,2006-12,232.4808725,77.813545,,,0,0,0.1052,Low,393170
KE013,Tharaka-Nithi,2007-01,108.48692583333333,72.97381,,,0,0,0.1052,Low,393170
KE013,Tharaka-Nithi,2007-02,81.98626983333334,62.13125,,,0,0,0.1052,Low,393170
KE013,Tharaka-Nithi,2007-03,84.92445866666667,52.761173,,,0,0,0.1052,Low,393170
KE013,Tharaka-Nithi,2007-04,83.95442849999999,34.952374,,,0,0,0.1052,Low,393170
KE013,Tharaka-Nithi,2007-05,107.77655333333333,69.22484,,,0,0,0.1052,Low,393170
KE013,Tharaka-Nithi,2007-06,104.024255,94.17712,,,1,0,0.1052,Low,393170
KE013,Tharaka-Nithi,2007-07,111.14058933333335,94.83974,,,0,0,0.1052,Low,393170
KE013,Tharaka-Nithi,2007-08,104.861036,74.60826,,,0,0,0.1052,Low,393170
KE013,Tharaka-Nithi,2007-09,104.61399999999999,96.83041,,,0,0,0.1052,Low,393170
KE013,Tharaka-Nithi,2007-10,139.562921,57.79879,,,0,0,0.1052,Low,393170
KE013,Tharaka-Nithi,2007-11,70.8480655,35.679184,,,0,0,0.1052,Low,393170
KE013,Tharaka-Nithi,2007-12,65.64559183333334,53.01891,,,0,0,0.1052,Low,393170
KE013,Tharaka-Nithi,2008-01,142.72332616666668,38.971367,,,0,0,0.1052,Low,393170
KE013,Tharaka-Nithi,2008-02,65.59853566666668,58.33835,,,0,0,0.1052,Low,393170
KE013,Tharaka-Nithi,2008-03,111.12481816666667,48.69767,,,0,0,0.1052,Low,393170
KE013,Tharaka-Nithi,2008-04,85.94387266666666,35.23577,,,0,0,0.1052,Low,393170
KE013,Tharaka-Nithi,2008-05,35.88723733333334,21.88945,,,0,0,0.1052,Low,393170
KE013,Tharaka-Nithi,2008-06,87.69117,65.34738,,,0,0,0.1052,Low,393170
KE013,Tharaka-Nithi,2008-07,98.69045666666666,81.09777,,,0,0,0.1052,Low,393170
KE013,Tharaka-Nithi,2008-08,80.17930249999999,68.73015,,,0,0,0.1052,Low,393170
KE013,Tharaka-Nithi,2008-09,96.47887566666667,87.04454,,,0,0,0.1052,Low,393170
KE013,Tharaka-Nithi,2008-10,126.77476,33.25321,,,0,0,0.1052,Low,393170
KE013,Tharaka-Nithi,2008-11,74.19969066666667,35.876747,,,0,0,0.1052,Low,393170
KE013,Tharaka-Nithi,2008-12,35.794371500000004,25.623121,,,0,0,0.1052,Low,393170
KE013,Tharaka-Nithi,2009-01,128.43055333333334,77.67763,,,0,0,0.1052,Low,393170
KE013,Tharaka-Nithi,2009-02,79.186273,56.712826,,,0,0,0.1052,Low,393170
KE013,Tharaka-Nithi,2009-03,57.070224833333334,37.196873,,,0,0,0.1052,Low,393170
KE013,Tharaka-Nithi,2009-04,54.38055550000001,30.300184,,,0,0,0.1052,Low,393170
KE013,Tharaka-Nithi,2009-05,107.69483600000001,76.34712,,,0,0,0.1052,Low,393170
KE013,Tharaka-Nithi,2009-06,84.97825,69.93674,,,0,0,0.1052,Low,393170
KE013,Tharaka-Nithi,2009-07,74.09085366666666,64.67508,,,0,0,0.1052,Low,393170
KE013,Tharaka-Nithi,2009-08,80.53350166666667,64.87801,,,0,0,0.1052,Low,393170
KE013,Tharaka-Nithi,2009-09,85.26128416666667,67.328835,,,0,0,0.1052,Low,393170
KE013,Tharaka-Nithi,2009-10,144.208616,60.62815,,,0,0,0.1052,Low,393170
KE013,Tharaka-Nithi,2009-11,61.04179283333334,30.505219,,,0,0,0.1052,Low,393170
KE013,Tharaka-Nithi,2009-12,96.85670633333332,50.843357,,,0,0,0.1052,Low,393170
KE013,Tharaka-Nithi,2010-01,124.050809,63.3442,,,0,0,0.1052,Low,393170
KE013,Tharaka-Nithi,2010-02,205.84223816666668,97.31858,,,0,0,0.1052,Low,393170
KE013,Tharaka-Nithi,2010-03,183.738246,74.52516,,,0,0,0.1052,Low,393170
KE013,Tharaka-Nithi,2010-04,100.25522833333333,29.703804,,,0,0,0.1052,Low,393170
KE013,Tharaka-Nithi,2010-05,108.53246833333333,66.87056,,,0,0,0.1052,Low,393170
KE013,Tharaka-Nithi,2010-06,89.89927499999999,71.96754,,,0,0,0.1052,Low,393170
KE013,Tharaka-Nithi,2010-07,109.27955666666666,89.53687,,,0,0,0.1052,Low,393170
KE013,Tharaka-Nithi,2010-08,109.19725666666666,94.27587,,,0,0,0.1052,Low,393170
KE013,Tharaka-Nithi,2010-09,85.13534733333334,70.96823,,,0,0,0.1052,Low,393170
KE013,Tharaka-Nithi,2010-10,68.66062116666667,31.512505,,,0,0,0.1052,Low,393170
KE013,Tharaka-Nithi,2010-11,69.45456133333333,36.148952,,,0,0,0.1052,Low,393170
KE013,Tharaka-Nithi,2010-12,38.7896845,30.305899,,,0,0,0.1052,Low,393170
KE013,Tharaka-Nithi,2011-01,60.32101566666666,41.75504,,,0,0,0.1052,Low,393170
KE013,Tharaka-Nithi,2011-02,97.51994333333333,63.40934,,,0,0,0.1052,Low,393170
KE013,Tharaka-Nithi,2011-03,65.0298885,38.799217,,,0,0,0.1052,Low,393170
KE013,Tharaka-Nithi,2011-04,73.90953116666667,19.20019,,,0,0,0.1052,Low,393170
KE013,Tharaka-Nithi,2011-05,101.81442566666665,71.59458,,,0,0,0.1052,Low,393170
KE013,Tharaka-Nithi,2011-06,106.79582733333332,93.10934,,,0,0,0.1052,Low,393170
KE013,Tharaka-Nithi,2011-07,88.78050400000001,79.975334,,,0,0,0.1052,Low,393170
KE013,Tharaka-Nithi,2011-08,129.972664,92.5926,,,0,0,0.1052,Low,393170
KE013,Tharaka-Nithi,2011-09,117.35369150000001,98.93359,,,0,0,0.1052,Low,393170
KE013,Tharaka-Nithi,2011-10,148.6589,48.52424,,,0,0,0.1052,Low,393170
KE013,Tharaka-Nithi,2011-11,140.07188916666667,100.57102,,,0,0,0.1052,Low,393170
KE013,Tharaka-Nithi,2011-12,88.066651,29.89364,,,0,0,0.1052,Low,393170
KE013,Tharaka-Nithi,2012-01,48.5703235,42.948036,,,0,0,0.1052,Low,393170
KE013,Tharaka-Nithi,2012-02,81.31365749999999,60.620075,,,0,0,0.1052,Low,393170
KE013,Tharaka-Nithi,2012-03,34.777184999999996,21.349998,,,0,0,0.1052,Low,393170
KE013,Tharaka-Nithi,2012-04,113.559749,45.627014,,,0,0,0.1052,Low,393170
KE013,Tharaka-Nithi,2012-05,110.71922766666665,82.3197,,,0,0,0.1052,Low,393170
KE013,Tharaka-Nithi,2012-06,110.77702566666666,86.975914,,,0,0,0.1052,Low,393170
KE013,Tharaka-Nithi,2012-07,101.42826166666667,89.4364,,,0,0,0.1052,Low,393170
KE013,Tharaka-Nithi,2012-08,105.10657716666667,90.44777,,,0,0,0.1052,Low,393170
KE013,Tharaka-Nithi,2012-09,94.38105266666666,74.15271,,,0,0,0.1052,Low,393170
KE013,Tharaka-Nithi,2012-10,154.60921866666666,52.231712,,,0,0,0.1052,Low,393170
KE013,Tharaka-Nithi,2012-11,83.42673666666666,37.36788,,,0,0,0.1052,Low,393170
KE013,Tharaka-Nithi,2012-12,136.04269083333335,59.571285,,,0,0,0.1052,Low,393170
KE013,Tharaka-Nithi,2013-01,84.12781316666667,62.56628,,,0,0,0.1052,Low,393170
KE013,Tharaka-Nithi,2013-02,63.43345300000001,48.94642,,,0,0,0.1052,Low,393170
KE013,Tharaka-Nithi,2013-03,126.900598,55.734974,,,0,0,0.1052,Low,393170
KE013,Tharaka-Nithi,2013-04,127.48868066666667,27.834187,,,0,0,0.1052,Low,393170
KE013,Tharaka-Nithi,2013-05,38.16004,24.262512,,,0,0,0.1052,Low,393170
KE013,Tharaka-Nithi,2013-06,97.33303833333333,73.675964,,,0,0,0.1052,Low,393170
KE013,Tharaka-Nithi,2013-07,95.41072433333333,73.07032,,,0,0,0.1052,Low,393170
KE013,Tharaka-Nithi,2013-08,86.78505583333333,75.16835,,,0,0,0.1052,Low,393170
KE013,Tharaka-Nithi,2013-09,110.42319916666668,89.8606,,,0,0,0.1052,Low,393170
KE013,Tharaka-Nithi,2013-10,51.21612033333333,27.716705,,,0,0,0.1052,Low,393170
KE013,Tharaka-Nithi,2013-11,79.72139516666667,37.4011,,,0,0,0.1052,Low,393170
KE013,Tharaka-Nithi,2013-12,79.28785316666666,40.481792,,,0,0,0.1052,Low,393170
KE013,Tharaka-Nithi,2014-01,46.194573999999996,39.103924,,,0,0,0.1052,Low,393170
KE013,Tharaka-Nithi,2014-02,128.35984166666665,70.09845,,,0,0,0.1052,Low,393170
KE013,Tharaka-Nithi,2014-03,138.54847900000001,39.235123,,,0,0,0.1052,Low,393170
KE013,Tharaka-Nithi,2014-04,69.05412416666667,26.741823,,,0,0,0.1052,Low,393170
KE013,Tharaka-Nithi,2014-05,55.251487499999996,31.684547,,,0,0,0.1052,Low,393170
KE013,Tharaka-Nithi,2014-06,121.12996766666667,101.90587,,,0,0,0.1052,Low,393170
KE013,Tharaka-Nithi,2014-07,91.75864416666667,71.51216,,,0,0,0.1052,Low,393170
KE013,Tharaka-Nithi,2014-08,150.08975433333333,75.16835,,,0,0,0.1052,Low,393170
KE013,Tharaka-Nithi,2014-09,103.61465166666666,78.247025,,,0,0,0.1052,Low,393170
KE013,Tharaka-Nithi,2014-10,80.18726616666667,42.138958,,,0,0,0.1052,Low,393170
KE013,Tharaka-Nithi,2014-11,83.346898,44.97779,,,0,0,0.1052,Low,393170
KE013,Tharaka-Nithi,2014-12,85.2818225,59.01621,,,0,0,0.1052,Low,393170
KE013,Tharaka-Nithi,2015-01,57.482455666666674,46.527042,,,0,0,0.1052,Low,393170
KE013,Tharaka-Nithi,2015-02,84.79541066666667,64.49512,,,0,0,0.1052,Low,393170
KE013,Tharaka-Nithi,2015-03,70.1074005,35.61962,,,0,0,0.1052,Low,393170
KE013,Tharaka-Nithi,2015-04,149.99023666666668,104.5501,,,0,0,0.1052,Low,393170
KE013,Tharaka-Nithi,2015-05,80.13727166666666,55.54637,,,0,0,0.1052,Low,393170
KE013,Tharaka-Nithi,2015-06,87.87035083333335,76.27118,,,0,0,0.1052,Low,393170
KE013,Tharaka-Nithi,2015-07,112.41436833333334,96.45827,,,0,0,0.1052,Low,393170
KE013,Tharaka-Nithi,2015-08,86.48777483333333,67.12964,,,0,0,0.1052,Low,393170
KE013,Tharaka-Nithi,2015-09,81.30439266666666,64.59929,,,0,0,0.1052,Low,393170
KE013,Tharaka-Nithi,2015-10,94.24203533333333,39.439056,,,0,0,0.1052,Low,393170
KE013,Tharaka-Nithi,2015-11,141.41105666666667,125.48249,,,0,0,0.1052,Low,393170
KE013,Tharaka-Nithi,2015-12,141.53555183333333,39.880455,,,0,0,0.1052,Low,393170
KE013,Tharaka-Nithi,2016-01,120.60061,104.18877,,,0,0,0.1052,Low,393170
KE013,Tharaka-Nithi,2016-02,97.85073333333334,70.25888,,,0,0,0.1052,Low,393170
KE013,Tharaka-Nithi,2016-03,67.81916916666667,23.401093,,,0,0,0.1052,Low,393170
KE013,Tharaka-Nithi,2016-04,108.84869333333334,72.07746,,,0,0,0.1052,Low,393170
KE013,Tharaka-Nithi,2016-05,74.912648,42.238384,,,0,0,0.1052,Low,393170
KE013,Tharaka-Nithi,2016-06,95.438735,91.61446,,,0,0,0.1052,Low,393170
KE013,Tharaka-Nithi,2016-07,86.259479,77.50823,,,0,0,0.1052,Low,393170
KE013,Tharaka-Nithi,2016-08,85.10770666666666,75.71437,,,0,0,0.1052,Low,393170
KE013,Tharaka-Nithi,2016-09,92.6030775,84.008095,,,0,0,0.1052,Low,393170
KE013,Tharaka-Nithi,2016-10,39.68042783333333,19.54865,,,0,0,0.1052,Low,393170
KE013,Tharaka-Nithi,2016-11,124.95598583333333,62.770035,,,0,0,0.1052,Low,393170
KE013,Tharaka-Nithi,2016-12,45.178974000000004,31.441864,,,0,0,0.1052,Low,393170
KE013,Tharaka-Nithi,2017-01,45.86342533333334,38.573704,,,0,0,0.1052,Low,393170
KE013,Tharaka-Nithi,2017-02,106.59088150000001,89.669075,,,0,0,0.1052,Low,393170
KE013,Tharaka-Nithi,2017-03,36.52535683333333,25.528467,,,0,0,0.1052,Low,393170
KE013,Tharaka-Nithi,2017-04,65.70745683333334,29.703804,,,0,0,0.1052,Low,393170
KE013,Tharaka-Nithi,2017-05,76.66182733333333,54.85364,,,0,0,0.1052,Low,393170
KE013,Tharaka-Nithi,2017-06,83.23171283333333,62.784737,,,0,0,0.1052,Low,393170
KE013,Tharaka-Nithi,2017-07,93.04818166666666,76.89145,,,0,0,0.1052,Low,393170
KE013,Tharaka-Nithi,2017-08,98.89144333333333,96.10056,,,0,0,0.1052,Low,393170
KE013,Tharaka-Nithi,2017-09,98.41555333333334,77.66346,,,0,0,0.1052,Low,393170
KE013,Tharaka-Nithi,2017-10,100.57207216666666,50.94312,,,0,0,0.1052,Low,393170
KE013,Tharaka-Nithi,2017-11,101.20495166666666,30.10621,,,0,0,0.1052,Low,393170
KE013,Tharaka-Nithi,2017-12,31.727855166666668,26.411167,,,0,0,0.1052,Low,393170
KE013,Tharaka-Nithi,2018-01,48.974575666666674,40.29693,,,0,0,0.1052,Low,393170
KE013,Tharaka-Nithi,2018-02,63.194978666666664,54.36484,,,0,0,0.1052,Low,393170
KE013,Tharaka-Nithi,2018-03,272.1841958333334,123.995415,,,0,0,0.1052,Low,393170
KE013,Tharaka-Nithi,2018-04,200.66570666666667,126.94322,,,0,0,0.1052,Low,393170
KE013,Tharaka-Nithi,2018-05,152.33602666666667,65.32101,,,0,0,0.1052,Low,393170
KE013,Tharaka-Nithi,2018-06,150.44081333333332,101.31477,,,1,0,0.1052,Low,393170
KE013,Tharaka-Nithi,2018-07,126.74844833333333,88.88204,,,0,0,0.1052,Low,393170
KE013,Tharaka-Nithi,2018-08,80.12597,65.52706,,,0,0,0.1052,Low,393170
KE013,Tharaka-Nithi,2018-09,123.52448916666667,99.76152,,,0,0,0.1052,Low,393170
KE013,Tharaka-Nithi,2018-10,48.883075166666664,34.383953,,,0,0,0.1052,Low,393170
KE013,Tharaka-Nithi,2018-11,60.599670833333334,50.085896,,,0,0,0.1052,Low,393170
KE013,Tharaka-Nithi,2018-12,177.594552,44.285454,,,0,0,0.1052,Low,393170
KE013,Tharaka-Nithi,2019-01,96.736238,69.558014,,,0,0,0.1052,Low,393170
KE013,Tharaka-Nithi,2019-02,117.08052500000001,69.18094,,,0,0,0.1052,Low,393170
KE013,Tharaka-Nithi,2019-03,34.47723,21.7298,,,0,0,0.1052,Low,393170
KE013,Tharaka-Nithi,2019-04,61.59596733333333,16.933008,,,0,0,0.1052,Low,393170
KE013,Tharaka-Nithi,2019-05,98.06900133333333,55.334473,,,0,0,0.1052,Low,393170
KE013,Tharaka-Nithi,2019-06,116.72377833333333,98.79539,,,0,0,0.1052,Low,393170
KE013,Tharaka-Nithi,2019-07,87.7280925,77.50823,,,0,0,0.1052,Low,393170
KE013,Tharaka-Nithi,2019-08,86.51103166666667,78.66459,,,0,0,0.1052,Low,393170
KE013,Tharaka-Nithi,2019-09,116.75770083333333,100.0,,,0,0,0.1052,Low,393170
KE013,Tharaka-Nithi,2019-10,313.7183483333333,247.23845,,,0,0,0.1052,Low,393170
KE013,Tharaka-Nithi,2019-11,163.734769,113.04749,,,0,0,0.1052,Low,393170
KE013,Tharaka-Nithi,2019-12,210.60731666666666,54.80478,,,0,0,0.1052,Low,393170
KE013,Tharaka-Nithi,2020-01,230.01185,136.6649,,,0,0,0.1052,Low,393170
KE013,Tharaka-Nithi,2020-02,202.57926999999998,94.69341,,,0,0,0.1052,Low,393170
KE013,Tharaka-Nithi,2020-03,159.53278566666668,60.36055,,,0,0,0.1052,Low,393170
KE013,Tharaka-Nithi,2020-04,196.88496949999998,60.599857,,,0,0,0.1052,Low,393170
KE013,Tharaka-Nithi,2020-05,109.64744933333334,73.56588,,,0,0,0.1052,Low,393170
KE013,Tharaka-Nithi,2020-06,123.7657115,101.516914,,,0,0,0.1052,Low,393170
KE013,Tharaka-Nithi,2020-07,113.39443516666667,101.632286,,,0,0,0.1052,Low,393170
KE013,Tharaka-Nithi,2020-08,116.69523766666667,94.278946,,,0,0,0.1052,Low,393170
KE013,Tharaka-Nithi,2020-09,122.07045,95.64777,,,0,0,0.1052,Low,393170
KE013,Tharaka-Nithi,2020-10,62.1202935,46.038635,,,0,0,0.1052,Low,393170
KE013,Tharaka-Nithi,2020-11,83.844576,24.462242,,,0,0,0.1052,Low,393170
KE013,Tharaka-Nithi,2020-12,78.86744333333333,40.12387,,,0,0,0.1052,Low,393170
KE013,Tharaka-Nithi,2021-01,82.17402600000001,53.565876,,,0,0,0.1052,Low,393170
KE013,Tharaka-Nithi,2021-02,105.50421233333333,70.4395,,,0,0,0.1052,Low,393170
KE013,Tharaka-Nithi,2021-03,62.18197883333334,51.011383,,,0,0,0.1052,Low,393170
KE013,Tharaka-Nithi,2021-04,85.21081466666668,45.18037,,,0,0,0.1052,Low,393170
KE013,Tharaka-Nithi,2021-05,172.37517933333334,76.458916,,,0,0,0.1052,Low,393170
KE013,Tharaka-Nithi,2021-06,82.5488505,62.144077,,,0,0,0.1052,Low,393170
KE013,Tharaka-Nithi,2021-07,102.90567166666666,99.30099,,,0,0,0.1052,Low,393170
KE013,Tharaka-Nithi,2021-08,85.16258666666667,68.07013,,,0,0,0.1052,Low,393170
KE013,Tharaka-Nithi,2021-09,91.39322333333332,80.29419,,,0,0,0.1052,Low,393170
KE013,Tharaka-Nithi,2021-10,59.604726166666666,42.549072,,,0,0,0.1052,Low,393170
KE013,Tharaka-Nithi,2021-11,64.43292233333334,24.988508,,,0,0,0.1052,Low,393170
KE013,Tharaka-Nithi,2021-12,233.65269466666666,88.037224,,,0,0,0.1052,Low,393170
KE013,Tharaka-Nithi,2022-01,93.43138799999998,48.447063,,,0,0,0.1052,Low,393170
KE013,Tharaka-Nithi,2022-02,98.4251225,61.22818,,,0,0,0.1052,Low,393170
KE013,Tharaka-Nithi,2022-03,45.71024666666667,26.880566,,,0,0,0.1052,Low,393170
KE013,Tharaka-Nithi,2022-04,85.12592183333334,19.459969,,,0,0,0.1052,Low,393170
KE013,Tharaka-Nithi,2022-05,41.60770683333333,20.907492,,,0,0,0.1052,Low,393170
KE013,Tharaka-Nithi,2022-06,84.510381,67.26936,,,0,0,0.1052,Low,393170
KE013,Tharaka-Nithi,2022-07,106.01458666666667,90.729904,,,0,0,0.1052,Low,393170
KE013,Tharaka-Nithi,2022-08,110.22700333333334,91.16809,,,0,0,0.1052,Low,393170
KE013,Tharaka-Nithi,2022-09,98.6350825,78.70195,,,0,0,0.1052,Low,393170
KE013,Tharaka-Nithi,2022-10,40.96396166666667,26.789951,,,1,0,0.1052,Low,393170
KE013,Tharaka-Nithi,2022-11,95.90302500000001,65.92355,,,0,0,0.1052,Low,393170
KE013,Tharaka-Nithi,2022-12,84.79133,55.224556,,,0,0,0.1052,Low,393170
KE013,Tharaka-Nithi,2023-01,77.57121,70.02018,,,1,1,0.1052,Low,393170
KE013,Tharaka-Nithi,2023-02,61.75260716666667,50.57195,,,1,1,0.1052,Low,393170
KE013,Tharaka-Nithi,2023-03,115.09873950000001,43.0723,,,1,1,0.1052,Low,393170
KE013,Tharaka-Nithi,2023-04,172.71560999999997,101.08514,,,2,0,0.1052,Low,393170
KE013,Tharaka-Nithi,2023-05,52.59728916666666,45.829086,,,1,0,0.1052,Low,393170
KE013,Tharaka-Nithi,2023-06,118.69524166666666,100.15467,,,0,0,0.1052,Low,393170
KE013,Tharaka-Nithi,2023-07,120.6239575,102.59047,,,0,0,0.1052,Low,393170
KE013,Tharaka-Nithi,2023-08,93.063868,81.30026,,,0,0,0.1052,Low,393170
KE013,Tharaka-Nithi,2023-09,101.92393249999999,94.09445,,,0,0,0.1052,Low,393170
KE013,Tharaka-Nithi,2023-10,131.55742333333333,66.98376,,,0,0,0.1052,Low,393170
KE013,Tharaka-Nithi,2023-11,188.9070416666667,118.84895,,,0,0,0.1052,Low,393170
KE013,Tharaka-Nithi,2023-12,76.6751055,33.71379,,,1,0,0.1052,Low,393170
KE013,Tharaka-Nithi,2024-01,132.67028000000002,65.3659,,,0,0,0.1052,Low,393170
KE013,Tharaka-Nithi,2024-02,255.86898166666666,127.87477,,,1,0,0.1052,Low,393170
KE013,Tharaka-Nithi,2024-03,50.443767,28.651146,,,0,0,0.1052,Low,393170
KE013,Tharaka-Nithi,2024-04,188.38014466666667,47.809048,,,0,0,0.1052,Low,393170
KE013,Tharaka-Nithi,2024-05,136.14207666666667,74.47225,,,0,0,0.1052,Low,393170
KE013,Tharaka-Nithi,2024-06,84.42710583333333,57.659454,,,0,0,0.1052,Low,393170
KE013,Tharaka-Nithi,2024-07,94.52351399999999,82.59932,,,0,0,0.1052,Low,393170
KE013,Tharaka-Nithi,2024-08,93.440465,85.55788,,,0,0,0.1052,Low,393170
KE013,Tharaka-Nithi,2024-09,81.9367395,63.916897,,,0,0,0.1052,Low,393170
KE013,Tharaka-Nithi,2024-10,48.580546,26.368063,,,0,0,0.1052,Low,393170
KE013,Tharaka-Nithi,2024-11,136.89023333333333,90.35661,,,0,0,0.1052,Low,393170
KE013,Tharaka-Nithi,2024-12,64.75784916666667,34.9309,,,0,0,0.1052,Low,393170
KE013,Tharaka-Nithi,2025-01,78.29017133333333,43.87593,,,0,0,0.1052,Low,393170
KE013,Tharaka-Nithi,2025-02,70.5068945,57.435287,,,1,0,0.1052,Low,393170
KE013,Tharaka-Nithi,2025-03,186.6205975,49.29959,,,0,0,0.1052,Low,393170
KE013,Tharaka-Nithi,2025-04,137.56770333333333,80.00807,,,0,0,0.1052,Low,393170
KE013,Tharaka-Nithi,2025-05,84.2034365,54.471813,,,0,0,0.1052,Low,393170
KE013,Tharaka-Nithi,2025-06,100.85193249999999,85.42141,,,0,0,0.1052,Low,393170
KE013,Tharaka-Nithi,2025-07,94.31331383333334,68.370804,,,0,0,0.1052,Low,393170
KE013,Tharaka-Nithi,2025-08,111.61362666666668,101.12673,,,0,0,0.1052,Low,393170
KE013,Tharaka-Nithi,2025-09,98.15549083333333,82.79627,,,0,0,0.1052,Low,393170
KE013,Tharaka-Nithi,2025-10,104.12012583333335,35.01679,,,0,0,0.1052,Low,393170
KE013,Tharaka-Nithi,2025-11,38.822798999999996,31.435093,,,0,0,0.1052,Low,393170
KE013,Tharaka-Nithi,2025-12,96.2897375,48.15676,,,0,0,0.1052,Low,393170
KE026,Trans Nzoia,2006-01,73.60184333333332,53.579933,,,0,0,0.0894,Low,990313
KE026,Trans Nzoia,2006-02,129.79845666666665,63.52203,,,0,0,0.0894,Low,990313
KE026,Trans Nzoia,2006-03,117.23383999999999,80.22525,,,0,0,0.0894,Low,990313
KE026,Trans Nzoia,2006-04,122.84363666666667,91.799965,,,0,0,0.0894,Low,990313
KE026,Trans Nzoia,2006-05,72.71208333333333,59.1341,,,0,0,0.0894,Low,990313
KE026,Trans Nzoia,2006-06,71.10966499999999,44.603424,,,0,0,0.0894,Low,990313
KE026,Trans Nzoia,2006-07,65.94071799999999,61.38937,,,0,0,0.0894,Low,990313
KE026,Trans Nzoia,2006-08,104.96216,52.65581,,,0,0,0.0894,Low,990313
KE026,Trans Nzoia,2006-09,151.61274,114.04357,,,0,0,0.0894,Low,990313
KE026,Trans Nzoia,2006-10,96.40431133333334,28.310717,,,0,0,0.0894,Low,990313
KE026,Trans Nzoia,2006-11,202.75599333333335,39.62304,,,0,0,0.0894,Low,990313
KE026,Trans Nzoia,2006-12,150.48788,67.75563,,,0,0,0.0894,Low,990313
KE026,Trans Nzoia,2007-01,121.83467833333334,85.077385,,,0,0,0.0894,Low,990313
KE026,Trans Nzoia,2007-02,201.31663666666668,103.82854,,,0,0,0.0894,Low,990313
KE026,Trans Nzoia,2007-03,83.55372533333333,36.96538,,,0,0,0.0894,Low,990313
KE026,Trans Nzoia,2007-04,115.16574766666668,26.34395,,,1,11,0.0894,Low,990313
KE026,Trans Nzoia,2007-05,96.66938533333332,44.14599,,,0,0,0.0894,Low,990313
KE026,Trans Nzoia,2007-06,121.04165666666667,93.14105,,,0,0,0.0894,Low,990313
KE026,Trans Nzoia,2007-07,118.86350333333333,61.06684,,,1,0,0.0894,Low,990313
KE026,Trans Nzoia,2007-08,121.73377,87.79256,,,0,0,0.0894,Low,990313
KE026,Trans Nzoia,2007-09,205.5995333333333,177.18425,,,0,0,0.0894,Low,990313
KE026,Trans Nzoia,2007-10,63.75075733333333,40.176426,,,1,1,0.0894,Low,990313
KE026,Trans Nzoia,2007-11,51.548646,45.646473,,,0,0,0.0894,Low,990313
KE026,Trans Nzoia,2007-12,71.38350666666666,42.99734,,,1,7,0.0894,Low,990313
KE026,Trans Nzoia,2008-01,67.48267,57.72413,,,9,40,0.0894,Low,990313
KE026,Trans Nzoia,2008-02,87.83304166666666,46.89694,,,0,0,0.0894,Low,990313
KE026,Trans Nzoia,2008-03,86.02954866666666,43.04058,,,1,7,0.0894,Low,990313
KE026,Trans Nzoia,2008-04,63.683399,35.14653,,,0,0,0.0894,Low,990313
KE026,Trans Nzoia,2008-05,86.29793666666667,37.42773,,,4,2,0.0894,Low,990313
KE026,Trans Nzoia,2008-06,90.978795,40.633305,,,0,0,0.0894,Low,990313
KE026,Trans Nzoia,2008-07,104.03995333333334,92.84049,,,0,0,0.0894,Low,990313
KE026,Trans Nzoia,2008-08,139.91851666666665,104.52247,,,3,6,0.0894,Low,990313
KE026,Trans Nzoia,2008-09,100.60921666666667,65.98489,,,0,0,0.0894,Low,990313
KE026,Trans Nzoia,2008-10,123.96045199999999,69.17025,,,0,0,0.0894,Low,990313
KE026,Trans Nzoia,2008-11,117.610322,38.777344,,,0,0,0.0894,Low,990313
KE026,Trans Nzoia,2008-12,37.46361366666667,35.207523,,,1,7,0.0894,Low,990313
KE026,Trans Nzoia,2009-01,97.32969566666668,50.734585,,,0,0,0.0894,Low,990313
KE026,Trans Nzoia,2009-02,49.73717833333333,43.14366,,,0,0,0.0894,Low,990313
KE026,Trans Nzoia,2009-03,44.345097333333335,25.567537,,,0,0,0.0894,Low,990313
KE026,Trans Nzoia,2009-04,119.68572166666667,64.317665,,,0,0,0.0894,Low,990313
KE026,Trans Nzoia,2009-05,99.67498,39.71518,,,0,0,0.0894,Low,990313
KE026,Trans Nzoia,2009-06,63.348243333333336,46.88812,,,0,0,0.0894,Low,990313
KE026,Trans Nzoia,2009-07,73.92151433333333,58.779263,,,0,0,0.0894,Low,990313
KE026,Trans Nzoia,2009-08,86.37705833333332,65.21838,,,0,0,0.0894,Low,990313
KE026,Trans Nzoia,2009-09,89.74688933333334,68.749084,,,0,0,0.0894,Low,990313
KE026,Trans Nzoia,2009-10,92.36467333333333,65.22344,,,0,0,0.0894,Low,990313
KE026,Trans Nzoia,2009-11,67.18022533333334,49.782722,,,0,0,0.0894,Low,990313
KE026,Trans Nzoia,2009-12,270.23865666666666,158.75397,,,0,0,0.0894,Low,990313
KE026,Trans Nzoia,2010-01,122.07786133333333,62.62899,,,0,0,0.0894,Low,990313
KE026,Trans Nzoia,2010-02,277.04572333333334,159.9991,,,0,0,0.0894,Low,990313
KE026,Trans Nzoia,2010-03,140.30986933333335,42.536808,,,0,0,0.0894,Low,990313
KE026,Trans Nzoia,2010-04,98.94118333333331,37.974415,,,0,0,0.0894,Low,990313
KE026,Trans Nzoia,2010-05,141.02431333333334,110.06779,,,0,0,0.0894,Low,990313
KE026,Trans Nzoia,2010-06,99.318518,93.528564,,,0,0,0.0894,Low,990313
KE026,Trans Nzoia,2010-07,106.12485666666667,80.74525,,,0,0,0.0894,Low,990313
KE026,Trans Nzoia,2010-08,86.76773666666666,67.22245,,,0,0,0.0894,Low,990313
KE026,Trans Nzoia,2010-09,114.15446566666667,61.835747,,,0,0,0.0894,Low,990313
KE026,Trans Nzoia,2010-10,111.617732,95.489296,,,0,0,0.0894,Low,990313
KE026,Trans Nzoia,2010-11,51.572748,34.86268,,,0,0,0.0894,Low,990313
KE026,Trans Nzoia,2010-12,110.192528,63.214184,,,0,0,0.0894,Low,990313
KE026,Trans Nzoia,2011-01,62.752837,51.039845,,,0,0,0.0894,Low,990313
KE026,Trans Nzoia,2011-02,68.78409466666666,47.52878,,,0,0,0.0894,Low,990313
KE026,Trans Nzoia,2011-03,139.86668333333333,60.04206,,,0,0,0.0894,Low,990313
KE026,Trans Nzoia,2011-04,59.25878066666667,26.556576,,,0,0,0.0894,Low,990313
KE026,Trans Nzoia,2011-05,82.55512666666667,51.62092,,,0,0,0.0894,Low,990313
KE026,Trans Nzoia,2011-06,129.24782333333334,121.89853,,,0,0,0.0894,Low,990313
KE026,Trans Nzoia,2011-07,105.58591999999999,47.1762,,,0,0,0.0894,Low,990313
KE026,Trans Nzoia,2011-08,140.039458,107.628654,,,0,0,0.0894,Low,990313
KE026,Trans Nzoia,2011-09,118.82142800000001,96.185234,,,0,0,0.0894,Low,990313
KE026,Trans Nzoia,2011-10,90.21596333333332,55.48407,,,0,0,0.0894,Low,990313
KE026,Trans Nzoia,2011-11,235.55035766666666,55.207233,,,0,0,0.0894,Low,990313
KE026,Trans Nzoia,2011-12,81.275305,34.900837,,,0,0,0.0894,Low,990313
KE026,Trans Nzoia,2012-01,52.18362966666666,48.023495,,,0,0,0.0894,Low,990313
KE026,Trans Nzoia,2012-02,62.83554566666667,51.650024,,,0,0,0.0894,Low,990313
KE026,Trans Nzoia,2012-03,53.35162833333334,27.46143,,,0,0,0.0894,Low,990313
KE026,Trans Nzoia,2012-04,151.79254,90.57727,,,0,0,0.0894,Low,990313
KE026,Trans Nzoia,2012-05,153.29173,122.00532,,,0,0,0.0894,Low,990313
KE026,Trans Nzoia,2012-06,116.46824833333334,79.5825,,,0,0,0.0894,Low,990313
KE026,Trans Nzoia,2012-07,102.91389866666667,77.910416,,,0,0,0.0894,Low,990313
KE026,Trans Nzoia,2012-08,110.62259999999999,107.10326,,,0,0,0.0894,Low,990313
KE026,Trans Nzoia,2012-09,201.89951333333332,148.32584,,,0,0,0.0894,Low,990313
KE026,Trans Nzoia,2012-10,122.05778,70.61234,,,0,0,0.0894,Low,990313
KE026,Trans Nzoia,2012-11,124.70426833333333,58.86963,,,0,0,0.0894,Low,990313
KE026,Trans Nzoia,2012-12,159.83624333333333,56.32874,,,0,0,0.0894,Low,990313
KE026,Trans Nzoia,2013-01,138.84102199999998,64.929756,,,0,0,0.0894,Low,990313
KE026,Trans Nzoia,2013-02,61.52728266666667,43.10587,,,0,0,0.0894,Low,990313
KE026,Trans Nzoia,2013-03,144.60036666666667,94.53716,,,0,0,0.0894,Low,990313
KE026,Trans Nzoia,2013-04,148.24326666666667,105.95156,,,0,0,0.0894,Low,990313
KE026,Trans Nzoia,2013-05,95.383124,32.966812,,,0,0,0.0894,Low,990313
KE026,Trans Nzoia,2013-06,94.84056666666665,67.28853,,,0,0,0.0894,Low,990313
KE026,Trans Nzoia,2013-07,96.20385666666668,71.03627,,,0,0,0.0894,Low,990313
KE026,Trans Nzoia,2013-08,134.96494166666668,118.780815,,,0,0,0.0894,Low,990313
KE026,Trans Nzoia,2013-09,157.99737666666667,136.5008,,,0,0,0.0894,Low,990313
KE026,Trans Nzoia,2013-10,120.02168333333333,68.79074,,,0,0,0.0894,Low,990313
KE026,Trans Nzoia,2013-11,118.62200666666666,78.40409,,,0,0,0.0894,Low,990313
KE026,Trans Nzoia,2013-12,147.09198833333332,65.692085,,,0,0,0.0894,Low,990313
KE026,Trans Nzoia,2014-01,80.125462,63.81966,,,0,0,0.0894,Low,990313
KE026,Trans Nzoia,2014-02,71.16265,57.49789,,,0,0,0.0894,Low,990313
KE026,Trans Nzoia,2014-03,108.05433099999999,35.300438,,,0,0,0.0894,Low,990313
KE026,Trans Nzoia,2014-04,39.945681,23.036009,,,0,0,0.0894,Low,990313
KE026,Trans Nzoia,2014-05,99.93901333333334,68.92701,,,0,0,0.0894,Low,990313
KE026,Trans Nzoia,2014-06,99.642715,58.320415,,,0,0,0.0894,Low,990313
KE026,Trans Nzoia,2014-07,103.138785,86.273155,,,0,0,0.0894,Low,990313
KE026,Trans Nzoia,2014-08,130.71988000000002,94.24724,,,0,0,0.0894,Low,990313
KE026,Trans Nzoia,2014-09,85.46761566666667,46.971767,,,0,0,0.0894,Low,990313
KE026,Trans Nzoia,2014-10,162.99755333333334,76.94422,,,0,0,0.0894,Low,990313
KE026,Trans Nzoia,2014-11,86.85300666666667,44.3501,,,0,0,0.0894,Low,990313
KE026,Trans Nzoia,2014-12,83.85310566666666,51.27786,,,0,0,0.0894,Low,990313
KE026,Trans Nzoia,2015-01,52.56954833333333,49.055405,,,0,0,0.0894,Low,990313
KE026,Trans Nzoia,2015-02,54.825025000000004,42.684635,,,0,0,0.0894,Low,990313
KE026,Trans Nzoia,2015-03,42.830727,26.514482,,,0,0,0.0894,Low,990313
KE026,Trans Nzoia,2015-04,116.67132500000001,64.75796,,,0,0,0.0894,Low,990313
KE026,Trans Nzoia,2015-05,97.86665866666668,72.931404,,,0,0,0.0894,Low,990313
KE026,Trans Nzoia,2015-06,129.952389,60.368687,,,0,0,0.0894,Low,990313
KE026,Trans Nzoia,2015-07,79.41194333333333,52.67261,,,0,0,0.0894,Low,990313
KE026,Trans Nzoia,2015-08,51.023834,42.2588,,,0,0,0.0894,Low,990313
KE026,Trans Nzoia,2015-09,94.31391166666667,60.78699,,,0,0,0.0894,Low,990313
KE026,Trans Nzoia,2015-10,117.41777333333333,50.44006,,,0,0,0.0894,Low,990313
KE026,Trans Nzoia,2015-11,134.30692333333334,83.42668,,,0,0,0.0894,Low,990313
KE026,Trans Nzoia,2015-12,163.84913533333335,47.413616,,,0,0,0.0894,Low,990313
KE026,Trans Nzoia,2016-01,132.74768466666666,57.390064,,,0,0,0.0894,Low,990313
KE026,Trans Nzoia,2016-02,57.54719333333333,53.96984,,,0,0,0.0894,Low,990313
KE026,Trans Nzoia,2016-03,87.85846366666665,42.195908,,,1,1,0.0894,Low,990313
KE026,Trans Nzoia,2016-04,152.02353666666667,129.21652,,,0,0,0.0894,Low,990313
KE026,Trans Nzoia,2016-05,116.15455333333334,65.21883,,,0,0,0.0894,Low,990313
KE026,Trans Nzoia,2016-06,107.34272666666668,74.40901,,,0,0,0.0894,Low,990313
KE026,Trans Nzoia,2016-07,106.30804666666667,74.86314,,,0,0,0.0894,Low,990313
KE026,Trans Nzoia,2016-08,69.84789099999999,47.407978,,,0,0,0.0894,Low,990313
KE026,Trans Nzoia,2016-09,87.00154966666666,43.8166,,,0,0,0.0894,Low,990313
KE026,Trans Nzoia,2016-10,82.84784,50.19523,,,0,0,0.0894,Low,990313
KE026,Trans Nzoia,2016-11,52.642278000000005,45.440845,,,0,0,0.0894,Low,990313
KE026,Trans Nzoia,2016-12,46.79436066666667,38.642406,,,0,0,0.0894,Low,990313
KE026,Trans Nzoia,2017-01,115.26208666666668,76.75906,,,0,0,0.0894,Low,990313
KE026,Trans Nzoia,2017-02,175.99221333333332,80.03366,,,0,0,0.0894,Low,990313
KE026,Trans Nzoia,2017-03,70.20814533333333,45.00917,,,0,0,0.0894,Low,990313
KE026,Trans Nzoia,2017-04,59.845395,33.296715,,,0,0,0.0894,Low,990313
KE026,Trans Nzoia,2017-05,119.39876333333332,117.56054,,,0,0,0.0894,Low,990313
KE026,Trans Nzoia,2017-06,88.22263,74.56644,,,1,1,0.0894,Low,990313
KE026,Trans Nzoia,2017-07,202.85736333333332,160.83617,,,0,0,0.0894,Low,990313
KE026,Trans Nzoia,2017-08,123.89426533333334,89.041466,,,0,0,0.0894,Low,990313
KE026,Trans Nzoia,2017-09,143.75835666666669,137.64412,,,0,0,0.0894,Low,990313
KE026,Trans Nzoia,2017-10,149.546522,56.564926,,,0,0,0.0894,Low,990313
KE026,Trans Nzoia,2017-11,93.355752,56.111526,,,0,0,0.0894,Low,990313
KE026,Trans Nzoia,2017-12,54.04983133333334,40.666527,,,0,0,0.0894,Low,990313
KE026,Trans Nzoia,2018-01,60.809044666666665,55.72918,,,0,0,0.0894,Low,990313
KE026,Trans Nzoia,2018-02,62.527684,45.031727,,,0,0,0.0894,Low,990313
KE026,Trans Nzoia,2018-03,178.27437999999998,51.21215,,,0,0,0.0894,Low,990313
KE026,Trans Nzoia,2018-04,179.18199,143.56999,,,0,0,0.0894,Low,990313
KE026,Trans Nzoia,2018-05,179.59822,148.42004,,,0,0,0.0894,Low,990313
KE026,Trans Nzoia,2018-06,163.02660333333333,133.7571,,,1,0,0.0894,Low,990313
KE026,Trans Nzoia,2018-07,126.76996333333334,52.23648,,,0,0,0.0894,Low,990313
KE026,Trans Nzoia,2018-08,95.72411333333332,38.19672,,,0,0,0.0894,Low,990313
KE026,Trans Nzoia,2018-09,65.407165,48.559727,,,0,0,0.0894,Low,990313
KE026,Trans Nzoia,2018-10,84.304328,43.82165,,,0,0,0.0894,Low,990313
KE026,Trans Nzoia,2018-11,48.01931066666666,26.66404,,,0,0,0.0894,Low,990313
KE026,Trans Nzoia,2018-12,122.74022666666667,40.42118,,,0,0,0.0894,Low,990313
KE026,Trans Nzoia,2019-01,73.35997066666667,59.215748,,,0,0,0.0894,Low,990313
KE026,Trans Nzoia,2019-02,63.760266666666666,48.51145,,,0,0,0.0894,Low,990313
KE026,Trans Nzoia,2019-03,80.28112433333332,36.817253,,,0,0,0.0894,Low,990313
KE026,Trans Nzoia,2019-04,72.12065666666668,31.098652,,,0,0,0.0894,Low,990313
KE026,Trans Nzoia,2019-05,85.95467000000001,53.02562,,,0,0,0.0894,Low,990313
KE026,Trans Nzoia,2019-06,142.33205999999998,85.9751,,,0,0,0.0894,Low,990313
KE026,Trans Nzoia,2019-07,108.30907833333333,84.93525,,,0,0,0.0894,Low,990313
KE026,Trans Nzoia,2019-08,140.80015333333333,93.61403,,,0,0,0.0894,Low,990313
KE026,Trans Nzoia,2019-09,131.67924333333335,97.94519,,,0,0,0.0894,Low,990313
KE026,Trans Nzoia,2019-10,152.81832,120.2841,,,0,0,0.0894,Low,990313
KE026,Trans Nzoia,2019-11,146.07768,67.6413,,,0,0,0.0894,Low,990313
KE026,Trans Nzoia,2019-12,217.81906666666669,85.55523,,,0,0,0.0894,Low,990313
KE026,Trans Nzoia,2020-01,146.738912,62.88329,,,0,0,0.0894,Low,990313
KE026,Trans Nzoia,2020-02,97.17468233333334,59.911007,,,0,0,0.0894,Low,990313
KE026,Trans Nzoia,2020-03,228.46638,143.89789,,,1,0,0.0894,Low,990313
KE026,Trans Nzoia,2020-04,129.730538,24.770544,,,0,0,0.0894,Low,990313
KE026,Trans Nzoia,2020-05,109.45846333333333,99.8924,,,1,1,0.0894,Low,990313
KE026,Trans Nzoia,2020-06,172.31127333333333,130.21576,,,0,0,0.0894,Low,990313
KE026,Trans Nzoia,2020-07,180.32660666666666,99.27048,,,0,0,0.0894,Low,990313
KE026,Trans Nzoia,2020-08,192.43690666666666,178.70938,,,0,0,0.0894,Low,990313
KE026,Trans Nzoia,2020-09,157.30162666666666,146.06445,,,0,0,0.0894,Low,990313
KE026,Trans Nzoia,2020-10,132.19916666666668,109.24207,,,0,0,0.0894,Low,990313
KE026,Trans Nzoia,2020-11,173.48090666666667,151.19818,,,0,0,0.0894,Low,990313
KE026,Trans Nzoia,2020-12,48.422974,46.423615,,,0,0,0.0894,Low,990313
KE026,Trans Nzoia,2021-01,102.74602266666666,58.183838,,,0,0,0.0894,Low,990313
KE026,Trans Nzoia,2021-02,99.01172466666667,70.822624,,,0,0,0.0894,Low,990313
KE026,Trans Nzoia,2021-03,61.440824666666664,42.81688,,,0,0,0.0894,Low,990313
KE026,Trans Nzoia,2021-04,97.14751333333334,54.01464,,,0,0,0.0894,Low,990313
KE026,Trans Nzoia,2021-05,133.18408666666667,52.45351,,,0,0,0.0894,Low,990313
KE026,Trans Nzoia,2021-06,94.54402833333334,68.951645,,,0,0,0.0894,Low,990313
KE026,Trans Nzoia,2021-07,88.763705,46.2933,,,0,0,0.0894,Low,990313
KE026,Trans Nzoia,2021-08,103.07971333333334,101.70127,,,0,0,0.0894,Low,990313
KE026,Trans Nzoia,2021-09,138.70976,122.83858,,,2,1,0.0894,Low,990313
KE026,Trans Nzoia,2021-10,109.66824000000001,54.00807,,,0,0,0.0894,Low,990313
KE026,Trans Nzoia,2021-11,59.178438,45.12434,,,0,0,0.0894,Low,990313
KE026,Trans Nzoia,2021-12,50.398288666666666,40.4443,,,0,0,0.0894,Low,990313
KE026,Trans Nzoia,2022-01,114.19754833333333,73.00691,,,0,0,0.0894,Low,990313
KE026,Trans Nzoia,2022-02,117.42399666666665,55.74382,,,0,0,0.0894,Low,990313
KE026,Trans Nzoia,2022-03,74.812186,36.597916,,,1,1,0.0894,Low,990313
KE026,Trans Nzoia,2022-04,82.47726999999999,29.89475,,,0,0,0.0894,Low,990313
KE026,Trans Nzoia,2022-05,101.99411333333335,69.54154,,,0,0,0.0894,Low,990313
KE026,Trans Nzoia,2022-06,76.557078,67.534836,,,0,0,0.0894,Low,990313
KE026,Trans Nzoia,2022-07,105.811328,90.223434,,,0,0,0.0894,Low,990313
KE026,Trans Nzoia,2022-08,187.20349333333334,166.58884,,,0,0,0.0894,Low,990313
KE026,Trans Nzoia,2022-09,118.78976666666665,106.84571,,,0,0,0.0894,Low,990313
KE026,Trans Nzoia,2022-10,96.41814199999999,30.849016,,,0,0,0.0894,Low,990313
KE026,Trans Nzoia,2022-11,112.1868,73.12299,,,0,0,0.0894,Low,990313
KE026,Trans Nzoia,2022-12,98.15406666666667,71.05186,,,0,0,0.0894,Low,990313
KE026,Trans Nzoia,2023-01,55.68298066666667,51.17271,,,0,0,0.0894,Low,990313
KE026,Trans Nzoia,2023-02,49.23285833333333,43.78856,,,0,0,0.0894,Low,990313
KE026,Trans Nzoia,2023-03,150.72110666666666,74.76176,,,0,0,0.0894,Low,990313
KE026,Trans Nzoia,2023-04,84.20707766666666,25.273323,,,0,0,0.0894,Low,990313
KE026,Trans Nzoia,2023-05,93.91267533333333,89.791176,,,0,0,0.0894,Low,990313
KE026,Trans Nzoia,2023-06,119.71201333333333,101.64333,,,1,0,0.0894,Low,990313
KE026,Trans Nzoia,2023-07,91.38685666666667,57.45244,,,0,0,0.0894,Low,990313
KE026,Trans Nzoia,2023-08,93.06955,64.59693,,,0,0,0.0894,Low,990313
KE026,Trans Nzoia,2023-09,143.19331,133.83308,,,0,0,0.0894,Low,990313
KE026,Trans Nzoia,2023-10,98.24092,69.612434,,,0,0,0.0894,Low,990313
KE026,Trans Nzoia,2023-11,93.78994266666666,49.524208,,,0,0,0.0894,Low,990313
KE026,Trans Nzoia,2023-12,90.98701333333334,78.67156,,,0,0,0.0894,Low,990313
KE026,Trans Nzoia,2024-01,182.77513,132.87257,,,1,0,0.0894,Low,990313
KE026,Trans Nzoia,2024-02,162.07226,97.84166,,,0,0,0.0894,Low,990313
KE026,Trans Nzoia,2024-03,88.83065466666666,46.66549,,,0,0,0.0894,Low,990313
KE026,Trans Nzoia,2024-04,126.597965,83.390625,,,1,2,0.0894,Low,990313
KE026,Trans Nzoia,2024-05,108.847194,50.153957,,,0,0,0.0894,Low,990313
KE026,Trans Nzoia,2024-06,69.492548,63.74557,,,2,3,0.0894,Low,990313
KE026,Trans Nzoia,2024-07,144.9402716666667,114.0308,,,0,0,0.0894,Low,990313
KE026,Trans Nzoia,2024-08,118.8079,76.38938,,,0,0,0.0894,Low,990313
KE026,Trans Nzoia,2024-09,117.83775333333334,93.02016,,,0,0,0.0894,Low,990313
KE026,Trans Nzoia,2024-10,100.50445,56.48773,,,0,0,0.0894,Low,990313
KE026,Trans Nzoia,2024-11,157.9128046666667,84.5064,,,0,0,0.0894,Low,990313
KE026,Trans Nzoia,2024-12,54.111095000000006,40.108387,,,0,0,0.0894,Low,990313
KE026,Trans Nzoia,2025-01,117.00217866666667,92.18098,,,1,1,0.0894,Low,990313
KE026,Trans Nzoia,2025-02,53.62002433333333,46.89694,,,0,0,0.0894,Low,990313
KE026,Trans Nzoia,2025-03,160.40181666666666,112.12027,,,2,0,0.0894,Low,990313
KE026,Trans Nzoia,2025-04,97.27656166666667,60.143715,,,0,0,0.0894,Low,990313
KE026,Trans Nzoia,2025-05,128.24975333333333,74.83447,,,0,0,0.0894,Low,990313
KE026,Trans Nzoia,2025-06,113.25507466666666,103.988144,,,1,3,0.0894,Low,990313
KE026,Trans Nzoia,2025-07,178.08408999999997,142.21368,,,0,0,0.0894,Low,990313
KE026,Trans Nzoia,2025-08,111.49831333333333,85.50403,,,0,0,0.0894,Low,990313
KE026,Trans Nzoia,2025-09,137.73077666666669,100.48309,,,0,0,0.0894,Low,990313
KE026,Trans Nzoia,2025-10,189.17211333333333,163.08391,,,1,1,0.0894,Low,990313
KE026,Trans Nzoia,2025-11,49.44852866666667,34.641094,,,0,0,0.0894,Low,990313
KE026,Trans Nzoia,2025-12,113.06668766666667,63.353783,,,0,0,0.0894,Low,990313
KE023,Turkana,2006-01,86.97692833333333,82.29295,,26.0,2,31,0.4968,High,926955
KE023,Turkana,2006-02,95.63126,85.19564,,28.0,0,0,0.4968,High,926955
KE023,Turkana,2006-03,104.97510333333332,71.40482,,27.0,2,5,0.4968,High,926955
KE023,Turkana,2006-04,107.58552666666667,66.49252,,30.0,2,7,0.4968,High,926955
KE023,Turkana,2006-05,77.56173666666666,67.65702,,26.0,0,0,0.4968,High,926955
KE023,Turkana,2006-06,81.00422266666668,63.136898,,27.0,1,0,0.4968,High,926955
KE023,Turkana,2006-07,78.84328666666667,66.23971,,26.0,1,1,0.4968,High,926955
KE023,Turkana,2006-08,161.55823666666666,78.55718,,27.0,1,1,0.4968,High,926955
KE023,Turkana,2006-09,91.59283666666666,82.25059,,29.0,1,19,0.4968,High,926955
KE023,Turkana,2006-10,123.80043133333334,72.8205,,30.0,0,0,0.4968,High,926955
KE023,Turkana,2006-11,193.15581466666666,55.953304,,28.0,1,2,0.4968,High,926955
KE023,Turkana,2006-12,184.11756,97.05225,,28.0,2,14,0.4968,High,926955
KE023,Turkana,2007-01,100.255678,90.17537,,30.0,2,8,0.4968,High,926955
KE023,Turkana,2007-02,151.39090666666667,100.79899,,30.0,0,0,0.4968,High,926955
KE023,Turkana,2007-03,92.26876399999999,46.224937,,30.0,0,0,0.4968,High,926955
KE023,Turkana,2007-04,134.734318,35.552467,,31.0,3,45,0.4968,High,926955
KE023,Turkana,2007-05,127.74495133333333,52.564854,,29.0,0,0,0.4968,High,926955
KE023,Turkana,2007-06,263.71159,199.36472,,30.0,0,0,0.4968,High,926955
KE023,Turkana,2007-07,185.77275999999998,89.01639,,30.0,4,18,0.4968,High,926955
KE023,Turkana,2007-08,141.52668333333335,90.68391,,28.0,0,0,0.4968,High,926955
KE023,Turkana,2007-09,154.64998666666668,128.38936,,28.0,0,0,0.4968,High,926955
KE023,Turkana,2007-10,81.48426333333333,69.36819,,27.0,0,0,0.4968,High,926955
KE023,Turkana,2007-11,69.06293833333334,49.417763,,27.0,0,0,0.4968,High,926955
KE023,Turkana,2007-12,78.338008,65.872154,,30.0,0,0,0.4968,High,926955
KE023,Turkana,2008-01,96.73013166666668,85.825035,,37.0,3,50,0.4968,High,926955
KE023,Turkana,2008-02,83.49088966666666,67.559265,,38.0,1,40,0.4968,High,926955
KE023,Turkana,2008-03,100.52173066666667,56.709377,,35.0,1,1,0.4968,High,926955
KE023,Turkana,2008-04,66.56224,43.12028,,40.0,0,0,0.4968,High,926955
KE023,Turkana,2008-05,48.484480999999995,32.71499,,55.0,0,0,0.4968,High,926955
KE023,Turkana,2008-06,83.54868499999999,71.588585,,50.0,0,0,0.4968,High,926955
KE023,Turkana,2008-07,80.43590133333333,73.01209,,47.0,1,74,0.4968,High,926955
KE023,Turkana,2008-08,91.30327666666666,74.01825,,43.0,3,21,0.4968,High,926955
KE023,Turkana,2008-09,103.10958000000001,87.08991,,45.0,2,81,0.4968,High,926955
KE023,Turkana,2008-10,112.11990666666667,85.0265,,44.0,0,0,0.4968,High,926955
KE023,Turkana,2008-11,102.81245000000001,51.6415,,42.0,2,5,0.4968,High,926955
KE023,Turkana,2008-12,60.95583933333333,58.47662,,42.0,4,6,0.4968,High,926955
KE023,Turkana,2009-01,106.04413666666666,81.55496,,49.0,0,0,0.4968,High,926955
KE023,Turkana,2009-02,75.71435666666666,69.89317,,43.0,1,2,0.4968,High,926955
KE023,Turkana,2009-03,59.99302766666667,48.09813,,40.0,0,0,0.4968,High,926955
KE023,Turkana,2009-04,87.720528,51.56094,,41.0,0,0,0.4968,High,926955
KE023,Turkana,2009-05,103.39810666666666,56.62919,,46.0,1,0,0.4968,High,926955
KE023,Turkana,2009-06,79.69644266666667,63.046253,,47.7,0,0,0.4968,High,926955
KE023,Turkana,2009-07,70.39187700000001,60.392696,,52.0,2,2,0.4968,High,926955
KE023,Turkana,2009-08,71.84473200000001,69.622246,,48.0,8,48,0.4968,High,926955
KE023,Turkana,2009-09,88.41142,76.102425,,51.0,0,0,0.4968,High,926955
KE023,Turkana,2009-10,101.10331000000001,89.55548,,51.0,7,31,0.4968,High,926955
KE023,Turkana,2009-11,70.06141466666666,66.709114,,46.7,0,0,0.4968,High,926955
KE023,Turkana,2009-12,202.28999333333334,96.46572,,45.8,0,0,0.4968,High,926955
KE023,Turkana,2010-01,125.46472,83.780174,,49.6,3,9,0.4968,High,926955
KE023,Turkana,2010-02,176.30111166666666,89.225845,,45.7,3,5,0.4968,High,926955
KE023,Turkana,2010-03,194.20370333333335,94.09603,,44.5,0,0,0.4968,High,926955
KE023,Turkana,2010-04,83.12872866666667,43.017426,,44.93,2,18,0.4968,High,926955
KE023,Turkana,2010-05,137.83966666666666,107.68759,,46.0,1,0,0.4968,High,926955
KE023,Turkana,2010-06,82.48501666666667,76.28657,,44.0,1,3,0.4968,High,926955
KE023,Turkana,2010-07,86.334705,70.897575,,43.61,0,0,0.4968,High,926955
KE023,Turkana,2010-08,90.93058,77.21901,,44.0,1,7,0.4968,High,926955
KE023,Turkana,2010-09,96.01736833333332,82.8969,,46.29,2,3,0.4968,High,926955
KE023,Turkana,2010-10,92.9377,72.68365,,44.0,0,0,0.4968,High,926955
KE023,Turkana,2010-11,56.88416766666666,54.78971,,44.7,3,8,0.4968,High,926955
KE023,Turkana,2010-12,71.492338,60.038334,,42.29,0,0,0.4968,High,926955
KE023,Turkana,2011-01,86.95615333333335,80.92787,,44.0,2,1,0.4968,High,926955
KE023,Turkana,2011-02,86.20926333333334,70.62603,,42.6,0,0,0.4968,High,926955
KE023,Turkana,2011-03,117.27621,54.01017,,46.0,0,0,0.4968,High,926955
KE023,Turkana,2011-04,57.92020433333334,35.990173,,54.9,3,48,0.4968,High,926955
KE023,Turkana,2011-05,67.76112766666667,51.281963,,60.0,1,9,0.4968,High,926955
KE023,Turkana,2011-06,113.23035533333332,88.989136,,64.0,2,9,0.4968,High,926955
KE023,Turkana,2011-07,142.45638,111.99175,,74.8,0,0,0.4968,High,926955
KE023,Turkana,2011-08,113.51258999999999,93.1912,,72.73,0,0,0.4968,High,926955
KE023,Turkana,2011-09,127.26530000000001,105.76757,,65.55,0,0,0.4968,High,926955
KE023,Turkana,2011-10,109.06400666666667,89.01714,,64.3,0,0,0.4968,High,926955
KE023,Turkana,2011-11,278.17635466666667,82.384224,,64.23,1,11,0.4968,High,926955
KE023,Turkana,2011-12,103.50248666666666,58.16219,,64.58,0,0,0.4968,High,926955
KE023,Turkana,2012-01,83.689572,80.37466,,61.35,0,0,0.4968,High,926955
KE023,Turkana,2012-02,79.33545333333333,72.77065,,56.0,0,0,0.4968,High,926955
KE023,Turkana,2012-03,68.96498666666668,33.53587,,54.98,3,8,0.4968,High,926955
KE023,Turkana,2012-04,152.90234466666666,74.907974,,60.13,1,2,0.4968,High,926955
KE023,Turkana,2012-05,173.9413833333333,112.54251,,58.75,1,1,0.4968,High,926955
KE023,Turkana,2012-06,102.00085,64.5375,,58.65,1,3,0.4968,High,926955
KE023,Turkana,2012-07,145.08891,96.67485,,68.2,1,0,0.4968,High,926955
KE023,Turkana,2012-08,140.56600666666665,114.30099,,62.55,0,0,0.4968,High,926955
KE023,Turkana,2012-09,116.54269666666666,93.29073,,66.0,0,0,0.4968,High,926955
KE023,Turkana,2012-10,125.96595166666667,106.23369,,76.62,2,42,0.4968,High,926955
KE023,Turkana,2012-11,107.75712666666668,64.8465,,78.02,2,1,0.4968,High,926955
KE023,Turkana,2012-12,176.55155833333333,93.102295,,81.83,0,0,0.4968,High,926955
KE023,Turkana,2013-01,104.86560666666666,87.93143,,75.8,1,7,0.4968,High,926955
KE023,Turkana,2013-02,82.56254866666667,67.63255,,78.78,2,11,0.4968,High,926955
KE023,Turkana,2013-03,109.59921666666666,66.49441,,82.7,2,5,0.4968,High,926955
KE023,Turkana,2013-04,168.38896,105.20153,,87.8,2,4,0.4968,High,926955
KE023,Turkana,2013-05,86.09457133333335,44.16982,,84.75,1,5,0.4968,High,926955
KE023,Turkana,2013-06,86.77196900000001,63.231277,,86.35,1,4,0.4968,High,926955
KE023,Turkana,2013-07,109.27383333333334,81.45619,,76.5,1,4,0.4968,High,926955
KE023,Turkana,2013-08,95.81732,68.67672,,76.04,3,3,0.4968,High,926955
KE023,Turkana,2013-09,99.83429666666666,95.66048,,71.88,2,1,0.4968,High,926955
KE023,Turkana,2013-10,90.719328,73.202774,,74.17,2,17,0.4968,High,926955
KE023,Turkana,2013-11,113.49129533333335,55.239456,,74.58,2,0,0.4968,High,926955
KE023,Turkana,2013-12,86.06079833333332,64.14066,,71.93,1,1,0.4968,High,926955
KE023,Turkana,2014-01,85.82571833333333,83.95261,,84.0,4,9,0.4968,High,926955
KE023,Turkana,2014-02,96.88865333333332,77.47555,,78.05,0,0,0.4968,High,926955
KE023,Turkana,2014-03,117.969632,50.442116,,,0,0,0.4968,High,926955
KE023,Turkana,2014-04,57.05876666666666,29.80909,,70.1,0,0,0.4968,High,926955
KE023,Turkana,2014-05,61.416562666666664,59.239822,,75.02,0,0,0.4968,High,926955
KE023,Turkana,2014-06,71.32346666666666,67.936325,,81.83,1,2,0.4968,High,926955
KE023,Turkana,2014-07,109.127092,61.049416,,77.1,0,0,0.4968,High,926955
KE023,Turkana,2014-08,122.29713,70.46538,,80.78,0,0,0.4968,High,926955
KE023,Turkana,2014-09,98.127095,82.06523,,71.55,0,0,0.4968,High,926955
KE023,Turkana,2014-10,119.21209833333334,79.98326,,75.0,3,5,0.4968,High,926955
KE023,Turkana,2014-11,100.061358,52.850754,,72.0,0,0,0.4968,High,926955
KE023,Turkana,2014-12,86.820478,74.261284,,79.0,1,6,0.4968,High,926955
KE023,Turkana,2015-01,81.99704466666667,80.08008,,82.0,1,4,0.4968,High,926955
KE023,Turkana,2015-02,81.69123166666667,72.94303,,74.0,0,0,0.4968,High,926955
KE023,Turkana,2015-03,51.61333466666667,43.296776,,70.0,0,0,0.4968,High,926955
KE023,Turkana,2015-04,153.30479066666666,61.632492,,78.0,0,0,0.4968,High,926955
KE023,Turkana,2015-05,85.60872,53.66587,,69.0,0,0,0.4968,High,926955
KE023,Turkana,2015-06,100.87874666666666,84.90817,,73.0,0,0,0.4968,High,926955
KE023,Turkana,2015-07,69.47446066666667,59.224022,,75.0,1,1,0.4968,High,926955
KE023,Turkana,2015-08,69.262642,62.838226,,82.0,1,1,0.4968,High,926955
KE023,Turkana,2015-09,88.42633533333333,81.20648,,76.0,0,0,0.4968,High,926955
KE023,Turkana,2015-10,95.29871966666667,73.651405,,79.0,1,3,0.4968,High,926955
KE023,Turkana,2015-11,184.80512333333334,83.57336,,78.0,0,0,0.4968,High,926955
KE023,Turkana,2015-12,125.19052666666666,68.95361,,81.0,0,0,0.4968,High,926955
KE023,Turkana,2016-01,95.01392,82.99705,,81.0,0,0,0.4968,High,926955
KE023,Turkana,2016-02,81.70930466666667,80.46903,,75.0,0,0,0.4968,High,926955
KE023,Turkana,2016-03,89.83164633333332,42.898743,,76.0,0,0,0.4968,High,926955
KE023,Turkana,2016-04,163.66016666666667,137.76102,,,0,0,0.4968,High,926955
KE023,Turkana,2016-05,86.91666500000001,51.878525,,84.0,0,0,0.4968,High,926955
KE023,Turkana,2016-06,103.12307499999999,68.81208,,75.0,0,0,0.4968,High,926955
KE023,Turkana,2016-07,75.92482,68.3252,,75.0,0,0,0.4968,High,926955
KE023,Turkana,2016-08,77.89561166666667,65.00139,,69.0,0,0,0.4968,High,926955
KE023,Turkana,2016-09,81.297135,68.55721,,71.0,0,0,0.4968,High,926955
KE023,Turkana,2016-10,78.47339666666666,73.628,,73.0,1,0,0.4968,High,926955
KE023,Turkana,2016-11,68.62592166666667,57.10439,,74.0,1,1,0.4968,High,926955
KE023,Turkana,2016-12,59.550429333333334,57.25661,,77.0,2,2,0.4968,High,926955
KE023,Turkana,2017-01,101.83577333333334,92.18241,,87.0,0,0,0.4968,High,926955
KE023,Turkana,2017-02,161.39499999999998,93.16247,,82.0,0,0,0.4968,High,926955
KE023,Turkana,2017-03,66.47266833333333,64.048965,,90.7,1,2,0.4968,High,926955
KE023,Turkana,2017-04,53.575235666666664,32.8114,,92.6,2,2,0.4968,High,926955
KE023,Turkana,2017-05,84.72305666666666,54.80012,,98.0,1,1,0.4968,High,926955
KE023,Turkana,2017-06,65.688168,59.23034,,100.0,0,0,0.4968,High,926955
KE023,Turkana,2017-07,190.62133666666668,154.3732,,91.0,1,3,0.4968,High,926955
KE023,Turkana,2017-08,96.54149866666667,75.07921,,88.0,0,0,0.4968,High,926955
KE023,Turkana,2017-09,120.20539333333333,93.25815,,87.0,0,0,0.4968,High,926955
KE023,Turkana,2017-10,162.48648333333333,83.34592,,81.0,2,12,0.4968,High,926955
KE023,Turkana,2017-11,92.46885099999999,53.332203,,80.0,2,4,0.4968,High,926955
KE023,Turkana,2017-12,65.66058366666667,59.931416,,81.0,0,0,0.4968,High,926955
KE023,Turkana,2018-01,82.30413866666667,80.30999,,82.0,2,3,0.4968,High,926955
KE023,Turkana,2018-02,90.88888000000001,84.21316,,85.5,1,3,0.4968,High,926955
KE023,Turkana,2018-03,217.26723866666669,65.568596,,86.3,0,0,0.4968,High,926955
KE023,Turkana,2018-04,228.92539,130.7612,,85.0,0,0,0.4968,High,926955
KE023,Turkana,2018-05,176.89231333333336,125.5568,,84.0,0,0,0.4968,High,926955
KE023,Turkana,2018-06,141.50423333333333,93.08857,,83.0,0,0,0.4968,High,926955
KE023,Turkana,2018-07,68.88106933333333,63.067158,,81.0,2,3,0.4968,High,926955
KE023,Turkana,2018-08,100.41093333333333,64.43569,,59.0,1,2,0.4968,High,926955
KE023,Turkana,2018-09,82.83749866666666,70.86955,,63.0,2,5,0.4968,High,926955
KE023,Turkana,2018-10,80.01285866666667,66.50704,,61.0,0,0,0.4968,High,926955
KE023,Turkana,2018-11,64.48027566666667,53.882187,,62.0,1,1,0.4968,High,926955
KE023,Turkana,2018-12,124.13332666666668,60.46386,,60.0,0,0,0.4968,High,926955
KE023,Turkana,2019-01,86.24996,81.11467,,66.0,1,6,0.4968,High,926955
KE023,Turkana,2019-02,85.43959833333334,77.54962,,64.8,2,3,0.4968,High,926955
KE023,Turkana,2019-03,79.50095766666666,48.859463,,61.0,0,0,0.4968,High,926955
KE023,Turkana,2019-04,94.84087066666666,34.16794,,61.0,0,0,0.4968,High,926955
KE023,Turkana,2019-05,60.45891233333333,42.63069,,66.0,0,0,0.4968,High,926955
KE023,Turkana,2019-06,153.848425,94.512955,,63.0,2,1,0.4968,High,926955
KE023,Turkana,2019-07,115.74080333333332,69.02421,,66.7,0,0,0.4968,High,926955
KE023,Turkana,2019-08,108.32683666666667,75.75509,,67.1,2,2,0.4968,High,926955
KE023,Turkana,2019-09,105.04568333333334,84.62547,,66.3,0,0,0.4968,High,926955
KE023,Turkana,2019-10,198.47074333333333,183.96758,,67.0,0,0,0.4968,High,926955
KE023,Turkana,2019-11,125.926595,51.518135,,64.0,0,0,0.4968,High,926955
KE023,Turkana,2019-12,200.288945,98.078735,,65.0,0,0,0.4968,High,926955
KE023,Turkana,2020-01,119.68396,85.37344,,64.0,1,3,0.4968,High,926955
KE023,Turkana,2020-02,110.80973833333333,76.34242,,64.0,0,0,0.4968,High,926955
KE023,Turkana,2020-03,250.05521,200.42859,,,0,0,0.4968,High,926955
KE023,Turkana,2020-04,153.62977733333332,37.851032,,60.0,0,0,0.4968,High,926955
KE023,Turkana,2020-05,89.79528066666667,55.581562,,70.0,2,5,0.4968,High,926955
KE023,Turkana,2020-06,165.25039333333334,138.11028,,69.0,0,0,0.4968,High,926955
KE023,Turkana,2020-07,103.35289666666667,93.954575,,71.0,0,0,0.4968,High,926955
KE023,Turkana,2020-08,169.76500000000001,109.45941,,70.0,0,0,0.4968,High,926955
KE023,Turkana,2020-09,144.56193333333331,109.35073,,70.0,1,0,0.4968,High,926955
KE023,Turkana,2020-10,172.89436333333333,80.85731,,68.0,1,1,0.4968,High,926955
KE023,Turkana,2020-11,97.88111133333332,58.189964,,65.0,1,4,0.4968,High,926955
KE023,Turkana,2020-12,108.49001,59.50401,,65.0,0,0,0.4968,High,926955
KE023,Turkana,2021-01,97.377592,81.660706,,,2,14,0.4968,High,926955
KE023,Turkana,2021-02,111.33252333333333,85.97762,,,0,0,0.4968,High,926955
KE023,Turkana,2021-03,62.58914333333334,57.51363,,,0,0,0.4968,High,926955
KE023,Turkana,2021-04,72.91169866666667,36.966316,,,1,3,0.4968,High,926955
KE023,Turkana,2021-05,121.37489733333332,53.975307,,,1,0,0.4968,High,926955
KE023,Turkana,2021-06,68.02528133333334,61.413418,,,0,0,0.4968,High,926955
KE023,Turkana,2021-07,83.81857000000001,71.91464,,,1,0,0.4968,High,926955
KE023,Turkana,2021-08,78.91046133333333,69.54073,,,1,0,0.4968,High,926955
KE023,Turkana,2021-09,131.04287666666667,93.59081,,,1,1,0.4968,High,926955
KE023,Turkana,2021-10,84.559205,65.643585,,,2,2,0.4968,High,926955
KE023,Turkana,2021-11,65.522815,59.18081,,,0,0,0.4968,High,926955
KE023,Turkana,2021-12,62.49557033333334,59.872715,,,0,0,0.4968,High,926955
KE023,Turkana,2022-01,117.17365833333334,90.950455,,,6,7,0.4968,High,926955
KE023,Turkana,2022-02,92.38515666666667,83.11704,,,0,0,0.4968,High,926955
KE023,Turkana,2022-03,64.39260733333333,55.382042,,,2,5,0.4968,High,926955
KE023,Turkana,2022-04,101.71839066666666,35.208042,,,3,0,0.4968,High,926955
KE023,Turkana,2022-05,95.31374766666666,44.842453,,,6,1,0.4968,High,926955
KE023,Turkana,2022-06,67.23946733333334,61.818157,,,1,1,0.4968,High,926955
KE023,Turkana,2022-07,66.18933866666667,58.16239,,,10,16,0.4968,High,926955
KE023,Turkana,2022-08,108.02249666666667,86.5397,,,0,0,0.4968,High,926955
KE023,Turkana,2022-09,125.80847999999999,93.09874,,,4,24,0.4968,High,926955
KE023,Turkana,2022-10,97.63981999999999,70.12507,,,3,3,0.4968,High,926955
KE023,Turkana,2022-11,76.345985,67.97984,,,0,0,0.4968,High,926955
KE023,Turkana,2022-12,91.88803466666667,81.52685,,,4,1,0.4968,High,926955
KE023,Turkana,2023-01,83.097492,80.913506,,,8,2,0.4968,High,926955
KE023,Turkana,2023-02,77.55660999999999,72.08614,,,4,2,0.4968,High,926955
KE023,Turkana,2023-03,140.09969233333334,53.142567,,,2,1,0.4968,High,926955
KE023,Turkana,2023-04,174.04519333333334,36.95475,,,10,17,0.4968,High,926955
KE023,Turkana,2023-05,59.18902766666667,43.96209,,,1,3,0.4968,High,926955
KE023,Turkana,2023-06,74.41811166666668,71.21675,,,2,2,0.4968,High,926955
KE023,Turkana,2023-07,69.90812833333332,65.14555,,,6,11,0.4968,High,926955
KE023,Turkana,2023-08,68.52292333333334,63.85675,,,5,4,0.4968,High,926955
KE023,Turkana,2023-09,90.70441333333333,81.07416,,,4,6,0.4968,High,926955
KE023,Turkana,2023-10,155.55149833333334,87.998535,,,1,0,0.4968,High,926955
KE023,Turkana,2023-11,103.68626,68.80675,,,6,4,0.4968,High,926955
KE023,Turkana,2023-12,82.71347,67.44754,177.42307692307693,99.45588235294117,4,3,0.4968,High,926955
KE023,Turkana,2024-01,120.77693666666666,102.41716,,,5,7,0.4968,High,926955
KE023,Turkana,2024-02,177.14760666666666,130.39671,,,1,0,0.4968,High,926955
KE023,Turkana,2024-03,81.76211333333333,54.4659,167.43243243243242,89.4186046511628,4,7,0.4968,High,926955
KE023,Turkana,2024-04,222.72916999999998,100.20268,,,3,1,0.4968,High,926955
KE023,Turkana,2024-05,92.04579666666666,45.30407,,,1,1,0.4968,High,926955
KE023,Turkana,2024-06,65.320111,61.091328,155.40277777777777,86.14772727272727,5,17,0.4968,High,926955
KE023,Turkana,2024-07,171.15119333333334,134.78752,,,0,0,0.4968,High,926955
KE023,Turkana,2024-08,110.049598,78.646614,,,1,1,0.4968,High,926955
KE023,Turkana,2024-09,107.48113000000001,84.55089,144.9268292682927,84.08823529411765,2,2,0.4968,High,926955
KE023,Turkana,2024-10,183.8970866666667,122.19107,,,0,0,0.4968,High,926955
KE023,Turkana,2024-11,147.03384866666667,64.947426,,,2,1,0.4968,High,926955
KE023,Turkana,2024-12,56.32351833333333,55.23827,,,0,0,0.4968,High,926955
KE023,Turkana,2025-01,92.23644666666667,89.17434,,,4,3,0.4968,High,926955
KE023,Turkana,2025-02,70.39862466666666,64.08659,,,5,51,0.4968,High,926955
KE023,Turkana,2025-03,168.92220666666665,128.84987,151.0909090909091,87.0,2,2,0.4968,High,926955
KE023,Turkana,2025-04,112.83707700000001,38.783855,,,4,2,0.4968,High,926955
KE023,Turkana,2025-05,124.86264666666666,98.73583,,,3,0,0.4968,High,926955
KE023,Turkana,2025-06,75.88177166666667,71.739975,135.5,78.54545454545455,3,2,0.4968,High,926955
KE023,Turkana,2025-07,66.26757933333333,61.658543,,,5,3,0.4968,High,926955
KE023,Turkana,2025-08,203.91093666666666,142.84404,,,5,6,0.4968,High,926955
KE023,Turkana,2025-09,105.25890666666668,89.22454,135.16666666666666,86.35714285714286,3,3,0.4968,High,926955
KE023,Turkana,2025-10,275.8599033333333,136.23782,,,7,10,0.4968,High,926955
KE023,Turkana,2025-11,53.512406666666664,49.459404,,,2,3,0.4968,High,926955
KE023,Turkana,2025-12,143.23568333333333,67.25941,122.0,63.2,1,0,0.4968,High,926955
KE027,Uasin Gishu,2006-01,72.90870133333333,46.7236,,,0,0,0.0642,Low,1163158
KE027,Uasin Gishu,2006-02,112.67578400000001,45.902462,,,0,0,0.0642,Low,1163158
KE027,Uasin Gishu,2006-03,122.51286166666667,84.86448,,,0,0,0.0642,Low,1163158
KE027,Uasin Gishu,2006-04,123.73725,79.54787,,,0,0,0.0642,Low,1163158
KE027,Uasin Gishu,2006-05,84.84074666666667,65.7501,,,0,0,0.0642,Low,1163158
KE027,Uasin Gishu,2006-06,93.88135266666666,53.001858,,,0,0,0.0642,Low,1163158
KE027,Uasin Gishu,2006-07,76.77712666666667,72.16424,,,0,0,0.0642,Low,1163158
KE027,Uasin Gishu,2006-08,105.123198,48.766014,,,0,0,0.0642,Low,1163158
KE027,Uasin Gishu,2006-09,106.61043333333333,85.96193,,,0,0,0.0642,Low,1163158
KE027,Uasin Gishu,2006-10,93.18487866666668,31.604708,,,0,0,0.0642,Low,1163158
KE027,Uasin Gishu,2006-11,225.58559333333332,58.92438,,,0,0,0.0642,Low,1163158
KE027,Uasin Gishu,2006-12,168.55746,45.14051,,,0,0,0.0642,Low,1163158
KE027,Uasin Gishu,2007-01,130.31767333333335,84.09659,,,0,0,0.0642,Low,1163158
KE027,Uasin Gishu,2007-02,210.55426466666665,109.000694,,,0,0,0.0642,Low,1163158
KE027,Uasin Gishu,2007-03,73.72429699999999,33.637203,,,0,0,0.0642,Low,1163158
KE027,Uasin Gishu,2007-04,106.48876266666667,21.484713,,,0,0,0.0642,Low,1163158
KE027,Uasin Gishu,2007-05,94.20504100000001,38.503353,,,0,0,0.0642,Low,1163158
KE027,Uasin Gishu,2007-06,129.72506333333334,96.35392,,,0,0,0.0642,Low,1163158
KE027,Uasin Gishu,2007-07,108.72316866666665,62.732876,,,0,0,0.0642,Low,1163158
KE027,Uasin Gishu,2007-08,121.16667666666666,92.08361,,,0,0,0.0642,Low,1163158
KE027,Uasin Gishu,2007-09,210.68876666666665,172.38377,,,0,0,0.0642,Low,1163158
KE027,Uasin Gishu,2007-10,65.77177933333333,43.606163,,,0,0,0.0642,Low,1163158
KE027,Uasin Gishu,2007-11,54.78715066666666,35.055042,,,0,0,0.0642,Low,1163158
KE027,Uasin Gishu,2007-12,59.43001066666667,36.419277,,,3,54,0.0642,Low,1163158
KE027,Uasin Gishu,2008-01,70.49166000000001,51.0289,,,14,19,0.0642,Low,1163158
KE027,Uasin Gishu,2008-02,91.15015466666667,40.583454,,,0,0,0.0642,Low,1163158
KE027,Uasin Gishu,2008-03,108.850353,50.447525,,,1,1,0.0642,Low,1163158
KE027,Uasin Gishu,2008-04,62.758424,47.550602,,,0,0,0.0642,Low,1163158
KE027,Uasin Gishu,2008-05,76.56544866666667,28.863081,,,0,0,0.0642,Low,1163158
KE027,Uasin Gishu,2008-06,77.274201,41.956367,,,0,0,0.0642,Low,1163158
KE027,Uasin Gishu,2008-07,112.69966,107.93674,,,0,0,0.0642,Low,1163158
KE027,Uasin Gishu,2008-08,121.65138533333334,105.542816,,,1,1,0.0642,Low,1163158
KE027,Uasin Gishu,2008-09,106.629765,65.930885,,,0,0,0.0642,Low,1163158
KE027,Uasin Gishu,2008-10,142.27141333333333,67.68718,,,0,0,0.0642,Low,1163158
KE027,Uasin Gishu,2008-11,116.39277866666667,34.45367,,,0,0,0.0642,Low,1163158
KE027,Uasin Gishu,2008-12,46.653641666666665,32.215755,,,0,0,0.0642,Low,1163158
KE027,Uasin Gishu,2009-01,68.88257833333334,34.764244,,,0,0,0.0642,Low,1163158
KE027,Uasin Gishu,2009-02,47.675289666666664,34.925415,,,0,0,0.0642,Low,1163158
KE027,Uasin Gishu,2009-03,47.812647999999996,25.68267,,,0,0,0.0642,Low,1163158
KE027,Uasin Gishu,2009-04,97.70140333333332,57.74714,,,0,0,0.0642,Low,1163158
KE027,Uasin Gishu,2009-05,108.24346000000001,40.19184,,,0,0,0.0642,Low,1163158
KE027,Uasin Gishu,2009-06,57.79349666666667,41.83816,,,0,0,0.0642,Low,1163158
KE027,Uasin Gishu,2009-07,71.86508666666667,48.64372,,,0,0,0.0642,Low,1163158
KE027,Uasin Gishu,2009-08,71.37251566666667,61.951107,,,0,0,0.0642,Low,1163158
KE027,Uasin Gishu,2009-09,94.63563666666666,72.23654,,,0,0,0.0642,Low,1163158
KE027,Uasin Gishu,2009-10,93.58858666666667,56.47121,,,1,1,0.0642,Low,1163158
KE027,Uasin Gishu,2009-11,59.679185666666676,39.590397,,,0,0,0.0642,Low,1163158
KE027,Uasin Gishu,2009-12,270.84224,174.05595,,,0,0,0.0642,Low,1163158
KE027,Uasin Gishu,2010-01,132.23479366666666,43.027176,,,0,0,0.0642,Low,1163158
KE027,Uasin Gishu,2010-02,269.75797666666665,152.75739,,,0,0,0.0642,Low,1163158
KE027,Uasin Gishu,2010-03,141.51774433333333,51.492233,,,0,0,0.0642,Low,1163158
KE027,Uasin Gishu,2010-04,101.74439,36.45399,,,0,0,0.0642,Low,1163158
KE027,Uasin Gishu,2010-05,151.93852666666666,92.9247,,,1,0,0.0642,Low,1163158
KE027,Uasin Gishu,2010-06,92.586655,80.99819,,,0,0,0.0642,Low,1163158
KE027,Uasin Gishu,2010-07,101.180108,64.844604,,,0,0,0.0642,Low,1163158
KE027,Uasin Gishu,2010-08,102.41144666666666,72.02605,,,0,0,0.0642,Low,1163158
KE027,Uasin Gishu,2010-09,118.43163666666668,85.5175,,,0,0,0.0642,Low,1163158
KE027,Uasin Gishu,2010-10,119.34849666666666,97.05168,,,0,0,0.0642,Low,1163158
KE027,Uasin Gishu,2010-11,48.484974,40.31706,,,0,0,0.0642,Low,1163158
KE027,Uasin Gishu,2010-12,74.91917833333333,44.262295,,,0,0,0.0642,Low,1163158
KE027,Uasin Gishu,2011-01,57.90596433333334,41.785713,,,0,0,0.0642,Low,1163158
KE027,Uasin Gishu,2011-02,66.48966333333334,42.84407,,,0,0,0.0642,Low,1163158
KE027,Uasin Gishu,2011-03,122.41294133333334,56.152714,,,1,0,0.0642,Low,1163158
KE027,Uasin Gishu,2011-04,52.94272566666666,24.636246,,,0,0,0.0642,Low,1163158
KE027,Uasin Gishu,2011-05,86.59182566666668,37.053757,,,0,0,0.0642,Low,1163158
KE027,Uasin Gishu,2011-06,119.53694866666667,104.32385,,,0,0,0.0642,Low,1163158
KE027,Uasin Gishu,2011-07,102.31726800000001,69.08396,,,0,0,0.0642,Low,1163158
KE027,Uasin Gishu,2011-08,148.83914000000001,102.68542,,,0,0,0.0642,Low,1163158
KE027,Uasin Gishu,2011-09,123.63255500000001,107.84389,,,0,0,0.0642,Low,1163158
KE027,Uasin Gishu,2011-10,95.31916100000001,52.25529,,,0,0,0.0642,Low,1163158
KE027,Uasin Gishu,2011-11,230.26966666666667,55.70377,,,0,0,0.0642,Low,1163158
KE027,Uasin Gishu,2011-12,93.79003499999999,34.367958,,,0,0,0.0642,Low,1163158
KE027,Uasin Gishu,2012-01,41.060629,38.10559,,,0,0,0.0642,Low,1163158
KE027,Uasin Gishu,2012-02,52.480949333333335,37.57798,,,0,0,0.0642,Low,1163158
KE027,Uasin Gishu,2012-03,57.66594799999999,25.225866,,,0,0,0.0642,Low,1163158
KE027,Uasin Gishu,2012-04,158.08256666666668,112.99707,,,0,0,0.0642,Low,1163158
KE027,Uasin Gishu,2012-05,158.83038666666667,114.04284,,,0,0,0.0642,Low,1163158
KE027,Uasin Gishu,2012-06,125.47487000000001,87.54527,,,0,0,0.0642,Low,1163158
KE027,Uasin Gishu,2012-07,102.66384533333333,69.925476,,,0,0,0.0642,Low,1163158
KE027,Uasin Gishu,2012-08,112.04496833333333,95.846245,,,0,0,0.0642,Low,1163158
KE027,Uasin Gishu,2012-09,188.5115066666667,138.75072,,,0,0,0.0642,Low,1163158
KE027,Uasin Gishu,2012-10,130.226802,87.99333,,,0,0,0.0642,Low,1163158
KE027,Uasin Gishu,2012-11,102.66976333333334,51.46752,,,0,0,0.0642,Low,1163158
KE027,Uasin Gishu,2012-12,162.54732666666666,60.02634,,,0,0,0.0642,Low,1163158
KE027,Uasin Gishu,2013-01,122.64034366666668,60.152416,,,0,0,0.0642,Low,1163158
KE027,Uasin Gishu,2013-02,65.06750666666666,36.97723,,,0,0,0.0642,Low,1163158
KE027,Uasin Gishu,2013-03,149.70915333333332,82.72526,,,0,0,0.0642,Low,1163158
KE027,Uasin Gishu,2013-04,157.1341,95.29889,,,0,0,0.0642,Low,1163158
KE027,Uasin Gishu,2013-05,85.42787666666668,35.84782,,,2,1,0.0642,Low,1163158
KE027,Uasin Gishu,2013-06,104.06031133333333,60.096134,,,0,0,0.0642,Low,1163158
KE027,Uasin Gishu,2013-07,100.930482,72.08207,,,0,0,0.0642,Low,1163158
KE027,Uasin Gishu,2013-08,132.09887999999998,93.42835,,,0,0,0.0642,Low,1163158
KE027,Uasin Gishu,2013-09,148.95289,144.49536,,,0,0,0.0642,Low,1163158
KE027,Uasin Gishu,2013-10,116.92296566666668,47.381027,,,2,1,0.0642,Low,1163158
KE027,Uasin Gishu,2013-11,114.71842,74.34476,,,0,0,0.0642,Low,1163158
KE027,Uasin Gishu,2013-12,151.75529666666668,42.47234,,,0,0,0.0642,Low,1163158
KE027,Uasin Gishu,2014-01,58.97116666666667,47.09627,,,0,0,0.0642,Low,1163158
KE027,Uasin Gishu,2014-02,120.65791133333335,76.05619,,,0,0,0.0642,Low,1163158
KE027,Uasin Gishu,2014-03,103.582463,34.727245,,,0,0,0.0642,Low,1163158
KE027,Uasin Gishu,2014-04,42.49984,32.98951,,,0,0,0.0642,Low,1163158
KE027,Uasin Gishu,2014-05,92.80849,62.97322,,,0,0,0.0642,Low,1163158
KE027,Uasin Gishu,2014-06,83.470207,54.571556,,,0,0,0.0642,Low,1163158
KE027,Uasin Gishu,2014-07,90.52882799999999,64.40003,,,0,0,0.0642,Low,1163158
KE027,Uasin Gishu,2014-08,132.36296166666668,75.020065,,,0,0,0.0642,Low,1163158
KE027,Uasin Gishu,2014-09,86.81751333333334,58.15079,,,0,0,0.0642,Low,1163158
KE027,Uasin Gishu,2014-10,144.96661333333333,73.95977,,,0,0,0.0642,Low,1163158
KE027,Uasin Gishu,2014-11,94.42931866666667,47.16187,,,0,0,0.0642,Low,1163158
KE027,Uasin Gishu,2014-12,91.91331466666666,59.587234,,,0,0,0.0642,Low,1163158
KE027,Uasin Gishu,2015-01,42.842988,37.718346,,,0,0,0.0642,Low,1163158
KE027,Uasin Gishu,2015-02,54.761965333333336,37.623123,,,0,0,0.0642,Low,1163158
KE027,Uasin Gishu,2015-03,45.77358666666667,24.76906,,,1,0,0.0642,Low,1163158
KE027,Uasin Gishu,2015-04,126.44142666666666,64.59051,,,1,1,0.0642,Low,1163158
KE027,Uasin Gishu,2015-05,98.26670666666666,72.52163,,,0,0,0.0642,Low,1163158
KE027,Uasin Gishu,2015-06,102.00374000000001,56.37683,,,0,0,0.0642,Low,1163158
KE027,Uasin Gishu,2015-07,75.30922500000001,61.72623,,,0,0,0.0642,Low,1163158
KE027,Uasin Gishu,2015-08,48.13942333333333,31.25193,,,0,0,0.0642,Low,1163158
KE027,Uasin Gishu,2015-09,95.43419466666667,58.753674,,,0,0,0.0642,Low,1163158
KE027,Uasin Gishu,2015-10,97.53668533333332,52.09622,,,0,0,0.0642,Low,1163158
KE027,Uasin Gishu,2015-11,121.42310666666667,79.65688,,,0,0,0.0642,Low,1163158
KE027,Uasin Gishu,2015-12,146.76414233333333,46.642227,,,0,0,0.0642,Low,1163158
KE027,Uasin Gishu,2016-01,141.41635233333332,49.984467,,,0,0,0.0642,Low,1163158
KE027,Uasin Gishu,2016-02,53.99807333333333,50.578712,,,0,0,0.0642,Low,1163158
KE027,Uasin Gishu,2016-03,86.30333266666666,35.09796,,,0,0,0.0642,Low,1163158
KE027,Uasin Gishu,2016-04,149.25492,129.47855,,,0,0,0.0642,Low,1163158
KE027,Uasin Gishu,2016-05,121.47715766666666,58.484013,,,0,0,0.0642,Low,1163158
KE027,Uasin Gishu,2016-06,105.31133333333332,65.45008,,,0,0,0.0642,Low,1163158
KE027,Uasin Gishu,2016-07,111.61414666666667,96.64798,,,0,0,0.0642,Low,1163158
KE027,Uasin Gishu,2016-08,57.70269066666666,39.406605,,,0,0,0.0642,Low,1163158
KE027,Uasin Gishu,2016-09,92.23644666666667,51.38108,,,0,0,0.0642,Low,1163158
KE027,Uasin Gishu,2016-10,83.65675266666666,56.440693,,,0,0,0.0642,Low,1163158
KE027,Uasin Gishu,2016-11,70.646908,59.690994,,,0,0,0.0642,Low,1163158
KE027,Uasin Gishu,2016-12,41.04273166666666,28.651175,,,0,0,0.0642,Low,1163158
KE027,Uasin Gishu,2017-01,98.858062,43.1128,,,0,0,0.0642,Low,1163158
KE027,Uasin Gishu,2017-02,107.51234900000001,56.921207,,,0,0,0.0642,Low,1163158
KE027,Uasin Gishu,2017-03,53.293071,37.30078,,,0,0,0.0642,Low,1163158
KE027,Uasin Gishu,2017-04,59.90120666666667,35.26191,,,0,0,0.0642,Low,1163158
KE027,Uasin Gishu,2017-05,104.39737866666667,89.80126,,,1,3,0.0642,Low,1163158
KE027,Uasin Gishu,2017-06,72.60173433333334,57.169903,,,0,0,0.0642,Low,1163158
KE027,Uasin Gishu,2017-07,197.07088666666667,146.83095,,,2,4,0.0642,Low,1163158
KE027,Uasin Gishu,2017-08,125.42870999999998,90.9161,,,0,0,0.0642,Low,1163158
KE027,Uasin Gishu,2017-09,145.35473333333334,140.27167,,,0,0,0.0642,Low,1163158
KE027,Uasin Gishu,2017-10,162.69262333333336,60.79218,,,0,0,0.0642,Low,1163158
KE027,Uasin Gishu,2017-11,90.70818333333334,42.80395,,,0,0,0.0642,Low,1163158
KE027,Uasin Gishu,2017-12,52.418055333333335,36.789185,,,0,0,0.0642,Low,1163158
KE027,Uasin Gishu,2018-01,56.16899566666667,37.33303,,,0,0,0.0642,Low,1163158
KE027,Uasin Gishu,2018-02,73.02370166666667,41.81747,,,0,0,0.0642,Low,1163158
KE027,Uasin Gishu,2018-03,171.5999833333333,57.8727,,,0,0,0.0642,Low,1163158
KE027,Uasin Gishu,2018-04,203.09326666666666,154.02542,,,0,0,0.0642,Low,1163158
KE027,Uasin Gishu,2018-05,167.08820666666668,140.43425,,,0,0,0.0642,Low,1163158
KE027,Uasin Gishu,2018-06,199.42470333333335,143.52158,,,0,0,0.0642,Low,1163158
KE027,Uasin Gishu,2018-07,116.71065533333335,52.993156,,,0,0,0.0642,Low,1163158
KE027,Uasin Gishu,2018-08,91.23442166666666,38.258205,,,0,0,0.0642,Low,1163158
KE027,Uasin Gishu,2018-09,61.87729166666667,49.820045,,,0,0,0.0642,Low,1163158
KE027,Uasin Gishu,2018-10,84.82228466666668,47.93486,,,0,0,0.0642,Low,1163158
KE027,Uasin Gishu,2018-11,39.98782766666667,28.51511,,,0,0,0.0642,Low,1163158
KE027,Uasin Gishu,2018-12,126.290098,39.008644,,,0,0,0.0642,Low,1163158
KE027,Uasin Gishu,2019-01,59.043598333333335,47.329185,,,0,0,0.0642,Low,1163158
KE027,Uasin Gishu,2019-02,56.24673000000001,41.70997,,,0,0,0.0642,Low,1163158
KE027,Uasin Gishu,2019-03,58.51466933333333,31.69729,,,0,0,0.0642,Low,1163158
KE027,Uasin Gishu,2019-04,61.44842466666666,22.321314,,,0,0,0.0642,Low,1163158
KE027,Uasin Gishu,2019-05,71.10702933333333,62.156654,,,0,0,0.0642,Low,1163158
KE027,Uasin Gishu,2019-06,153.01383333333334,93.43102,,,1,1,0.0642,Low,1163158
KE027,Uasin Gishu,2019-07,114.222922,89.93225,,,0,0,0.0642,Low,1163158
KE027,Uasin Gishu,2019-08,135.28944333333334,89.52808,,,0,0,0.0642,Low,1163158
KE027,Uasin Gishu,2019-09,135.52205,83.74591,,,0,0,0.0642,Low,1163158
KE027,Uasin Gishu,2019-10,156.32218666666665,119.62246,,,0,0,0.0642,Low,1163158
KE027,Uasin Gishu,2019-11,150.95862166666666,73.646255,,,0,0,0.0642,Low,1163158
KE027,Uasin Gishu,2019-12,238.88421333333335,90.28102,,,0,0,0.0642,Low,1163158
KE027,Uasin Gishu,2020-01,139.50539,51.86154,,,0,0,0.0642,Low,1163158
KE027,Uasin Gishu,2020-02,85.633808,49.61276,,,0,0,0.0642,Low,1163158
KE027,Uasin Gishu,2020-03,187.56885,89.9401,,,0,0,0.0642,Low,1163158
KE027,Uasin Gishu,2020-04,154.222355,29.139645,,,0,0,0.0642,Low,1163158
KE027,Uasin Gishu,2020-05,98.00937533333332,74.18969,,,0,0,0.0642,Low,1163158
KE027,Uasin Gishu,2020-06,186.71446666666668,151.25172,,,0,0,0.0642,Low,1163158
KE027,Uasin Gishu,2020-07,170.32581666666667,118.4692,,,0,0,0.0642,Low,1163158
KE027,Uasin Gishu,2020-08,185.48097666666663,155.00723,,,0,0,0.0642,Low,1163158
KE027,Uasin Gishu,2020-09,159.84009333333333,123.92956,,,0,0,0.0642,Low,1163158
KE027,Uasin Gishu,2020-10,135.26092666666668,113.83981,,,0,0,0.0642,Low,1163158
KE027,Uasin Gishu,2020-11,150.21518,124.0431,,,1,2,0.0642,Low,1163158
KE027,Uasin Gishu,2020-12,80.02296533333333,41.228096,,,0,0,0.0642,Low,1163158
KE027,Uasin Gishu,2021-01,94.76961,62.93478,,,0,0,0.0642,Low,1163158
KE027,Uasin Gishu,2021-02,104.78137,85.51618,,,0,0,0.0642,Low,1163158
KE027,Uasin Gishu,2021-03,57.61966533333333,45.20743,,,0,0,0.0642,Low,1163158
KE027,Uasin Gishu,2021-04,95.62961166666666,56.837685,,,0,0,0.0642,Low,1163158
KE027,Uasin Gishu,2021-05,140.30940133333334,62.295914,,,0,0,0.0642,Low,1163158
KE027,Uasin Gishu,2021-06,87.94640199999999,65.83774,,,0,0,0.0642,Low,1163158
KE027,Uasin Gishu,2021-07,99.91753066666666,41.182182,,,0,0,0.0642,Low,1163158
KE027,Uasin Gishu,2021-08,101.75790466666666,87.498314,,,0,0,0.0642,Low,1163158
KE027,Uasin Gishu,2021-09,155.49077666666668,131.63896,,,1,2,0.0642,Low,1163158
KE027,Uasin Gishu,2021-10,113.41453466666667,67.043144,,,0,0,0.0642,Low,1163158
KE027,Uasin Gishu,2021-11,63.72699133333333,38.816734,,,0,0,0.0642,Low,1163158
KE027,Uasin Gishu,2021-12,71.63144333333334,60.245895,,,0,0,0.0642,Low,1163158
KE027,Uasin Gishu,2022-01,127.51614933333333,60.009514,,,1,0,0.0642,Low,1163158
KE027,Uasin Gishu,2022-02,112.76796100000001,50.793713,,,0,0,0.0642,Low,1163158
KE027,Uasin Gishu,2022-03,66.63337866666667,34.16913,,,1,0,0.0642,Low,1163158
KE027,Uasin Gishu,2022-04,76.15863866666666,35.482666,,,0,0,0.0642,Low,1163158
KE027,Uasin Gishu,2022-05,80.96897866666667,62.642826,,,0,0,0.0642,Low,1163158
KE027,Uasin Gishu,2022-06,75.86087566666667,58.692787,,,1,0,0.0642,Low,1163158
KE027,Uasin Gishu,2022-07,106.29121866666667,81.05582,,,0,0,0.0642,Low,1163158
KE027,Uasin Gishu,2022-08,182.04198666666665,135.57652,,,0,0,0.0642,Low,1163158
KE027,Uasin Gishu,2022-09,130.17592533333334,107.18386,,,0,0,0.0642,Low,1163158
KE027,Uasin Gishu,2022-10,88.76993033333333,27.141201,,,1,0,0.0642,Low,1163158
KE027,Uasin Gishu,2022-11,162.11177333333333,98.02382,,,0,0,0.0642,Low,1163158
KE027,Uasin Gishu,2022-12,132.47040333333334,95.51947,,,0,0,0.0642,Low,1163158
KE027,Uasin Gishu,2023-01,42.114523999999996,34.678616,,,1,0,0.0642,Low,1163158
KE027,Uasin Gishu,2023-02,39.949981333333334,36.153454,,,0,0,0.0642,Low,1163158
KE027,Uasin Gishu,2023-03,149.75463333333335,74.26049,,,1,1,0.0642,Low,1163158
KE027,Uasin Gishu,2023-04,101.11629699999999,26.303371,,,0,0,0.0642,Low,1163158
KE027,Uasin Gishu,2023-05,84.30480166666666,68.62297,,,1,1,0.0642,Low,1163158
KE027,Uasin Gishu,2023-06,128.08298833333333,76.670715,,,0,0,0.0642,Low,1163158
KE027,Uasin Gishu,2023-07,78.21057433333333,52.396477,,,0,0,0.0642,Low,1163158
KE027,Uasin Gishu,2023-08,82.68677866666667,51.176,,,0,0,0.0642,Low,1163158
KE027,Uasin Gishu,2023-09,162.75524666666666,136.71323,,,0,0,0.0642,Low,1163158
KE027,Uasin Gishu,2023-10,114.12513833333333,90.88338,,,0,0,0.0642,Low,1163158
KE027,Uasin Gishu,2023-11,91.09680133333335,55.451614,,,1,4,0.0642,Low,1163158
KE027,Uasin Gishu,2023-12,84.07060333333334,75.28859,,,0,0,0.0642,Low,1163158
KE027,Uasin Gishu,2024-01,164.33431,73.5559,,,0,0,0.0642,Low,1163158
KE027,Uasin Gishu,2024-02,152.24787333333333,83.36619,,,0,0,0.0642,Low,1163158
KE027,Uasin Gishu,2024-03,97.88874166666666,42.381485,,,0,0,0.0642,Low,1163158
KE027,Uasin Gishu,2024-04,132.75412000000003,85.53516,,,1,1,0.0642,Low,1163158
KE027,Uasin Gishu,2024-05,133.02006,53.27614,,,0,0,0.0642,Low,1163158
KE027,Uasin Gishu,2024-06,70.162552,69.666275,,,0,0,0.0642,Low,1163158
KE027,Uasin Gishu,2024-07,135.54869466666665,112.33487,,,0,0,0.0642,Low,1163158
KE027,Uasin Gishu,2024-08,138.30863533333334,58.880646,,,0,0,0.0642,Low,1163158
KE027,Uasin Gishu,2024-09,112.38299666666666,96.50851,,,1,0,0.0642,Low,1163158
KE027,Uasin Gishu,2024-10,81.08641466666667,47.960342,,,0,0,0.0642,Low,1163158
KE027,Uasin Gishu,2024-11,186.27867666666666,67.22566,,,0,0,0.0642,Low,1163158
KE027,Uasin Gishu,2024-12,61.56529833333334,36.97907,,,0,0,0.0642,Low,1163158
KE027,Uasin Gishu,2025-01,85.62958333333334,65.3328,,,0,0,0.0642,Low,1163158
KE027,Uasin Gishu,2025-02,44.29361333333333,41.336994,,,0,0,0.0642,Low,1163158
KE027,Uasin Gishu,2025-03,154.4839333333333,140.80037,,,1,0,0.0642,Low,1163158
KE027,Uasin Gishu,2025-04,105.64331533333332,53.209686,,,2,2,0.0642,Low,1163158
KE027,Uasin Gishu,2025-05,139.353872,81.425766,,,0,0,0.0642,Low,1163158
KE027,Uasin Gishu,2025-06,102.08461,80.11607,,,0,0,0.0642,Low,1163158
KE027,Uasin Gishu,2025-07,201.98162000000002,147.73093,,,0,0,0.0642,Low,1163158
KE027,Uasin Gishu,2025-08,103.38624,84.12676,,,0,0,0.0642,Low,1163158
KE027,Uasin Gishu,2025-09,132.58926,107.95867,,,0,0,0.0642,Low,1163158
KE027,Uasin Gishu,2025-10,170.037142,91.976456,,,1,0,0.0642,Low,1163158
KE027,Uasin Gishu,2025-11,55.585224333333336,31.396687,,,0,0,0.0642,Low,1163158
KE027,Uasin Gishu,2025-12,138.55230866666668,45.196636,,,0,0,0.0642,Low,1163158
KE038,Vihiga,2006-01,70.40018566666667,29.5666,,,0,0,0.0794,Low,590001
KE038,Vihiga,2006-02,88.60719033333334,37.814426,,,0,0,0.0794,Low,590001
KE038,Vihiga,2006-03,128.99829666666668,90.40302,,,0,0,0.0794,Low,590001
KE038,Vihiga,2006-04,127.60723666666667,107.40746,,,0,0,0.0794,Low,590001
KE038,Vihiga,2006-05,116.42733333333332,68.81459,,,0,0,0.0794,Low,590001
KE038,Vihiga,2006-06,109.32113199999999,97.892456,,,0,0,0.0794,Low,590001
KE038,Vihiga,2006-07,79.99915800000001,62.98436,,,0,0,0.0794,Low,590001
KE038,Vihiga,2006-08,72.05161166666666,52.113445,,,0,0,0.0794,Low,590001
KE038,Vihiga,2006-09,108.14753,84.44571,,,0,0,0.0794,Low,590001
KE038,Vihiga,2006-10,84.533516,23.805998,,,0,0,0.0794,Low,590001
KE038,Vihiga,2006-11,230.65844333333334,105.26848,,,0,0,0.0794,Low,590001
KE038,Vihiga,2006-12,218.10493,148.03532,,,0,0,0.0794,Low,590001
KE038,Vihiga,2007-01,110.82958366666666,67.397156,,,0,0,0.0794,Low,590001
KE038,Vihiga,2007-02,160.82987866666667,84.871956,,,0,0,0.0794,Low,590001
KE038,Vihiga,2007-03,112.44647633333334,33.068214,,,0,0,0.0794,Low,590001
KE038,Vihiga,2007-04,64.78697666666666,17.024925,,,0,0,0.0794,Low,590001
KE038,Vihiga,2007-05,82.301284,56.11679,,,0,0,0.0794,Low,590001
KE038,Vihiga,2007-06,89.14499666666666,73.90991,,,0,0,0.0794,Low,590001
KE038,Vihiga,2007-07,154.3773666666667,103.85172,,,0,0,0.0794,Low,590001
KE038,Vihiga,2007-08,110.83314,87.66309,,,0,0,0.0794,Low,590001
KE038,Vihiga,2007-09,121.14614666666667,76.75279,,,0,0,0.0794,Low,590001
KE038,Vihiga,2007-10,80.95277,45.83543,,,0,0,0.0794,Low,590001
KE038,Vihiga,2007-11,70.02481733333333,58.639347,,,0,0,0.0794,Low,590001
KE038,Vihiga,2007-12,62.10857166666667,27.871925,,,1,1,0.0794,Low,590001
KE038,Vihiga,2008-01,76.83146166666667,32.872185,,,0,0,0.0794,Low,590001
KE038,Vihiga,2008-02,96.55677666666666,57.64534,,,0,0,0.0794,Low,590001
KE038,Vihiga,2008-03,88.7316,23.28946,,,0,0,0.0794,Low,590001
KE038,Vihiga,2008-04,81.31615599999999,42.562313,,,0,0,0.0794,Low,590001
KE038,Vihiga,2008-05,91.51129533333334,49.955456,,,0,0,0.0794,Low,590001
KE038,Vihiga,2008-06,82.63745833333333,29.481495,,,0,0,0.0794,Low,590001
KE038,Vihiga,2008-07,161.13363999999999,122.95655,,,0,0,0.0794,Low,590001
KE038,Vihiga,2008-08,126.82925133333333,114.10488,,,0,0,0.0794,Low,590001
KE038,Vihiga,2008-09,120.83611866666668,72.150276,,,0,0,0.0794,Low,590001
KE038,Vihiga,2008-10,135.42008666666666,97.44471,,,0,0,0.0794,Low,590001
KE038,Vihiga,2008-11,86.19928599999999,15.138618,,,0,0,0.0794,Low,590001
KE038,Vihiga,2008-12,51.86770933333333,46.451412,,,0,0,0.0794,Low,590001
KE038,Vihiga,2009-01,108.99972633333334,32.540066,,,0,0,0.0794,Low,590001
KE038,Vihiga,2009-02,71.04198333333333,33.799885,,,0,0,0.0794,Low,590001
KE038,Vihiga,2009-03,57.98284533333333,47.885483,,,0,0,0.0794,Low,590001
KE038,Vihiga,2009-04,103.06683333333332,71.89662,,,0,0,0.0794,Low,590001
KE038,Vihiga,2009-05,78.07061466666666,23.17892,,,0,0,0.0794,Low,590001
KE038,Vihiga,2009-06,53.60659533333334,33.287376,,,0,0,0.0794,Low,590001
KE038,Vihiga,2009-07,74.84835,59.63043,,,0,0,0.0794,Low,590001
KE038,Vihiga,2009-08,93.83445,79.16584,,,0,0,0.0794,Low,590001
KE038,Vihiga,2009-09,141.77709000000002,114.75736,,,0,0,0.0794,Low,590001
KE038,Vihiga,2009-10,75.10400433333334,44.293728,,,0,0,0.0794,Low,590001
KE038,Vihiga,2009-11,92.23433533333333,38.667316,,,0,0,0.0794,Low,590001
KE038,Vihiga,2009-12,153.600745,102.436295,,,0,0,0.0794,Low,590001
KE038,Vihiga,2010-01,106.74779666666666,30.759266,,,0,0,0.0794,Low,590001
KE038,Vihiga,2010-02,213.7022533333333,106.2802,,,0,0,0.0794,Low,590001
KE038,Vihiga,2010-03,145.23763333333332,60.83672,,,0,0,0.0794,Low,590001
KE038,Vihiga,2010-04,92.83587999999999,58.36242,,,0,0,0.0794,Low,590001
KE038,Vihiga,2010-05,115.28297333333332,85.98301,,,0,0,0.0794,Low,590001
KE038,Vihiga,2010-06,106.72822000000001,81.64107,,,0,0,0.0794,Low,590001
KE038,Vihiga,2010-07,95.79953166666667,59.550415,,,0,0,0.0794,Low,590001
KE038,Vihiga,2010-08,101.54908599999999,78.276344,,,0,0,0.0794,Low,590001
KE038,Vihiga,2010-09,111.11842133333334,52.085644,,,0,0,0.0794,Low,590001
KE038,Vihiga,2010-10,105.21529133333333,99.672104,,,0,0,0.0794,Low,590001
KE038,Vihiga,2010-11,53.212701,34.38108,,,0,0,0.0794,Low,590001
KE038,Vihiga,2010-12,108.605455,31.069145,,,0,0,0.0794,Low,590001
KE038,Vihiga,2011-01,73.243336,35.164448,,,0,0,0.0794,Low,590001
KE038,Vihiga,2011-02,66.441326,32.405148,,,0,0,0.0794,Low,590001
KE038,Vihiga,2011-03,87.61229099999998,45.626167,,,0,0,0.0794,Low,590001
KE038,Vihiga,2011-04,62.879353,22.842796,,,0,0,0.0794,Low,590001
KE038,Vihiga,2011-05,97.392812,65.653496,,,0,0,0.0794,Low,590001
KE038,Vihiga,2011-06,114.488135,111.01948,,,0,0,0.0794,Low,590001
KE038,Vihiga,2011-07,101.81055666666667,60.73354,,,0,0,0.0794,Low,590001
KE038,Vihiga,2011-08,175.9960133333333,108.9148,,,0,0,0.0794,Low,590001
KE038,Vihiga,2011-09,102.96009,93.16594,,,0,0,0.0794,Low,590001
KE038,Vihiga,2011-10,131.56224,127.02455,,,0,0,0.0794,Low,590001
KE038,Vihiga,2011-11,165.15927499999998,47.924175,,,0,0,0.0794,Low,590001
KE038,Vihiga,2011-12,90.064106,46.174088,,,0,0,0.0794,Low,590001
KE038,Vihiga,2012-01,34.532322666666666,31.58668,,,0,0,0.0794,Low,590001
KE038,Vihiga,2012-02,55.92352733333333,34.482758,,,0,0,0.0794,Low,590001
KE038,Vihiga,2012-03,61.24474933333334,14.484933,,,0,0,0.0794,Low,590001
KE038,Vihiga,2012-04,122.84795666666666,75.20362,,,0,0,0.0794,Low,590001
KE038,Vihiga,2012-05,98.55037333333333,88.09017,,,0,0,0.0794,Low,590001
KE038,Vihiga,2012-06,161.01887866666667,106.080246,,,0,0,0.0794,Low,590001
KE038,Vihiga,2012-07,94.28323333333333,68.19784,,,0,0,0.0794,Low,590001
KE038,Vihiga,2012-08,119.95931666666667,107.5084,,,0,0,0.0794,Low,590001
KE038,Vihiga,2012-09,177.05999999999997,134.91034,,,0,0,0.0794,Low,590001
KE038,Vihiga,2012-10,120.98980333333333,76.58592,,,0,0,0.0794,Low,590001
KE038,Vihiga,2012-11,132.979852,74.568596,,,0,0,0.0794,Low,590001
KE038,Vihiga,2012-12,182.77596166666663,44.16692,,,0,0,0.0794,Low,590001
KE038,Vihiga,2013-01,101.14368833333333,45.65323,,,0,0,0.0794,Low,590001
KE038,Vihiga,2013-02,65.96325466666667,35.01059,,,0,0,0.0794,Low,590001
KE038,Vihiga,2013-03,139.75342333333333,92.31094,,,0,0,0.0794,Low,590001
KE038,Vihiga,2013-04,125.52846333333332,91.85326,,,0,0,0.0794,Low,590001
KE038,Vihiga,2013-05,69.44620066666666,23.647415,,,1,0,0.0794,Low,590001
KE038,Vihiga,2013-06,82.67042500000001,65.45717,,,0,0,0.0794,Low,590001
KE038,Vihiga,2013-07,78.81416533333334,56.00105,,,0,0,0.0794,Low,590001
KE038,Vihiga,2013-08,121.167012,110.036156,,,0,0,0.0794,Low,590001
KE038,Vihiga,2013-09,141.04990333333333,81.1138,,,0,0,0.0794,Low,590001
KE038,Vihiga,2013-10,99.13244233333334,46.101917,,,0,0,0.0794,Low,590001
KE038,Vihiga,2013-11,84.379205,52.34679,,,0,0,0.0794,Low,590001
KE038,Vihiga,2013-12,132.258745,59.140785,,,0,0,0.0794,Low,590001
KE038,Vihiga,2014-01,80.15039900000001,46.710987,,,0,0,0.0794,Low,590001
KE038,Vihiga,2014-02,129.33842,90.539,,,0,0,0.0794,Low,590001
KE038,Vihiga,2014-03,80.56189966666666,15.985039,,,0,0,0.0794,Low,590001
KE038,Vihiga,2014-04,61.00334833333333,32.18789,,,0,0,0.0794,Low,590001
KE038,Vihiga,2014-05,129.59185333333335,97.93313,,,0,0,0.0794,Low,590001
KE038,Vihiga,2014-06,115.12631133333333,35.666424,,,0,0,0.0794,Low,590001
KE038,Vihiga,2014-07,117.49926,85.5291,,,0,0,0.0794,Low,590001
KE038,Vihiga,2014-08,177.83829,137.16093,,,0,0,0.0794,Low,590001
KE038,Vihiga,2014-09,101.19703,70.56382,,,0,0,0.0794,Low,590001
KE038,Vihiga,2014-10,143.08668666666668,101.31458,,,0,0,0.0794,Low,590001
KE038,Vihiga,2014-11,86.68286866666666,42.912476,,,0,0,0.0794,Low,590001
KE038,Vihiga,2014-12,100.38881333333335,86.50624,,,0,0,0.0794,Low,590001
KE038,Vihiga,2015-01,27.481662666666665,23.636068,,,0,0,0.0794,Low,590001
KE038,Vihiga,2015-02,66.18984633333334,25.320673,,,0,0,0.0794,Low,590001
KE038,Vihiga,2015-03,54.154321,10.224658,,,0,0,0.0794,Low,590001
KE038,Vihiga,2015-04,131.19019866666667,94.758606,,,0,0,0.0794,Low,590001
KE038,Vihiga,2015-05,132.74392,99.9392,,,0,0,0.0794,Low,590001
KE038,Vihiga,2015-06,121.91001633333333,70.920525,,,0,0,0.0794,Low,590001
KE038,Vihiga,2015-07,82.703352,57.629986,,,0,0,0.0794,Low,590001
KE038,Vihiga,2015-08,51.587404,32.658802,,,0,0,0.0794,Low,590001
KE038,Vihiga,2015-09,127.80428500000001,92.874435,,,0,0,0.0794,Low,590001
KE038,Vihiga,2015-10,150.39061666666666,73.0728,,,0,0,0.0794,Low,590001
KE038,Vihiga,2015-11,128.46871666666667,51.07004,,,0,0,0.0794,Low,590001
KE038,Vihiga,2015-12,168.31005133333335,88.998764,,,0,0,0.0794,Low,590001
KE038,Vihiga,2016-01,109.08119933333334,50.869244,,,0,0,0.0794,Low,590001
KE038,Vihiga,2016-02,52.89261666666667,47.34962,,,0,0,0.0794,Low,590001
KE038,Vihiga,2016-03,84.172713,26.584112,,,0,0,0.0794,Low,590001
KE038,Vihiga,2016-04,166.80884833333334,107.799995,,,0,0,0.0794,Low,590001
KE038,Vihiga,2016-05,114.03048833333332,50.572865,,,0,0,0.0794,Low,590001
KE038,Vihiga,2016-06,77.65707666666667,42.938744,,,0,0,0.0794,Low,590001
KE038,Vihiga,2016-07,91.40059000000001,58.1936,,,0,0,0.0794,Low,590001
KE038,Vihiga,2016-08,57.64942933333333,37.50293,,,0,0,0.0794,Low,590001
KE038,Vihiga,2016-09,74.524968,51.0602,,,0,0,0.0794,Low,590001
KE038,Vihiga,2016-10,71.71645033333333,48.233795,,,0,0,0.0794,Low,590001
KE038,Vihiga,2016-11,86.48440733333332,42.559532,,,0,0,0.0794,Low,590001
KE038,Vihiga,2016-12,29.951076333333333,23.445913,,,0,0,0.0794,Low,590001
KE038,Vihiga,2017-01,82.57521833333332,26.22632,,,0,0,0.0794,Low,590001
KE038,Vihiga,2017-02,230.71553666666668,95.11911,,,0,0,0.0794,Low,590001
KE038,Vihiga,2017-03,63.37499833333334,29.323545,,,0,0,0.0794,Low,590001
KE038,Vihiga,2017-04,90.94004166666667,51.5647,,,0,0,0.0794,Low,590001
KE038,Vihiga,2017-05,124.50309,71.70136,,,0,0,0.0794,Low,590001
KE038,Vihiga,2017-06,100.08125333333332,70.29883,,,0,0,0.0794,Low,590001
KE038,Vihiga,2017-07,156.73943666666665,108.63747,,,0,0,0.0794,Low,590001
KE038,Vihiga,2017-08,129.77788133333334,108.836624,,,0,0,0.0794,Low,590001
KE038,Vihiga,2017-09,107.61672633333335,89.370995,,,0,0,0.0794,Low,590001
KE038,Vihiga,2017-10,108.88051333333334,74.97992,,,1,0,0.0794,Low,590001
KE038,Vihiga,2017-11,102.14992566666666,37.373707,,,0,0,0.0794,Low,590001
KE038,Vihiga,2017-12,56.12152033333333,26.80475,,,0,0,0.0794,Low,590001
KE038,Vihiga,2018-01,53.623455666666665,42.788933,,,0,0,0.0794,Low,590001
KE038,Vihiga,2018-02,100.71667000000001,34.815926,,,0,0,0.0794,Low,590001
KE038,Vihiga,2018-03,170.18670666666665,111.71869,,,0,0,0.0794,Low,590001
KE038,Vihiga,2018-04,136.90837,115.20911,,,0,0,0.0794,Low,590001
KE038,Vihiga,2018-05,135.37993,129.35997,,,0,0,0.0794,Low,590001
KE038,Vihiga,2018-06,107.45182666666666,72.43793,,,0,0,0.0794,Low,590001
KE038,Vihiga,2018-07,97.85157299999999,83.50258,,,0,0,0.0794,Low,590001
KE038,Vihiga,2018-08,82.61501533333333,46.92586,,,1,0,0.0794,Low,590001
KE038,Vihiga,2018-09,57.726449333333335,44.306,,,0,0,0.0794,Low,590001
KE038,Vihiga,2018-10,153.51661,117.97706,,,0,0,0.0794,Low,590001
KE038,Vihiga,2018-11,62.444089999999996,14.59144,,,0,0,0.0794,Low,590001
KE038,Vihiga,2018-12,152.146515,102.755295,,,0,0,0.0794,Low,590001
KE038,Vihiga,2019-01,51.36950866666666,34.989502,,,0,0,0.0794,Low,590001
KE038,Vihiga,2019-02,124.52844133333333,30.318174,,,0,0,0.0794,Low,590001
KE038,Vihiga,2019-03,63.97729366666666,10.991508,,,0,0,0.0794,Low,590001
KE038,Vihiga,2019-04,74.25894666666666,40.78449,,,0,0,0.0794,Low,590001
KE038,Vihiga,2019-05,111.44463466666666,96.778114,,,0,0,0.0794,Low,590001
KE038,Vihiga,2019-06,115.97654333333332,75.74383,,,0,0,0.0794,Low,590001
KE038,Vihiga,2019-07,141.04976833333333,66.42251,,,0,0,0.0794,Low,590001
KE038,Vihiga,2019-08,102.97963,71.24774,,,0,0,0.0794,Low,590001
KE038,Vihiga,2019-09,109.90142333333334,61.13801,,,0,0,0.0794,Low,590001
KE038,Vihiga,2019-10,225.15246333333334,181.87901,,,0,0,0.0794,Low,590001
KE038,Vihiga,2019-11,164.55647333333334,98.35692,,,0,0,0.0794,Low,590001
KE038,Vihiga,2019-12,232.92666333333332,168.5958,,,0,0,0.0794,Low,590001
KE038,Vihiga,2020-01,182.12026333333333,56.19491,,,0,0,0.0794,Low,590001
KE038,Vihiga,2020-02,124.05586666666666,83.68076,,,0,0,0.0794,Low,590001
KE038,Vihiga,2020-03,204.54363666666666,144.20334,,,1,1,0.0794,Low,590001
KE038,Vihiga,2020-04,125.38076566666666,51.136017,,,0,0,0.0794,Low,590001
KE038,Vihiga,2020-05,92.79259633333334,87.53233,,,0,0,0.0794,Low,590001
KE038,Vihiga,2020-06,139.5998933333333,124.26264,,,0,0,0.0794,Low,590001
KE038,Vihiga,2020-07,154.61037000000002,138.63828,,,0,0,0.0794,Low,590001
KE038,Vihiga,2020-08,141.79869333333332,87.17138,,,0,0,0.0794,Low,590001
KE038,Vihiga,2020-09,166.03063533333332,107.575226,,,0,0,0.0794,Low,590001
KE038,Vihiga,2020-10,161.56912666666668,141.94771,,,0,0,0.0794,Low,590001
KE038,Vihiga,2020-11,261.27990666666665,172.33347,,,0,0,0.0794,Low,590001
KE038,Vihiga,2020-12,90.555862,71.97321,,,0,0,0.0794,Low,590001
KE038,Vihiga,2021-01,113.09888033333334,76.452065,,,0,0,0.0794,Low,590001
KE038,Vihiga,2021-02,132.44838333333334,111.77745,,,0,0,0.0794,Low,590001
KE038,Vihiga,2021-03,79.52969333333333,53.142315,,,0,0,0.0794,Low,590001
KE038,Vihiga,2021-04,144.39426,101.56614,,,0,0,0.0794,Low,590001
KE038,Vihiga,2021-05,112.00060166666667,45.02895,,,0,0,0.0794,Low,590001
KE038,Vihiga,2021-06,83.16365666666667,49.1432,,,0,0,0.0794,Low,590001
KE038,Vihiga,2021-07,80.09725,34.65956,,,0,0,0.0794,Low,590001
KE038,Vihiga,2021-08,137.11009533333333,100.867256,,,0,0,0.0794,Low,590001
KE038,Vihiga,2021-09,142.38115333333334,127.13818,,,0,0,0.0794,Low,590001
KE038,Vihiga,2021-10,107.46315466666665,73.46105,,,0,0,0.0794,Low,590001
KE038,Vihiga,2021-11,74.04405266666667,37.284298,,,0,0,0.0794,Low,590001
KE038,Vihiga,2021-12,78.72621866666667,52.78036,,,0,0,0.0794,Low,590001
KE038,Vihiga,2022-01,160.37989766666666,45.359943,,,0,0,0.0794,Low,590001
KE038,Vihiga,2022-02,277.16291666666666,158.08762,,,0,0,0.0794,Low,590001
KE038,Vihiga,2022-03,83.926591,22.44257,,,0,0,0.0794,Low,590001
KE038,Vihiga,2022-04,79.90888133333334,16.657478,,,0,0,0.0794,Low,590001
KE038,Vihiga,2022-05,108.160262,55.136776,,,0,0,0.0794,Low,590001
KE038,Vihiga,2022-06,73.809175,64.99901,,,0,0,0.0794,Low,590001
KE038,Vihiga,2022-07,90.19542799999999,75.524864,,,1,0,0.0794,Low,590001
KE038,Vihiga,2022-08,160.58630000000002,105.75212,,,0,0,0.0794,Low,590001
KE038,Vihiga,2022-09,121.05351133333333,109.207344,,,0,0,0.0794,Low,590001
KE038,Vihiga,2022-10,77.09951066666666,34.246002,,,0,0,0.0794,Low,590001
KE038,Vihiga,2022-11,141.14602,110.16537,,,0,0,0.0794,Low,590001
KE038,Vihiga,2022-12,221.58498666666665,128.6591,,,1,1,0.0794,Low,590001
KE038,Vihiga,2023-01,40.540933,32.701954,,,0,0,0.0794,Low,590001
KE038,Vihiga,2023-02,48.188704,27.248362,,,0,0,0.0794,Low,590001
KE038,Vihiga,2023-03,147.02817000000002,80.77208,,,0,0,0.0794,Low,590001
KE038,Vihiga,2023-04,122.83784566666668,62.240417,,,1,0,0.0794,Low,590001
KE038,Vihiga,2023-05,100.88078666666667,65.10638,,,0,0,0.0794,Low,590001
KE038,Vihiga,2023-06,172.37235833333332,126.846565,,,0,0,0.0794,Low,590001
KE038,Vihiga,2023-07,88.10130300000002,49.296703,,,0,0,0.0794,Low,590001
KE038,Vihiga,2023-08,101.49143,59.041595,,,0,0,0.0794,Low,590001
KE038,Vihiga,2023-09,146.751085,126.859215,,,0,0,0.0794,Low,590001
KE038,Vihiga,2023-10,171.29580333333334,72.47056,,,0,0,0.0794,Low,590001
KE038,Vihiga,2023-11,151.58264,128.66211,,,0,0,0.0794,Low,590001
KE038,Vihiga,2023-12,107.36592666666667,79.50046,,,1,1,0.0794,Low,590001
KE038,Vihiga,2024-01,214.78673333333333,179.3212,,,0,0,0.0794,Low,590001
KE038,Vihiga,2024-02,239.27861999999996,206.31819,,,0,0,0.0794,Low,590001
KE038,Vihiga,2024-03,122.9116905,12.4400015,,,1,1,0.0794,Low,590001
KE038,Vihiga,2024-04,115.92017,67.36887,,,0,0,0.0794,Low,590001
KE038,Vihiga,2024-05,93.36247533333334,70.53098,,,0,0,0.0794,Low,590001
KE038,Vihiga,2024-06,75.01865199999999,69.520966,,,0,0,0.0794,Low,590001
KE038,Vihiga,2024-07,121.56690299999998,92.192444,,,0,0,0.0794,Low,590001
KE038,Vihiga,2024-08,103.01606333333332,61.17665,,,0,0,0.0794,Low,590001
KE038,Vihiga,2024-09,101.69506000000001,85.26461,,,1,0,0.0794,Low,590001
KE038,Vihiga,2024-10,92.21661333333333,82.05644,,,0,0,0.0794,Low,590001
KE038,Vihiga,2024-11,210.49051,81.34383,,,0,0,0.0794,Low,590001
KE038,Vihiga,2024-12,104.90290499999999,76.77143,,,0,0,0.0794,Low,590001
KE038,Vihiga,2025-01,115.76037333333333,55.52857,,,0,0,0.0794,Low,590001
KE038,Vihiga,2025-02,58.47911266666666,31.916628,,,0,0,0.0794,Low,590001
KE038,Vihiga,2025-03,125.97206,93.47542,,,0,0,0.0794,Low,590001
KE038,Vihiga,2025-04,125.79843333333334,97.64315,,,0,0,0.0794,Low,590001
KE038,Vihiga,2025-05,193.18755333333334,179.69604,,,0,0,0.0794,Low,590001
KE038,Vihiga,2025-06,97.85532166666667,74.28534,,,0,0,0.0794,Low,590001
KE038,Vihiga,2025-07,212.69521,95.28883,,,0,0,0.0794,Low,590001
KE038,Vihiga,2025-08,76.46124333333334,59.10259,,,1,1,0.0794,Low,590001
KE038,Vihiga,2025-09,91.86790833333333,84.91872,,,0,0,0.0794,Low,590001
KE038,Vihiga,2025-10,148.631134,60.403282,,,0,0,0.0794,Low,590001
KE038,Vihiga,2025-11,41.697365,11.855545,,,0,0,0.0794,Low,590001
KE038,Vihiga,2025-12,174.85768733333336,27.115492,,,0,0,0.0794,Low,590001
KE008,Wajir,2006-01,94.84356866666667,82.28514,,,0,0,0.3956,High,781214
KE008,Wajir,2006-02,92.76318666666667,86.73727,,,0,0,0.3956,High,781214
KE008,Wajir,2006-03,71.91944366666667,53.313637,,,0,0,0.3956,High,781214
KE008,Wajir,2006-04,147.71897333333334,41.11029,,,0,0,0.3956,High,781214
KE008,Wajir,2006-05,83.74527,67.9632,,,0,0,0.3956,High,781214
KE008,Wajir,2006-06,97.75006133333333,94.9623,,,0,0,0.3956,High,781214
KE008,Wajir,2006-07,97.19280666666667,96.45391,,,0,0,0.3956,High,781214
KE008,Wajir,2006-08,98.76618833333333,98.14104,,,0,0,0.3956,High,781214
KE008,Wajir,2006-09,98.46708000000001,97.40727,,,0,0,0.3956,High,781214
KE008,Wajir,2006-10,172.39809666666667,80.66046,,,0,0,0.3956,High,781214
KE008,Wajir,2006-11,173.19303,146.2959,,,0,0,0.3956,High,781214
KE008,Wajir,2006-12,118.65560166666667,85.57455,,,0,0,0.3956,High,781214
KE008,Wajir,2007-01,91.18033000000001,81.51578,,,1,0,0.3956,High,781214
KE008,Wajir,2007-02,93.540125,87.630295,,,0,0,0.3956,High,781214
KE008,Wajir,2007-03,77.18977133333333,42.153954,,,1,0,0.3956,High,781214
KE008,Wajir,2007-04,73.42496,39.316013,,,0,0,0.3956,High,781214
KE008,Wajir,2007-05,121.92930333333334,93.7513,,,0,0,0.3956,High,781214
KE008,Wajir,2007-06,103.84919666666667,99.66094,,,0,0,0.3956,High,781214
KE008,Wajir,2007-07,96.93387333333332,96.45391,,,0,0,0.3956,High,781214
KE008,Wajir,2007-08,106.99044533333334,104.68489,,,0,0,0.3956,High,781214
KE008,Wajir,2007-09,121.56682333333333,98.40752,,,0,0,0.3956,High,781214
KE008,Wajir,2007-10,125.80820666666666,81.68872,,,0,0,0.3956,High,781214
KE008,Wajir,2007-11,79.983672,58.548176,,,1,0,0.3956,High,781214
KE008,Wajir,2007-12,49.21870366666667,37.478756,,,0,0,0.3956,High,781214
KE008,Wajir,2008-01,115.15002,81.10207,,,0,0,0.3956,High,781214
KE008,Wajir,2008-02,89.99713133333334,85.817924,,,0,0,0.3956,High,781214
KE008,Wajir,2008-03,71.01574966666666,59.653873,,,0,0,0.3956,High,781214
KE008,Wajir,2008-04,93.97376933333334,31.721003,,,0,0,0.3956,High,781214
KE008,Wajir,2008-05,69.59262266666667,46.553978,,,0,0,0.3956,High,781214
KE008,Wajir,2008-06,105.74460366666666,101.90519,,,0,0,0.3956,High,781214
KE008,Wajir,2008-07,97.75486333333333,96.85245,,,0,0,0.3956,High,781214
KE008,Wajir,2008-08,98.43688333333334,97.87596,,,0,0,0.3956,High,781214
KE008,Wajir,2008-09,95.626043,90.795845,,,0,0,0.3956,High,781214
KE008,Wajir,2008-10,68.41595,28.108072,,,0,0,0.3956,High,781214
KE008,Wajir,2008-11,103.82489166666666,32.117985,,,0,0,0.3956,High,781214
KE008,Wajir,2008-12,44.664177333333335,29.82447,,,0,0,0.3956,High,781214
KE008,Wajir,2009-01,96.63305666666668,80.63755,,,0,0,0.3956,High,781214
KE008,Wajir,2009-02,98.00986166666667,90.706245,,,0,0,0.3956,High,781214
KE008,Wajir,2009-03,52.543693999999995,34.85524,,,0,0,0.3956,High,781214
KE008,Wajir,2009-04,64.742374,39.31921,,,0,0,0.3956,High,781214
KE008,Wajir,2009-05,97.21266333333334,87.85688,,,0,0,0.3956,High,781214
KE008,Wajir,2009-06,98.39495133333332,97.10497,,,0,0,0.3956,High,781214
KE008,Wajir,2009-07,97.10824833333334,96.70516,,,0,0,0.3956,High,781214
KE008,Wajir,2009-08,97.41813,97.29434,,,0,0,0.3956,High,781214
KE008,Wajir,2009-09,95.18856,89.97036,,,0,0,0.3956,High,781214
KE008,Wajir,2009-10,187.48967666666667,84.18592,,,0,0,0.3956,High,781214
KE008,Wajir,2009-11,39.848887999999995,26.978258,,,2,0,0.3956,High,781214
KE008,Wajir,2009-12,107.04255466666666,90.312164,,,2,0,0.3956,High,781214
KE008,Wajir,2010-01,94.85797966666667,87.211525,,,0,0,0.3956,High,781214
KE008,Wajir,2010-02,97.32659533333333,93.27502,,,0,0,0.3956,High,781214
KE008,Wajir,2010-03,238.12091333333333,187.50562,,,0,0,0.3956,High,781214
KE008,Wajir,2010-04,89.64154566666667,52.952713,,,0,0,0.3956,High,781214
KE008,Wajir,2010-05,77.82555333333333,70.27899,,,1,0,0.3956,High,781214
KE008,Wajir,2010-06,98.01890466666667,95.405334,,,0,0,0.3956,High,781214
KE008,Wajir,2010-07,98.38628666666666,98.08271,,,0,0,0.3956,High,781214
KE008,Wajir,2010-08,97.63342,97.463684,,,0,0,0.3956,High,781214
KE008,Wajir,2010-09,96.838938,91.15605,,,0,0,0.3956,High,781214
KE008,Wajir,2010-10,54.17620566666667,39.189327,,,0,0,0.3956,High,781214
KE008,Wajir,2010-11,51.223624666666666,48.31284,,,1,0,0.3956,High,781214
KE008,Wajir,2010-12,50.093605,33.92162,,,0,0,0.3956,High,781214
KE008,Wajir,2011-01,90.62287866666667,79.701256,,,0,0,0.3956,High,781214
KE008,Wajir,2011-02,91.17143,83.14568,,,0,0,0.3956,High,781214
KE008,Wajir,2011-03,49.914222333333335,32.231197,,,0,0,0.3956,High,781214
KE008,Wajir,2011-04,35.38738266666667,20.77609,,,0,0,0.3956,High,781214
KE008,Wajir,2011-05,67.32462266666666,51.571148,,,0,0,0.3956,High,781214
KE008,Wajir,2011-06,98.59195133333333,97.934654,,,0,0,0.3956,High,781214
KE008,Wajir,2011-07,96.69630866666667,95.97741,,,0,0,0.3956,High,781214
KE008,Wajir,2011-08,98.14313133333333,97.80255,,,0,0,0.3956,High,781214
KE008,Wajir,2011-09,97.04969333333334,94.01523,,,0,0,0.3956,High,781214
KE008,Wajir,2011-10,221.57099666666667,83.09968,,,1,0,0.3956,High,781214
KE008,Wajir,2011-11,197.2398333333333,126.48392,,,0,0,0.3956,High,781214
KE008,Wajir,2011-12,73.31000366666667,51.081104,,,1,0,0.3956,High,781214
KE008,Wajir,2012-01,84.74774333333333,80.33997,,,1,0,0.3956,High,781214
KE008,Wajir,2012-02,92.98755833333333,90.07924,,,0,0,0.3956,High,781214
KE008,Wajir,2012-03,53.54467433333334,31.848923,,,0,0,0.3956,High,781214
KE008,Wajir,2012-04,82.78932333333334,76.98544,,,0,0,0.3956,High,781214
KE008,Wajir,2012-05,120.32567833333333,59.047825,,,2,1,0.3956,High,781214
KE008,Wajir,2012-06,97.83830999999999,94.8012,,,0,0,0.3956,High,781214
KE008,Wajir,2012-07,96.68680333333333,96.13335,,,3,9,0.3956,High,781214
KE008,Wajir,2012-08,99.725865,99.64626,,,3,4,0.3956,High,781214
KE008,Wajir,2012-09,96.91363,93.73007,,,0,0,0.3956,High,781214
KE008,Wajir,2012-10,104.32416166666667,57.361855,,,0,0,0.3956,High,781214
KE008,Wajir,2012-11,59.540189,44.017937,,,0,0,0.3956,High,781214
KE008,Wajir,2012-12,70.66909333333334,42.0094,,,0,0,0.3956,High,781214
KE008,Wajir,2013-01,102.78505333333334,97.47016,,,0,0,0.3956,High,781214
KE008,Wajir,2013-02,89.38300333333332,87.47827,,,2,1,0.3956,High,781214
KE008,Wajir,2013-03,212.10326666666666,72.74921,,,0,0,0.3956,High,781214
KE008,Wajir,2013-04,142.16191166666667,110.907295,,,0,0,0.3956,High,781214
KE008,Wajir,2013-05,74.92465866666667,62.082256,,,2,3,0.3956,High,781214
KE008,Wajir,2013-06,100.14514333333334,98.05548,,,4,12,0.3956,High,781214
KE008,Wajir,2013-07,103.04928333333334,100.94176,,,0,0,0.3956,High,781214
KE008,Wajir,2013-08,99.296945,97.134415,,,0,0,0.3956,High,781214
KE008,Wajir,2013-09,112.46893833333333,101.00066,,,1,1,0.3956,High,781214
KE008,Wajir,2013-10,75.01788333333333,33.40478,,,0,0,0.3956,High,781214
KE008,Wajir,2013-11,86.63286466666666,49.731182,,,0,0,0.3956,High,781214
KE008,Wajir,2013-12,66.30932133333333,55.61317,,,2,4,0.3956,High,781214
KE008,Wajir,2014-01,87.58143166666667,82.99644,,,0,0,0.3956,High,781214
KE008,Wajir,2014-02,95.33181,87.68492,,,0,0,0.3956,High,781214
KE008,Wajir,2014-03,122.08713666666667,67.94235,,,0,0,0.3956,High,781214
KE008,Wajir,2014-04,101.22654,51.31906,,,0,0,0.3956,High,781214
KE008,Wajir,2014-05,123.94020833333332,96.478905,,,2,13,0.3956,High,781214
KE008,Wajir,2014-06,100.66579999999999,99.45314,,,1,20,0.3956,High,781214
KE008,Wajir,2014-07,101.11889333333333,100.79447,,,0,0,0.3956,High,781214
KE008,Wajir,2014-08,102.23096466666668,101.21619,,,0,0,0.3956,High,781214
KE008,Wajir,2014-09,98.70505800000001,93.97771,,,1,8,0.3956,High,781214
KE008,Wajir,2014-10,56.345818666666666,33.291603,,,1,3,0.3956,High,781214
KE008,Wajir,2014-11,103.34918333333333,66.23632,,,1,1,0.3956,High,781214
KE008,Wajir,2014-12,67.63495966666666,40.599926,,,2,1,0.3956,High,781214
KE008,Wajir,2015-01,90.945,86.79968,,,0,0,0.3956,High,781214
KE008,Wajir,2015-02,90.352268,87.61366,,,0,0,0.3956,High,781214
KE008,Wajir,2015-03,103.95172133333334,57.890934,,,1,4,0.3956,High,781214
KE008,Wajir,2015-04,106.79629333333332,68.30337,,,0,0,0.3956,High,781214
KE008,Wajir,2015-05,68.76305500000001,63.397545,,,0,0,0.3956,High,781214
KE008,Wajir,2015-06,99.2709,97.35468,,,2,4,0.3956,High,781214
KE008,Wajir,2015-07,102.00745166666667,100.72861,,,2,4,0.3956,High,781214
KE008,Wajir,2015-08,100.44237500000001,99.966125,,,0,0,0.3956,High,781214
KE008,Wajir,2015-09,98.04382500000001,93.392365,,,0,0,0.3956,High,781214
KE008,Wajir,2015-10,113.38125166666667,32.344395,,,0,0,0.3956,High,781214
KE008,Wajir,2015-11,108.46797500000001,97.03584,,,1,0,0.3956,High,781214
KE008,Wajir,2015-12,106.55503833333334,63.391865,,,0,0,0.3956,High,781214
KE008,Wajir,2016-01,103.58847466666667,95.44164,,,0,0,0.3956,High,781214
KE008,Wajir,2016-02,120.448213,107.776054,,,0,0,0.3956,High,781214
KE008,Wajir,2016-03,58.197554000000004,31.37381,,,0,0,0.3956,High,781214
KE008,Wajir,2016-04,94.40669166666667,69.85003,,,0,0,0.3956,High,781214
KE008,Wajir,2016-05,101.9067,69.79837,,,1,6,0.3956,High,781214
KE008,Wajir,2016-06,100.32147333333334,99.76485,,,0,0,0.3956,High,781214
KE008,Wajir,2016-07,103.84164,102.88245,,,0,0,0.3956,High,781214
KE008,Wajir,2016-08,99.74177666666667,99.2041,,,0,0,0.3956,High,781214
KE008,Wajir,2016-09,97.79689533333334,92.91209,,,2,10,0.3956,High,781214
KE008,Wajir,2016-10,43.98216233333333,29.821405,,,0,0,0.3956,High,781214
KE008,Wajir,2016-11,129.76733000000002,58.67847,,,2,0,0.3956,High,781214
KE008,Wajir,2016-12,101.22209333333335,86.06699,,,1,2,0.3956,High,781214
KE008,Wajir,2017-01,91.93438466666667,89.69567,,,0,0,0.3956,High,781214
KE008,Wajir,2017-02,117.85533666666667,88.11247,,,0,0,0.3956,High,781214
KE008,Wajir,2017-03,51.374565,35.171978,,,1,0,0.3956,High,781214
KE008,Wajir,2017-04,83.18445833333334,74.122055,,,0,0,0.3956,High,781214
KE008,Wajir,2017-05,131.95871333333332,79.72079,,,0,0,0.3956,High,781214
KE008,Wajir,2017-06,100.30784166666666,99.5618,,,1,9,0.3956,High,781214
KE008,Wajir,2017-07,103.96154333333334,99.72882,,,0,0,0.3956,High,781214
KE008,Wajir,2017-08,101.73396133333334,101.63129,,,0,0,0.3956,High,781214
KE008,Wajir,2017-09,101.21361333333334,99.98124,,,2,4,0.3956,High,781214
KE008,Wajir,2017-10,79.96790833333334,55.82149,,,0,0,0.3956,High,781214
KE008,Wajir,2017-11,116.25554466666667,39.851364,,,0,0,0.3956,High,781214
KE008,Wajir,2017-12,45.592286333333334,29.17051,,,0,0,0.3956,High,781214
KE008,Wajir,2018-01,87.59178000000001,81.9803,,,1,4,0.3956,High,781214
KE008,Wajir,2018-02,102.31239466666666,96.70104,,,2,2,0.3956,High,781214
KE008,Wajir,2018-03,276.02073666666666,158.69579,,,4,7,0.3956,High,781214
KE008,Wajir,2018-04,162.22608533333334,100.208786,,,0,0,0.3956,High,781214
KE008,Wajir,2018-05,151.38693666666666,132.9642,,,0,0,0.3956,High,781214
KE008,Wajir,2018-06,99.64905800000001,97.596344,,,8,10,0.3956,High,781214
KE008,Wajir,2018-07,105.804985,104.491005,,,1,0,0.3956,High,781214
KE008,Wajir,2018-08,100.89484666666665,100.21028,,,2,3,0.3956,High,781214
KE008,Wajir,2018-09,101.11720666666668,99.22865,,,0,0,0.3956,High,781214
KE008,Wajir,2018-10,84.93646333333332,38.92235,,,2,3,0.3956,High,781214
KE008,Wajir,2018-11,47.824432,30.186016,,,1,1,0.3956,High,781214
KE008,Wajir,2018-12,326.40646666666663,192.33412,,,0,0,0.3956,High,781214
KE008,Wajir,2019-01,95.70943,93.01767,,,0,0,0.3956,High,781214
KE008,Wajir,2019-02,94.37119666666666,92.82048,,,0,0,0.3956,High,781214
KE008,Wajir,2019-03,63.804356000000006,52.209835,,,0,0,0.3956,High,781214
KE008,Wajir,2019-04,65.22233933333334,24.36106,,,0,0,0.3956,High,781214
KE008,Wajir,2019-05,123.88418066666667,54.353172,,,0,0,0.3956,High,781214
KE008,Wajir,2019-06,97.82234,94.46288,,,1,8,0.3956,High,781214
KE008,Wajir,2019-07,104.01284866666667,101.033226,,,0,0,0.3956,High,781214
KE008,Wajir,2019-08,99.51167333333335,98.743126,,,2,0,0.3956,High,781214
KE008,Wajir,2019-09,117.56131666666666,110.84904,,,0,0,0.3956,High,781214
KE008,Wajir,2019-10,280.25136333333336,143.34369,,,1,2,0.3956,High,781214
KE008,Wajir,2019-11,248.04904166666665,113.932785,,,1,11,0.3956,High,781214
KE008,Wajir,2019-12,132.243999,58.940487,,,4,2,0.3956,High,781214
KE008,Wajir,2020-01,131.52503033333332,124.970055,,,1,0,0.3956,High,781214
KE008,Wajir,2020-02,94.25180833333333,88.492775,,,2,4,0.3956,High,781214
KE008,Wajir,2020-03,152.245138,99.948044,,,1,0,0.3956,High,781214
KE008,Wajir,2020-04,191.67682,52.26615,,,1,0,0.3956,High,781214
KE008,Wajir,2020-05,69.36667066666666,45.816402,,,3,6,0.3956,High,781214
KE008,Wajir,2020-06,98.87897333333332,96.50084,,,0,0,0.3956,High,781214
KE008,Wajir,2020-07,115.04647566666667,111.150566,,,0,0,0.3956,High,781214
KE008,Wajir,2020-08,99.75093133333333,99.555244,,,0,0,0.3956,High,781214
KE008,Wajir,2020-09,100.54821833333334,98.83307,,,1,7,0.3956,High,781214
KE008,Wajir,2020-10,62.91266466666667,35.252594,,,0,0,0.3956,High,781214
KE008,Wajir,2020-11,62.313399000000004,34.500687,,,3,12,0.3956,High,781214
KE008,Wajir,2020-12,81.51862133333333,43.027496,,,2,1,0.3956,High,781214
KE008,Wajir,2021-01,91.02838666666666,86.17091,,,1,2,0.3956,High,781214
KE008,Wajir,2021-02,90.54470666666667,88.17985,,,4,1,0.3956,High,781214
KE008,Wajir,2021-03,64.278318,38.31209,,,1,0,0.3956,High,781214
KE008,Wajir,2021-04,72.33316666666666,54.30352,,,0,0,0.3956,High,781214
KE008,Wajir,2021-05,85.265167,73.751595,,,1,0,0.3956,High,781214
KE008,Wajir,2021-06,99.03946666666667,97.24191,,,0,0,0.3956,High,781214
KE008,Wajir,2021-07,99.09883500000001,98.5716,,,1,1,0.3956,High,781214
KE008,Wajir,2021-08,98.74006366666667,98.680916,,,3,7,0.3956,High,781214
KE008,Wajir,2021-09,99.324415,95.546135,,,1,0,0.3956,High,781214
KE008,Wajir,2021-10,47.88033833333333,32.25037,,,1,8,0.3956,High,781214
KE008,Wajir,2021-11,66.73001266666667,32.31183,,,1,0,0.3956,High,781214
KE008,Wajir,2021-12,236.21282800000003,50.622334,,,0,0,0.3956,High,781214
KE008,Wajir,2022-01,112.32192000000002,100.3489,,,2,4,0.3956,High,781214
KE008,Wajir,2022-02,89.54193,87.49252,,,0,0,0.3956,High,781214
KE008,Wajir,2022-03,63.358522666666666,54.706566,,,0,0,0.3956,High,781214
KE008,Wajir,2022-04,73.08666266666667,40.82831,,,0,0,0.3956,High,781214
KE008,Wajir,2022-05,100.26576333333333,75.07408,,,1,1,0.3956,High,781214
KE008,Wajir,2022-06,98.67967700000001,96.16252,,,4,1,0.3956,High,781214
KE008,Wajir,2022-07,105.75995999999999,104.9011,,,1,0,0.3956,High,781214
KE008,Wajir,2022-08,99.31783,99.22713,,,1,0,0.3956,High,781214
KE008,Wajir,2022-09,98.984848,94.998314,,,1,0,0.3956,High,781214
KE008,Wajir,2022-10,52.53921766666667,40.672516,,,1,0,0.3956,High,781214
KE008,Wajir,2022-11,72.41920533333332,68.64546,,,3,0,0.3956,High,781214
KE008,Wajir,2022-12,85.32513333333333,68.78582,,,3,11,0.3956,High,781214
KE008,Wajir,2023-01,93.98161333333333,90.72357,,,0,0,0.3956,High,781214
KE008,Wajir,2023-02,89.10584033333333,86.06733,,,1,1,0.3956,High,781214
KE008,Wajir,2023-03,243.16658666666663,80.84055,,,1,1,0.3956,High,781214
KE008,Wajir,2023-04,168.58794666666665,120.18918,,,0,0,0.3956,High,781214
KE008,Wajir,2023-05,70.59680866666666,61.398666,,,0,0,0.3956,High,781214
KE008,Wajir,2023-06,98.29220833333333,97.451355,,,0,0,0.3956,High,781214
KE008,Wajir,2023-07,100.15661,100.04724,,,0,0,0.3956,High,781214
KE008,Wajir,2023-08,102.85157366666665,101.330246,,,0,0,0.3956,High,781214
KE008,Wajir,2023-09,96.63368333333334,92.51435,,,0,0,0.3956,High,781214
KE008,Wajir,2023-10,186.02523666666664,80.14633,,,1,0,0.3956,High,781214
KE008,Wajir,2023-11,312.3512133333333,149.8225,,,0,0,0.3956,High,781214
KE008,Wajir,2023-12,62.61363333333333,31.81607,214.0,104.25,1,0,0.3956,High,781214
KE008,Wajir,2024-01,92.11378466666667,87.04646,,,0,0,0.3956,High,781214
KE008,Wajir,2024-02,96.285668,92.141174,,,0,0,0.3956,High,781214
KE008,Wajir,2024-03,58.858685666666666,42.697327,190.57142857142858,112.85714285714286,1,0,0.3956,High,781214
KE008,Wajir,2024-04,158.68561666666668,45.81335,,,0,0,0.3956,High,781214
KE008,Wajir,2024-05,104.89128133333332,69.120094,,,0,0,0.3956,High,781214
KE008,Wajir,2024-06,98.522025,94.672325,162.0,99.0,1,0,0.3956,High,781214
KE008,Wajir,2024-07,103.19592666666667,100.58041,,,2,0,0.3956,High,781214
KE008,Wajir,2024-08,133.5389,113.60728,,,3,1,0.3956,High,781214
KE008,Wajir,2024-09,98.71759833333333,95.298485,168.0,90.71428571428571,2,0,0.3956,High,781214
KE008,Wajir,2024-10,43.718712333333336,26.635023,,,1,0,0.3956,High,781214
KE008,Wajir,2024-11,105.480497,58.491676,,,1,1,0.3956,High,781214
KE008,Wajir,2024-12,44.513813,27.882412,,,2,12,0.3956,High,781214
KE008,Wajir,2025-01,84.63273666666667,80.36174,,,0,0,0.3956,High,781214
KE008,Wajir,2025-02,85.84568266666668,81.321434,,,1,2,0.3956,High,781214
KE008,Wajir,2025-03,178.89054,128.29907,146.5,87.5,0,0,0.3956,High,781214
KE008,Wajir,2025-04,119.03680833333333,91.167465,,,0,0,0.3956,High,781214
KE008,Wajir,2025-05,90.65152166666667,61.241455,,,2,2,0.3956,High,781214
KE008,Wajir,2025-06,100.08831199999999,99.900116,,,0,0,0.3956,High,781214
KE008,Wajir,2025-07,97.91567333333334,96.65335,,,0,0,0.3956,High,781214
KE008,Wajir,2025-08,96.94530666666667,96.2321,,,0,0,0.3956,High,781214
KE008,Wajir,2025-09,95.77433500000001,89.46756,153.5,79.0,1,1,0.3956,High,781214
KE008,Wajir,2025-10,55.18371566666667,38.490807,,,1,1,0.3956,High,781214
KE008,Wajir,2025-11,38.25492466666667,31.21162,,,3,0,0.3956,High,781214
KE008,Wajir,2025-12,68.84188,34.75145,139.33333333333334,74.0,1,0,0.3956,High,781214
KE024,West Pokot,2006-01,78.86572533333333,65.69733,,,0,0,0.3546,High,621226
KE024,West Pokot,2006-02,110.41260199999999,72.365776,,,0,0,0.3546,High,621226
KE024,West Pokot,2006-03,121.12561333333333,67.12565,,,0,0,0.3546,High,621226
KE024,West Pokot,2006-04,111.90294866666666,67.15314,,,0,0,0.3546,High,621226
KE024,West Pokot,2006-05,78.14637333333333,65.94896,,,0,0,0.3546,High,621226
KE024,West Pokot,2006-06,66.35691066666668,46.111206,,,0,0,0.3546,High,621226
KE024,West Pokot,2006-07,65.67776266666667,53.925568,,,1,1,0.3546,High,621226
KE024,West Pokot,2006-08,153.85992666666667,65.230865,,,0,0,0.3546,High,621226
KE024,West Pokot,2006-09,121.88286,96.84982,,,0,0,0.3546,High,621226
KE024,West Pokot,2006-10,118.819751,37.422935,,,0,0,0.3546,High,621226
KE024,West Pokot,2006-11,239.91858000000002,43.28305,,,0,0,0.3546,High,621226
KE024,West Pokot,2006-12,189.80505000000002,87.09685,,,0,0,0.3546,High,621226
KE024,West Pokot,2007-01,130.09706,92.95609,,,0,0,0.3546,High,621226
KE024,West Pokot,2007-02,208.61922166666668,120.615295,,,0,0,0.3546,High,621226
KE024,West Pokot,2007-03,88.70018333333333,43.84421,,,0,0,0.3546,High,621226
KE024,West Pokot,2007-04,115.29284233333334,24.481123,,,2,7,0.3546,High,621226
KE024,West Pokot,2007-05,124.31839666666667,47.58202,,,4,16,0.3546,High,621226
KE024,West Pokot,2007-06,192.19707333333335,164.32195,,,5,1,0.3546,High,621226
KE024,West Pokot,2007-07,138.14337333333333,60.54939,,,4,14,0.3546,High,621226
KE024,West Pokot,2007-08,135.62908333333334,101.080826,,,0,0,0.3546,High,621226
KE024,West Pokot,2007-09,225.9507133333333,145.85574,,,0,0,0.3546,High,621226
KE024,West Pokot,2007-10,52.575661333333336,41.888344,,,0,0,0.3546,High,621226
KE024,West Pokot,2007-11,49.459977333333335,41.003654,,,0,0,0.3546,High,621226
KE024,West Pokot,2007-12,86.54644666666667,60.14788,,,1,0,0.3546,High,621226
KE024,West Pokot,2008-01,79.51672666666667,71.58941,,,0,0,0.3546,High,621226
KE024,West Pokot,2008-02,81.18955266666667,53.952164,,,0,0,0.3546,High,621226
KE024,West Pokot,2008-03,97.95495166666667,45.735535,,,1,0,0.3546,High,621226
KE024,West Pokot,2008-04,58.02013433333334,42.6874,,,0,0,0.3546,High,621226
KE024,West Pokot,2008-05,69.855546,33.743298,,,0,0,0.3546,High,621226
KE024,West Pokot,2008-06,85.77536900000001,52.340977,,,0,0,0.3546,High,621226
KE024,West Pokot,2008-07,101.83280166666667,86.76966,,,0,0,0.3546,High,621226
KE024,West Pokot,2008-08,104.43748666666666,67.69451,,,0,0,0.3546,High,621226
KE024,West Pokot,2008-09,109.35033466666668,69.285774,,,0,0,0.3546,High,621226
KE024,West Pokot,2008-10,134.90901,67.19232,,,0,0,0.3546,High,621226
KE024,West Pokot,2008-11,128.90167333333332,42.37801,,,0,0,0.3546,High,621226
KE024,West Pokot,2008-12,47.181136333333335,42.230656,,,0,0,0.3546,High,621226
KE024,West Pokot,2009-01,101.1954,65.85783,,,0,0,0.3546,High,621226
KE024,West Pokot,2009-02,54.387578,52.701942,,,0,0,0.3546,High,621226
KE024,West Pokot,2009-03,43.76950333333334,30.046963,,,0,0,0.3546,High,621226
KE024,West Pokot,2009-04,103.92555666666665,56.913124,,,0,0,0.3546,High,621226
KE024,West Pokot,2009-05,101.16449666666666,39.366096,,,0,0,0.3546,High,621226
KE024,West Pokot,2009-06,59.998028999999995,46.330753,,,0,0,0.3546,High,621226
KE024,West Pokot,2009-07,89.57172533333333,59.813736,,,0,0,0.3546,High,621226
KE024,West Pokot,2009-08,64.757135,57.71954,,,0,0,0.3546,High,621226
KE024,West Pokot,2009-09,81.95600999999999,67.9516,,,2,0,0.3546,High,621226
KE024,West Pokot,2009-10,89.92281833333334,50.507385,,,0,0,0.3546,High,621226
KE024,West Pokot,2009-11,88.61270666666667,65.15868,,,0,0,0.3546,High,621226
KE024,West Pokot,2009-12,259.06495333333334,114.59717,,,0,0,0.3546,High,621226
KE024,West Pokot,2010-01,133.21102833333333,69.109795,,,0,0,0.3546,High,621226
KE024,West Pokot,2010-02,231.36726866666666,90.403786,,,0,0,0.3546,High,621226
KE024,West Pokot,2010-03,174.47105499999998,63.856285,,,0,0,0.3546,High,621226
KE024,West Pokot,2010-04,83.933829,30.407757,,,0,0,0.3546,High,621226
KE024,West Pokot,2010-05,141.33967866666669,105.738556,,,0,0,0.3546,High,621226
KE024,West Pokot,2010-06,96.54647933333335,78.087654,,,0,0,0.3546,High,621226
KE024,West Pokot,2010-07,104.62012166666666,72.45579,,,0,0,0.3546,High,621226
KE024,West Pokot,2010-08,94.14860533333332,70.40471,,,0,0,0.3546,High,621226
KE024,West Pokot,2010-09,119.79121666666667,73.46303,,,0,0,0.3546,High,621226
KE024,West Pokot,2010-10,89.83398333333332,70.13305,,,1,0,0.3546,High,621226
KE024,West Pokot,2010-11,50.745974,42.201485,,,1,1,0.3546,High,621226
KE024,West Pokot,2010-12,91.26376133333333,58.834084,,,0,0,0.3546,High,621226
KE024,West Pokot,2011-01,73.935882,63.293766,,,0,0,0.3546,High,621226
KE024,West Pokot,2011-02,67.33185999999999,54.30169,,,0,0,0.3546,High,621226
KE024,West Pokot,2011-03,122.39524266666666,60.684162,,,0,0,0.3546,High,621226
KE024,West Pokot,2011-04,54.42079733333333,25.41915,,,0,0,0.3546,High,621226
KE024,West Pokot,2011-05,69.57491666666667,56.99394,,,0,0,0.3546,High,621226
KE024,West Pokot,2011-06,128.33644333333334,105.68998,,,0,0,0.3546,High,621226
KE024,West Pokot,2011-07,104.52459666666668,66.73427,,,0,0,0.3546,High,621226
KE024,West Pokot,2011-08,140.52298499999998,104.734695,,,0,0,0.3546,High,621226
KE024,West Pokot,2011-09,124.7536,77.43866,,,0,0,0.3546,High,621226
KE024,West Pokot,2011-10,92.355232,58.593826,,,0,0,0.3546,High,621226
KE024,West Pokot,2011-11,281.39346333333333,64.50684,,,0,0,0.3546,High,621226
KE024,West Pokot,2011-12,86.46158833333334,43.462955,,,0,0,0.3546,High,621226
KE024,West Pokot,2012-01,64.44337266666666,59.376854,,,0,0,0.3546,High,621226
KE024,West Pokot,2012-02,68.766499,59.79408,,,0,0,0.3546,High,621226
KE024,West Pokot,2012-03,51.811940666666665,33.02931,,,0,0,0.3546,High,621226
KE024,West Pokot,2012-04,156.72835666666666,82.40438,,,0,0,0.3546,High,621226
KE024,West Pokot,2012-05,179.05817666666667,140.38127,,,0,0,0.3546,High,621226
KE024,West Pokot,2012-06,98.99013333333333,54.884125,,,0,0,0.3546,High,621226
KE024,West Pokot,2012-07,124.06712466666666,82.458374,,,0,0,0.3546,High,621226
KE024,West Pokot,2012-08,124.32181533333333,103.852066,,,0,0,0.3546,High,621226
KE024,West Pokot,2012-09,164.50656666666666,127.85486,,,0,0,0.3546,High,621226
KE024,West Pokot,2012-10,143.85985333333335,111.41343,,,0,0,0.3546,High,621226
KE024,West Pokot,2012-11,106.95194166666666,49.968475,,,0,0,0.3546,High,621226
KE024,West Pokot,2012-12,147.440505,62.1512,,,0,0,0.3546,High,621226
KE024,West Pokot,2013-01,129.41597,70.50581,,,1,1,0.3546,High,621226
KE024,West Pokot,2013-02,64.12775866666668,48.060116,,,1,3,0.3546,High,621226
KE024,West Pokot,2013-03,122.69946,64.5721,,,0,0,0.3546,High,621226
KE024,West Pokot,2013-04,172.14303333333336,95.95486,,,1,1,0.3546,High,621226
KE024,West Pokot,2013-05,90.63928033333333,32.456383,,,0,0,0.3546,High,621226
KE024,West Pokot,2013-06,87.56996099999999,56.449623,,,0,0,0.3546,High,621226
KE024,West Pokot,2013-07,109.76753000000001,78.2722,,,1,0,0.3546,High,621226
KE024,West Pokot,2013-08,114.51372800000001,85.388794,,,0,0,0.3546,High,621226
KE024,West Pokot,2013-09,143.01309166666667,118.235275,,,1,0,0.3546,High,621226
KE024,West Pokot,2013-10,99.77844566666666,51.744427,,,0,0,0.3546,High,621226
KE024,West Pokot,2013-11,110.20657666666666,47.77455,,,4,5,0.3546,High,621226
KE024,West Pokot,2013-12,88.953371,50.895863,,,0,0,0.3546,High,621226
KE024,West Pokot,2014-01,74.33411,64.98515,,,0,0,0.3546,High,621226
KE024,West Pokot,2014-02,67.25231033333334,53.35297,,,0,0,0.3546,High,621226
KE024,West Pokot,2014-03,95.551844,35.267532,,,0,0,0.3546,High,621226
KE024,West Pokot,2014-04,30.315355,17.542734,,,0,0,0.3546,High,621226
KE024,West Pokot,2014-05,70.22793766666666,57.813663,,,0,0,0.3546,High,621226
KE024,West Pokot,2014-06,73.68772,57.1442,,,0,0,0.3546,High,621226
KE024,West Pokot,2014-07,93.46200866666668,78.040436,,,0,0,0.3546,High,621226
KE024,West Pokot,2014-08,120.27053000000001,79.23377,,,0,0,0.3546,High,621226
KE024,West Pokot,2014-09,76.20647100000001,47.160843,,,1,1,0.3546,High,621226
KE024,West Pokot,2014-10,152.09677333333335,83.85606,,,0,0,0.3546,High,621226
KE024,West Pokot,2014-11,88.12219499999999,36.727985,,,0,0,0.3546,High,621226
KE024,West Pokot,2014-12,78.43825066666666,55.727257,,,0,0,0.3546,High,621226
KE024,West Pokot,2015-01,62.982457333333336,57.06231,,,0,0,0.3546,High,621226
KE024,West Pokot,2015-02,64.288979,50.58171,,,0,0,0.3546,High,621226
KE024,West Pokot,2015-03,38.944191,30.384277,,,0,0,0.3546,High,621226
KE024,West Pokot,2015-04,127.09180900000001,52.615803,,,0,0,0.3546,High,621226
KE024,West Pokot,2015-05,84.32527333333333,50.75322,,,0,0,0.3546,High,621226
KE024,West Pokot,2015-06,105.17163,74.74424,,,0,0,0.3546,High,621226
KE024,West Pokot,2015-07,69.32391233333334,55.70423,,,0,0,0.3546,High,621226
KE024,West Pokot,2015-08,48.66661,39.16395,,,0,0,0.3546,High,621226
KE024,West Pokot,2015-09,72.381721,60.044033,,,0,0,0.3546,High,621226
KE024,West Pokot,2015-10,92.42234566666667,51.905697,,,1,1,0.3546,High,621226
KE024,West Pokot,2015-11,152.54208666666668,56.39894,,,0,0,0.3546,High,621226
KE024,West Pokot,2015-12,121.40812533333333,48.294346,,,0,0,0.3546,High,621226
KE024,West Pokot,2016-01,113.37194366666667,60.712166,,,0,0,0.3546,High,621226
KE024,West Pokot,2016-02,62.351854333333335,59.940823,,,0,0,0.3546,High,621226
KE024,West Pokot,2016-03,77.72088000000001,37.22515,,,0,0,0.3546,High,621226
KE024,West Pokot,2016-04,179.25358333333335,141.44493,,,0,0,0.3546,High,621226
KE024,West Pokot,2016-05,103.61569800000001,59.907764,,,0,0,0.3546,High,621226
KE024,West Pokot,2016-06,106.96069900000002,63.824093,,,0,0,0.3546,High,621226
KE024,West Pokot,2016-07,80.89438666666666,64.60966,,,0,0,0.3546,High,621226
KE024,West Pokot,2016-08,62.06863766666667,48.12048,,,0,0,0.3546,High,621226
KE024,West Pokot,2016-09,71.28824666666667,42.53776,,,1,6,0.3546,High,621226
KE024,West Pokot,2016-10,72.70232933333334,46.504612,,,0,0,0.3546,High,621226
KE024,West Pokot,2016-11,47.78599166666667,38.038475,,,0,0,0.3546,High,621226
KE024,West Pokot,2016-12,45.93965766666667,40.372433,,,0,0,0.3546,High,621226
KE024,West Pokot,2017-01,110.292668,76.99931,,,3,8,0.3546,High,621226
KE024,West Pokot,2017-02,172.76717333333332,93.1028,,,0,0,0.3546,High,621226
KE024,West Pokot,2017-03,54.31728666666667,39.65593,,,0,0,0.3546,High,621226
KE024,West Pokot,2017-04,43.23320666666666,21.35436,,,0,0,0.3546,High,621226
KE024,West Pokot,2017-05,107.23646666666666,88.98633,,,0,0,0.3546,High,621226
KE024,West Pokot,2017-06,65.91343333333333,59.27995,,,0,0,0.3546,High,621226
KE024,West Pokot,2017-07,212.36988333333338,166.7684,,,0,0,0.3546,High,621226
KE024,West Pokot,2017-08,119.77409866666666,71.55038,,,0,0,0.3546,High,621226
KE024,West Pokot,2017-09,171.40331,141.20146,,,0,0,0.3546,High,621226
KE024,West Pokot,2017-10,175.99518466666666,49.776714,,,0,0,0.3546,High,621226
KE024,West Pokot,2017-11,98.76879133333334,46.803684,,,0,0,0.3546,High,621226
KE024,West Pokot,2017-12,57.206198666666666,45.614586,,,1,3,0.3546,High,621226
KE024,West Pokot,2018-01,66.53676666666667,61.92878,,,1,0,0.3546,High,621226
KE024,West Pokot,2018-02,63.141549999999995,53.60626,,,0,0,0.3546,High,621226
KE024,West Pokot,2018-03,195.53427166666665,43.240765,,,0,0,0.3546,High,621226
KE024,West Pokot,2018-04,222.69193333333337,149.69304,,,0,0,0.3546,High,621226
KE024,West Pokot,2018-05,177.63386333333332,138.91982,,,0,0,0.3546,High,621226
KE024,West Pokot,2018-06,165.353518,107.860504,,,2,6,0.3546,High,621226
KE024,West Pokot,2018-07,98.30562666666667,47.43823,,,0,0,0.3546,High,621226
KE024,West Pokot,2018-08,97.00341566666667,43.228077,,,0,0,0.3546,High,621226
KE024,West Pokot,2018-09,59.089761333333335,51.06085,,,1,2,0.3546,High,621226
KE024,West Pokot,2018-10,73.24375233333333,46.287254,,,1,2,0.3546,High,621226
KE024,West Pokot,2018-11,42.21188033333333,30.273611,,,1,1,0.3546,High,621226
KE024,West Pokot,2018-12,136.44027766666667,47.355453,,,0,0,0.3546,High,621226
KE024,West Pokot,2019-01,74.421666,62.195843,,,0,0,0.3546,High,621226
KE024,West Pokot,2019-02,69.16888033333333,54.915684,,,2,3,0.3546,High,621226
KE024,West Pokot,2019-03,80.600546,39.452858,,,0,0,0.3546,High,621226
KE024,West Pokot,2019-04,60.91515233333334,21.35559,,,0,0,0.3546,High,621226
KE024,West Pokot,2019-05,67.879789,44.930252,,,2,3,0.3546,High,621226
KE024,West Pokot,2019-06,155.62770866666668,90.156296,,,0,0,0.3546,High,621226
KE024,West Pokot,2019-07,137.26632,66.0339,,,0,0,0.3546,High,621226
KE024,West Pokot,2019-08,135.41298,115.00804,,,0,0,0.3546,High,621226
KE024,West Pokot,2019-09,120.80986666666666,102.0423,,,1,0,0.3546,High,621226
KE024,West Pokot,2019-10,179.51021,106.08578,,,0,0,0.3546,High,621226
KE024,West Pokot,2019-11,127.56311833333332,54.051365,,,0,0,0.3546,High,621226
KE024,West Pokot,2019-12,192.16913333333332,75.37486,,,0,0,0.3546,High,621226
KE024,West Pokot,2020-01,129.92723700000002,70.157616,,,0,0,0.3546,High,621226
KE024,West Pokot,2020-02,106.12824,61.69172,,,0,0,0.3546,High,621226
KE024,West Pokot,2020-03,239.4966866666667,193.76141,,,0,0,0.3546,High,621226
KE024,West Pokot,2020-04,144.55659333333332,20.42344,,,0,0,0.3546,High,621226
KE024,West Pokot,2020-05,95.30463000000002,75.62142,,,1,5,0.3546,High,621226
KE024,West Pokot,2020-06,170.25033,129.73659,,,1,0,0.3546,High,621226
KE024,West Pokot,2020-07,168.91862,141.38264,,,0,0,0.3546,High,621226
KE024,West Pokot,2020-08,196.71576333333334,141.16666,,,0,0,0.3546,High,621226
KE024,West Pokot,2020-09,169.66367333333332,124.21192,,,0,0,0.3546,High,621226
KE024,West Pokot,2020-10,172.21336899999997,45.077427,,,0,0,0.3546,High,621226
KE024,West Pokot,2020-11,125.70595666666667,84.20898,,,0,0,0.3546,High,621226
KE024,West Pokot,2020-12,56.882265,48.09826,,,1,0,0.3546,High,621226
KE024,West Pokot,2021-01,107.54691233333334,59.851627,,,0,0,0.3546,High,621226
KE024,West Pokot,2021-02,85.477555,68.89179,,,0,0,0.3546,High,621226
KE024,West Pokot,2021-03,54.090354999999995,43.60694,,,0,0,0.3546,High,621226
KE024,West Pokot,2021-04,71.44494766666666,29.233763,,,0,0,0.3546,High,621226
KE024,West Pokot,2021-05,133.76584499999998,47.132065,,,0,0,0.3546,High,621226
KE024,West Pokot,2021-06,73.42004433333334,53.942383,,,0,0,0.3546,High,621226
KE024,West Pokot,2021-07,81.16241000000001,61.47071,,,0,0,0.3546,High,621226
KE024,West Pokot,2021-08,80.863718,75.92537,,,1,3,0.3546,High,621226
KE024,West Pokot,2021-09,142.71421533333333,95.01543,,,0,0,0.3546,High,621226
KE024,West Pokot,2021-10,92.87436433333333,51.37623,,,1,1,0.3546,High,621226
KE024,West Pokot,2021-11,43.441297999999996,38.981964,,,1,0,0.3546,High,621226
KE024,West Pokot,2021-12,51.61897466666667,50.641586,,,0,0,0.3546,High,621226
KE024,West Pokot,2022-01,122.18753666666667,72.80092,,,1,4,0.3546,High,621226
KE024,West Pokot,2022-02,82.31624766666665,61.756767,,,0,0,0.3546,High,621226
KE024,West Pokot,2022-03,57.950155333333335,40.99723,,,0,0,0.3546,High,621226
KE024,West Pokot,2022-04,75.27547266666666,21.524912,,,0,0,0.3546,High,621226
KE024,West Pokot,2022-05,93.759608,56.413944,,,2,2,0.3546,High,621226
KE024,West Pokot,2022-06,57.20241766666666,45.030975,,,1,0,0.3546,High,621226
KE024,West Pokot,2022-07,72.12487066666667,55.61213,,,1,1,0.3546,High,621226
KE024,West Pokot,2022-08,151.17208866666667,103.576256,,,0,0,0.3546,High,621226
KE024,West Pokot,2022-09,119.70782200000001,91.04226,,,1,0,0.3546,High,621226
KE024,West Pokot,2022-10,88.25489166666667,31.816795,,,0,0,0.3546,High,621226
KE024,West Pokot,2022-11,76.161889,51.101227,,,1,0,0.3546,High,621226
KE024,West Pokot,2022-12,80.39963533333334,75.85479,,,0,0,0.3546,High,621226
KE024,West Pokot,2023-01,64.48802766666667,59.554893,,,3,8,0.3546,High,621226
KE024,West Pokot,2023-02,53.229193333333335,52.379288,,,0,0,0.3546,High,621226
KE024,West Pokot,2023-03,136.54762566666668,51.727657,,,4,2,0.3546,High,621226
KE024,West Pokot,2023-04,99.30685766666666,21.695166,,,4,3,0.3546,High,621226
KE024,West Pokot,2023-05,75.28979,72.8316,,,3,2,0.3546,High,621226
KE024,West Pokot,2023-06,82.73160133333333,76.11698,,,5,5,0.3546,High,621226
KE024,West Pokot,2023-07,74.79135866666667,53.860847,,,1,1,0.3546,High,621226
KE024,West Pokot,2023-08,68.28471833333333,54.02078,,,2,0,0.3546,High,621226
KE024,West Pokot,2023-09,131.02563,97.82097,,,2,3,0.3546,High,621226
KE024,West Pokot,2023-10,121.40147466666667,78.575134,,,1,2,0.3546,High,621226
KE024,West Pokot,2023-11,98.63509666666666,50.22065,,,6,11,0.3546,High,621226
KE024,West Pokot,2023-12,58.227420333333335,51.54986,,,4,4,0.3546,High,621226
KE024,West Pokot,2024-01,148.41311,88.16023,,,2,1,0.3546,High,621226
KE024,West Pokot,2024-02,167.78406800000002,105.76949,,,3,0,0.3546,High,621226
KE024,West Pokot,2024-03,74.21762333333334,44.83692,,,2,1,0.3546,High,621226
KE024,West Pokot,2024-04,151.98180333333332,104.24197,,,1,1,0.3546,High,621226
KE024,West Pokot,2024-05,113.95005933333334,46.476738,,,1,1,0.3546,High,621226
KE024,West Pokot,2024-06,56.33029,50.722736,,,1,0,0.3546,High,621226
KE024,West Pokot,2024-07,171.17900333333333,149.01132,,,2,2,0.3546,High,621226
KE024,West Pokot,2024-08,120.35024166666666,63.05333,,,0,0,0.3546,High,621226
KE024,West Pokot,2024-09,97.83608666666667,91.008,,,0,0,0.3546,High,621226
KE024,West Pokot,2024-10,168.186005,93.94537,,,0,0,0.3546,High,621226
KE024,West Pokot,2024-11,125.69826,54.28685,,,1,1,0.3546,High,621226
KE024,West Pokot,2024-12,45.84538666666666,45.050095,,,1,0,0.3546,High,621226
KE024,West Pokot,2025-01,94.24233166666666,80.6574,,,2,1,0.3546,High,621226
KE024,West Pokot,2025-02,55.34192433333334,51.20587,,,0,0,0.3546,High,621226
KE024,West Pokot,2025-03,175.67486333333332,114.7835,,,0,0,0.3546,High,621226
KE024,West Pokot,2025-04,93.484783,37.720116,,,1,2,0.3546,High,621226
KE024,West Pokot,2025-05,107.39360333333333,71.53242,,,0,0,0.3546,High,621226
KE024,West Pokot,2025-06,115.03823333333332,87.44688,,,0,0,0.3546,High,621226
KE024,West Pokot,2025-07,99.76523000000002,81.45054,,,0,0,0.3546,High,621226
KE024,West Pokot,2025-08,157.759402,113.192406,,,2,2,0.3546,High,621226
KE024,West Pokot,2025-09,125.25257533333333,104.59968,,,0,0,0.3546,High,621226
KE024,West Pokot,2025-10,275.1489716666667,112.459885,,,1,3,0.3546,High,621226
KE024,West Pokot,2025-11,44.511913,35.972767,,,1,1,0.3546,High,621226
KE024,West Pokot,2025-12,97.7804,52.54101,,,2,4,0.3546,High,621226
