pcode,county,year_month,rfq_mean,rfq_min,price_beans,price_maize,conflict_events,conflict_fatalities,mpi,vulnerability_tier,total_population
KE030,Baringo,2006-01,72.32802,56.47483,,,0,0,0.2159,Medium,666750
KE030,Baringo,2006-02,82.811149,39.286293,,,0,0,0.2159,Medium,666750
KE030,Baringo,2006-03,122.28995266666665,50.577103,,,0,0,0.2159,Medium,666750
KE030,Baringo,2006-04,104.60608416666666,61.619656,,,0,0,0.2159,Medium,666750
KE030,Baringo,2006-05,81.69421466666667,49.654243,,,0,0,0.2159,Medium,666750
KE030,Baringo,2006-06,90.14412816666668,51.565163,,,0,0,0.2159,Medium,666750
KE030,Baringo,2006-07,76.35707833333333,58.24959,,,0,0,0.2159,Medium,666750
KE030,Baringo,2006-08,117.39806666666668,56.26853,,,1,5,0.2159,Medium,666750
KE030,Baringo,2006-09,80.89827016666668,57.529785,,,0,0,0.2159,Medium,666750
KE030,Baringo,2006-10,84.57271916666666,44.156067,,,0,0,0.2159,Medium,666750
KE030,Baringo,2006-11,213.43850333333333,66.79703,,,0,0,0.2159,Medium,666750
KE030,Baringo,2006-12,177.24226166666668,50.035294,,,0,0,0.2159,Medium,666750
KE030,Baringo,2007-01,149.74761733333332,86.18344,,,0,0,0.2159,Medium,666750
KE030,Baringo,2007-02,219.01469333333333,119.90447,,,0,0,0.2159,Medium,666750
KE030,Baringo,2007-03,67.15753883333333,28.424242,,,0,0,0.2159,Medium,666750
KE030,Baringo,2007-04,111.35449183333333,23.96223,,,0,0,0.2159,Medium,666750
KE030,Baringo,2007-05,116.43561166666666,47.159164,,,0,0,0.2159,Medium,666750
KE030,Baringo,2007-06,159.50746833333332,118.43828,,,0,0,0.2159,Medium,666750
KE030,Baringo,2007-07,129.39578766666668,58.947746,,,1,0,0.2159,Medium,666750
KE030,Baringo,2007-08,138.55865416666666,107.94142,,,0,0,0.2159,Medium,666750
KE030,Baringo,2007-09,223.35970666666665,161.47878,,,0,0,0.2159,Medium,666750
KE030,Baringo,2007-10,75.818621,51.62117,,,1,2,0.2159,Medium,666750
KE030,Baringo,2007-11,56.047676333333335,45.25391,,,2,0,0.2159,Medium,666750
KE030,Baringo,2007-12,54.411950999999995,33.078102,,,1,9,0.2159,Medium,666750
KE030,Baringo,2008-01,74.57691733333333,50.49514,,,2,1,0.2159,Medium,666750
KE030,Baringo,2008-02,72.5989115,39.93031,,,1,0,0.2159,Medium,666750
KE030,Baringo,2008-03,120.293744,42.879967,,,2,29,0.2159,Medium,666750
KE030,Baringo,2008-04,47.62088466666666,34.372368,,,0,0,0.2159,Medium,666750
KE030,Baringo,2008-05,50.69499616666667,24.964954,,,0,0,0.2159,Medium,666750
KE030,Baringo,2008-06,62.028861500000005,40.5062,,,0,0,0.2159,Medium,666750
KE030,Baringo,2008-07,94.47675233333332,71.15367,,,0,0,0.2159,Medium,666750
KE030,Baringo,2008-08,83.1606045,56.31888,,,1,0,0.2159,Medium,666750
KE030,Baringo,2008-09,125.94485833333334,79.48933,,,0,0,0.2159,Medium,666750
KE030,Baringo,2008-10,166.88633666666666,88.10478,,,0,0,0.2159,Medium,666750
KE030,Baringo,2008-11,124.86474883333334,42.802246,,,0,0,0.2159,Medium,666750
KE030,Baringo,2008-12,49.2406195,39.663094,,,0,0,0.2159,Medium,666750
KE030,Baringo,2009-01,72.14780033333334,37.32354,,,0,0,0.2159,Medium,666750
KE030,Baringo,2009-02,46.32098316666667,34.138004,,,0,0,0.2159,Medium,666750
KE030,Baringo,2009-03,45.125529,30.430687,,,0,0,0.2159,Medium,666750
KE030,Baringo,2009-04,75.4801595,43.23179,,,0,0,0.2159,Medium,666750
KE030,Baringo,2009-05,126.87665133333333,34.648415,,,0,0,0.2159,Medium,666750
KE030,Baringo,2009-06,52.189902999999994,36.13145,,,0,0,0.2159,Medium,666750
KE030,Baringo,2009-07,51.82887266666666,27.964596,,,0,0,0.2159,Medium,666750
KE030,Baringo,2009-08,45.5832275,39.185223,,,0,0,0.2159,Medium,666750
KE030,Baringo,2009-09,68.21506233333334,58.111244,,,0,0,0.2159,Medium,666750
KE030,Baringo,2009-10,96.14847833333333,67.21614,,,0,0,0.2159,Medium,666750
KE030,Baringo,2009-11,74.28384833333334,40.22847,,,0,0,0.2159,Medium,666750
KE030,Baringo,2009-12,261.50415833333335,105.4121,,,0,0,0.2159,Medium,666750
KE030,Baringo,2010-01,134.31767233333332,41.31757,,,0,0,0.2159,Medium,666750
KE030,Baringo,2010-02,326.87759666666665,176.05171,,,0,0,0.2159,Medium,666750
KE030,Baringo,2010-03,187.4752225,65.76047,,,0,0,0.2159,Medium,666750
KE030,Baringo,2010-04,104.91637083333335,52.332085,,,0,0,0.2159,Medium,666750
KE030,Baringo,2010-05,144.04791,88.23264,,,0,0,0.2159,Medium,666750
KE030,Baringo,2010-06,84.63360283333333,59.026623,,,0,0,0.2159,Medium,666750
KE030,Baringo,2010-07,98.37371066666667,42.433308,,,0,0,0.2159,Medium,666750
KE030,Baringo,2010-08,115.89655116666665,57.218777,,,0,0,0.2159,Medium,666750
KE030,Baringo,2010-09,121.55064333333333,88.92376,,,0,0,0.2159,Medium,666750
KE030,Baringo,2010-10,102.9652135,79.31623,,,0,0,0.2159,Medium,666750
KE030,Baringo,2010-11,50.84724,46.260147,,,0,0,0.2159,Medium,666750
KE030,Baringo,2010-12,59.727152499999995,36.60711,,,0,0,0.2159,Medium,666750
KE030,Baringo,2011-01,56.147286666666666,48.301723,,,1,2,0.2159,Medium,666750
KE030,Baringo,2011-02,62.865283833333336,43.186428,,,0,0,0.2159,Medium,666750
KE030,Baringo,2011-03,127.99949866666667,47.99176,,,0,0,0.2159,Medium,666750
KE030,Baringo,2011-04,43.01178050000001,25.851488,,,0,0,0.2159,Medium,666750
KE030,Baringo,2011-05,78.71531966666667,40.744843,,,0,0,0.2159,Medium,666750
KE030,Baringo,2011-06,121.34441250000002,76.97516,,,0,0,0.2159,Medium,666750
KE030,Baringo,2011-07,116.81481166666667,78.15916,,,0,0,0.2159,Medium,666750
KE030,Baringo,2011-08,150.00900166666668,87.53188,,,0,0,0.2159,Medium,666750
KE030,Baringo,2011-09,145.14948166666667,86.84881,,,0,0,0.2159,Medium,666750
KE030,Baringo,2011-10,110.285117,51.653904,,,0,0,0.2159,Medium,666750
KE030,Baringo,2011-11,207.4428,53.30802,,,0,0,0.2159,Medium,666750
KE030,Baringo,2011-12,108.95530016666667,38.897396,,,1,0,0.2159,Medium,666750
KE030,Baringo,2012-01,48.08154283333334,36.979225,,,0,0,0.2159,Medium,666750
KE030,Baringo,2012-02,64.03143766666666,43.620785,,,0,0,0.2159,Medium,666750
KE030,Baringo,2012-03,54.02293266666666,29.318943,,,0,0,0.2159,Medium,666750
KE030,Baringo,2012-04,168.707431,96.69654,,,0,0,0.2159,Medium,666750
KE030,Baringo,2012-05,207.405085,148.51532,,,0,0,0.2159,Medium,666750
KE030,Baringo,2012-06,107.17713816666667,50.928467,,,0,0,0.2159,Medium,666750
KE030,Baringo,2012-07,127.88524566666666,68.83801,,,0,0,0.2159,Medium,666750
KE030,Baringo,2012-08,109.1745975,89.87788,,,0,0,0.2159,Medium,666750
KE030,Baringo,2012-09,160.833654,104.813194,,,0,0,0.2159,Medium,666750
KE030,Baringo,2012-10,146.20771249999999,108.64722,,,2,2,0.2159,Medium,666750
KE030,Baringo,2012-11,87.02338366666667,46.962593,,,1,1,0.2159,Medium,666750
KE030,Baringo,2012-12,137.04149966666668,46.970768,,,3,4,0.2159,Medium,666750
KE030,Baringo,2013-01,113.715291,63.229633,,,1,0,0.2159,Medium,666750
KE030,Baringo,2013-02,59.091444833333334,32.38193,,,3,8,0.2159,Medium,666750
KE030,Baringo,2013-03,132.56125216666666,45.43034,,,3,4,0.2159,Medium,666750
KE030,Baringo,2013-04,190.31566,97.0455,,,2,4,0.2159,Medium,666750
KE030,Baringo,2013-05,102.119774,45.786694,,,1,10,0.2159,Medium,666750
KE030,Baringo,2013-06,117.38511666666666,55.291737,,,0,0,0.2159,Medium,666750
KE030,Baringo,2013-07,137.57924666666665,86.69367,,,0,0,0.2159,Medium,666750
KE030,Baringo,2013-08,122.46931000000001,71.90922,,,0,0,0.2159,Medium,666750
KE030,Baringo,2013-09,145.48251083333335,111.84193,,,0,0,0.2159,Medium,666750
KE030,Baringo,2013-10,98.3299875,50.725365,,,0,0,0.2159,Medium,666750
KE030,Baringo,2013-11,110.45171599999999,60.33407,,,0,0,0.2159,Medium,666750
KE030,Baringo,2013-12,165.90315766666666,45.99285,,,0,0,0.2159,Medium,666750
KE030,Baringo,2014-01,65.09689733333333,53.34694,,,3,32,0.2159,Medium,666750
KE030,Baringo,2014-02,135.5178655,50.823402,,,0,0,0.2159,Medium,666750
KE030,Baringo,2014-03,111.83725566666668,33.635517,,,2,1,0.2159,Medium,666750
KE030,Baringo,2014-04,39.014272,22.075335,,,0,0,0.2159,Medium,666750
KE030,Baringo,2014-05,69.82367599999999,58.97723,,,0,0,0.2159,Medium,666750
KE030,Baringo,2014-06,80.64790866666667,60.720795,,,3,2,0.2159,Medium,666750
KE030,Baringo,2014-07,80.39377266666666,56.92273,,,0,0,0.2159,Medium,666750
KE030,Baringo,2014-08,114.42917666666665,71.34531,,,2,3,0.2159,Medium,666750
KE030,Baringo,2014-09,86.56200933333334,53.409595,,,0,0,0.2159,Medium,666750
KE030,Baringo,2014-10,130.048361,59.47948,,,2,9,0.2159,Medium,666750
KE030,Baringo,2014-11,92.4075475,43.382614,,,0,0,0.2159,Medium,666750
KE030,Baringo,2014-12,84.82801033333334,56.108612,,,1,0,0.2159,Medium,666750
KE030,Baringo,2015-01,51.303447,40.07805,104.0,42.0,0,0,0.2159,Medium,666750
KE030,Baringo,2015-02,70.0810905,37.89491,107.0,47.0,3,55,0.2159,Medium,666750
KE030,Baringo,2015-03,38.906944333333335,33.631344,112.0,38.0,1,1,0.2159,Medium,666750
KE030,Baringo,2015-04,130.02314416666667,77.91948,105.0,42.0,0,0,0.2159,Medium,666750
KE030,Baringo,2015-05,86.04917266666666,55.420036,106.0,45.0,0,0,0.2159,Medium,666750
KE030,Baringo,2015-06,100.16669666666667,56.11511,113.0,45.0,0,0,0.2159,Medium,666750
KE030,Baringo,2015-07,68.36425799999999,52.246094,105.0,44.0,0,0,0.2159,Medium,666750
KE030,Baringo,2015-08,40.430967,28.921307,102.0,46.0,0,0,0.2159,Medium,666750
KE030,Baringo,2015-09,74.14223,54.79602,102.0,44.0,0,0,0.2159,Medium,666750
KE030,Baringo,2015-10,97.5050425,62.29318,103.0,37.0,0,0,0.2159,Medium,666750
KE030,Baringo,2015-11,136.33486166666668,78.44727,94.0,39.0,1,1,0.2159,Medium,666750
KE030,Baringo,2015-12,134.9299035,55.640633,101.0,41.0,0,0,0.2159,Medium,666750
KE030,Baringo,2016-01,135.7684416666667,64.84341,108.0,41.0,2,4,0.2159,Medium,666750
KE030,Baringo,2016-02,66.41490433333333,41.0218,97.0,39.0,0,0,0.2159,Medium,666750
KE030,Baringo,2016-03,72.27364433333334,31.079441,96.0,40.0,0,0,0.2159,Medium,666750
KE030,Baringo,2016-04,134.877535,93.97323,,,0,0,0.2159,Medium,666750
KE030,Baringo,2016-05,134.99731483333332,55.013596,97.0,43.0,0,0,0.2159,Medium,666750
KE030,Baringo,2016-06,96.21034933333333,65.32533,90.0,39.0,0,0,0.2159,Medium,666750
KE030,Baringo,2016-07,106.32099066666666,86.44241,103.0,41.0,0,0,0.2159,Medium,666750
KE030,Baringo,2016-08,71.52773833333333,41.194397,94.0,41.0,0,0,0.2159,Medium,666750
KE030,Baringo,2016-09,85.00031066666666,44.584846,90.0,37.0,0,0,0.2159,Medium,666750
KE030,Baringo,2016-10,86.431288,58.153133,98.0,43.0,0,0,0.2159,Medium,666750
KE030,Baringo,2016-11,77.75022299999999,46.474434,123.0,48.0,0,0,0.2159,Medium,666750
KE030,Baringo,2016-12,46.15364983333333,31.138336,106.0,48.0,0,0,0.2159,Medium,666750
KE030,Baringo,2017-01,82.61317883333334,42.901413,108.0,55.0,0,0,0.2159,Medium,666750
KE030,Baringo,2017-02,116.36245000000001,54.83712,112.0,52.0,6,16,0.2159,Medium,666750
KE030,Baringo,2017-03,49.686126333333334,34.355957,114.0,57.0,3,0,0.2159,Medium,666750
KE030,Baringo,2017-04,53.19002333333333,27.996904,127.0,62.0,1,5,0.2159,Medium,666750
KE030,Baringo,2017-05,93.11932916666666,72.62243,138.0,73.0,1,1,0.2159,Medium,666750
KE030,Baringo,2017-06,63.85023783333333,50.71759,129.0,81.0,3,6,0.2159,Medium,666750
KE030,Baringo,2017-07,197.34154,142.72466,118.0,58.0,0,0,0.2159,Medium,666750
KE030,Baringo,2017-08,130.20745916666667,70.254135,120.0,52.0,5,15,0.2159,Medium,666750
KE030,Baringo,2017-09,159.57490566666667,118.791214,104.0,53.0,1,5,0.2159,Medium,666750
KE030,Baringo,2017-10,165.50208816666665,64.029785,108.0,53.0,1,0,0.2159,Medium,666750
KE030,Baringo,2017-11,118.79636966666668,59.47541,121.0,50.0,4,15,0.2159,Medium,666750
KE030,Baringo,2017-12,55.02137583333333,42.95903,120.0,48.0,0,0,0.2159,Medium,666750
KE030,Baringo,2018-01,55.526736166666666,39.113968,106.0,52.0,1,1,0.2159,Medium,666750
KE030,Baringo,2018-02,58.494530499999996,42.069073,111.0,53.0,0,0,0.2159,Medium,666750
KE030,Baringo,2018-03,213.87567633333333,62.288292,112.0,52.0,0,0,0.2159,Medium,666750
KE030,Baringo,2018-04,229.07500833333333,172.13477,113.0,43.0,5,14,0.2159,Medium,666750
KE030,Baringo,2018-05,213.179335,182.59518,105.0,44.0,0,0,0.2159,Medium,666750
KE030,Baringo,2018-06,224.35894833333336,148.64166,108.0,40.0,0,0,0.2159,Medium,666750
KE030,Baringo,2018-07,89.00190566666667,47.51243,98.0,42.0,0,0,0.2159,Medium,666750
KE030,Baringo,2018-08,81.0005335,41.759193,100.0,38.0,1,0,0.2159,Medium,666750
KE030,Baringo,2018-09,66.95922933333333,54.161842,103.0,36.0,2,3,0.2159,Medium,666750
KE030,Baringo,2018-10,80.31643733333333,52.764053,103.0,33.0,5,6,0.2159,Medium,666750
KE030,Baringo,2018-11,51.280625500000006,35.680286,105.0,35.0,1,1,0.2159,Medium,666750
KE030,Baringo,2018-12,140.59629116666667,48.283627,107.0,36.0,2,2,0.2159,Medium,666750
KE030,Baringo,2019-01,70.00056666666667,54.33944,109.0,36.0,1,1,0.2159,Medium,666750
KE030,Baringo,2019-02,55.89960616666667,40.249126,111.0,,2,7,0.2159,Medium,666750
KE030,Baringo,2019-03,54.52422266666667,32.530384,111.0,,0,0,0.2159,Medium,666750
KE030,Baringo,2019-04,69.701753,27.046204,117.0,44.0,0,0,0.2159,Medium,666750
KE030,Baringo,2019-05,68.47545050000001,27.933607,105.0,52.0,2,1,0.2159,Medium,666750
KE030,Baringo,2019-06,166.791714,80.20619,121.0,51.0,0,0,0.2159,Medium,666750
KE030,Baringo,2019-07,117.21352566666667,66.54163,139.2,55.7,0,0,0.2159,Medium,666750
KE030,Baringo,2019-08,120.65590000000002,77.88826,126.3,54.6,0,0,0.2159,Medium,666750
KE030,Baringo,2019-09,125.9896025,75.11827,113.0,46.5,0,0,0.2159,Medium,666750
KE030,Baringo,2019-10,180.49038,141.71205,109.0,44.0,2,3,0.2159,Medium,666750
KE030,Baringo,2019-11,145.34315,59.944355,108.0,44.0,2,4,0.2159,Medium,666750
KE030,Baringo,2019-12,227.5072591666667,77.52823,115.0,46.0,1,1,0.2159,Medium,666750
KE030,Baringo,2020-01,142.30940633333333,61.790108,124.0,46.0,1,1,0.2159,Medium,666750
KE030,Baringo,2020-02,105.05963366666667,56.475216,111.0,47.3,2,3,0.2159,Medium,666750
KE030,Baringo,2020-03,193.82829566666666,75.070114,114.2,48.5,1,0,0.2159,Medium,666750
KE030,Baringo,2020-04,173.68947266666666,27.030615,121.51,51.7,3,1,0.2159,Medium,666750
KE030,Baringo,2020-05,104.423785,76.25155,125.2,52.0,0,0,0.2159,Medium,666750
KE030,Baringo,2020-06,175.40119166666668,139.88501,131.9,51.0,0,0,0.2159,Medium,666750
KE030,Baringo,2020-07,173.42142333333334,139.61327,126.0,47.0,0,0,0.2159,Medium,666750
KE030,Baringo,2020-08,162.413674,114.919044,120.0,41.0,0,0,0.2159,Medium,666750
KE030,Baringo,2020-09,154.89017833333332,115.98945,107.0,39.0,1,0,0.2159,Medium,666750
KE030,Baringo,2020-10,142.01844833333334,70.97093,114.0,39.0,0,0,0.2159,Medium,666750
KE030,Baringo,2020-11,132.472833,78.445274,117.0,39.0,0,0,0.2159,Medium,666750
KE030,Baringo,2020-12,58.7083815,46.402664,114.0,40.0,1,1,0.2159,Medium,666750
KE030,Baringo,2021-01,98.31013333333334,66.93446,,,6,16,0.2159,Medium,666750
KE030,Baringo,2021-02,96.96545533333334,51.317726,,,0,0,0.2159,Medium,666750
KE030,Baringo,2021-03,51.03861833333334,44.892384,,,2,1,0.2159,Medium,666750
KE030,Baringo,2021-04,70.26115583333333,30.69812,,,0,0,0.2159,Medium,666750
KE030,Baringo,2021-05,152.304307,58.771587,,,0,0,0.2159,Medium,666750
KE030,Baringo,2021-06,77.138229,52.244057,,,0,0,0.2159,Medium,666750
KE030,Baringo,2021-07,90.35552733333333,37.488194,,,3,2,0.2159,Medium,666750
KE030,Baringo,2021-08,84.29241183333333,73.93912,,,0,0,0.2159,Medium,666750
KE030,Baringo,2021-09,169.13246999999998,119.47324,,,0,0,0.2159,Medium,666750
KE030,Baringo,2021-10,107.84697233333334,58.42729,,,1,1,0.2159,Medium,666750
KE030,Baringo,2021-11,54.31207366666666,38.244118,,,1,1,0.2159,Medium,666750
KE030,Baringo,2021-12,70.86532383333333,60.064636,,,0,0,0.2159,Medium,666750
KE030,Baringo,2022-01,112.17785450000001,60.944187,,,7,5,0.2159,Medium,666750
KE030,Baringo,2022-02,115.5275625,55.717995,,,4,13,0.2159,Medium,666750
KE030,Baringo,2022-03,57.81708116666667,38.22832,,,2,3,0.2159,Medium,666750
KE030,Baringo,2022-04,81.69282433333333,26.188469,,,7,5,0.2159,Medium,666750
KE030,Baringo,2022-05,85.81883916666668,50.257637,,,11,14,0.2159,Medium,666750
KE030,Baringo,2022-06,72.36845133333334,55.084167,,,2,0,0.2159,Medium,666750
KE030,Baringo,2022-07,65.06610083333334,49.402245,,,1,2,0.2159,Medium,666750
KE030,Baringo,2022-08,131.97843,70.3542,,,2,1,0.2159,Medium,666750
KE030,Baringo,2022-09,151.01192833333334,107.64563,,,0,0,0.2159,Medium,666750
KE030,Baringo,2022-10,73.23217066666668,30.915714,,,1,1,0.2159,Medium,666750
KE030,Baringo,2022-11,147.04478716666668,60.575573,,,1,2,0.2159,Medium,666750
KE030,Baringo,2022-12,93.56850166666668,82.18942,,,3,3,0.2159,Medium,666750
KE030,Baringo,2023-01,51.895214,37.185814,,,4,4,0.2159,Medium,666750
KE030,Baringo,2023-02,42.42653983333333,33.857033,,,3,0,0.2159,Medium,666750
KE030,Baringo,2023-03,141.59854433333334,45.626526,,,5,3,0.2159,Medium,666750
KE030,Baringo,2023-04,108.07413100000001,30.384974,,,6,2,0.2159,Medium,666750
KE030,Baringo,2023-05,79.17969716666666,58.59052,,,1,0,0.2159,Medium,666750
KE030,Baringo,2023-06,93.83424166666667,65.16147,,,0,0,0.2159,Medium,666750
KE030,Baringo,2023-07,65.8096205,46.281227,,,4,3,0.2159,Medium,666750
KE030,Baringo,2023-08,63.138460333333335,33.138386,,,4,2,0.2159,Medium,666750
KE030,Baringo,2023-09,148.544905,118.09026,,,7,8,0.2159,Medium,666750
KE030,Baringo,2023-10,126.50676583333335,81.63373,,,9,3,0.2159,Medium,666750
KE030,Baringo,2023-11,130.82771933333333,87.690346,,,8,5,0.2159,Medium,666750
KE030,Baringo,2023-12,52.614279833333335,48.596222,155.33333333333334,82.5,0,0,0.2159,Medium,666750
KE030,Baringo,2024-01,177.868015,79.73092,,,2,2,0.2159,Medium,666750
KE030,Baringo,2024-02,134.72843766666668,51.417732,,,7,5,0.2159,Medium,666750
KE030,Baringo,2024-03,76.09281066666667,34.817,177.2,82.66666666666667,10,4,0.2159,Medium,666750
KE030,Baringo,2024-04,163.62196916666667,114.23257,,,1,1,0.2159,Medium,666750
KE030,Baringo,2024-05,164.98206616666667,51.728607,,,3,2,0.2159,Medium,666750
KE030,Baringo,2024-06,62.64529566666667,53.02366,,,3,6,0.2159,Medium,666750
KE030,Baringo,2024-07,130.1570225,82.95592,,,2,2,0.2159,Medium,666750
KE030,Baringo,2024-08,125.7707835,73.61615,,,0,0,0.2159,Medium,666750
KE030,Baringo,2024-09,77.12211533333333,67.50795,,,2,0,0.2159,Medium,666750
KE030,Baringo,2024-10,97.411969,56.013454,,,3,1,0.2159,Medium,666750
KE030,Baringo,2024-11,170.28871116666667,63.083477,,,1,0,0.2159,Medium,666750
KE030,Baringo,2024-12,49.018971,40.089596,,,1,0,0.2159,Medium,666750
KE030,Baringo,2025-01,102.33493733333334,60.66797,,,3,3,0.2159,Medium,666750
KE030,Baringo,2025-02,47.99451,42.07544,,,0,0,0.2159,Medium,666750
KE030,Baringo,2025-03,166.59995833333332,124.97633,145.0,53.0,6,2,0.2159,Medium,666750
KE030,Baringo,2025-04,113.70793783333335,40.202637,,,3,5,0.2159,Medium,666750
KE030,Baringo,2025-05,124.03132000000001,65.75766,,,3,4,0.2159,Medium,666750
KE030,Baringo,2025-06,100.45683333333334,86.57355,,,0,0,0.2159,Medium,666750
KE030,Baringo,2025-07,129.41713333333334,73.65488,,,2,0,0.2159,Medium,666750
KE030,Baringo,2025-08,117.01343416666667,76.055374,,,2,1,0.2159,Medium,666750
KE030,Baringo,2025-09,176.34244833333332,149.23834,,,1,1,0.2159,Medium,666750
KE030,Baringo,2025-10,179.36668566666665,82.787964,,,1,1,0.2159,Medium,666750
KE030,Baringo,2025-11,59.203120000000006,39.13549,,,0,0,0.2159,Medium,666750
KE030,Baringo,2025-12,107.941299,48.64741,,,1,1,0.2159,Medium,666750
KE007,Garissa,2006-01,82.21283733333333,65.97869,,,0,0,0.291,Medium,841319
KE007,Garissa,2006-02,99.22927433333332,91.9253,,,0,0,0.291,Medium,841319
KE007,Garissa,2006-03,86.35015716666668,40.529453,,,0,0,0.291,Medium,841319
KE007,Garissa,2006-04,118.60385733333334,56.07031,,,0,0,0.291,Medium,841319
KE007,Garissa,2006-05,104.759563,46.834103,,,0,0,0.291,Medium,841319
KE007,Garissa,2006-06,114.319519,84.28442,,,0,0,0.291,Medium,841319
KE007,Garissa,2006-07,103.31001166666665,77.73749,,,0,0,0.291,Medium,841319
KE007,Garissa,2006-08,112.16459066666668,96.63863,,,0,0,0.291,Medium,841319
KE007,Garissa,2006-09,140.84671166666666,102.52491,,,0,0,0.291,Medium,841319
KE007,Garissa,2006-10,124.70339,79.29348,,,0,0,0.291,Medium,841319
KE007,Garissa,2006-11,186.80868166666667,146.07155,,,0,0,0.291,Medium,841319
KE007,Garissa,2006-12,142.52225833333333,35.44265,,,1,0,0.291,Medium,841319
KE007,Garissa,2007-01,87.00643383333333,75.40399,,,2,1,0.291,Medium,841319
KE007,Garissa,2007-02,100.73401766666666,89.49065,,,0,0,0.291,Medium,841319
KE007,Garissa,2007-03,71.359289,37.710045,,,0,0,0.291,Medium,841319
KE007,Garissa,2007-04,65.14916516666666,24.26255,,,0,0,0.291,Medium,841319
KE007,Garissa,2007-05,168.359134,95.197754,,,0,0,0.291,Medium,841319
KE007,Garissa,2007-06,89.11806266666667,65.89685,,,0,0,0.291,Medium,841319
KE007,Garissa,2007-07,81.91342583333333,56.97172,,,0,0,0.291,Medium,841319
KE007,Garissa,2007-08,117.10409,93.57988,,,0,0,0.291,Medium,841319
KE007,Garissa,2007-09,200.19278999999997,99.38438,,,0,0,0.291,Medium,841319
KE007,Garissa,2007-10,68.71536066666667,37.318436,,,0,0,0.291,Medium,841319
KE007,Garissa,2007-11,91.965936,29.043194,,,0,0,0.291,Medium,841319
KE007,Garissa,2007-12,67.98776366666667,51.414986,,,0,0,0.291,Medium,841319
KE007,Garissa,2008-01,155.64552266666666,73.08555,,,0,0,0.291,Medium,841319
KE007,Garissa,2008-02,94.8356625,90.35769,,,0,0,0.291,Medium,841319
KE007,Garissa,2008-03,127.15814733333333,61.13928,,,1,8,0.291,Medium,841319
KE007,Garissa,2008-04,99.53774516666665,36.972626,,,0,0,0.291,Medium,841319
KE007,Garissa,2008-05,121.41823433333333,54.279526,,,1,4,0.291,Medium,841319
KE007,Garissa,2008-06,97.12070166666666,88.66668,,,1,0,0.291,Medium,841319
KE007,Garissa,2008-07,82.22159166666667,64.99196,,,0,0,0.291,Medium,841319
KE007,Garissa,2008-08,95.24164833333333,89.37445,,,0,0,0.291,Medium,841319
KE007,Garissa,2008-09,82.12479833333333,65.27278,,,0,0,0.291,Medium,841319
KE007,Garissa,2008-10,61.760640333333335,32.908203,,,0,0,0.291,Medium,841319
KE007,Garissa,2008-11,95.13862216666666,26.23013,,,0,0,0.291,Medium,841319
KE007,Garissa,2008-12,39.780198000000006,23.751707,,,1,0,0.291,Medium,841319
KE007,Garissa,2009-01,97.97661699999999,74.351204,,,0,0,0.291,Medium,841319
KE007,Garissa,2009-02,92.84680733333333,88.70682,,,0,0,0.291,Medium,841319
KE007,Garissa,2009-03,48.62833466666667,34.049767,,,0,0,0.291,Medium,841319
KE007,Garissa,2009-04,60.151801999999996,37.332912,,,0,0,0.291,Medium,841319
KE007,Garissa,2009-05,88.98589833333334,39.68446,,,0,0,0.291,Medium,841319
KE007,Garissa,2009-06,105.11280166666667,83.7438,,,0,0,0.291,Medium,841319
KE007,Garissa,2009-07,85.76129666666667,72.11515,,,0,0,0.291,Medium,841319
KE007,Garissa,2009-08,92.78786500000001,78.011505,,,0,0,0.291,Medium,841319
KE007,Garissa,2009-09,82.33158433333334,58.95287,,,0,0,0.291,Medium,841319
KE007,Garissa,2009-10,277.86548666666664,104.07556,,,0,0,0.291,Medium,841319
KE007,Garissa,2009-11,39.31703016666666,21.488213,,,0,0,0.291,Medium,841319
KE007,Garissa,2009-12,121.16364750000001,68.414825,,,0,0,0.291,Medium,841319
KE007,Garissa,2010-01,80.22684266666667,69.28876,,,0,0,0.291,Medium,841319
KE007,Garissa,2010-02,101.53041516666667,93.01195,,,1,0,0.291,Medium,841319
KE007,Garissa,2010-03,202.77203666666665,126.53698,,,0,0,0.291,Medium,841319
KE007,Garissa,2010-04,110.13712683333334,59.673416,,,0,0,0.291,Medium,841319
KE007,Garissa,2010-05,126.20722883333333,55.134743,,,0,0,0.291,Medium,841319
KE007,Garissa,2010-06,107.47120716666666,90.436714,,,0,0,0.291,Medium,841319
KE007,Garissa,2010-07,135.88278833333334,90.76397,,,1,0,0.291,Medium,841319
KE007,Garissa,2010-08,106.07580716666666,97.055885,,,0,0,0.291,Medium,841319
KE007,Garissa,2010-09,93.21000500000001,71.65193,,,0,0,0.291,Medium,841319
KE007,Garissa,2010-10,52.222410833333335,30.706161,,,0,0,0.291,Medium,841319
KE007,Garissa,2010-11,65.9583575,49.28587,,,0,0,0.291,Medium,841319
KE007,Garissa,2010-12,61.22310133333334,39.070408,,,0,0,0.291,Medium,841319
KE007,Garissa,2011-01,87.86647816666668,74.00306,,,2,2,0.291,Medium,841319
KE007,Garissa,2011-02,93.160236,87.73549,,,2,0,0.291,Medium,841319
KE007,Garissa,2011-03,56.21167483333334,33.08075,,,4,14,0.291,Medium,841319
KE007,Garissa,2011-04,78.89251966666667,31.435888,,,0,0,0.291,Medium,841319
KE007,Garissa,2011-05,74.193061,51.33646,,,2,2,0.291,Medium,841319
KE007,Garissa,2011-06,76.25718483333334,54.190193,,,1,0,0.291,Medium,841319
KE007,Garissa,2011-07,92.74911083333332,62.05461,,,0,0,0.291,Medium,841319
KE007,Garissa,2011-08,114.29378233333334,94.39701,,,2,1,0.291,Medium,841319
KE007,Garissa,2011-09,122.23902433333335,95.286705,,,0,0,0.291,Medium,841319
KE007,Garissa,2011-10,206.6375641666667,85.94381,,,1,0,0.291,Medium,841319
KE007,Garissa,2011-11,127.82475066666666,89.450134,,,1,6,0.291,Medium,841319
KE007,Garissa,2011-12,91.14674133333334,48.827015,,,8,24,0.291,Medium,841319
KE007,Garissa,2012-01,78.47558,65.36675,,,2,0,0.291,Medium,841319
KE007,Garissa,2012-02,97.33041266666667,92.7032,,,0,0,0.291,Medium,841319
KE007,Garissa,2012-03,51.056100166666674,30.434292,,,2,2,0.291,Medium,841319
KE007,Garissa,2012-04,48.350988,34.864456,,,0,0,0.291,Medium,841319
KE007,Garissa,2012-05,79.85303850000001,35.032322,,,4,2,0.291,Medium,841319
KE007,Garissa,2012-06,80.15229316666667,53.748806,,,4,20,0.291,Medium,841319
KE007,Garissa,2012-07,78.63809400000001,54.558,,,5,5,0.291,Medium,841319
KE007,Garissa,2012-08,97.65423500000001,86.959145,,,2,1,0.291,Medium,841319
KE007,Garissa,2012-09,94.23766283333333,61.421577,,,7,4,0.291,Medium,841319
KE007,Garissa,2012-10,105.62372066666667,23.494698,,,8,8,0.291,Medium,841319
KE007,Garissa,2012-11,95.9730645,46.519703,,,4,5,0.291,Medium,841319
KE007,Garissa,2012-12,131.80739183333333,61.268967,,,6,18,0.291,Medium,841319
KE007,Garissa,2013-01,91.75193433333334,74.935326,,,4,1,0.291,Medium,841319
KE007,Garissa,2013-02,96.65647150000001,89.734024,,,5,11,0.291,Medium,841319
KE007,Garissa,2013-03,190.28775499999998,91.57993,,,3,6,0.291,Medium,841319
KE007,Garissa,2013-04,104.5476895,50.311577,,,3,11,0.291,Medium,841319
KE007,Garissa,2013-05,98.36054916666667,54.327305,,,5,11,0.291,Medium,841319
KE007,Garissa,2013-06,77.07724,53.46138,,,1,0,0.291,Medium,841319
KE007,Garissa,2013-07,92.25160699999999,63.063526,,,2,8,0.291,Medium,841319
KE007,Garissa,2013-08,91.19088266666667,82.94742,,,1,20,0.291,Medium,841319
KE007,Garissa,2013-09,108.51726833333333,78.4304,,,1,0,0.291,Medium,841319
KE007,Garissa,2013-10,76.45855633333333,23.053482,,,1,4,0.291,Medium,841319
KE007,Garissa,2013-11,70.90403283333333,34.13922,,,0,0,0.291,Medium,841319
KE007,Garissa,2013-12,76.0183305,46.257103,,,3,5,0.291,Medium,841319
KE007,Garissa,2014-01,79.65583249999999,68.69528,,,1,2,0.291,Medium,841319
KE007,Garissa,2014-02,97.8174015,89.77071,,,0,0,0.291,Medium,841319
KE007,Garissa,2014-03,106.19348583333334,57.436665,,,2,0,0.291,Medium,841319
KE007,Garissa,2014-04,114.04142933333333,65.69022,,,2,0,0.291,Medium,841319
KE007,Garissa,2014-05,124.62631749999998,73.84055,,,3,2,0.291,Medium,841319
KE007,Garissa,2014-06,95.93226533333332,73.76296,,,2,1,0.291,Medium,841319
KE007,Garissa,2014-07,88.9328095,63.599907,,,2,1,0.291,Medium,841319
KE007,Garissa,2014-08,98.427096,85.10221,,,2,6,0.291,Medium,841319
KE007,Garissa,2014-09,85.64825633333334,54.904182,,,3,3,0.291,Medium,841319
KE007,Garissa,2014-10,58.463835499999995,32.6568,,,1,0,0.291,Medium,841319
KE007,Garissa,2014-11,111.962561,54.01892,,,5,17,0.291,Medium,841319
KE007,Garissa,2014-12,79.565884,47.349163,,,2,3,0.291,Medium,841319
KE007,Garissa,2015-01,82.197259,70.54046,,65.0,0,0,0.291,Medium,841319
KE007,Garissa,2015-02,95.20104166666665,89.58728,,65.0,0,0,0.291,Medium,841319
KE007,Garissa,2015-03,111.40006233333334,48.819153,,65.0,3,153,0.291,Medium,841319
KE007,Garissa,2015-04,131.98280333333332,75.53761,,65.0,1,0,0.291,Medium,841319
KE007,Garissa,2015-05,93.301878,56.795788,,60.0,4,20,0.291,Medium,841319
KE007,Garissa,2015-06,86.563191,55.29035,,50.0,0,0,0.291,Medium,841319
KE007,Garissa,2015-07,91.971571,82.624146,,50.0,0,0,0.291,Medium,841319
KE007,Garissa,2015-08,103.89751733333333,95.44648,,50.0,0,0,0.291,Medium,841319
KE007,Garissa,2015-09,96.27411083333334,73.86389,,50.0,1,3,0.291,Medium,841319
KE007,Garissa,2015-10,91.95362216666666,44.176647,,50.0,3,0,0.291,Medium,841319
KE007,Garissa,2015-11,150.74128166666665,104.09224,,50.0,3,1,0.291,Medium,841319
KE007,Garissa,2015-12,89.54520916666667,50.42612,,50.0,0,0,0.291,Medium,841319
KE007,Garissa,2016-01,101.02548933333334,78.35665,,50.0,1,4,0.291,Medium,841319
KE007,Garissa,2016-02,111.12305250000001,98.27566,,50.0,0,0,0.291,Medium,841319
KE007,Garissa,2016-03,63.29829633333333,29.572672,,50.0,1,4,0.291,Medium,841319
KE007,Garissa,2016-04,90.132257,52.493332,,,0,0,0.291,Medium,841319
KE007,Garissa,2016-05,82.05503433333332,39.822853,,51.0,1,10,0.291,Medium,841319
KE007,Garissa,2016-06,86.179013,66.36177,,60.0,1,1,0.291,Medium,841319
KE007,Garissa,2016-07,83.86512950000001,51.556797,,50.0,0,0,0.291,Medium,841319
KE007,Garissa,2016-08,93.31559933333334,80.44335,,50.0,0,0,0.291,Medium,841319
KE007,Garissa,2016-09,86.47718533333334,58.854122,,50.0,2,7,0.291,Medium,841319
KE007,Garissa,2016-10,41.946836,21.743628,,55.0,1,4,0.291,Medium,841319
KE007,Garissa,2016-11,98.07866033333335,50.944458,,55.0,1,0,0.291,Medium,841319
KE007,Garissa,2016-12,67.10016816666666,31.479534,,55.0,0,0,0.291,Medium,841319
KE007,Garissa,2017-01,97.92439333333334,82.99077,,55.0,0,0,0.291,Medium,841319
KE007,Garissa,2017-02,101.52506716666666,91.825134,,55.0,2,3,0.291,Medium,841319
KE007,Garissa,2017-03,52.40812616666667,30.120579,,59.0,3,4,0.291,Medium,841319
KE007,Garissa,2017-04,101.4191525,64.88502,,60.0,0,0,0.291,Medium,841319
KE007,Garissa,2017-05,120.26034483333332,64.28014,,50.0,7,25,0.291,Medium,841319
KE007,Garissa,2017-06,106.64473666666667,80.25124,,60.0,2,0,0.291,Medium,841319
KE007,Garissa,2017-07,80.79745666666666,57.916786,,60.0,3,20,0.291,Medium,841319
KE007,Garissa,2017-08,105.06961416666667,91.91985,,65.0,2,0,0.291,Medium,841319
KE007,Garissa,2017-09,104.75898416666666,67.72174,,65.0,0,0,0.291,Medium,841319
KE007,Garissa,2017-10,76.14555283333334,34.02708,,65.0,2,0,0.291,Medium,841319
KE007,Garissa,2017-11,89.83495416666666,34.070465,,65.0,2,0,0.291,Medium,841319
KE007,Garissa,2017-12,34.8598335,22.644402,,65.0,3,5,0.291,Medium,841319
KE007,Garissa,2018-01,82.88178333333333,68.349976,,65.0,2,2,0.291,Medium,841319
KE007,Garissa,2018-02,100.74885433333334,94.649956,,65.0,1,5,0.291,Medium,841319
KE007,Garissa,2018-03,261.49379833333336,122.56181,,65.0,1,0,0.291,Medium,841319
KE007,Garissa,2018-04,154.8203425,86.808495,,80.0,0,0,0.291,Medium,841319
KE007,Garissa,2018-05,144.58732733333335,82.6678,,60.0,0,0,0.291,Medium,841319
KE007,Garissa,2018-06,149.42124,91.27491,,60.0,3,0,0.291,Medium,841319
KE007,Garissa,2018-07,108.2523575,104.11799,,60.0,1,0,0.291,Medium,841319
KE007,Garissa,2018-08,100.17414000000001,84.28362,,60.0,1,2,0.291,Medium,841319
KE007,Garissa,2018-09,99.78022983333334,74.81188,,60.0,0,0,0.291,Medium,841319
KE007,Garissa,2018-10,92.75698599999998,54.021145,,60.0,1,0,0.291,Medium,841319
KE007,Garissa,2018-11,43.45599133333334,25.459295,,60.0,1,1,0.291,Medium,841319
KE007,Garissa,2018-12,186.55611666666667,81.97613,,60.0,0,0,0.291,Medium,841319
KE007,Garissa,2019-01,114.1698655,96.694305,,65.0,1,0,0.291,Medium,841319
KE007,Garissa,2019-02,114.62735316666665,100.20981,,65.0,0,0,0.291,Medium,841319
KE007,Garissa,2019-03,49.358092,34.65683,,65.0,1,2,0.291,Medium,841319
KE007,Garissa,2019-04,77.14388683333333,27.254633,,65.0,0,0,0.291,Medium,841319
KE007,Garissa,2019-05,90.36705733333334,68.71567,,65.0,0,0,0.291,Medium,841319
KE007,Garissa,2019-06,75.32232433333333,50.5533,,67.0,2,3,0.291,Medium,841319
KE007,Garissa,2019-07,130.3251465,90.342514,,68.0,0,0,0.291,Medium,841319
KE007,Garissa,2019-08,107.27162333333332,90.98313,,68.0,0,0,0.291,Medium,841319
KE007,Garissa,2019-09,128.98579766666668,69.36096,,68.0,2,3,0.291,Medium,841319
KE007,Garissa,2019-10,256.748225,148.77217,,67.0,0,0,0.291,Medium,841319
KE007,Garissa,2019-11,202.627505,53.43361,,68.0,2,1,0.291,Medium,841319
KE007,Garissa,2019-12,153.54634,106.03034,,68.0,3,20,0.291,Medium,841319
KE007,Garissa,2020-01,261.5770166666667,201.76477,,,2,1,0.291,Medium,841319
KE007,Garissa,2020-02,115.71867333333334,96.8651,,,2,0,0.291,Medium,841319
KE007,Garissa,2020-03,136.7757225,74.348625,,,3,17,0.291,Medium,841319
KE007,Garissa,2020-04,166.65148266666668,66.59816,,68.0,3,6,0.291,Medium,841319
KE007,Garissa,2020-05,80.67207416666666,68.34805,,68.0,1,0,0.291,Medium,841319
KE007,Garissa,2020-06,90.93914333333333,56.95644,,68.0,0,0,0.291,Medium,841319
KE007,Garissa,2020-07,220.75805833333334,182.06754,,68.0,3,9,0.291,Medium,841319
KE007,Garissa,2020-08,101.62587833333333,84.32435,,68.0,4,2,0.291,Medium,841319
KE007,Garissa,2020-09,87.49300916666668,68.94622,,70.0,0,0,0.291,Medium,841319
KE007,Garissa,2020-10,61.99919166666666,33.248585,,70.0,0,0,0.291,Medium,841319
KE007,Garissa,2020-11,61.9640805,32.292637,,70.0,2,4,0.291,Medium,841319
KE007,Garissa,2020-12,82.36334116666667,30.944761,,70.0,1,4,0.291,Medium,841319
KE007,Garissa,2021-01,88.17631633333333,79.10365,,,0,0,0.291,Medium,841319
KE007,Garissa,2021-02,96.0033145,93.5484,,,0,0,0.291,Medium,841319
KE007,Garissa,2021-03,58.78759866666667,45.601162,,,0,0,0.291,Medium,841319
KE007,Garissa,2021-04,72.31208466666666,50.027573,,,1,0,0.291,Medium,841319
KE007,Garissa,2021-05,56.057171333333336,28.39382,,,0,0,0.291,Medium,841319
KE007,Garissa,2021-06,87.99534833333333,66.27724,,,1,2,0.291,Medium,841319
KE007,Garissa,2021-07,88.068873,64.07243,,,1,0,0.291,Medium,841319
KE007,Garissa,2021-08,89.41769099999999,74.99797,,,0,0,0.291,Medium,841319
KE007,Garissa,2021-09,86.56505416666668,69.815216,,,0,0,0.291,Medium,841319
KE007,Garissa,2021-10,47.309644666666664,27.16919,,,0,0,0.291,Medium,841319
KE007,Garissa,2021-11,53.27469550000001,25.192076,,,0,0,0.291,Medium,841319
KE007,Garissa,2021-12,309.68315583333333,65.281395,,,1,0,0.291,Medium,841319
KE007,Garissa,2022-01,96.37560833333333,73.37765,,,0,0,0.291,Medium,841319
KE007,Garissa,2022-02,101.60008166666667,92.58554,,,4,6,0.291,Medium,841319
KE007,Garissa,2022-03,52.105069333333326,35.925156,,,4,4,0.291,Medium,841319
KE007,Garissa,2022-04,69.46120333333333,30.198458,,,4,0,0.291,Medium,841319
KE007,Garissa,2022-05,82.8336525,42.609955,,,5,10,0.291,Medium,841319
KE007,Garissa,2022-06,84.51287166666667,68.56819,,,1,10,0.291,Medium,841319
KE007,Garissa,2022-07,92.74877366666668,70.77725,,,2,0,0.291,Medium,841319
KE007,Garissa,2022-08,88.10184166666666,78.1319,,,2,24,0.291,Medium,841319
KE007,Garissa,2022-09,88.32247749999999,64.36428,,,0,0,0.291,Medium,841319
KE007,Garissa,2022-10,58.5074315,33.948246,,,1,1,0.291,Medium,841319
KE007,Garissa,2022-11,86.18686183333334,58.316933,,,0,0,0.291,Medium,841319
KE007,Garissa,2022-12,53.56361666666667,37.988018,,,2,3,0.291,Medium,841319
KE007,Garissa,2023-01,88.37156499999999,83.20621,,,7,25,0.291,Medium,841319
KE007,Garissa,2023-02,93.09452483333332,89.22042,,,5,2,0.291,Medium,841319
KE007,Garissa,2023-03,120.81326,68.91736,,,0,0,0.291,Medium,841319
KE007,Garissa,2023-04,226.56814416666666,90.01391,,,2,1,0.291,Medium,841319
KE007,Garissa,2023-05,51.16243133333333,34.392296,,,2,5,0.291,Medium,841319
KE007,Garissa,2023-06,74.86928583333334,57.71706,,,2,0,0.291,Medium,841319
KE007,Garissa,2023-07,94.01674666666668,82.041336,,,5,8,0.291,Medium,841319
KE007,Garissa,2023-08,110.09181566666666,94.57537,,,1,3,0.291,Medium,841319
KE007,Garissa,2023-09,95.94257666666665,89.58464,,,9,11,0.291,Medium,841319
KE007,Garissa,2023-10,91.11308666666667,43.72854,,,8,26,0.291,Medium,841319
KE007,Garissa,2023-11,190.59444833333336,150.72954,,,9,9,0.291,Medium,841319
KE007,Garissa,2023-12,185.05569466666665,38.397278,174.33333333333334,100.4,8,12,0.291,Medium,841319
KE007,Garissa,2024-01,105.42252833333333,83.89197,,,1,4,0.291,Medium,841319
KE007,Garissa,2024-02,108.871375,93.40974,,,3,5,0.291,Medium,841319
KE007,Garissa,2024-03,82.29370233333333,51.342415,165.55555555555554,96.72727272727273,5,2,0.291,Medium,841319
KE007,Garissa,2024-04,140.57007666666667,70.0621,,,5,2,0.291,Medium,841319
KE007,Garissa,2024-05,95.43394833333333,55.9584,,,0,0,0.291,Medium,841319
KE007,Garissa,2024-06,78.96864133333334,49.969994,162.44444444444446,87.0,2,0,0.291,Medium,841319
KE007,Garissa,2024-07,94.88575416666667,70.02376,,,4,2,0.291,Medium,841319
KE007,Garissa,2024-08,117.43034483333334,81.791695,,,2,1,0.291,Medium,841319
KE007,Garissa,2024-09,79.58040833333334,56.38541,164.0,89.57142857142857,7,15,0.291,Medium,841319
KE007,Garissa,2024-10,50.31856766666667,26.059261,,,2,2,0.291,Medium,841319
KE007,Garissa,2024-11,142.79815166666666,39.60626,,,2,1,0.291,Medium,841319
KE007,Garissa,2024-12,60.308049000000004,36.838314,,,2,1,0.291,Medium,841319
KE007,Garissa,2025-01,79.91244,68.221725,,,0,0,0.291,Medium,841319
KE007,Garissa,2025-02,91.39317333333334,86.57903,,,2,3,0.291,Medium,841319
KE007,Garissa,2025-03,156.15032766666664,84.128136,125.0,81.0,6,11,0.291,Medium,841319
KE007,Garissa,2025-04,102.20151516666665,84.652756,,,0,0,0.291,Medium,841319
KE007,Garissa,2025-05,76.56135533333334,45.173058,,,3,8,0.291,Medium,841319
KE007,Garissa,2025-06,170.50325833333332,119.51042,130.0,63.0,0,0,0.291,Medium,841319
KE007,Garissa,2025-07,82.32511166666667,57.68691,,,0,0,0.291,Medium,841319
KE007,Garissa,2025-08,94.61166733333334,87.6232,,,3,2,0.291,Medium,841319
KE007,Garissa,2025-09,96.54418,64.12729,118.33333333333333,65.0,1,0,0.291,Medium,841319
KE007,Garissa,2025-10,73.447794,44.117935,,,1,0,0.291,Medium,841319
KE007,Garissa,2025-11,51.17159116666667,24.665747,,,4,3,0.291,Medium,841319
KE007,Garissa,2025-12,89.502784,38.927624,108.66666666666667,60.0,7,17,0.291,Medium,841319
KE011,Isiolo,2006-01,81.82119999999999,68.22737,,,0,0,0.1962,Medium,267993
KE011,Isiolo,2006-02,97.12258333333334,74.66908,,,0,0,0.1962,Medium,267993
KE011,Isiolo,2006-03,54.50087666666667,34.242836,,,0,0,0.1962,Medium,267993
KE011,Isiolo,2006-04,103.26625833333333,29.42338,,,2,0,0.1962,Medium,267993
KE011,Isiolo,2006-05,92.27316466666667,85.28849,,,0,0,0.1962,Medium,267993
KE011,Isiolo,2006-06,97.673468,95.23183,,,0,0,0.1962,Medium,267993
KE011,Isiolo,2006-07,96.89587,96.15706,,,0,0,0.1962,Medium,267993
KE011,Isiolo,2006-08,106.51795666666665,99.78348,,,0,0,0.1962,Medium,267993
KE011,Isiolo,2006-09,98.89520666666665,96.79231,,,0,0,0.1962,Medium,267993
KE011,Isiolo,2006-10,122.77473000000002,84.45554,,,0,0,0.1962,Medium,267993
KE011,Isiolo,2006-11,146.89547333333334,113.80366,,,0,0,0.1962,Medium,267993
KE011,Isiolo,2006-12,150.84275333333332,98.66503,,,0,0,0.1962,Medium,267993
KE011,Isiolo,2007-01,94.49406666666665,79.11294,,,0,0,0.1962,Medium,267993
KE011,Isiolo,2007-02,87.78206333333333,74.74149,,,0,0,0.1962,Medium,267993
KE011,Isiolo,2007-03,82.82175933333333,44.649757,,,0,0,0.1962,Medium,267993
KE011,Isiolo,2007-04,61.43977533333334,21.962456,,,0,0,0.1962,Medium,267993
KE011,Isiolo,2007-05,109.941325,96.54575,,,0,0,0.1962,Medium,267993
KE011,Isiolo,2007-06,104.64317999999999,101.37488,,,0,0,0.1962,Medium,267993
KE011,Isiolo,2007-07,104.79565666666667,96.41741,,,0,0,0.1962,Medium,267993
KE011,Isiolo,2007-08,100.45095666666667,98.70593,,,0,0,0.1962,Medium,267993
KE011,Isiolo,2007-09,101.27425166666667,99.92782,,,0,0,0.1962,Medium,267993
KE011,Isiolo,2007-10,88.89159966666666,73.410065,,,0,0,0.1962,Medium,267993
KE011,Isiolo,2007-11,74.66589266666666,51.602848,,,0,0,0.1962,Medium,267993
KE011,Isiolo,2007-12,62.927796666666666,58.538025,,,0,0,0.1962,Medium,267993
KE011,Isiolo,2008-01,136.15107666666668,61.42211,,,0,0,0.1962,Medium,267993
KE011,Isiolo,2008-02,80.40570000000001,73.85809,,,0,0,0.1962,Medium,267993
KE011,Isiolo,2008-03,79.43396266666667,47.152782,,,0,0,0.1962,Medium,267993
KE011,Isiolo,2008-04,94.34161266666666,18.820248,,,0,0,0.1962,Medium,267993
KE011,Isiolo,2008-05,71.752,49.0754,,,0,0,0.1962,Medium,267993
KE011,Isiolo,2008-06,97.39179999999999,95.83443,,,0,0,0.1962,Medium,267993
KE011,Isiolo,2008-07,97.79341333333333,95.40251,,,0,0,0.1962,Medium,267993
KE011,Isiolo,2008-08,96.423745,95.9155,,,0,0,0.1962,Medium,267993
KE011,Isiolo,2008-09,98.77212333333334,96.23055,,,1,5,0.1962,Medium,267993
KE011,Isiolo,2008-10,97.61819100000001,63.847363,,,0,0,0.1962,Medium,267993
KE011,Isiolo,2008-11,89.16571699999999,41.348297,,,0,0,0.1962,Medium,267993
KE011,Isiolo,2008-12,48.605459999999994,37.9078,,,1,0,0.1962,Medium,267993
KE011,Isiolo,2009-01,103.69729333333333,77.26997,,,0,0,0.1962,Medium,267993
KE011,Isiolo,2009-02,86.95902333333333,79.34676,,,0,0,0.1962,Medium,267993
KE011,Isiolo,2009-03,43.418227,35.167294,,,2,4,0.1962,Medium,267993
KE011,Isiolo,2009-04,53.07000966666667,24.358051,,,2,0,0.1962,Medium,267993
KE011,Isiolo,2009-05,99.28120366666667,83.014755,,,6,5,0.1962,Medium,267993
KE011,Isiolo,2009-06,96.36595333333332,95.12794,,,0,0,0.1962,Medium,267993
KE011,Isiolo,2009-07,94.89530466666668,94.32113,,,1,2,0.1962,Medium,267993
KE011,Isiolo,2009-08,96.97707533333333,96.501656,,,0,0,0.1962,Medium,267993
KE011,Isiolo,2009-09,97.428375,92.391815,,,0,0,0.1962,Medium,267993
KE011,Isiolo,2009-10,138.74058466666665,95.882324,,,3,17,0.1962,Medium,267993
KE011,Isiolo,2009-11,49.503032,33.02249,,,3,0,0.1962,Medium,267993
KE011,Isiolo,2009-12,115.700945,111.2988,,,1,0,0.1962,Medium,267993
KE011,Isiolo,2010-01,104.11071299999999,79.876495,,,0,0,0.1962,Medium,267993
KE011,Isiolo,2010-02,135.22074166666667,97.59671,,,0,0,0.1962,Medium,267993
KE011,Isiolo,2010-03,209.16171999999997,156.49573,,,0,0,0.1962,Medium,267993
KE011,Isiolo,2010-04,83.66001433333334,56.277363,,,0,0,0.1962,Medium,267993
KE011,Isiolo,2010-05,102.32359333333333,87.11778,,,0,0,0.1962,Medium,267993
KE011,Isiolo,2010-06,97.98122166666667,95.772095,,,0,0,0.1962,Medium,267993
KE011,Isiolo,2010-07,101.11751033333333,98.47795,,,0,0,0.1962,Medium,267993
KE011,Isiolo,2010-08,101.54897,98.67987,,,0,0,0.1962,Medium,267993
KE011,Isiolo,2010-09,97.88222333333333,93.60898,,,0,0,0.1962,Medium,267993
KE011,Isiolo,2010-10,77.04958233333333,56.025867,,,1,1,0.1962,Medium,267993
KE011,Isiolo,2010-11,60.66355266666667,45.83403,,,0,0,0.1962,Medium,267993
KE011,Isiolo,2010-12,47.734048,38.883034,,,0,0,0.1962,Medium,267993
KE011,Isiolo,2011-01,75.42281100000001,62.890373,,,0,0,0.1962,Medium,267993
KE011,Isiolo,2011-02,94.158112,81.2586,,,0,0,0.1962,Medium,267993
KE011,Isiolo,2011-03,52.306016,35.221355,,,0,0,0.1962,Medium,267993
KE011,Isiolo,2011-04,29.32763133333333,18.07596,,,0,0,0.1962,Medium,267993
KE011,Isiolo,2011-05,90.13833,87.72195,,,0,0,0.1962,Medium,267993
KE011,Isiolo,2011-06,102.62407,99.55394,,,1,10,0.1962,Medium,267993
KE011,Isiolo,2011-07,102.05393833333333,97.239235,,,0,0,0.1962,Medium,267993
KE011,Isiolo,2011-08,104.20993333333332,97.377144,,,0,0,0.1962,Medium,267993
KE011,Isiolo,2011-09,98.96911,96.43653,,,0,0,0.1962,Medium,267993
KE011,Isiolo,2011-10,192.78133000000003,72.62396,,,1,1,0.1962,Medium,267993
KE011,Isiolo,2011-11,154.88590133333335,112.38779,,,0,0,0.1962,Medium,267993
KE011,Isiolo,2011-12,86.70060166666667,42.02086,,,0,0,0.1962,Medium,267993
KE011,Isiolo,2012-01,69.01051166666667,63.17004,,,0,0,0.1962,Medium,267993
KE011,Isiolo,2012-02,87.54072466666666,83.27988,,,0,0,0.1962,Medium,267993
KE011,Isiolo,2012-03,42.350731,28.820423,,,0,0,0.1962,Medium,267993
KE011,Isiolo,2012-04,112.67852166666667,81.51138,,,0,0,0.1962,Medium,267993
KE011,Isiolo,2012-05,98.38858333333333,96.0964,,,0,0,0.1962,Medium,267993
KE011,Isiolo,2012-06,102.47850266666667,97.546814,,,1,0,0.1962,Medium,267993
KE011,Isiolo,2012-07,100.91046466666667,98.718094,,,0,0,0.1962,Medium,267993
KE011,Isiolo,2012-08,100.95537133333333,99.647964,,,0,0,0.1962,Medium,267993
KE011,Isiolo,2012-09,98.05165666666666,94.18947,,,0,0,0.1962,Medium,267993
KE011,Isiolo,2012-10,108.06575666666667,56.99721,,,0,0,0.1962,Medium,267993
KE011,Isiolo,2012-11,71.68787866666666,41.404026,,,3,7,0.1962,Medium,267993
KE011,Isiolo,2012-12,104.99717,72.20095,,,0,0,0.1962,Medium,267993
KE011,Isiolo,2013-01,97.65153666666667,93.07122,,,0,0,0.1962,Medium,267993
KE011,Isiolo,2013-02,81.75856,75.58145,,,1,0,0.1962,Medium,267993
KE011,Isiolo,2013-03,177.57354866666665,64.99658,,,0,0,0.1962,Medium,267993
KE011,Isiolo,2013-04,127.35097900000001,39.591297,,,0,0,0.1962,Medium,267993
KE011,Isiolo,2013-05,73.185502,52.100666,,,0,0,0.1962,Medium,267993
KE011,Isiolo,2013-06,99.67769,93.94351,,,0,0,0.1962,Medium,267993
KE011,Isiolo,2013-07,98.67294166666666,96.89752,,,0,0,0.1962,Medium,267993
KE011,Isiolo,2013-08,97.46344800000001,96.08361,,,0,0,0.1962,Medium,267993
KE011,Isiolo,2013-09,114.53192666666666,99.95188,,,2,2,0.1962,Medium,267993
KE011,Isiolo,2013-10,74.86507966666666,41.689476,,,0,0,0.1962,Medium,267993
KE011,Isiolo,2013-11,90.169742,43.13309,,,0,0,0.1962,Medium,267993
KE011,Isiolo,2013-12,62.18199233333333,54.108257,,,0,0,0.1962,Medium,267993
KE011,Isiolo,2014-01,69.08466299999999,64.381935,,,0,0,0.1962,Medium,267993
KE011,Isiolo,2014-02,108.76362,83.68802,,,0,0,0.1962,Medium,267993
KE011,Isiolo,2014-03,143.47589866666667,51.584846,,,0,0,0.1962,Medium,267993
KE011,Isiolo,2014-04,91.55046466666666,35.96759,,,0,0,0.1962,Medium,267993
KE011,Isiolo,2014-05,81.92708566666666,60.086967,,,0,0,0.1962,Medium,267993
KE011,Isiolo,2014-06,99.17526,98.41776,,,0,0,0.1962,Medium,267993
KE011,Isiolo,2014-07,97.06704466666667,94.6132,,,0,0,0.1962,Medium,267993
KE011,Isiolo,2014-08,106.81242333333334,97.71178,,,1,8,0.1962,Medium,267993
KE011,Isiolo,2014-09,99.51570333333332,98.0282,,,0,0,0.1962,Medium,267993
KE011,Isiolo,2014-10,78.05983433333334,48.153843,,,0,0,0.1962,Medium,267993
KE011,Isiolo,2014-11,94.48670800000001,55.28968,,,0,0,0.1962,Medium,267993
KE011,Isiolo,2014-12,88.00564666666666,64.29232,,,0,0,0.1962,Medium,267993
KE011,Isiolo,2015-01,76.95159333333334,72.02619,,,0,0,0.1962,Medium,267993
KE011,Isiolo,2015-02,97.31887333333333,82.17669,,,0,0,0.1962,Medium,267993
KE011,Isiolo,2015-03,87.577961,44.696083,,,0,0,0.1962,Medium,267993
KE011,Isiolo,2015-04,124.79757000000001,103.74366,,,0,0,0.1962,Medium,267993
KE011,Isiolo,2015-05,95.10972,86.01013,,,0,0,0.1962,Medium,267993
KE011,Isiolo,2015-06,96.96778033333334,95.21105,,,1,3,0.1962,Medium,267993
KE011,Isiolo,2015-07,100.03185,97.07503,,,0,0,0.1962,Medium,267993
KE011,Isiolo,2015-08,97.12334666666668,95.07394,,,0,0,0.1962,Medium,267993
KE011,Isiolo,2015-09,97.32226333333334,92.07348,,,0,0,0.1962,Medium,267993
KE011,Isiolo,2015-10,117.49503666666665,48.52973,,,0,0,0.1962,Medium,267993
KE011,Isiolo,2015-11,127.41483,114.36516,,,0,0,0.1962,Medium,267993
KE011,Isiolo,2015-12,110.57339200000001,41.842686,,,0,0,0.1962,Medium,267993
KE011,Isiolo,2016-01,127.77990466666665,107.095314,,,1,3,0.1962,Medium,267993
KE011,Isiolo,2016-02,102.49240666666667,95.27694,,,0,0,0.1962,Medium,267993
KE011,Isiolo,2016-03,54.95847733333333,31.772205,,,1,1,0.1962,Medium,267993
KE011,Isiolo,2016-04,89.94078133333335,52.22911,,,0,0,0.1962,Medium,267993
KE011,Isiolo,2016-05,121.94987333333334,82.82147,,,0,0,0.1962,Medium,267993
KE011,Isiolo,2016-06,99.37191333333332,96.04222,,,0,0,0.1962,Medium,267993
KE011,Isiolo,2016-07,96.61086499999999,96.261375,,,0,0,0.1962,Medium,267993
KE011,Isiolo,2016-08,96.55637133333333,95.89335,,,1,1,0.1962,Medium,267993
KE011,Isiolo,2016-09,98.53318,95.70623,,,0,0,0.1962,Medium,267993
KE011,Isiolo,2016-10,53.584011000000004,32.010235,,,1,4,0.1962,Medium,267993
KE011,Isiolo,2016-11,107.06208333333332,63.18252,,,0,0,0.1962,Medium,267993
KE011,Isiolo,2016-12,65.134441,46.17542,,,0,0,0.1962,Medium,267993
KE011,Isiolo,2017-01,73.33429666666667,69.06637,,,0,0,0.1962,Medium,267993
KE011,Isiolo,2017-02,111.67297666666667,96.60133,,,2,1,0.1962,Medium,267993
KE011,Isiolo,2017-03,44.51392166666667,31.236992,,,2,15,0.1962,Medium,267993
KE011,Isiolo,2017-04,46.224831333333334,30.918917,,,1,1,0.1962,Medium,267993
KE011,Isiolo,2017-05,115.97339666666666,91.066925,,,1,10,0.1962,Medium,267993
KE011,Isiolo,2017-06,96.00778666666668,93.13312,,,0,0,0.1962,Medium,267993
KE011,Isiolo,2017-07,98.57596333333333,97.11109,,,0,0,0.1962,Medium,267993
KE011,Isiolo,2017-08,102.17933333333333,99.40271,,,1,3,0.1962,Medium,267993
KE011,Isiolo,2017-09,99.35443533333334,98.121826,,,0,0,0.1962,Medium,267993
KE011,Isiolo,2017-10,101.87115466666667,81.25041,,,0,0,0.1962,Medium,267993
KE011,Isiolo,2017-11,80.21793533333333,40.572346,,,4,17,0.1962,Medium,267993
KE011,Isiolo,2017-12,43.90631666666667,35.379967,,,0,0,0.1962,Medium,267993
KE011,Isiolo,2018-01,69.61656833333333,61.946495,,,0,0,0.1962,Medium,267993
KE011,Isiolo,2018-02,84.62814133333333,81.82318,,,2,2,0.1962,Medium,267993
KE011,Isiolo,2018-03,324.6908133333333,183.43758,,,4,8,0.1962,Medium,267993
KE011,Isiolo,2018-04,205.79831000000001,131.36113,,,0,0,0.1962,Medium,267993
KE011,Isiolo,2018-05,108.38454533333334,78.19963,,,2,2,0.1962,Medium,267993
KE011,Isiolo,2018-06,121.21039333333333,103.98729,,,0,0,0.1962,Medium,267993
KE011,Isiolo,2018-07,102.49521066666667,98.180756,,,0,0,0.1962,Medium,267993
KE011,Isiolo,2018-08,97.92409466666668,96.45765,,,0,0,0.1962,Medium,267993
KE011,Isiolo,2018-09,103.31085333333333,99.98956,,,0,0,0.1962,Medium,267993
KE011,Isiolo,2018-10,66.35943,56.586193,,,1,1,0.1962,Medium,267993
KE011,Isiolo,2018-11,56.116887999999996,49.025856,,,0,0,0.1962,Medium,267993
KE011,Isiolo,2018-12,180.28569666666667,86.08262,,,0,0,0.1962,Medium,267993
KE011,Isiolo,2019-01,100.53878666666667,84.67577,,,0,0,0.1962,Medium,267993
KE011,Isiolo,2019-02,99.83821499999999,86.18225,,,0,0,0.1962,Medium,267993
KE011,Isiolo,2019-03,53.48091133333333,33.905094,,,0,0,0.1962,Medium,267993
KE011,Isiolo,2019-04,73.32842733333332,18.826698,,,2,4,0.1962,Medium,267993
KE011,Isiolo,2019-05,102.20791966666667,64.57136,,,0,0,0.1962,Medium,267993
KE011,Isiolo,2019-06,109.16931133333333,99.3804,,,1,1,0.1962,Medium,267993
KE011,Isiolo,2019-07,98.51501666666667,96.54406,,,0,0,0.1962,Medium,267993
KE011,Isiolo,2019-08,98.91072000000001,98.12602,,,2,6,0.1962,Medium,267993
KE011,Isiolo,2019-09,104.28441500000001,100.01364,,,3,11,0.1962,Medium,267993
KE011,Isiolo,2019-10,260.6358933333333,231.59444,,,0,0,0.1962,Medium,267993
KE011,Isiolo,2019-11,207.65778333333333,179.52596,,,1,2,0.1962,Medium,267993
KE011,Isiolo,2019-12,157.08163666666667,125.6354,,,0,0,0.1962,Medium,267993
KE011,Isiolo,2020-01,186.34222,130.02237,,,0,0,0.1962,Medium,267993
KE011,Isiolo,2020-02,124.47744666666667,92.75707,,,0,0,0.1962,Medium,267993
KE011,Isiolo,2020-03,148.30671866666668,101.219986,,,0,0,0.1962,Medium,267993
KE011,Isiolo,2020-04,188.85463833333333,41.133835,,,0,0,0.1962,Medium,267993
KE011,Isiolo,2020-05,95.15969666666666,89.68785,,,0,0,0.1962,Medium,267993
KE011,Isiolo,2020-06,110.68611499999999,105.2482,,,0,0,0.1962,Medium,267993
KE011,Isiolo,2020-07,100.71403666666667,99.47426,,,0,0,0.1962,Medium,267993
KE011,Isiolo,2020-08,107.00951333333335,99.65821,,,0,0,0.1962,Medium,267993
KE011,Isiolo,2020-09,101.40785366666667,99.98956,,,0,0,0.1962,Medium,267993
KE011,Isiolo,2020-10,98.36285099999999,59.668003,,,2,0,0.1962,Medium,267993
KE011,Isiolo,2020-11,60.671793666666666,32.448845,,,2,8,0.1962,Medium,267993
KE011,Isiolo,2020-12,84.45236266666667,39.309998,,,1,4,0.1962,Medium,267993
KE011,Isiolo,2021-01,88.800342,76.38905,,,3,8,0.1962,Medium,267993
KE011,Isiolo,2021-02,97.35474333333333,89.15106,,,1,1,0.1962,Medium,267993
KE011,Isiolo,2021-03,60.996658,51.758904,,,0,0,0.1962,Medium,267993
KE011,Isiolo,2021-04,57.066102666666666,35.39334,,,1,1,0.1962,Medium,267993
KE011,Isiolo,2021-05,128.680468,94.888054,,,1,1,0.1962,Medium,267993
KE011,Isiolo,2021-06,96.20978666666667,93.07078,,,3,9,0.1962,Medium,267993
KE011,Isiolo,2021-07,98.10016466666667,97.846954,,,3,5,0.1962,Medium,267993
KE011,Isiolo,2021-08,96.85554033333334,95.995605,,,0,0,0.1962,Medium,267993
KE011,Isiolo,2021-09,99.06730666666665,97.26046,,,2,8,0.1962,Medium,267993
KE011,Isiolo,2021-10,65.228505,45.66602,,,1,5,0.1962,Medium,267993
KE011,Isiolo,2021-11,69.69319333333333,34.99271,,,1,0,0.1962,Medium,267993
KE011,Isiolo,2021-12,188.60385,69.72648,,,2,8,0.1962,Medium,267993
KE011,Isiolo,2022-01,109.08816,91.24751,,,2,2,0.1962,Medium,267993
KE011,Isiolo,2022-02,93.45983,78.78197,,,4,14,0.1962,Medium,267993
KE011,Isiolo,2022-03,53.152202666666675,44.78854,,,5,3,0.1962,Medium,267993
KE011,Isiolo,2022-04,76.635157,23.454031,,,2,11,0.1962,Medium,267993
KE011,Isiolo,2022-05,94.449793,85.8086,,,5,2,0.1962,Medium,267993
KE011,Isiolo,2022-06,96.26362333333333,93.25779,,,4,12,0.1962,Medium,267993
KE011,Isiolo,2022-07,100.43934999999999,97.63832,,,0,0,0.1962,Medium,267993
KE011,Isiolo,2022-08,100.73116466666666,98.041534,,,1,2,0.1962,Medium,267993
KE011,Isiolo,2022-09,99.61295533333333,98.60869,,,1,1,0.1962,Medium,267993
KE011,Isiolo,2022-10,57.925356666666666,44.49383,,,1,2,0.1962,Medium,267993
KE011,Isiolo,2022-11,90.88556999999999,73.40001,,,0,0,0.1962,Medium,267993
KE011,Isiolo,2022-12,90.610052,75.582146,,,2,2,0.1962,Medium,267993
KE011,Isiolo,2023-01,90.57346333333334,82.9036,,,3,6,0.1962,Medium,267993
KE011,Isiolo,2023-02,82.72320466666667,80.21568,,,2,5,0.1962,Medium,267993
KE011,Isiolo,2023-03,158.43584,56.4904,,,2,2,0.1962,Medium,267993
KE011,Isiolo,2023-04,227.64960333333337,78.41719,,,1,1,0.1962,Medium,267993
KE011,Isiolo,2023-05,92.20263166666666,81.18061,,,2,3,0.1962,Medium,267993
KE011,Isiolo,2023-06,101.88409,100.64099,,,0,0,0.1962,Medium,267993
KE011,Isiolo,2023-07,103.37472833333334,100.42777,,,0,0,0.1962,Medium,267993
KE011,Isiolo,2023-08,98.77920533333334,96.978516,,,0,0,0.1962,Medium,267993
KE011,Isiolo,2023-09,100.44497,99.90375,,,4,5,0.1962,Medium,267993
KE011,Isiolo,2023-10,119.93756,84.01428,,,1,1,0.1962,Medium,267993
KE011,Isiolo,2023-11,233.79719,205.73926,,,5,6,0.1962,Medium,267993
KE011,Isiolo,2023-12,68.52464733333333,39.256626,198.42857142857142,102.77777777777777,2,1,0.1962,Medium,267993
KE011,Isiolo,2024-01,109.05067333333334,77.36141,,,1,1,0.1962,Medium,267993
KE011,Isiolo,2024-02,151.07854666666665,110.22235,,,1,3,0.1962,Medium,267993
KE011,Isiolo,2024-03,48.40076200000001,41.717667,173.28571428571428,84.8,1,1,0.1962,Medium,267993
KE011,Isiolo,2024-04,163.00050566666667,38.539757,,,0,0,0.1962,Medium,267993
KE011,Isiolo,2024-05,150.07076333333333,97.91768,,,0,0,0.1962,Medium,267993
KE011,Isiolo,2024-06,95.98217,92.59285,160.41666666666666,85.42857142857143,1,0,0.1962,Medium,267993
KE011,Isiolo,2024-07,101.85781666666666,99.73124,,,0,0,0.1962,Medium,267993
KE011,Isiolo,2024-08,102.18831,97.86436,,,1,1,0.1962,Medium,267993
KE011,Isiolo,2024-09,97.54697,92.7476,135.14285714285714,81.27272727272727,2,3,0.1962,Medium,267993
KE011,Isiolo,2024-10,63.07371933333334,37.124355,,,2,3,0.1962,Medium,267993
KE011,Isiolo,2024-11,129.65596000000002,100.55061,,,0,0,0.1962,Medium,267993
KE011,Isiolo,2024-12,46.284546,34.142735,,,1,0,0.1962,Medium,267993
KE011,Isiolo,2025-01,76.19261566666667,61.561947,,,4,1,0.1962,Medium,267993
KE011,Isiolo,2025-02,85.15512,78.43368,,,5,2,0.1962,Medium,267993
KE011,Isiolo,2025-03,174.86504,119.03822,,,2,0,0.1962,Medium,267993
KE011,Isiolo,2025-04,115.07663000000001,38.36977,,,0,0,0.1962,Medium,267993
KE011,Isiolo,2025-05,112.20719166666667,80.367805,,,1,3,0.1962,Medium,267993
KE011,Isiolo,2025-06,97.94051133333335,96.10456,,116.0,2,2,0.1962,Medium,267993
KE011,Isiolo,2025-07,97.19691866666666,93.86214,,,1,1,0.1962,Medium,267993
KE011,Isiolo,2025-08,104.74171000000001,100.72123,,,0,0,0.1962,Medium,267993
KE011,Isiolo,2025-09,99.848415,99.507515,,,2,1,0.1962,Medium,267993
KE011,Isiolo,2025-10,95.634949,55.731697,,,3,2,0.1962,Medium,267993
KE011,Isiolo,2025-11,45.84220533333333,40.752403,,,3,10,0.1962,Medium,267993
KE011,Isiolo,2025-12,70.844901,43.807693,111.5,80.66666666666667,6,6,0.1962,Medium,267993
KE034,Kajiado,2006-01,45.102715666666676,38.899303,,,0,0,0.1108,Low,1117802
KE034,Kajiado,2006-02,92.98026566666665,34.69631,,,0,0,0.1108,Low,1117802
KE034,Kajiado,2006-03,133.33373033333334,55.152935,,,0,0,0.1108,Low,1117802
KE034,Kajiado,2006-04,128.20865666666666,107.82212,,,0,0,0.1108,Low,1117802
KE034,Kajiado,2006-05,92.36986866666666,65.44382,,,0,0,0.1108,Low,1117802
KE034,Kajiado,2006-06,84.95370333333334,72.94868,,,0,0,0.1108,Low,1117802
KE034,Kajiado,2006-07,96.51265166666667,95.184105,,,0,0,0.1108,Low,1117802
KE034,Kajiado,2006-08,101.46899666666667,94.85981,,,0,0,0.1108,Low,1117802
KE034,Kajiado,2006-09,101.85181,97.31915,,,0,0,0.1108,Low,1117802
KE034,Kajiado,2006-10,104.326422,90.15867,,,0,0,0.1108,Low,1117802
KE034,Kajiado,2006-11,177.37201333333334,110.74878,,,0,0,0.1108,Low,1117802
KE034,Kajiado,2006-12,194.339622,68.058876,,,0,0,0.1108,Low,1117802
KE034,Kajiado,2007-01,83.196252,67.71215,,,0,0,0.1108,Low,1117802
KE034,Kajiado,2007-02,154.18133,102.44616,,,0,0,0.1108,Low,1117802
KE034,Kajiado,2007-03,55.632686666666665,36.36333,,,0,0,0.1108,Low,1117802
KE034,Kajiado,2007-04,89.54816333333333,48.60738,,,0,0,0.1108,Low,1117802
KE034,Kajiado,2007-05,75.22761733333333,41.656662,,,0,0,0.1108,Low,1117802
KE034,Kajiado,2007-06,96.85362966666666,96.007904,,,0,0,0.1108,Low,1117802
KE034,Kajiado,2007-07,105.47224666666666,99.72053,,,0,0,0.1108,Low,1117802
KE034,Kajiado,2007-08,103.749912,96.90345,,,0,0,0.1108,Low,1117802
KE034,Kajiado,2007-09,104.71582666666666,92.96263,,,0,0,0.1108,Low,1117802
KE034,Kajiado,2007-10,77.57301166666666,69.51982,,,0,0,0.1108,Low,1117802
KE034,Kajiado,2007-11,65.45678333333333,53.88949,,,0,0,0.1108,Low,1117802
KE034,Kajiado,2007-12,79.25626433333333,62.499283,,,0,0,0.1108,Low,1117802
KE034,Kajiado,2008-01,89.48611433333333,37.405113,,,0,0,0.1108,Low,1117802
KE034,Kajiado,2008-02,89.798781,56.842358,,,1,14,0.1108,Low,1117802
KE034,Kajiado,2008-03,180.75624333333334,59.09032,,,0,0,0.1108,Low,1117802
KE034,Kajiado,2008-04,65.06668166666667,38.210575,,,0,0,0.1108,Low,1117802
KE034,Kajiado,2008-05,63.89338633333333,37.350525,,,0,0,0.1108,Low,1117802
KE034,Kajiado,2008-06,91.67592333333334,83.90264,,,0,0,0.1108,Low,1117802
KE034,Kajiado,2008-07,103.04780866666665,100.22865,,,0,0,0.1108,Low,1117802
KE034,Kajiado,2008-08,90.13857666666667,88.43042,,,1,3,0.1108,Low,1117802
KE034,Kajiado,2008-09,104.31647666666667,98.045135,,,0,0,0.1108,Low,1117802
KE034,Kajiado,2008-10,115.34743866666668,90.43876,,,0,0,0.1108,Low,1117802
KE034,Kajiado,2008-11,83.41257633333333,50.269012,,,0,0,0.1108,Low,1117802
KE034,Kajiado,2008-12,33.639697000000005,25.843445,,,0,0,0.1108,Low,1117802
KE034,Kajiado,2009-01,67.80219166666667,40.21065,,,0,0,0.1108,Low,1117802
KE034,Kajiado,2009-02,79.361299,39.692772,,,1,0,0.1108,Low,1117802
KE034,Kajiado,2009-03,37.943054,36.833168,,,0,0,0.1108,Low,1117802
KE034,Kajiado,2009-04,64.90198633333334,53.404163,,,0,0,0.1108,Low,1117802
KE034,Kajiado,2009-05,102.23478833333333,61.69068,,,1,0,0.1108,Low,1117802
KE034,Kajiado,2009-06,106.60702333333332,95.59197,,,0,0,0.1108,Low,1117802
KE034,Kajiado,2009-07,96.74372833333332,95.99158,,,0,0,0.1108,Low,1117802
KE034,Kajiado,2009-08,90.58618799999999,88.342834,,,0,0,0.1108,Low,1117802
KE034,Kajiado,2009-09,91.58207800000001,84.25539,,,0,0,0.1108,Low,1117802
KE034,Kajiado,2009-10,123.73178499999999,103.719795,,,1,0,0.1108,Low,1117802
KE034,Kajiado,2009-11,79.790981,51.784283,,,1,0,0.1108,Low,1117802
KE034,Kajiado,2009-12,162.02026666666669,76.73099,,,3,5,0.1108,Low,1117802
KE034,Kajiado,2010-01,127.45253333333334,41.10885,,,0,0,0.1108,Low,1117802
KE034,Kajiado,2010-02,145.67407466666666,91.38078,,,0,0,0.1108,Low,1117802
KE034,Kajiado,2010-03,149.23575666666667,39.88444,,,0,0,0.1108,Low,1117802
KE034,Kajiado,2010-04,73.48545333333333,63.658375,,,0,0,0.1108,Low,1117802
KE034,Kajiado,2010-05,134.14562833333335,78.17457,,,0,0,0.1108,Low,1117802
KE034,Kajiado,2010-06,100.558698,93.02122,,,1,2,0.1108,Low,1117802
KE034,Kajiado,2010-07,96.30295066666667,95.746506,,,0,0,0.1108,Low,1117802
KE034,Kajiado,2010-08,94.57281666666667,91.42657,,,0,0,0.1108,Low,1117802
KE034,Kajiado,2010-09,99.53660666666667,98.859314,,,0,0,0.1108,Low,1117802
KE034,Kajiado,2010-10,93.52853,87.17108,,,0,0,0.1108,Low,1117802
KE034,Kajiado,2010-11,74.23471133333334,55.33444,,,0,0,0.1108,Low,1117802
KE034,Kajiado,2010-12,84.77028666666668,34.133785,,,0,0,0.1108,Low,1117802
KE034,Kajiado,2011-01,44.313673333333334,38.193188,,,0,0,0.1108,Low,1117802
KE034,Kajiado,2011-02,118.37137233333334,53.146587,,,0,0,0.1108,Low,1117802
KE034,Kajiado,2011-03,96.84105333333332,36.7364,,,1,0,0.1108,Low,1117802
KE034,Kajiado,2011-04,33.96085433333334,24.81736,,,0,0,0.1108,Low,1117802
KE034,Kajiado,2011-05,76.56193133333333,65.373634,,,0,0,0.1108,Low,1117802
KE034,Kajiado,2011-06,109.96859333333333,88.40366,,,0,0,0.1108,Low,1117802
KE034,Kajiado,2011-07,100.09609466666666,95.615234,,,2,4,0.1108,Low,1117802
KE034,Kajiado,2011-08,107.29672333333333,95.1957,,,0,0,0.1108,Low,1117802
KE034,Kajiado,2011-09,102.38684,100.54387,,,0,0,0.1108,Low,1117802
KE034,Kajiado,2011-10,178.42828333333333,116.74801,,,0,0,0.1108,Low,1117802
KE034,Kajiado,2011-11,134.58275333333333,89.69849,,,0,0,0.1108,Low,1117802
KE034,Kajiado,2011-12,82.94385466666667,42.39125,,,0,0,0.1108,Low,1117802
KE034,Kajiado,2012-01,45.14154566666667,37.808605,,,0,0,0.1108,Low,1117802
KE034,Kajiado,2012-02,74.39672333333334,35.310017,,,0,0,0.1108,Low,1117802
KE034,Kajiado,2012-03,58.321989333333335,24.11609,,,0,0,0.1108,Low,1117802
KE034,Kajiado,2012-04,186.724385,100.833115,,,0,0,0.1108,Low,1117802
KE034,Kajiado,2012-05,120.95275666666667,94.351105,,,0,0,0.1108,Low,1117802
KE034,Kajiado,2012-06,105.79676666666667,88.36436,,,0,0,0.1108,Low,1117802
KE034,Kajiado,2012-07,97.93889166666666,96.84929,,,0,0,0.1108,Low,1117802
KE034,Kajiado,2012-08,105.33107333333334,104.1723,,,0,0,0.1108,Low,1117802
KE034,Kajiado,2012-09,96.51988666666666,93.32435,,,0,0,0.1108,Low,1117802
KE034,Kajiado,2012-10,118.92662666666666,103.46667,,,0,0,0.1108,Low,1117802
KE034,Kajiado,2012-11,117.610171,56.434113,,,0,0,0.1108,Low,1117802
KE034,Kajiado,2012-12,129.10769666666667,78.74447,,,0,0,0.1108,Low,1117802
KE034,Kajiado,2013-01,81.57762966666667,34.727192,,,0,0,0.1108,Low,1117802
KE034,Kajiado,2013-02,57.198207333333336,32.080288,,,1,1,0.1108,Low,1117802
KE034,Kajiado,2013-03,142.94006666666667,72.39313,,,0,0,0.1108,Low,1117802
KE034,Kajiado,2013-04,157.03637666666665,72.75771,,,0,0,0.1108,Low,1117802
KE034,Kajiado,2013-05,58.049662000000005,43.8838,,,1,0,0.1108,Low,1117802
KE034,Kajiado,2013-06,96.07742333333333,73.808105,,,0,0,0.1108,Low,1117802
KE034,Kajiado,2013-07,96.90064666666667,95.82002,,,0,0,0.1108,Low,1117802
KE034,Kajiado,2013-08,98.52036666666667,94.62646,,,0,0,0.1108,Low,1117802
KE034,Kajiado,2013-09,115.97474333333332,98.46547,,,0,0,0.1108,Low,1117802
KE034,Kajiado,2013-10,83.41584999999999,54.64647,,,0,0,0.1108,Low,1117802
KE034,Kajiado,2013-11,83.319375,52.27704,,,0,0,0.1108,Low,1117802
KE034,Kajiado,2013-12,145.12581466666668,30.813944,,,0,0,0.1108,Low,1117802
KE034,Kajiado,2014-01,40.608808,34.000637,,,0,0,0.1108,Low,1117802
KE034,Kajiado,2014-02,155.57901666666666,53.27226,,,0,0,0.1108,Low,1117802
KE034,Kajiado,2014-03,122.62319466666668,30.648474,,,0,0,0.1108,Low,1117802
KE034,Kajiado,2014-04,47.62688433333333,31.411993,,,0,0,0.1108,Low,1117802
KE034,Kajiado,2014-05,64.66638999999999,56.01046,,,0,0,0.1108,Low,1117802
KE034,Kajiado,2014-06,113.18003333333333,107.71238,,,1,2,0.1108,Low,1117802
KE034,Kajiado,2014-07,97.34649333333334,96.16312,,,0,0,0.1108,Low,1117802
KE034,Kajiado,2014-08,101.76520333333333,93.10305,,,0,0,0.1108,Low,1117802
KE034,Kajiado,2014-09,102.94581666666666,98.02544,,,0,0,0.1108,Low,1117802
KE034,Kajiado,2014-10,104.50634000000001,70.43848,,,0,0,0.1108,Low,1117802
KE034,Kajiado,2014-11,93.86366666666667,78.35053,,,0,0,0.1108,Low,1117802
KE034,Kajiado,2014-12,103.18218766666666,52.953373,,,0,0,0.1108,Low,1117802
KE034,Kajiado,2015-01,35.88058266666667,33.40801,87.3,41.1,0,0,0.1108,Low,1117802
KE034,Kajiado,2015-02,85.01372400000001,46.004906,81.9,40.2,0,0,0.1108,Low,1117802
KE034,Kajiado,2015-03,59.60012866666667,35.950836,82.2,41.5,0,0,0.1108,Low,1117802
KE034,Kajiado,2015-04,146.72206,134.90411,85.0,41.0,0,0,0.1108,Low,1117802
KE034,Kajiado,2015-05,117.49710466666666,91.56408,90.0,44.0,0,0,0.1108,Low,1117802
KE034,Kajiado,2015-06,98.83541833333334,93.136925,95.0,50.0,0,0,0.1108,Low,1117802
KE034,Kajiado,2015-07,104.33555133333334,100.76219,96.0,50.0,0,0,0.1108,Low,1117802
KE034,Kajiado,2015-08,94.47438333333334,91.977264,91.0,46.0,0,0,0.1108,Low,1117802
KE034,Kajiado,2015-09,93.948108,89.2,94.0,48.0,0,0,0.1108,Low,1117802
KE034,Kajiado,2015-10,104.52468533333332,98.83083,96.0,50.0,0,0,0.1108,Low,1117802
KE034,Kajiado,2015-11,151.25672,110.81786,96.67,51.25,0,0,0.1108,Low,1117802
KE034,Kajiado,2015-12,126.01442666666668,36.84747,91.07,48.33,0,0,0.1108,Low,1117802
KE034,Kajiado,2016-01,170.161485,59.565735,73.0,48.0,0,0,0.1108,Low,1117802
KE034,Kajiado,2016-02,76.09042366666667,50.497787,73.0,47.5,0,0,0.1108,Low,1117802
KE034,Kajiado,2016-03,64.08261466666667,25.951284,79.17,48.33,0,0,0.1108,Low,1117802
KE034,Kajiado,2016-04,119.97864,99.40602,,,0,0,0.1108,Low,1117802
KE034,Kajiado,2016-05,98.22553,82.83086,83.0,47.0,0,0,0.1108,Low,1117802
KE034,Kajiado,2016-06,100.03308666666668,96.12388,80.0,45.0,0,0,0.1108,Low,1117802
KE034,Kajiado,2016-07,95.22187333333333,94.12908,80.0,44.0,0,0,0.1108,Low,1117802
KE034,Kajiado,2016-08,98.91607499999999,95.84073,83.0,44.0,0,0,0.1108,Low,1117802
KE034,Kajiado,2016-09,95.29458166666666,93.435425,87.0,43.0,0,0,0.1108,Low,1117802
KE034,Kajiado,2016-10,86.39289500000001,70.97217,92.0,46.0,0,0,0.1108,Low,1117802
KE034,Kajiado,2016-11,115.42725,76.22761,94.0,48.0,0,0,0.1108,Low,1117802
KE034,Kajiado,2016-12,45.769405,35.6656,94.0,48.0,0,0,0.1108,Low,1117802
KE034,Kajiado,2017-01,55.951327666666664,41.174107,91.0,48.0,0,0,0.1108,Low,1117802
KE034,Kajiado,2017-02,83.06139,57.52346,97.0,52.0,0,0,0.1108,Low,1117802
KE034,Kajiado,2017-03,46.20124833333333,42.197598,91.1,54.4,0,0,0.1108,Low,1117802
KE034,Kajiado,2017-04,61.879784666666666,45.238304,130.0,65.0,0,0,0.1108,Low,1117802
KE034,Kajiado,2017-05,82.95591133333333,70.511024,120.0,65.0,0,0,0.1108,Low,1117802
KE034,Kajiado,2017-06,94.71068666666667,82.25663,125.0,65.0,0,0,0.1108,Low,1117802
KE034,Kajiado,2017-07,108.27018166666666,106.321655,120.0,65.0,0,0,0.1108,Low,1117802
KE034,Kajiado,2017-08,108.567695,103.79959,130.0,68.0,0,0,0.1108,Low,1117802
KE034,Kajiado,2017-09,103.85531666666667,94.87349,135.0,70.0,0,0,0.1108,Low,1117802
KE034,Kajiado,2017-10,99.96245666666665,75.1855,139.0,73.0,0,0,0.1108,Low,1117802
KE034,Kajiado,2017-11,98.15805033333334,69.30976,140.0,75.0,0,0,0.1108,Low,1117802
KE034,Kajiado,2017-12,40.76149733333333,31.40405,120.0,60.0,0,0,0.1108,Low,1117802
KE034,Kajiado,2018-01,122.33109333333334,52.54755,119.0,60.0,0,0,0.1108,Low,1117802
KE034,Kajiado,2018-02,68.80295566666668,50.008057,100.0,60.0,0,0,0.1108,Low,1117802
KE034,Kajiado,2018-03,261.61845666666665,37.92104,95.0,55.0,0,0,0.1108,Low,1117802
KE034,Kajiado,2018-04,213.70272333333332,102.78456,100.0,50.0,0,0,0.1108,Low,1117802
KE034,Kajiado,2018-05,152.14280666666664,113.09099,80.0,45.0,0,0,0.1108,Low,1117802
KE034,Kajiado,2018-06,113.86567500000001,111.84836,80.0,45.0,0,0,0.1108,Low,1117802
KE034,Kajiado,2018-07,106.56300333333333,104.2937,77.0,43.0,0,0,0.1108,Low,1117802
KE034,Kajiado,2018-08,109.98115666666666,101.28769,72.0,40.0,0,0,0.1108,Low,1117802
KE034,Kajiado,2018-09,104.24339200000001,100.712326,71.0,40.0,0,0,0.1108,Low,1117802
KE034,Kajiado,2018-10,99.61245333333333,79.791,75.0,45.0,0,0,0.1108,Low,1117802
KE034,Kajiado,2018-11,75.09667499999999,65.23704,78.0,45.0,0,0,0.1108,Low,1117802
KE034,Kajiado,2018-12,180.49809666666667,57.43292,84.0,48.0,0,0,0.1108,Low,1117802
KE034,Kajiado,2019-01,55.92254766666667,49.062298,91.0,43.0,0,0,0.1108,Low,1117802
KE034,Kajiado,2019-02,75.39931333333332,54.45901,92.0,45.0,1,1,0.1108,Low,1117802
KE034,Kajiado,2019-03,29.415577666666668,22.113775,90.0,49.0,1,0,0.1108,Low,1117802
KE034,Kajiado,2019-04,85.04112366666666,29.787886,104.0,52.0,0,0,0.1108,Low,1117802
KE034,Kajiado,2019-05,74.231,52.23046,103.0,54.0,0,0,0.1108,Low,1117802
KE034,Kajiado,2019-06,124.04388666666667,90.23919,94.0,52.0,0,0,0.1108,Low,1117802
KE034,Kajiado,2019-07,111.63088333333333,106.97044,99.4,54.0,0,0,0.1108,Low,1117802
KE034,Kajiado,2019-08,110.23617533333334,97.02229,100.2,60.8,1,1,0.1108,Low,1117802
KE034,Kajiado,2019-09,113.74955533333333,103.696396,105.6,55.4,0,0,0.1108,Low,1117802
KE034,Kajiado,2019-10,295.17805333333337,213.40477,92.0,49.0,0,0,0.1108,Low,1117802
KE034,Kajiado,2019-11,180.82428333333334,58.62143,88.0,45.0,0,0,0.1108,Low,1117802
KE034,Kajiado,2019-12,265.1617233333333,81.90227,105.0,46.0,0,0,0.1108,Low,1117802
KE034,Kajiado,2020-01,221.80178133333334,76.676384,91.0,53.0,0,0,0.1108,Low,1117802
KE034,Kajiado,2020-02,142.67378466666665,46.350594,93.0,50.0,0,0,0.1108,Low,1117802
KE034,Kajiado,2020-03,173.239568,58.422684,100.0,47.0,0,0,0.1108,Low,1117802
KE034,Kajiado,2020-04,172.65586,61.35347,105.0,54.0,1,1,0.1108,Low,1117802
KE034,Kajiado,2020-05,81.38707733333332,54.375862,104.0,53.0,0,0,0.1108,Low,1117802
KE034,Kajiado,2020-06,109.916815,99.22652,107.0,54.0,0,0,0.1108,Low,1117802
KE034,Kajiado,2020-07,105.27628333333332,101.1134,100.0,50.0,0,0,0.1108,Low,1117802
KE034,Kajiado,2020-08,96.539242,93.61932,,,0,0,0.1108,Low,1117802
KE034,Kajiado,2020-09,111.30185999999999,95.41801,101.0,53.0,0,0,0.1108,Low,1117802
KE034,Kajiado,2020-10,79.53338633333334,78.85505,102.0,55.0,0,0,0.1108,Low,1117802
KE034,Kajiado,2020-11,107.95328666666667,84.75675,100.0,53.0,0,0,0.1108,Low,1117802
KE034,Kajiado,2020-12,79.54968000000001,44.562393,102.0,55.0,0,0,0.1108,Low,1117802
KE034,Kajiado,2021-01,91.39724666666666,44.8217,,,0,0,0.1108,Low,1117802
KE034,Kajiado,2021-02,130.3939,103.17766,,,0,0,0.1108,Low,1117802
KE034,Kajiado,2021-03,45.362647333333335,33.182156,,,0,0,0.1108,Low,1117802
KE034,Kajiado,2021-04,84.28847800000001,61.979824,,,0,0,0.1108,Low,1117802
KE034,Kajiado,2021-05,165.40471666666667,88.64047,,,3,2,0.1108,Low,1117802
KE034,Kajiado,2021-06,85.03757,71.71053,,,0,0,0.1108,Low,1117802
KE034,Kajiado,2021-07,110.65955666666666,103.31899,,,0,0,0.1108,Low,1117802
KE034,Kajiado,2021-08,100.54620999999999,92.32757,,,0,0,0.1108,Low,1117802
KE034,Kajiado,2021-09,95.77432866666668,89.062096,,,0,0,0.1108,Low,1117802
KE034,Kajiado,2021-10,81.26673866666665,60.473316,,,0,0,0.1108,Low,1117802
KE034,Kajiado,2021-11,96.62781133333333,65.662384,,,0,0,0.1108,Low,1117802
KE034,Kajiado,2021-12,110.40953333333334,82.180664,,,0,0,0.1108,Low,1117802
KE034,Kajiado,2022-01,79.970355,32.386665,,,0,0,0.1108,Low,1117802
KE034,Kajiado,2022-02,145.37726166666667,95.788345,,,0,0,0.1108,Low,1117802
KE034,Kajiado,2022-03,41.47187266666666,30.412048,,,0,0,0.1108,Low,1117802
KE034,Kajiado,2022-04,86.73499600000001,29.593998,,,0,0,0.1108,Low,1117802
KE034,Kajiado,2022-05,73.60550733333334,41.748608,,,0,0,0.1108,Low,1117802
KE034,Kajiado,2022-06,85.55836333333333,71.65227,,,0,0,0.1108,Low,1117802
KE034,Kajiado,2022-07,98.231395,95.59946,,,0,0,0.1108,Low,1117802
KE034,Kajiado,2022-08,92.87985333333334,91.298546,,,0,0,0.1108,Low,1117802
KE034,Kajiado,2022-09,96.25797166666666,90.16528,,,0,0,0.1108,Low,1117802
KE034,Kajiado,2022-10,81.91700333333334,76.09543,,,1,1,0.1108,Low,1117802
KE034,Kajiado,2022-11,105.33878133333333,68.931854,,,0,0,0.1108,Low,1117802
KE034,Kajiado,2022-12,73.91411666666666,68.12772,,,0,0,0.1108,Low,1117802
KE034,Kajiado,2023-01,54.895176666666664,40.48243,,,1,0,0.1108,Low,1117802
KE034,Kajiado,2023-02,41.90883566666667,31.466583,,,0,0,0.1108,Low,1117802
KE034,Kajiado,2023-03,83.86205633333333,27.835024,,,0,0,0.1108,Low,1117802
KE034,Kajiado,2023-04,105.73103666666667,53.79445,,,0,0,0.1108,Low,1117802
KE034,Kajiado,2023-05,72.47820666666667,57.81904,,,0,0,0.1108,Low,1117802
KE034,Kajiado,2023-06,92.310562,79.57641,,,1,0,0.1108,Low,1117802
KE034,Kajiado,2023-07,96.045045,95.13385,,,2,0,0.1108,Low,1117802
KE034,Kajiado,2023-08,90.93789600000001,89.5539,,,0,0,0.1108,Low,1117802
KE034,Kajiado,2023-09,110.98008333333333,103.63983,,,1,0,0.1108,Low,1117802
KE034,Kajiado,2023-10,112.58135333333333,81.61099,,,1,0,0.1108,Low,1117802
KE034,Kajiado,2023-11,218.6138566666667,136.6964,,,1,0,0.1108,Low,1117802
KE034,Kajiado,2023-12,76.74598,51.56398,,,0,0,0.1108,Low,1117802
KE034,Kajiado,2024-01,210.4819,71.53768,,,0,0,0.1108,Low,1117802
KE034,Kajiado,2024-02,137.21819666666667,52.85344,,,0,0,0.1108,Low,1117802
KE034,Kajiado,2024-03,116.79821499999998,58.253635,,,1,1,0.1108,Low,1117802
KE034,Kajiado,2024-04,216.32224199999996,124.164856,,,0,0,0.1108,Low,1117802
KE034,Kajiado,2024-05,210.77428,119.29395,,,0,0,0.1108,Low,1117802
KE034,Kajiado,2024-06,111.142035,99.943,,,1,0,0.1108,Low,1117802
KE034,Kajiado,2024-07,118.17817133333334,102.10874,,,0,0,0.1108,Low,1117802
KE034,Kajiado,2024-08,90.53930666666668,88.82451,,,1,0,0.1108,Low,1117802
KE034,Kajiado,2024-09,110.34826500000001,96.84294,,,1,0,0.1108,Low,1117802
KE034,Kajiado,2024-10,67.09041733333333,55.678852,,,1,0,0.1108,Low,1117802
KE034,Kajiado,2024-11,181.4535,91.85139,,,0,0,0.1108,Low,1117802
KE034,Kajiado,2024-12,107.00183666666668,83.49266,,,1,0,0.1108,Low,1117802
KE034,Kajiado,2025-01,148.57558433333332,42.23771,,,0,0,0.1108,Low,1117802
KE034,Kajiado,2025-02,40.278027,30.022192,,,0,0,0.1108,Low,1117802
KE034,Kajiado,2025-03,192.93720333333331,139.12389,,,0,0,0.1108,Low,1117802
KE034,Kajiado,2025-04,109.67474833333334,91.548355,,,0,0,0.1108,Low,1117802
KE034,Kajiado,2025-05,115.28163,85.55594,,,0,0,0.1108,Low,1117802
KE034,Kajiado,2025-06,102.95796333333334,78.1052,,,0,0,0.1108,Low,1117802
KE034,Kajiado,2025-07,97.69464666666666,95.13385,,,0,0,0.1108,Low,1117802
KE034,Kajiado,2025-08,111.81225166666667,101.32606,,,0,0,0.1108,Low,1117802
KE034,Kajiado,2025-09,99.64099333333333,98.58655,,,0,0,0.1108,Low,1117802
KE034,Kajiado,2025-10,132.87982133333333,70.292854,,,1,1,0.1108,Low,1117802
KE034,Kajiado,2025-11,44.029002999999996,34.40052,,,0,0,0.1108,Low,1117802
KE034,Kajiado,2025-12,127.54173666666667,33.18155,,,1,0,0.1108,Low,1117802
KE003,Kilifi,2006-01,64.77977516666667,50.49682,,,0,0,0.2026,Medium,1453762
KE003,Kilifi,2006-02,83.61789316666666,77.640945,,,0,0,0.2026,Medium,1453762
KE003,Kilifi,2006-03,86.49797716666666,45.55762,,,0,0,0.2026,Medium,1453762
KE003,Kilifi,2006-04,150.78404333333333,88.73665,,,0,0,0.2026,Medium,1453762
KE003,Kilifi,2006-05,79.4981465,30.382105,,,0,0,0.2026,Medium,1453762
KE003,Kilifi,2006-06,123.70380666666667,73.13817,,,0,0,0.2026,Medium,1453762
KE003,Kilifi,2006-07,90.44319250000001,71.45554,,,0,0,0.2026,Medium,1453762
KE003,Kilifi,2006-08,121.17526183333332,107.290825,,,0,0,0.2026,Medium,1453762
KE003,Kilifi,2006-09,179.39161000000001,74.70763,,,0,0,0.2026,Medium,1453762
KE003,Kilifi,2006-10,196.315289,76.638504,,,0,0,0.2026,Medium,1453762
KE003,Kilifi,2006-11,174.91693583333333,91.27837,,,0,0,0.2026,Medium,1453762
KE003,Kilifi,2006-12,143.18814433333333,41.428116,,,0,0,0.2026,Medium,1453762
KE003,Kilifi,2007-01,81.06099416666667,61.87509,,,0,0,0.2026,Medium,1453762
KE003,Kilifi,2007-02,84.451276,76.55859,,,0,0,0.2026,Medium,1453762
KE003,Kilifi,2007-03,64.97610333333334,42.949844,,,0,0,0.2026,Medium,1453762
KE003,Kilifi,2007-04,84.346906,37.246017,,,0,0,0.2026,Medium,1453762
KE003,Kilifi,2007-05,190.07511799999997,56.042408,,,0,0,0.2026,Medium,1453762
KE003,Kilifi,2007-06,113.02331016666666,66.570625,,,0,0,0.2026,Medium,1453762
KE003,Kilifi,2007-07,85.80611983333334,71.56515,,,0,0,0.2026,Medium,1453762
KE003,Kilifi,2007-08,161.49268166666667,141.42639,,,0,0,0.2026,Medium,1453762
KE003,Kilifi,2007-09,222.9132033333333,99.64788,,,0,0,0.2026,Medium,1453762
KE003,Kilifi,2007-10,81.62223999999999,42.54456,,,0,0,0.2026,Medium,1453762
KE003,Kilifi,2007-11,66.57329233333333,30.397675,,,0,0,0.2026,Medium,1453762
KE003,Kilifi,2007-12,74.74686116666666,56.22332,,,0,0,0.2026,Medium,1453762
KE003,Kilifi,2008-01,124.786547,51.7707,,,0,0,0.2026,Medium,1453762
KE003,Kilifi,2008-02,87.86226433333333,76.48544,,,0,0,0.2026,Medium,1453762
KE003,Kilifi,2008-03,168.628465,62.07265,,,0,0,0.2026,Medium,1453762
KE003,Kilifi,2008-04,68.92388,46.232914,,,0,0,0.2026,Medium,1453762
KE003,Kilifi,2008-05,93.33779516666668,42.069836,,,0,0,0.2026,Medium,1453762
KE003,Kilifi,2008-06,130.40615833333334,100.22894,,,0,0,0.2026,Medium,1453762
KE003,Kilifi,2008-07,102.0017325,82.657715,,,0,0,0.2026,Medium,1453762
KE003,Kilifi,2008-08,101.28804666666667,93.95532,,,0,0,0.2026,Medium,1453762
KE003,Kilifi,2008-09,85.901819,72.17022,,,0,0,0.2026,Medium,1453762
KE003,Kilifi,2008-10,58.11775,46.312542,,,0,0,0.2026,Medium,1453762
KE003,Kilifi,2008-11,93.41529200000001,40.627277,,,0,0,0.2026,Medium,1453762
KE003,Kilifi,2008-12,51.184994499999995,33.814766,,,0,0,0.2026,Medium,1453762
KE003,Kilifi,2009-01,67.8656965,49.273884,,,0,0,0.2026,Medium,1453762
KE003,Kilifi,2009-02,97.80933750000001,86.37292,,,0,0,0.2026,Medium,1453762
KE003,Kilifi,2009-03,61.21379983333333,45.63205,,,0,0,0.2026,Medium,1453762
KE003,Kilifi,2009-04,56.542487666666666,31.414366,,,0,0,0.2026,Medium,1453762
KE003,Kilifi,2009-05,51.23642733333333,23.653557,,,0,0,0.2026,Medium,1453762
KE003,Kilifi,2009-06,162.07506166666667,98.7332,,,0,0,0.2026,Medium,1453762
KE003,Kilifi,2009-07,66.54800883333333,56.212044,,,0,0,0.2026,Medium,1453762
KE003,Kilifi,2009-08,81.86228983333334,71.58862,,,0,0,0.2026,Medium,1453762
KE003,Kilifi,2009-09,58.6022795,44.341213,,,0,0,0.2026,Medium,1453762
KE003,Kilifi,2009-10,236.1872425,65.989815,,,0,0,0.2026,Medium,1453762
KE003,Kilifi,2009-11,37.62297616666667,28.145996,,,1,0,0.2026,Medium,1453762
KE003,Kilifi,2009-12,104.99568666666669,72.86367,,,0,0,0.2026,Medium,1453762
KE003,Kilifi,2010-01,74.85750766666666,59.991306,,,0,0,0.2026,Medium,1453762
KE003,Kilifi,2010-02,93.30159900000001,85.36175,,,0,0,0.2026,Medium,1453762
KE003,Kilifi,2010-03,110.212801,39.953583,,,0,0,0.2026,Medium,1453762
KE003,Kilifi,2010-04,123.31688416666667,93.37849,,,0,0,0.2026,Medium,1453762
KE003,Kilifi,2010-05,117.32873883333333,40.981537,,,0,0,0.2026,Medium,1453762
KE003,Kilifi,2010-06,93.85674766666666,82.10101,,,1,3,0.2026,Medium,1453762
KE003,Kilifi,2010-07,83.93153,65.73804,,,0,0,0.2026,Medium,1453762
KE003,Kilifi,2010-08,80.55340016666666,74.241425,,,0,0,0.2026,Medium,1453762
KE003,Kilifi,2010-09,96.09020016666666,67.112785,,,0,0,0.2026,Medium,1453762
KE003,Kilifi,2010-10,36.431061,25.710255,,,0,0,0.2026,Medium,1453762
KE003,Kilifi,2010-11,100.41146099999999,55.11023,,,0,0,0.2026,Medium,1453762
KE003,Kilifi,2010-12,53.60027333333333,35.948586,,,0,0,0.2026,Medium,1453762
KE003,Kilifi,2011-01,63.262356166666656,48.688595,,,0,0,0.2026,Medium,1453762
KE003,Kilifi,2011-02,134.586612,99.635086,,,0,0,0.2026,Medium,1453762
KE003,Kilifi,2011-03,63.88031,44.666607,,,0,0,0.2026,Medium,1453762
KE003,Kilifi,2011-04,62.78661433333334,30.42966,,,0,0,0.2026,Medium,1453762
KE003,Kilifi,2011-05,75.796248,59.634964,,,0,0,0.2026,Medium,1453762
KE003,Kilifi,2011-06,64.2664625,57.20042,,,0,0,0.2026,Medium,1453762
KE003,Kilifi,2011-07,79.70854266666667,62.971516,,,0,0,0.2026,Medium,1453762
KE003,Kilifi,2011-08,79.019182,69.16426,,,0,0,0.2026,Medium,1453762
KE003,Kilifi,2011-09,104.40072350000001,101.90406,,,0,0,0.2026,Medium,1453762
KE003,Kilifi,2011-10,113.36327733333333,57.62537,,,0,0,0.2026,Medium,1453762
KE003,Kilifi,2011-11,111.87788833333333,77.74194,,,1,0,0.2026,Medium,1453762
KE003,Kilifi,2011-12,71.4176865,57.47725,,,0,0,0.2026,Medium,1453762
KE003,Kilifi,2012-01,68.750101,49.630577,,,0,0,0.2026,Medium,1453762
KE003,Kilifi,2012-02,89.431851,81.39312,,,1,0,0.2026,Medium,1453762
KE003,Kilifi,2012-03,50.33712516666666,22.028667,,,2,3,0.2026,Medium,1453762
KE003,Kilifi,2012-04,59.484637666666664,39.313152,,,0,0,0.2026,Medium,1453762
KE003,Kilifi,2012-05,95.43219866666668,31.622732,,,0,0,0.2026,Medium,1453762
KE003,Kilifi,2012-06,60.19442,41.17382,,,0,0,0.2026,Medium,1453762
KE003,Kilifi,2012-07,74.09811333333333,65.37077,,,0,0,0.2026,Medium,1453762
KE003,Kilifi,2012-08,118.24020133333333,89.83212,,,1,3,0.2026,Medium,1453762
KE003,Kilifi,2012-09,77.788735,45.77053,,,2,2,0.2026,Medium,1453762
KE003,Kilifi,2012-10,126.82331533333333,24.360332,,,2,0,0.2026,Medium,1453762
KE003,Kilifi,2012-11,128.24988833333333,47.050125,,,0,0,0.2026,Medium,1453762
KE003,Kilifi,2012-12,113.7055775,55.100285,,,0,0,0.2026,Medium,1453762
KE003,Kilifi,2013-01,68.972551,58.3949,,,0,0,0.2026,Medium,1453762
KE003,Kilifi,2013-02,80.334345,74.82683,,,5,5,0.2026,Medium,1453762
KE003,Kilifi,2013-03,209.06490599999998,93.444466,,,2,9,0.2026,Medium,1453762
KE003,Kilifi,2013-04,76.52168916666666,39.315994,,,0,0,0.2026,Medium,1453762
KE003,Kilifi,2013-05,104.3060555,55.336952,,,1,0,0.2026,Medium,1453762
KE003,Kilifi,2013-06,75.5032,59.50633,,,0,0,0.2026,Medium,1453762
KE003,Kilifi,2013-07,71.422364,58.263374,,,1,2,0.2026,Medium,1453762
KE003,Kilifi,2013-08,108.383821,81.43428,,,1,1,0.2026,Medium,1453762
KE003,Kilifi,2013-09,131.24813066666667,73.24104,,,1,0,0.2026,Medium,1453762
KE003,Kilifi,2013-10,114.13602250000001,20.266455,,,2,1,0.2026,Medium,1453762
KE003,Kilifi,2013-11,77.15617633333333,35.39853,,,2,2,0.2026,Medium,1453762
KE003,Kilifi,2013-12,98.67161266666666,42.73985,,,1,1,0.2026,Medium,1453762
KE003,Kilifi,2014-01,64.33505316666667,54.420383,,,0,0,0.2026,Medium,1453762
KE003,Kilifi,2014-02,98.934911,79.1766,,,0,0,0.2026,Medium,1453762
KE003,Kilifi,2014-03,174.42870833333333,120.08258,,,1,1,0.2026,Medium,1453762
KE003,Kilifi,2014-04,66.60605083333333,31.378342,,,0,0,0.2026,Medium,1453762
KE003,Kilifi,2014-05,102.65454083333333,49.636425,,,0,0,0.2026,Medium,1453762
KE003,Kilifi,2014-06,98.74668000000001,74.4952,,,1,1,0.2026,Medium,1453762
KE003,Kilifi,2014-07,98.57706,78.30601,,,0,0,0.2026,Medium,1453762
KE003,Kilifi,2014-08,94.60354666666666,80.18073,,,0,0,0.2026,Medium,1453762
KE003,Kilifi,2014-09,104.543098,59.131138,,,0,0,0.2026,Medium,1453762
KE003,Kilifi,2014-10,71.53020583333334,32.94512,,,0,0,0.2026,Medium,1453762
KE003,Kilifi,2014-11,123.61146983333333,43.900246,,,1,1,0.2026,Medium,1453762
KE003,Kilifi,2014-12,169.016334,71.79676,,,0,0,0.2026,Medium,1453762
KE003,Kilifi,2015-01,68.32391983333333,54.87898,83.1,33.9,0,0,0.2026,Medium,1453762
KE003,Kilifi,2015-02,82.74962166666667,76.91036,87.4,37.5,0,0,0.2026,Medium,1453762
KE003,Kilifi,2015-03,133.14092366666668,48.74092,86.1,37.7,0,0,0.2026,Medium,1453762
KE003,Kilifi,2015-04,110.47771216666666,55.735535,88.9,37.0,0,0,0.2026,Medium,1453762
KE003,Kilifi,2015-05,148.15731283333335,63.000763,93.0,36.0,0,0,0.2026,Medium,1453762
KE003,Kilifi,2015-06,85.61657633333334,60.0546,95.0,36.0,0,0,0.2026,Medium,1453762
KE003,Kilifi,2015-07,125.699681,100.00716,96.0,34.0,0,0,0.2026,Medium,1453762
KE003,Kilifi,2015-08,103.395219,93.64369,96.0,35.0,0,0,0.2026,Medium,1453762
KE003,Kilifi,2015-09,67.6711025,58.841385,91.0,35.0,0,0,0.2026,Medium,1453762
KE003,Kilifi,2015-10,115.580608,32.972748,87.0,38.0,0,0,0.2026,Medium,1453762
KE003,Kilifi,2015-11,160.50904733333334,73.98323,88.0,37.0,0,0,0.2026,Medium,1453762
KE003,Kilifi,2015-12,75.50395283333334,50.37548,88.0,37.0,0,0,0.2026,Medium,1453762
KE003,Kilifi,2016-01,99.8445,84.38754,90.0,38.0,1,4,0.2026,Medium,1453762
KE003,Kilifi,2016-02,100.96871416666666,84.495865,87.0,39.0,0,0,0.2026,Medium,1453762
KE003,Kilifi,2016-03,59.592255333333334,24.105211,84.0,39.0,0,0,0.2026,Medium,1453762
KE003,Kilifi,2016-04,100.30477566666667,64.806114,,,0,0,0.2026,Medium,1453762
KE003,Kilifi,2016-05,58.229670999999996,46.165344,86.0,38.0,0,0,0.2026,Medium,1453762
KE003,Kilifi,2016-06,81.89129833333332,68.1762,83.0,44.0,0,0,0.2026,Medium,1453762
KE003,Kilifi,2016-07,78.76273766666667,63.893692,89.0,40.0,0,0,0.2026,Medium,1453762
KE003,Kilifi,2016-08,109.13103483333333,101.48146,88.0,39.0,0,0,0.2026,Medium,1453762
KE003,Kilifi,2016-09,68.75621883333334,52.36487,88.0,42.0,0,0,0.2026,Medium,1453762
KE003,Kilifi,2016-10,50.56717883333334,21.651669,92.0,42.0,0,0,0.2026,Medium,1453762
KE003,Kilifi,2016-11,64.13427783333334,33.44146,92.0,42.0,0,0,0.2026,Medium,1453762
KE003,Kilifi,2016-12,74.18510766666667,56.408154,96.0,43.0,0,0,0.2026,Medium,1453762
KE003,Kilifi,2017-01,94.23844683333334,71.632126,98.0,40.0,0,0,0.2026,Medium,1453762
KE003,Kilifi,2017-02,116.2256,92.14451,100.0,48.0,0,0,0.2026,Medium,1453762
KE003,Kilifi,2017-03,65.08597033333334,47.71936,120.0,58.0,0,0,0.2026,Medium,1453762
KE003,Kilifi,2017-04,86.10579233333333,60.34122,117.3,60.0,0,0,0.2026,Medium,1453762
KE003,Kilifi,2017-05,138.70290333333332,88.55144,124.1,87.9,0,0,0.2026,Medium,1453762
KE003,Kilifi,2017-06,86.21848066666666,80.61748,121.3,57.9,0,0,0.2026,Medium,1453762
KE003,Kilifi,2017-07,77.1974175,68.13571,125.3,60.6,0,0,0.2026,Medium,1453762
KE003,Kilifi,2017-08,118.81945400000001,106.7223,114.8,47.8,0,0,0.2026,Medium,1453762
KE003,Kilifi,2017-09,127.0212525,62.98077,112.8,46.0,0,0,0.2026,Medium,1453762
KE003,Kilifi,2017-10,56.64262216666666,30.271479,107.6,39.2,0,0,0.2026,Medium,1453762
KE003,Kilifi,2017-11,131.66069683333333,74.94651,115.5,62.6,0,0,0.2026,Medium,1453762
KE003,Kilifi,2017-12,66.58919833333333,35.42141,114.3,46.3,0,0,0.2026,Medium,1453762
KE003,Kilifi,2018-01,64.37725833333333,50.620686,112.6,47.8,0,0,0.2026,Medium,1453762
KE003,Kilifi,2018-02,96.98448666666667,84.48808,108.3,48.2,0,0,0.2026,Medium,1453762
KE003,Kilifi,2018-03,189.32202600000002,85.46708,104.52,47.5,1,0,0.2026,Medium,1453762
KE003,Kilifi,2018-04,168.90145333333334,97.47759,101.2,45.3,2,0,0.2026,Medium,1453762
KE003,Kilifi,2018-05,128.26907666666668,64.01915,99.5,43.7,0,0,0.2026,Medium,1453762
KE003,Kilifi,2018-06,124.63588666666665,82.1884,100.8,42.5,0,0,0.2026,Medium,1453762
KE003,Kilifi,2018-07,182.36629833333333,161.26314,92.6,39.6,0,0,0.2026,Medium,1453762
KE003,Kilifi,2018-08,105.87964099999999,84.65847,90.2,39.9,0,0,0.2026,Medium,1453762
KE003,Kilifi,2018-09,146.06348583333332,72.09359,79.8,41.6,0,0,0.2026,Medium,1453762
KE003,Kilifi,2018-10,155.02638583333334,58.36632,70.5,37.8,1,0,0.2026,Medium,1453762
KE003,Kilifi,2018-11,60.605934,28.630226,80.0,38.9,1,0,0.2026,Medium,1453762
KE003,Kilifi,2018-12,135.919071,54.24046,75.2,39.5,0,0,0.2026,Medium,1453762
KE003,Kilifi,2019-01,120.48192233333333,87.66846,76.0,41.1,0,0,0.2026,Medium,1453762
KE003,Kilifi,2019-02,87.37037166666666,81.60958,74.5,41.1,0,0,0.2026,Medium,1453762
KE003,Kilifi,2019-03,41.25140316666667,38.32009,76.0,37.3,0,0,0.2026,Medium,1453762
KE003,Kilifi,2019-04,53.109417,43.251,85.2,45.1,0,0,0.2026,Medium,1453762
KE003,Kilifi,2019-05,151.56154899999999,69.52575,97.5,49.1,0,0,0.2026,Medium,1453762
KE003,Kilifi,2019-06,86.61392283333333,55.91592,103.8,45.0,0,0,0.2026,Medium,1453762
KE003,Kilifi,2019-07,134.09715500000001,105.98238,119.0,47.9,0,0,0.2026,Medium,1453762
KE003,Kilifi,2019-08,96.78374016666668,74.24395,115.0,47.2,0,0,0.2026,Medium,1453762
KE003,Kilifi,2019-09,140.99856916666667,82.787735,102.1,45.5,0,0,0.2026,Medium,1453762
KE003,Kilifi,2019-10,321.39738500000004,156.4055,107.9,47.9,0,0,0.2026,Medium,1453762
KE003,Kilifi,2019-11,153.17371166666666,64.54209,113.2,45.5,0,0,0.2026,Medium,1453762
KE003,Kilifi,2019-12,190.85098166666668,105.53212,105.9,47.3,1,1,0.2026,Medium,1453762
KE003,Kilifi,2020-01,194.0151,109.50319,107.0,46.9,0,0,0.2026,Medium,1453762
KE003,Kilifi,2020-02,104.3947895,95.30322,103.5,45.7,1,1,0.2026,Medium,1453762
KE003,Kilifi,2020-03,130.08265666666668,87.82076,104.1,41.9,0,0,0.2026,Medium,1453762
KE003,Kilifi,2020-04,232.04405666666665,160.21204,106.0,49.6,0,0,0.2026,Medium,1453762
KE003,Kilifi,2020-05,72.39772833333333,40.06871,99.3,44.8,0,0,0.2026,Medium,1453762
KE003,Kilifi,2020-06,122.70816066666667,79.443954,107.3,43.7,0,0,0.2026,Medium,1453762
KE003,Kilifi,2020-07,154.50066333333334,127.41665,106.6,44.3,0,0,0.2026,Medium,1453762
KE003,Kilifi,2020-08,74.5353825,63.23416,106.4,41.7,0,0,0.2026,Medium,1453762
KE003,Kilifi,2020-09,107.67833333333333,89.49454,104.5,38.1,0,0,0.2026,Medium,1453762
KE003,Kilifi,2020-10,44.83900583333334,30.165873,105.9,41.9,0,0,0.2026,Medium,1453762
KE003,Kilifi,2020-11,128.67878483333334,69.096375,103.9,39.9,0,0,0.2026,Medium,1453762
KE003,Kilifi,2020-12,78.33270566666666,43.89393,106.3,37.6,0,0,0.2026,Medium,1453762
KE003,Kilifi,2021-01,84.98932016666667,55.450905,,,0,0,0.2026,Medium,1453762
KE003,Kilifi,2021-02,116.01681,87.38214,,,0,0,0.2026,Medium,1453762
KE003,Kilifi,2021-03,39.478209666666665,33.56042,,,0,0,0.2026,Medium,1453762
KE003,Kilifi,2021-04,61.256377333333326,34.19769,,,0,0,0.2026,Medium,1453762
KE003,Kilifi,2021-05,55.824824166666666,30.663586,,,0,0,0.2026,Medium,1453762
KE003,Kilifi,2021-06,78.083578,56.991226,,,0,0,0.2026,Medium,1453762
KE003,Kilifi,2021-07,125.56432666666667,106.3306,,,0,0,0.2026,Medium,1453762
KE003,Kilifi,2021-08,104.11169583333333,102.47661,,,0,0,0.2026,Medium,1453762
KE003,Kilifi,2021-09,81.22847816666666,55.450882,,,0,0,0.2026,Medium,1453762
KE003,Kilifi,2021-10,43.666446,25.869068,,,0,0,0.2026,Medium,1453762
KE003,Kilifi,2021-11,47.824221333333334,27.935362,,,0,0,0.2026,Medium,1453762
KE003,Kilifi,2021-12,246.00359333333333,134.14984,,,0,0,0.2026,Medium,1453762
KE003,Kilifi,2022-01,74.53945716666666,53.132397,,,1,0,0.2026,Medium,1453762
KE003,Kilifi,2022-02,103.93762483333335,89.76333,,,0,0,0.2026,Medium,1453762
KE003,Kilifi,2022-03,50.02386416666667,46.916,,,0,0,0.2026,Medium,1453762
KE003,Kilifi,2022-04,85.376269,42.258083,,,0,0,0.2026,Medium,1453762
KE003,Kilifi,2022-05,76.96053450000001,34.824192,,,1,0,0.2026,Medium,1453762
KE003,Kilifi,2022-06,98.50332300000001,78.66277,,,2,1,0.2026,Medium,1453762
KE003,Kilifi,2022-07,167.45415,124.51053,,,0,0,0.2026,Medium,1453762
KE003,Kilifi,2022-08,99.70142766666667,94.9681,,,0,0,0.2026,Medium,1453762
KE003,Kilifi,2022-09,77.32810266666667,66.7683,,,0,0,0.2026,Medium,1453762
KE003,Kilifi,2022-10,41.81172083333333,27.280748,,,0,0,0.2026,Medium,1453762
KE003,Kilifi,2022-11,94.65505833333333,62.34848,,,0,0,0.2026,Medium,1453762
KE003,Kilifi,2022-12,59.947231666666674,36.18789,,,3,1,0.2026,Medium,1453762
KE003,Kilifi,2023-01,80.730615,56.75506,,,0,0,0.2026,Medium,1453762
KE003,Kilifi,2023-02,81.95100233333334,77.12282,,,1,1,0.2026,Medium,1453762
KE003,Kilifi,2023-03,77.45046283333333,51.663567,,,1,1,0.2026,Medium,1453762
KE003,Kilifi,2023-04,213.83683266666665,62.009956,,,0,0,0.2026,Medium,1453762
KE003,Kilifi,2023-05,64.57922766666667,41.41255,,,1,1,0.2026,Medium,1453762
KE003,Kilifi,2023-06,85.86192333333334,74.41186,,,0,0,0.2026,Medium,1453762
KE003,Kilifi,2023-07,144.09645666666668,125.59835,,,1,0,0.2026,Medium,1453762
KE003,Kilifi,2023-08,110.1627325,97.63346,,,0,0,0.2026,Medium,1453762
KE003,Kilifi,2023-09,85.6649365,70.491165,,,1,0,0.2026,Medium,1453762
KE003,Kilifi,2023-10,107.87231516666667,83.137596,,,0,0,0.2026,Medium,1453762
KE003,Kilifi,2023-11,310.29533166666664,158.11269,,,0,0,0.2026,Medium,1453762
KE003,Kilifi,2023-12,216.92588833333335,138.08362,,,0,0,0.2026,Medium,1453762
KE003,Kilifi,2024-01,87.25327550000002,63.847137,,,0,0,0.2026,Medium,1453762
KE003,Kilifi,2024-02,97.20567899999999,89.2786,,,0,0,0.2026,Medium,1453762
KE003,Kilifi,2024-03,122.38243266666666,112.04718,,,1,0,0.2026,Medium,1453762
KE003,Kilifi,2024-04,109.89429166666667,63.88909,,,1,1,0.2026,Medium,1453762
KE003,Kilifi,2024-05,55.67377033333333,20.204893,,,1,1,0.2026,Medium,1453762
KE003,Kilifi,2024-06,84.24419133333333,39.959763,,,1,0,0.2026,Medium,1453762
KE003,Kilifi,2024-07,69.60379383333333,54.035084,,,2,0,0.2026,Medium,1453762
KE003,Kilifi,2024-08,96.38277899999999,75.068214,,,1,1,0.2026,Medium,1453762
KE003,Kilifi,2024-09,65.60122266666666,46.907482,,,1,1,0.2026,Medium,1453762
KE003,Kilifi,2024-10,54.61731366666666,27.174871,,,1,1,0.2026,Medium,1453762
KE003,Kilifi,2024-11,96.77734533333334,40.552277,,,0,0,0.2026,Medium,1453762
KE003,Kilifi,2024-12,154.20409833333335,122.94504,,,0,0,0.2026,Medium,1453762
KE003,Kilifi,2025-01,68.727642,56.416946,,,0,0,0.2026,Medium,1453762
KE003,Kilifi,2025-02,77.5731635,70.786026,,,0,0,0.2026,Medium,1453762
KE003,Kilifi,2025-03,103.52987833333333,52.20661,128.0,37.6,0,0,0.2026,Medium,1453762
KE003,Kilifi,2025-04,89.30396583333334,54.362915,,,0,0,0.2026,Medium,1453762
KE003,Kilifi,2025-05,83.47468683333334,48.00769,,,0,0,0.2026,Medium,1453762
KE003,Kilifi,2025-06,112.4680065,70.18364,,,1,1,0.2026,Medium,1453762
KE003,Kilifi,2025-07,69.1747305,56.964195,,,0,0,0.2026,Medium,1453762
KE003,Kilifi,2025-08,94.77572716666667,81.095215,,,2,2,0.2026,Medium,1453762
KE003,Kilifi,2025-09,81.42532616666666,58.601868,,,1,1,0.2026,Medium,1453762
KE003,Kilifi,2025-10,57.91597116666667,27.715725,,,1,0,0.2026,Medium,1453762
KE003,Kilifi,2025-11,26.724430166666664,21.652336,,,0,0,0.2026,Medium,1453762
KE003,Kilifi,2025-12,60.114654,23.360157,,,1,0,0.2026,Medium,1453762
KE015,Kitui,2006-01,69.82299,52.621494,39.0,17.0,0,0,0.151,Medium,1136154
KE015,Kitui,2006-02,88.00652666666667,68.80019,42.0,18.0,0,0,0.151,Medium,1136154
KE015,Kitui,2006-03,113.06009233333333,68.67578,47.0,18.0,0,0,0.151,Medium,1136154
KE015,Kitui,2006-04,100.45039566666668,51.99814,53.0,19.0,0,0,0.151,Medium,1136154
KE015,Kitui,2006-05,137.9688835,62.134735,51.0,22.0,0,0,0.151,Medium,1136154
KE015,Kitui,2006-06,96.04750333333334,90.10826,53.0,22.0,0,0,0.151,Medium,1136154
KE015,Kitui,2006-07,92.60076833333333,89.49829,51.0,22.0,0,0,0.151,Medium,1136154
KE015,Kitui,2006-08,95.64462133333332,89.98763,42.0,21.0,0,0,0.151,Medium,1136154
KE015,Kitui,2006-09,109.32811250000002,92.72825,42.0,19.0,0,0,0.151,Medium,1136154
KE015,Kitui,2006-10,124.33779433333332,94.671936,44.0,19.0,0,0,0.151,Medium,1136154
KE015,Kitui,2006-11,191.1788633333333,102.59012,44.0,19.0,0,0,0.151,Medium,1136154
KE015,Kitui,2006-12,271.1165716666667,82.02366,44.0,20.0,0,0,0.151,Medium,1136154
KE015,Kitui,2007-01,101.40900183333333,72.739265,37.0,18.0,0,0,0.151,Medium,1136154
KE015,Kitui,2007-02,96.40148533333333,65.41363,30.0,17.0,0,0,0.151,Medium,1136154
KE015,Kitui,2007-03,75.69025733333334,54.8236,23.0,8.0,0,0,0.151,Medium,1136154
KE015,Kitui,2007-04,67.44104483333334,30.186848,30.0,8.0,0,0,0.151,Medium,1136154
KE015,Kitui,2007-05,124.65447316666666,59.068497,34.0,8.0,0,0,0.151,Medium,1136154
KE015,Kitui,2007-06,98.15040499999999,94.22898,35.0,9.0,0,0,0.151,Medium,1136154
KE015,Kitui,2007-07,94.83820333333334,89.86838,35.0,9.0,0,0,0.151,Medium,1136154
KE015,Kitui,2007-08,93.11489433333334,88.54393,35.0,9.0,0,0,0.151,Medium,1136154
KE015,Kitui,2007-09,92.07195766666666,83.23112,35.0,9.0,0,0,0.151,Medium,1136154
KE015,Kitui,2007-10,90.28499699999999,59.942238,35.0,9.0,0,0,0.151,Medium,1136154
KE015,Kitui,2007-11,76.39475649999999,31.725416,40.0,9.0,0,0,0.151,Medium,1136154
KE015,Kitui,2007-12,58.76728483333333,36.212585,50.0,14.0,0,0,0.151,Medium,1136154
KE015,Kitui,2008-01,167.89340666666666,60.24077,55.0,16.0,0,0,0.151,Medium,1136154
KE015,Kitui,2008-02,76.62438033333333,67.55334,60.0,15.0,0,0,0.151,Medium,1136154
KE015,Kitui,2008-03,152.04034233333334,57.448864,60.0,15.0,0,0,0.151,Medium,1136154
KE015,Kitui,2008-04,69.04044266666666,25.003551,40.0,13.0,0,0,0.151,Medium,1136154
KE015,Kitui,2008-05,54.75904549999999,29.13775,50.0,20.0,0,0,0.151,Medium,1136154
KE015,Kitui,2008-06,96.064411,89.79336,55.0,22.0,1,0,0.151,Medium,1136154
KE015,Kitui,2008-07,96.25459583333333,87.12996,70.0,27.0,0,0,0.151,Medium,1136154
KE015,Kitui,2008-08,87.4318735,85.797745,70.0,30.0,0,0,0.151,Medium,1136154
KE015,Kitui,2008-09,91.50175633333333,81.62377,70.0,30.0,0,0,0.151,Medium,1136154
KE015,Kitui,2008-10,109.98409250000002,33.276222,80.0,34.0,0,0,0.151,Medium,1136154
KE015,Kitui,2008-11,81.051751,30.796394,80.0,35.0,0,0,0.151,Medium,1136154
KE015,Kitui,2008-12,34.66830766666667,20.873835,65.0,30.0,0,0,0.151,Medium,1136154
KE015,Kitui,2009-01,101.57343333333334,60.63708,65.0,30.0,0,0,0.151,Medium,1136154
KE015,Kitui,2009-02,85.87733250000001,62.683765,65.0,35.0,0,0,0.151,Medium,1136154
KE015,Kitui,2009-03,43.43520433333333,33.23597,65.0,35.0,0,0,0.151,Medium,1136154
KE015,Kitui,2009-04,57.09271016666667,42.422302,70.0,35.0,0,0,0.151,Medium,1136154
KE015,Kitui,2009-05,80.4783855,51.406975,75.0,36.0,0,0,0.151,Medium,1136154
KE015,Kitui,2009-06,98.688901,93.11448,80.0,36.0,0,0,0.151,Medium,1136154
KE015,Kitui,2009-07,87.86196066666668,84.55997,70.0,33.0,0,0,0.151,Medium,1136154
KE015,Kitui,2009-08,89.07470666666667,83.42659,60.0,30.0,0,0,0.151,Medium,1136154
KE015,Kitui,2009-09,91.841609,81.18898,60.0,30.0,0,0,0.151,Medium,1136154
KE015,Kitui,2009-10,175.27798266666665,91.30032,60.0,30.0,0,0,0.151,Medium,1136154
KE015,Kitui,2009-11,56.807845166666674,27.35225,60.0,30.0,0,0,0.151,Medium,1136154
KE015,Kitui,2009-12,124.81858416666667,48.20527,60.0,30.0,0,0,0.151,Medium,1136154
KE015,Kitui,2010-01,78.4554555,56.623543,60.0,30.0,0,0,0.151,Medium,1136154
KE015,Kitui,2010-02,136.256599,70.91198,50.0,20.0,0,0,0.151,Medium,1136154
KE015,Kitui,2010-03,237.561,88.24759,50.0,16.0,0,0,0.151,Medium,1136154
KE015,Kitui,2010-04,97.08024333333333,38.18988,45.0,13.0,0,0,0.151,Medium,1136154
KE015,Kitui,2010-05,84.24927166666667,73.27217,45.0,13.0,0,0,0.151,Medium,1136154
KE015,Kitui,2010-06,97.55563833333333,93.8115,40.0,6.0,0,0,0.151,Medium,1136154
KE015,Kitui,2010-07,98.32072483333333,91.172264,45.0,15.0,0,0,0.151,Medium,1136154
KE015,Kitui,2010-08,93.151145,88.61088,50.0,13.0,0,0,0.151,Medium,1136154
KE015,Kitui,2010-09,103.76662666666668,88.73868,50.0,13.0,0,0,0.151,Medium,1136154
KE015,Kitui,2010-10,64.58174966666667,42.272743,60.0,14.0,0,0,0.151,Medium,1136154
KE015,Kitui,2010-11,77.81968450000001,39.307896,60.0,18.0,0,0,0.151,Medium,1136154
KE015,Kitui,2010-12,53.26378583333334,34.936398,60.0,16.0,0,0,0.151,Medium,1136154
KE015,Kitui,2011-01,84.753159,58.021362,60.0,17.0,0,0,0.151,Medium,1136154
KE015,Kitui,2011-02,110.8752775,74.325455,70.0,17.0,0,0,0.151,Medium,1136154
KE015,Kitui,2011-03,81.79379516666667,50.179966,70.0,22.0,0,0,0.151,Medium,1136154
KE015,Kitui,2011-04,58.0437935,26.359013,80.0,30.0,1,0,0.151,Medium,1136154
KE015,Kitui,2011-05,96.34769233333333,51.98931,85.0,45.0,0,0,0.151,Medium,1136154
KE015,Kitui,2011-06,98.02212250000001,94.62448,85.0,46.0,0,0,0.151,Medium,1136154
KE015,Kitui,2011-07,90.9878815,86.3295,85.0,45.0,0,0,0.151,Medium,1136154
KE015,Kitui,2011-08,92.0316045,89.149925,86.0,39.0,0,0,0.151,Medium,1136154
KE015,Kitui,2011-09,102.23175683333334,92.92857,75.0,41.0,0,0,0.151,Medium,1136154
KE015,Kitui,2011-10,155.17569333333333,68.50901,77.47,40.62,0,0,0.151,Medium,1136154
KE015,Kitui,2011-11,116.417139,87.31295,76.53,41.63,0,0,0.151,Medium,1136154
KE015,Kitui,2011-12,67.1230225,29.40318,96.27,42.55,0,0,0.151,Medium,1136154
KE015,Kitui,2012-01,62.191744666666665,52.26481,72.0,42.0,0,0,0.151,Medium,1136154
KE015,Kitui,2012-02,97.73255833333333,73.307045,72.0,38.0,0,0,0.151,Medium,1136154
KE015,Kitui,2012-03,58.0957835,24.863543,74.31,37.0,0,0,0.151,Medium,1136154
KE015,Kitui,2012-04,113.94486833333333,41.12585,78.35,37.0,0,0,0.151,Medium,1136154
KE015,Kitui,2012-05,89.57995816666666,81.027756,77.86,41.0,0,0,0.151,Medium,1136154
KE015,Kitui,2012-06,99.00146833333334,95.4297,83.0,41.0,0,0,0.151,Medium,1136154
KE015,Kitui,2012-07,95.00900416666667,89.78458,82.0,41.0,0,0,0.151,Medium,1136154
KE015,Kitui,2012-08,104.41420433333333,90.414856,81.0,42.0,0,0,0.151,Medium,1136154
KE015,Kitui,2012-09,92.48954916666666,82.21668,84.0,40.0,0,0,0.151,Medium,1136154
KE015,Kitui,2012-10,91.87317316666667,40.876873,80.0,40.0,0,0,0.151,Medium,1136154
KE015,Kitui,2012-11,96.697071,37.226624,81.0,39.0,0,0,0.151,Medium,1136154
KE015,Kitui,2012-12,120.8840745,43.99126,77.0,37.0,0,0,0.151,Medium,1136154
KE015,Kitui,2013-01,79.09379433333334,60.151596,60.0,37.0,0,0,0.151,Medium,1136154
KE015,Kitui,2013-02,80.31511266666666,67.782936,65.6,33.0,0,0,0.151,Medium,1136154
KE015,Kitui,2013-03,148.81803833333333,53.7771,67.0,30.0,0,0,0.151,Medium,1136154
KE015,Kitui,2013-04,106.7678475,33.089725,73.0,34.0,0,0,0.151,Medium,1136154
KE015,Kitui,2013-05,61.92762183333334,32.71461,76.0,31.0,0,0,0.151,Medium,1136154
KE015,Kitui,2013-06,96.89699266666666,90.53139,75.0,33.0,0,0,0.151,Medium,1136154
KE015,Kitui,2013-07,99.69062650000001,90.05163,71.0,32.0,1,3,0.151,Medium,1136154
KE015,Kitui,2013-08,97.00243333333333,94.111626,74.0,33.0,0,0,0.151,Medium,1136154
KE015,Kitui,2013-09,121.07575033333335,97.574326,78.0,34.0,0,0,0.151,Medium,1136154
KE015,Kitui,2013-10,74.576582,30.176777,77.0,37.0,0,0,0.151,Medium,1136154
KE015,Kitui,2013-11,77.217106,23.550934,78.0,38.0,0,0,0.151,Medium,1136154
KE015,Kitui,2013-12,83.7878185,39.632004,73.0,38.0,0,0,0.151,Medium,1136154
KE015,Kitui,2014-01,57.328202000000005,46.458706,74.0,37.0,0,0,0.151,Medium,1136154
KE015,Kitui,2014-02,107.34236233333333,69.79589,78.75,35.0,0,0,0.151,Medium,1136154
KE015,Kitui,2014-03,150.21955466666668,40.771,79.0,36.0,0,0,0.151,Medium,1136154
KE015,Kitui,2014-04,72.87503383333333,49.296173,80.0,36.0,0,0,0.151,Medium,1136154
KE015,Kitui,2014-05,70.48318033333334,40.272366,81.0,37.0,0,0,0.151,Medium,1136154
KE015,Kitui,2014-06,106.83658166666667,102.2603,81.0,38.0,0,0,0.151,Medium,1136154
KE015,Kitui,2014-07,101.178521,91.35912,77.0,39.0,0,0,0.151,Medium,1136154
KE015,Kitui,2014-08,106.567725,99.70449,75.0,36.0,0,0,0.151,Medium,1136154
KE015,Kitui,2014-09,101.23821183333332,89.001755,72.5,34.0,0,0,0.151,Medium,1136154
KE015,Kitui,2014-10,76.43338433333334,43.010666,72.5,32.0,0,0,0.151,Medium,1136154
KE015,Kitui,2014-11,82.935315,53.88173,76.0,32.0,0,0,0.151,Medium,1136154
KE015,Kitui,2014-12,74.78793383333334,46.05534,66.0,30.0,0,0,0.151,Medium,1136154
KE015,Kitui,2015-01,61.943271833333334,46.508247,69.0,29.0,0,0,0.151,Medium,1136154
KE015,Kitui,2015-02,80.00406916666667,70.23275,71.0,29.0,0,0,0.151,Medium,1136154
KE015,Kitui,2015-03,58.7205145,34.18191,75.0,30.0,0,0,0.151,Medium,1136154
KE015,Kitui,2015-04,140.00693333333334,85.51427,86.0,33.0,0,0,0.151,Medium,1136154
KE015,Kitui,2015-05,126.23524916666666,70.70837,90.0,37.0,3,5,0.151,Medium,1136154
KE015,Kitui,2015-06,96.58265133333333,92.74546,91.0,35.0,0,0,0.151,Medium,1136154
KE015,Kitui,2015-07,113.90705916666667,105.99519,79.0,37.0,0,0,0.151,Medium,1136154
KE015,Kitui,2015-08,99.66558416666668,89.90708,78.0,36.0,0,0,0.151,Medium,1136154
KE015,Kitui,2015-09,98.92157916666667,85.53697,74.0,33.0,1,1,0.151,Medium,1136154
KE015,Kitui,2015-10,109.859561,57.635696,79.0,34.0,0,0,0.151,Medium,1136154
KE015,Kitui,2015-11,139.97832566666668,97.605774,78.0,33.0,0,0,0.151,Medium,1136154
KE015,Kitui,2015-12,140.85988533333332,42.474957,77.0,33.0,0,0,0.151,Medium,1136154
KE015,Kitui,2016-01,126.66911,99.52338,73.0,31.0,0,0,0.151,Medium,1136154
KE015,Kitui,2016-02,90.41564266666667,69.04485,74.0,31.0,0,0,0.151,Medium,1136154
KE015,Kitui,2016-03,65.203513,22.637526,72.0,29.0,0,0,0.151,Medium,1136154
KE015,Kitui,2016-04,124.17755666666666,71.53333,71.0,29.0,0,0,0.151,Medium,1136154
KE015,Kitui,2016-05,91.60452616666667,54.736362,72.0,28.0,0,0,0.151,Medium,1136154
KE015,Kitui,2016-06,99.29639166666668,97.50164,73.0,28.0,0,0,0.151,Medium,1136154
KE015,Kitui,2016-07,98.05530900000001,96.215164,75.0,31.0,0,0,0.151,Medium,1136154
KE015,Kitui,2016-08,103.36144833333333,93.886925,78.0,33.0,0,0,0.151,Medium,1136154
KE015,Kitui,2016-09,98.6486,94.03533,73.0,34.0,0,0,0.151,Medium,1136154
KE015,Kitui,2016-10,70.98261783333334,26.392025,77.5,34.0,0,0,0.151,Medium,1136154
KE015,Kitui,2016-11,109.05128733333333,64.52035,77.5,35.0,0,0,0.151,Medium,1136154
KE015,Kitui,2016-12,49.821006000000004,33.00879,76.5,35.0,3,6,0.151,Medium,1136154
KE015,Kitui,2017-01,68.26767483333333,56.840904,79.0,38.0,1,1,0.151,Medium,1136154
KE015,Kitui,2017-02,109.45024233333334,78.77964,86.0,48.0,2,5,0.151,Medium,1136154
KE015,Kitui,2017-03,33.22290316666667,24.390982,91.2,46.2,0,0,0.151,Medium,1136154
KE015,Kitui,2017-04,82.39881,44.10542,93.0,54.0,1,0,0.151,Medium,1136154
KE015,Kitui,2017-05,115.39971416666667,84.39172,89.0,58.0,1,2,0.151,Medium,1136154
KE015,Kitui,2017-06,97.289305,88.72731,91.0,58.0,1,2,0.151,Medium,1136154
KE015,Kitui,2017-07,106.42773816666666,95.12919,92.0,58.0,0,0,0.151,Medium,1136154
KE015,Kitui,2017-08,116.67339249999999,106.19577,83.0,45.0,0,0,0.151,Medium,1136154
KE015,Kitui,2017-09,102.697337,98.28497,80.0,41.0,1,3,0.151,Medium,1136154
KE015,Kitui,2017-10,106.97465249999999,78.87236,89.0,37.0,0,0,0.151,Medium,1136154
KE015,Kitui,2017-11,78.61037850000001,31.286451,83.0,37.0,1,1,0.151,Medium,1136154
KE015,Kitui,2017-12,33.4787665,22.468325,82.0,35.0,0,0,0.151,Medium,1136154
KE015,Kitui,2018-01,64.84131983333333,53.428753,79.1,36.9,0,0,0.151,Medium,1136154
KE015,Kitui,2018-02,75.0514615,68.521225,80.0,36.0,0,0,0.151,Medium,1136154
KE015,Kitui,2018-03,271.084975,75.67607,82.0,34.0,0,0,0.151,Medium,1136154
KE015,Kitui,2018-04,227.632595,154.32744,79.0,30.0,0,0,0.151,Medium,1136154
KE015,Kitui,2018-05,115.55299266666667,66.261055,73.0,30.0,0,0,0.151,Medium,1136154
KE015,Kitui,2018-06,116.34536750000001,104.64781,74.0,31.0,0,0,0.151,Medium,1136154
KE015,Kitui,2018-07,128.24517,106.13832,73.4,29.6,0,0,0.151,Medium,1136154
KE015,Kitui,2018-08,103.71533833333332,95.12277,76.7,30.0,0,0,0.151,Medium,1136154
KE015,Kitui,2018-09,110.12200833333333,99.78058,76.9,27.0,1,1,0.151,Medium,1136154
KE015,Kitui,2018-10,82.70138283333334,45.40451,81.0,33.56,0,0,0.151,Medium,1136154
KE015,Kitui,2018-11,59.86177783333333,43.093597,71.0,26.9,0,0,0.151,Medium,1136154
KE015,Kitui,2018-12,167.01539583333332,44.019955,66.1,27.9,0,0,0.151,Medium,1136154
KE015,Kitui,2019-01,94.36405,73.16985,71.0,29.0,0,0,0.151,Medium,1136154
KE015,Kitui,2019-02,104.00372983333334,78.07142,69.0,27.0,0,0,0.151,Medium,1136154
KE015,Kitui,2019-03,32.292936166666664,23.925144,70.0,29.0,0,0,0.151,Medium,1136154
KE015,Kitui,2019-04,80.32315366666666,20.526945,77.0,34.0,0,0,0.151,Medium,1136154
KE015,Kitui,2019-05,86.27645000000001,53.01122,80.0,42.0,0,0,0.151,Medium,1136154
KE015,Kitui,2019-06,106.98419799999999,99.468124,85.0,41.0,0,0,0.151,Medium,1136154
KE015,Kitui,2019-07,117.30729833333334,99.53707,87.6,43.5,4,3,0.151,Medium,1136154
KE015,Kitui,2019-08,116.413585,101.93113,93.1,44.8,0,0,0.151,Medium,1136154
KE015,Kitui,2019-09,110.65218233333333,103.47616,89.8,43.3,0,0,0.151,Medium,1136154
KE015,Kitui,2019-10,339.61571,221.54417,87.4,44.6,0,0,0.151,Medium,1136154
KE015,Kitui,2019-11,175.88562083333332,48.839725,92.3,43.6,0,0,0.151,Medium,1136154
KE015,Kitui,2019-12,221.94765833333335,83.41233,89.3,44.6,0,0,0.151,Medium,1136154
KE015,Kitui,2020-01,225.98952999999997,144.36977,79.0,38.0,0,0,0.151,Medium,1136154
KE015,Kitui,2020-02,162.94522833333335,81.32922,78.0,37.0,0,0,0.151,Medium,1136154
KE015,Kitui,2020-03,193.57873583333333,74.671455,78.0,30.0,0,0,0.151,Medium,1136154
KE015,Kitui,2020-04,162.085066,32.788116,86.0,32.0,0,0,0.151,Medium,1136154
KE015,Kitui,2020-05,83.817479,61.03242,92.0,34.0,0,0,0.151,Medium,1136154
KE015,Kitui,2020-06,110.96007850000001,103.42848,95.0,33.0,0,0,0.151,Medium,1136154
KE015,Kitui,2020-07,136.445795,107.42658,98.0,34.0,0,0,0.151,Medium,1136154
KE015,Kitui,2020-08,110.59866733333332,103.47898,92.0,33.0,0,0,0.151,Medium,1136154
KE015,Kitui,2020-09,105.099601,98.85766,94.0,34.0,0,0,0.151,Medium,1136154
KE015,Kitui,2020-10,68.62343083333333,58.89728,85.0,33.0,0,0,0.151,Medium,1136154
KE015,Kitui,2020-11,90.43658366666666,24.083502,94.0,35.0,0,0,0.151,Medium,1136154
KE015,Kitui,2020-12,90.77285266666667,39.42167,94.0,33.0,0,0,0.151,Medium,1136154
KE015,Kitui,2021-01,76.435886,53.360046,,,0,0,0.151,Medium,1136154
KE015,Kitui,2021-02,108.00718433333334,74.517456,,,0,0,0.151,Medium,1136154
KE015,Kitui,2021-03,44.32851483333334,34.836094,,,0,0,0.151,Medium,1136154
KE015,Kitui,2021-04,94.8995795,51.148617,,,0,0,0.151,Medium,1136154
KE015,Kitui,2021-05,146.28460066666668,81.96005,,,0,0,0.151,Medium,1136154
KE015,Kitui,2021-06,95.14229833333333,86.75924,,,0,0,0.151,Medium,1136154
KE015,Kitui,2021-07,114.66075683333334,105.189445,,,0,0,0.151,Medium,1136154
KE015,Kitui,2021-08,100.814994,89.95469,,,0,0,0.151,Medium,1136154
KE015,Kitui,2021-09,97.427326,89.53701,,,0,0,0.151,Medium,1136154
KE015,Kitui,2021-10,71.63062633333334,43.166424,,,1,0,0.151,Medium,1136154
KE015,Kitui,2021-11,66.77801699999999,21.296295,,,0,0,0.151,Medium,1136154
KE015,Kitui,2021-12,225.46595266666668,76.41276,,,0,0,0.151,Medium,1136154
KE015,Kitui,2022-01,82.90593116666666,54.920155,,,0,0,0.151,Medium,1136154
KE015,Kitui,2022-02,103.83564000000001,70.06064,,,1,0,0.151,Medium,1136154
KE015,Kitui,2022-03,38.04712933333334,30.71545,,,1,2,0.151,Medium,1136154
KE015,Kitui,2022-04,99.95189316666666,18.486626,,,0,0,0.151,Medium,1136154
KE015,Kitui,2022-05,64.99091266666666,36.778687,,,1,0,0.151,Medium,1136154
KE015,Kitui,2022-06,99.60318166666667,89.09633,,,0,0,0.151,Medium,1136154
KE015,Kitui,2022-07,107.58872833333334,102.28357,,,1,0,0.151,Medium,1136154
KE015,Kitui,2022-08,106.50263666666666,98.47523,,,2,0,0.151,Medium,1136154
KE015,Kitui,2022-09,98.41772333333334,93.28432,,,0,0,0.151,Medium,1136154
KE015,Kitui,2022-10,60.523400333333335,37.166866,,,2,1,0.151,Medium,1136154
KE015,Kitui,2022-11,88.90511,70.47208,,,3,1,0.151,Medium,1136154
KE015,Kitui,2022-12,64.49312733333333,43.857933,,,4,2,0.151,Medium,1136154
KE015,Kitui,2023-01,81.106004,59.658234,,,0,0,0.151,Medium,1136154
KE015,Kitui,2023-02,68.33662166666666,58.20268,,,0,0,0.151,Medium,1136154
KE015,Kitui,2023-03,88.94492733333334,33.229904,,,1,2,0.151,Medium,1136154
KE015,Kitui,2023-04,186.28219833333333,112.48985,,,1,0,0.151,Medium,1136154
KE015,Kitui,2023-05,84.52006866666666,56.768173,,,0,0,0.151,Medium,1136154
KE015,Kitui,2023-06,108.87980499999999,100.60959,,,0,0,0.151,Medium,1136154
KE015,Kitui,2023-07,115.94934933333333,109.31376,,,2,1,0.151,Medium,1136154
KE015,Kitui,2023-08,98.33205733333334,91.156334,,,1,0,0.151,Medium,1136154
KE015,Kitui,2023-09,96.61910999999999,91.527466,,,2,12,0.151,Medium,1136154
KE015,Kitui,2023-10,140.45558166666666,97.59157,,,2,1,0.151,Medium,1136154
KE015,Kitui,2023-11,214.06557999999998,132.5953,,,1,0,0.151,Medium,1136154
KE015,Kitui,2023-12,84.64613083333333,27.907377,,,1,1,0.151,Medium,1136154
KE015,Kitui,2024-01,110.46836833333333,74.37262,,,0,0,0.151,Medium,1136154
KE015,Kitui,2024-02,152.654075,79.56512,,,0,0,0.151,Medium,1136154
KE015,Kitui,2024-03,97.0291715,31.209093,,,1,0,0.151,Medium,1136154
KE015,Kitui,2024-04,180.15665666666666,70.97121,,,0,0,0.151,Medium,1136154
KE015,Kitui,2024-05,170.3004625,87.37629,,,0,0,0.151,Medium,1136154
KE015,Kitui,2024-06,97.86724249999999,86.47223,,,0,0,0.151,Medium,1136154
KE015,Kitui,2024-07,104.2222015,89.82036,,,0,0,0.151,Medium,1136154
KE015,Kitui,2024-08,101.73797833333333,96.19298,,,3,4,0.151,Medium,1136154
KE015,Kitui,2024-09,93.67076750000001,83.71872,,,1,0,0.151,Medium,1136154
KE015,Kitui,2024-10,66.46944216666667,35.38665,,,2,1,0.151,Medium,1136154
KE015,Kitui,2024-11,136.843245,77.24573,,,0,0,0.151,Medium,1136154
KE015,Kitui,2024-12,69.809675,30.792654,,,0,0,0.151,Medium,1136154
KE015,Kitui,2025-01,91.6081855,58.027733,,,2,0,0.151,Medium,1136154
KE015,Kitui,2025-02,64.86857533333334,54.57145,,,0,0,0.151,Medium,1136154
KE015,Kitui,2025-03,180.47238216666665,56.002743,,,0,0,0.151,Medium,1136154
KE015,Kitui,2025-04,124.17741333333333,82.02937,,,1,0,0.151,Medium,1136154
KE015,Kitui,2025-05,91.64250399999999,57.66489,,,0,0,0.151,Medium,1136154
KE015,Kitui,2025-06,103.02776666666666,98.89569,,,0,0,0.151,Medium,1136154
KE015,Kitui,2025-07,99.37253933333334,88.42475,,,2,2,0.151,Medium,1136154
KE015,Kitui,2025-08,109.40261500000001,100.47811,,,1,1,0.151,Medium,1136154
KE015,Kitui,2025-09,99.85787166666667,88.65963,,,0,0,0.151,Medium,1136154
KE015,Kitui,2025-10,141.11280333333335,51.52181,,,1,0,0.151,Medium,1136154
KE015,Kitui,2025-11,40.588055833333335,33.775883,,,0,0,0.151,Medium,1136154
KE015,Kitui,2025-12,100.99685683333333,27.785933,,,1,2,0.151,Medium,1136154
KE017,Makueni,2006-01,43.482427666666666,34.544468,,,0,0,0.1019,Low,987633
KE017,Makueni,2006-02,76.97824766666666,42.32228,,,0,0,0.1019,Low,987633
KE017,Makueni,2006-03,118.01421833333332,73.711845,,,0,0,0.1019,Low,987633
KE017,Makueni,2006-04,125.19374800000001,80.166824,,,0,0,0.1019,Low,987633
KE017,Makueni,2006-05,116.09281,77.55521,,,0,0,0.1019,Low,987633
KE017,Makueni,2006-06,89.61475466666667,82.053314,,,0,0,0.1019,Low,987633
KE017,Makueni,2006-07,94.31171166666667,92.55096,,,0,0,0.1019,Low,987633
KE017,Makueni,2006-08,95.48802333333333,90.53343,,,0,0,0.1019,Low,987633
KE017,Makueni,2006-09,104.03037533333334,94.43816,,,0,0,0.1019,Low,987633
KE017,Makueni,2006-10,117.91772200000001,94.014946,,,0,0,0.1019,Low,987633
KE017,Makueni,2006-11,180.97088999999997,128.68355,,,0,0,0.1019,Low,987633
KE017,Makueni,2006-12,233.67479333333333,64.75573,,,0,0,0.1019,Low,987633
KE017,Makueni,2007-01,76.12517833333334,57.41715,,,0,0,0.1019,Low,987633
KE017,Makueni,2007-02,99.98309666666667,51.72956,,,0,0,0.1019,Low,987633
KE017,Makueni,2007-03,53.45022600000001,41.59534,,,0,0,0.1019,Low,987633
KE017,Makueni,2007-04,64.43369133333333,39.100044,,,0,0,0.1019,Low,987633
KE017,Makueni,2007-05,104.98405433333335,48.117943,,,0,0,0.1019,Low,987633
KE017,Makueni,2007-06,95.76154333333334,94.26085,,,0,0,0.1019,Low,987633
KE017,Makueni,2007-07,100.26222333333334,92.49567,,,0,0,0.1019,Low,987633
KE017,Makueni,2007-08,93.83598333333333,91.2662,,,0,0,0.1019,Low,987633
KE017,Makueni,2007-09,93.73913366666666,87.430275,,,0,0,0.1019,Low,987633
KE017,Makueni,2007-10,76.96968666666668,71.53717,,,0,0,0.1019,Low,987633
KE017,Makueni,2007-11,73.25961633333333,56.037964,,,0,0,0.1019,Low,987633
KE017,Makueni,2007-12,72.45619666666666,62.72562,,,0,0,0.1019,Low,987633
KE017,Makueni,2008-01,146.53079666666667,39.32071,,,0,0,0.1019,Low,987633
KE017,Makueni,2008-02,72.599056,57.355648,,,0,0,0.1019,Low,987633
KE017,Makueni,2008-03,189.06348866666667,67.7549,,,0,0,0.1019,Low,987633
KE017,Makueni,2008-04,50.576800999999996,32.514843,,,0,0,0.1019,Low,987633
KE017,Makueni,2008-05,63.421884666666664,40.720524,,,0,0,0.1019,Low,987633
KE017,Makueni,2008-06,94.54129499999999,89.77167,,,0,0,0.1019,Low,987633
KE017,Makueni,2008-07,100.52648166666667,95.14946,,,0,0,0.1019,Low,987633
KE017,Makueni,2008-08,87.301768,86.445564,,,0,0,0.1019,Low,987633
KE017,Makueni,2008-09,94.974115,92.99225,,,0,0,0.1019,Low,987633
KE017,Makueni,2008-10,113.560188,70.14137,,,0,0,0.1019,Low,987633
KE017,Makueni,2008-11,77.69289199999999,38.779366,,,0,0,0.1019,Low,987633
KE017,Makueni,2008-12,40.708642000000005,22.453913,,,0,0,0.1019,Low,987633
KE017,Makueni,2009-01,89.57381566666668,36.840027,,,0,0,0.1019,Low,987633
KE017,Makueni,2009-02,77.16161333333334,45.00409,,,0,0,0.1019,Low,987633
KE017,Makueni,2009-03,35.66089466666667,33.688324,,,0,0,0.1019,Low,987633
KE017,Makueni,2009-04,61.86219833333333,53.396065,,,0,0,0.1019,Low,987633
KE017,Makueni,2009-05,84.83909133333333,60.22123,,,0,0,0.1019,Low,987633
KE017,Makueni,2009-06,102.90569666666666,98.14183,,,0,0,0.1019,Low,987633
KE017,Makueni,2009-07,93.16667666666666,91.64817,,,0,0,0.1019,Low,987633
KE017,Makueni,2009-08,89.74828000000001,88.10326,,,0,0,0.1019,Low,987633
KE017,Makueni,2009-09,91.12999666666667,83.62472,,,0,0,0.1019,Low,987633
KE017,Makueni,2009-10,136.82271333333333,116.14319,,,0,0,0.1019,Low,987633
KE017,Makueni,2009-11,63.89530033333333,58.436226,,,0,0,0.1019,Low,987633
KE017,Makueni,2009-12,146.82147,90.52375,,,0,0,0.1019,Low,987633
KE017,Makueni,2010-01,73.18712933333333,40.824715,,,0,0,0.1019,Low,987633
KE017,Makueni,2010-02,119.58599166666666,53.384735,,,0,0,0.1019,Low,987633
KE017,Makueni,2010-03,196.25221766666664,38.632263,,,0,0,0.1019,Low,987633
KE017,Makueni,2010-04,67.63622133333332,56.738438,,,0,0,0.1019,Low,987633
KE017,Makueni,2010-05,101.14081800000001,91.76663,,,0,0,0.1019,Low,987633
KE017,Makueni,2010-06,94.61149666666665,91.60936,,,0,0,0.1019,Low,987633
KE017,Makueni,2010-07,98.10458333333334,93.906586,,,0,0,0.1019,Low,987633
KE017,Makueni,2010-08,89.169548,85.38948,,,0,0,0.1019,Low,987633
KE017,Makueni,2010-09,96.59610533333334,94.26076,,,0,0,0.1019,Low,987633
KE017,Makueni,2010-10,78.315512,69.8879,,,0,0,0.1019,Low,987633
KE017,Makueni,2010-11,90.68851000000001,54.396713,,,0,0,0.1019,Low,987633
KE017,Makueni,2010-12,74.82484566666666,37.790997,,,0,0,0.1019,Low,987633
KE017,Makueni,2011-01,53.39376433333334,38.8579,,,0,0,0.1019,Low,987633
KE017,Makueni,2011-02,132.23392933333335,60.663425,,,0,0,0.1019,Low,987633
KE017,Makueni,2011-03,130.64230899999998,41.417877,,,0,0,0.1019,Low,987633
KE017,Makueni,2011-04,39.60747,31.173538,,,0,0,0.1019,Low,987633
KE017,Makueni,2011-05,90.26212399999999,56.956642,,,0,0,0.1019,Low,987633
KE017,Makueni,2011-06,94.99305133333333,85.728714,,,0,0,0.1019,Low,987633
KE017,Makueni,2011-07,92.87081,91.54167,,,0,0,0.1019,Low,987633
KE017,Makueni,2011-08,92.97955333333334,91.2662,,,0,0,0.1019,Low,987633
KE017,Makueni,2011-09,96.29076466666667,92.320724,,,0,0,0.1019,Low,987633
KE017,Makueni,2011-10,161.24754333333334,98.22414,,,0,0,0.1019,Low,987633
KE017,Makueni,2011-11,128.11711533333335,104.2717,,,0,0,0.1019,Low,987633
KE017,Makueni,2011-12,52.90420666666666,36.81569,,,0,0,0.1019,Low,987633
KE017,Makueni,2012-01,60.022023333333344,33.61884,,,0,0,0.1019,Low,987633
KE017,Makueni,2012-02,87.47916433333334,41.672783,,,0,0,0.1019,Low,987633
KE017,Makueni,2012-03,75.70307066666668,21.695446,,,0,0,0.1019,Low,987633
KE017,Makueni,2012-04,163.82082466666665,95.198944,,,0,0,0.1019,Low,987633
KE017,Makueni,2012-05,104.01857333333334,82.4264,,,0,0,0.1019,Low,987633
KE017,Makueni,2012-06,104.656702,95.33971,,,0,0,0.1019,Low,987633
KE017,Makueni,2012-07,94.067618,92.553474,,,0,0,0.1019,Low,987633
KE017,Makueni,2012-08,109.39065666666666,107.43802,,,0,0,0.1019,Low,987633
KE017,Makueni,2012-09,91.296732,90.146286,,,0,0,0.1019,Low,987633
KE017,Makueni,2012-10,89.88155333333333,64.66032,,,0,0,0.1019,Low,987633
KE017,Makueni,2012-11,82.95561666666667,38.30901,,,0,0,0.1019,Low,987633
KE017,Makueni,2012-12,111.337085,54.91689,,,0,0,0.1019,Low,987633
KE017,Makueni,2013-01,65.70718633333333,38.855957,,,0,0,0.1019,Low,987633
KE017,Makueni,2013-02,70.74387666666667,44.10317,,,0,0,0.1019,Low,987633
KE017,Makueni,2013-03,127.22559333333334,43.65701,,,0,0,0.1019,Low,987633
KE017,Makueni,2013-04,119.59329433333335,41.131203,,,0,0,0.1019,Low,987633
KE017,Makueni,2013-05,70.53732266666667,55.793198,,,0,0,0.1019,Low,987633
KE017,Makueni,2013-06,95.08615333333334,85.54495,,,0,0,0.1019,Low,987633
KE017,Makueni,2013-07,96.64056999999998,95.481186,,,0,0,0.1019,Low,987633
KE017,Makueni,2013-08,96.62902666666668,94.95722,,,0,0,0.1019,Low,987633
KE017,Makueni,2013-09,118.29701,98.4356,,,0,0,0.1019,Low,987633
KE017,Makueni,2013-10,88.71236466666666,47.691284,,,0,0,0.1019,Low,987633
KE017,Makueni,2013-11,84.481248,38.101044,,,0,0,0.1019,Low,987633
KE017,Makueni,2013-12,105.153139,34.264347,,,0,0,0.1019,Low,987633
KE017,Makueni,2014-01,41.345409,32.84131,,,0,0,0.1019,Low,987633
KE017,Makueni,2014-02,141.81261133333334,55.857784,,,0,0,0.1019,Low,987633
KE017,Makueni,2014-03,131.47665866666668,30.778976,,,0,0,0.1019,Low,987633
KE017,Makueni,2014-04,52.374396999999995,47.075977,,,0,0,0.1019,Low,987633
KE017,Makueni,2014-05,68.05237100000001,58.415287,,,0,0,0.1019,Low,987633
KE017,Makueni,2014-06,106.68945033333334,105.16239,,,0,0,0.1019,Low,987633
KE017,Makueni,2014-07,98.93952999999999,96.75279,,,0,0,0.1019,Low,987633
KE017,Makueni,2014-08,97.75651866666668,93.743576,,,0,0,0.1019,Low,987633
KE017,Makueni,2014-09,102.24651666666666,96.94417,,,0,0,0.1019,Low,987633
KE017,Makueni,2014-10,93.10849233333333,59.866917,,,0,0,0.1019,Low,987633
KE017,Makueni,2014-11,88.49362,79.84765,,,0,0,0.1019,Low,987633
KE017,Makueni,2014-12,86.577735,51.37218,,,0,0,0.1019,Low,987633
KE017,Makueni,2015-01,38.474235666666665,32.28593,,,0,0,0.1019,Low,987633
KE017,Makueni,2015-02,79.619899,57.01239,,,0,0,0.1019,Low,987633
KE017,Makueni,2015-03,67.54789466666666,39.15398,,,0,0,0.1019,Low,987633
KE017,Makueni,2015-04,165.69840333333335,143.8162,,,0,0,0.1019,Low,987633
KE017,Makueni,2015-05,156.93273166666665,80.34239,,,0,0,0.1019,Low,987633
KE017,Makueni,2015-06,94.90052333333334,92.733864,,,0,0,0.1019,Low,987633
KE017,Makueni,2015-07,111.25909999999999,108.9713,,,0,0,0.1019,Low,987633
KE017,Makueni,2015-08,97.24794000000001,92.02517,,,0,0,0.1019,Low,987633
KE017,Makueni,2015-09,103.15187666666667,96.94417,,,0,0,0.1019,Low,987633
KE017,Makueni,2015-10,111.86113666666665,92.36899,,,1,1,0.1019,Low,987633
KE017,Makueni,2015-11,136.36477666666667,97.94716,,,0,0,0.1019,Low,987633
KE017,Makueni,2015-12,117.47776199999998,44.198696,,,0,0,0.1019,Low,987633
KE017,Makueni,2016-01,138.27199533333334,80.52972,,,0,0,0.1019,Low,987633
KE017,Makueni,2016-02,76.99329133333333,50.975304,,,0,0,0.1019,Low,987633
KE017,Makueni,2016-03,59.62578266666666,20.392973,,,0,0,0.1019,Low,987633
KE017,Makueni,2016-04,139.83130333333332,129.9697,,,0,0,0.1019,Low,987633
KE017,Makueni,2016-05,84.21954466666666,75.311264,,,0,0,0.1019,Low,987633
KE017,Makueni,2016-06,99.64648166666666,99.23582,,,0,0,0.1019,Low,987633
KE017,Makueni,2016-07,94.82874333333332,93.77829,,,0,0,0.1019,Low,987633
KE017,Makueni,2016-08,108.41512366666666,104.524956,,,0,0,0.1019,Low,987633
KE017,Makueni,2016-09,99.66369533333334,97.57843,,,0,0,0.1019,Low,987633
KE017,Makueni,2016-10,85.98975166666666,59.482635,,,0,0,0.1019,Low,987633
KE017,Makueni,2016-11,114.62933333333335,67.40478,,,0,0,0.1019,Low,987633
KE017,Makueni,2016-12,47.81989333333333,35.88109,,,0,0,0.1019,Low,987633
KE017,Makueni,2017-01,50.54408833333334,42.05789,,,0,0,0.1019,Low,987633
KE017,Makueni,2017-02,121.976788,61.870148,,,0,0,0.1019,Low,987633
KE017,Makueni,2017-03,31.938495,30.682499,,,0,0,0.1019,Low,987633
KE017,Makueni,2017-04,85.84535233333334,51.77569,,,0,0,0.1019,Low,987633
KE017,Makueni,2017-05,111.01215333333334,100.44726,,,0,0,0.1019,Low,987633
KE017,Makueni,2017-06,97.12290333333333,90.00137,,,0,0,0.1019,Low,987633
KE017,Makueni,2017-07,114.34028333333333,107.36796,,,0,0,0.1019,Low,987633
KE017,Makueni,2017-08,121.23585466666667,118.77369,,,0,0,0.1019,Low,987633
KE017,Makueni,2017-09,107.31582666666667,99.28606,,,0,0,0.1019,Low,987633
KE017,Makueni,2017-10,101.03522133333333,78.80179,,,0,0,0.1019,Low,987633
KE017,Makueni,2017-11,93.71703533333334,61.534256,,,1,1,0.1019,Low,987633
KE017,Makueni,2017-12,40.83164333333334,33.419956,,,0,0,0.1019,Low,987633
KE017,Makueni,2018-01,72.29473066666667,45.346367,,,0,0,0.1019,Low,987633
KE017,Makueni,2018-02,67.36130133333334,55.4799,,,0,0,0.1019,Low,987633
KE017,Makueni,2018-03,257.90673,41.4744,,,0,0,0.1019,Low,987633
KE017,Makueni,2018-04,227.4504866666667,112.7033,,,0,0,0.1019,Low,987633
KE017,Makueni,2018-05,119.897065,82.23984,,,0,0,0.1019,Low,987633
KE017,Makueni,2018-06,116.85343,113.75052,,,0,0,0.1019,Low,987633
KE017,Makueni,2018-07,124.122275,120.085205,,,0,0,0.1019,Low,987633
KE017,Makueni,2018-08,112.27449133333334,104.33085,,,0,0,0.1019,Low,987633
KE017,Makueni,2018-09,116.42327633333333,111.235275,,,0,0,0.1019,Low,987633
KE017,Makueni,2018-10,110.98836833333333,86.89601,,,0,0,0.1019,Low,987633
KE017,Makueni,2018-11,75.79103333333335,53.19289,,,0,0,0.1019,Low,987633
KE017,Makueni,2018-12,173.58596333333332,64.94424,,,0,0,0.1019,Low,987633
KE017,Makueni,2019-01,54.08071133333333,49.835857,,,1,1,0.1019,Low,987633
KE017,Makueni,2019-02,74.790938,61.702538,,,0,0,0.1019,Low,987633
KE017,Makueni,2019-03,28.241555666666667,20.272032,,,0,0,0.1019,Low,987633
KE017,Makueni,2019-04,88.358591,27.722546,,,0,0,0.1019,Low,987633
KE017,Makueni,2019-05,91.47085833333334,74.1131,,,0,0,0.1019,Low,987633
KE017,Makueni,2019-06,104.92199666666666,100.14112,,,0,0,0.1019,Low,987633
KE017,Makueni,2019-07,131.9165,126.95482,,,1,0,0.1019,Low,987633
KE017,Makueni,2019-08,125.39524133333333,108.485794,,,0,0,0.1019,Low,987633
KE017,Makueni,2019-09,115.72415666666666,114.11798,,,0,0,0.1019,Low,987633
KE017,Makueni,2019-10,364.66927000000004,250.66357,,,0,0,0.1019,Low,987633
KE017,Makueni,2019-11,162.01942766666664,45.261513,,,1,4,0.1019,Low,987633
KE017,Makueni,2019-12,232.98541666666665,82.11293,,,0,0,0.1019,Low,987633
KE017,Makueni,2020-01,272.06751133333336,115.000114,,,0,0,0.1019,Low,987633
KE017,Makueni,2020-02,185.914851,52.525723,,,0,0,0.1019,Low,987633
KE017,Makueni,2020-03,171.38299666666668,72.97895,,,0,0,0.1019,Low,987633
KE017,Makueni,2020-04,161.656292,37.030796,,,0,0,0.1019,Low,987633
KE017,Makueni,2020-05,70.93991266666667,50.670578,,,1,1,0.1019,Low,987633
KE017,Makueni,2020-06,109.62329166666666,107.22982,,,0,0,0.1019,Low,987633
KE017,Makueni,2020-07,125.94648166666666,114.65341,,,0,0,0.1019,Low,987633
KE017,Makueni,2020-08,100.76529666666666,99.39697,,,0,0,0.1019,Low,987633
KE017,Makueni,2020-09,111.67993333333334,108.18774,,,0,0,0.1019,Low,987633
KE017,Makueni,2020-10,73.71925666666667,71.43409,,,0,0,0.1019,Low,987633
KE017,Makueni,2020-11,109.40330733333333,104.582146,,,0,0,0.1019,Low,987633
KE017,Makueni,2020-12,95.024616,38.217598,,,0,0,0.1019,Low,987633
KE017,Makueni,2021-01,61.072522,35.04825,,,0,0,0.1019,Low,987633
KE017,Makueni,2021-02,126.78312666666666,82.84272,,,0,0,0.1019,Low,987633
KE017,Makueni,2021-03,49.45445333333333,31.226803,,,0,0,0.1019,Low,987633
KE017,Makueni,2021-04,77.82214166666667,67.67715,,,0,0,0.1019,Low,987633
KE017,Makueni,2021-05,167.91175333333334,86.68227,,,0,0,0.1019,Low,987633
KE017,Makueni,2021-06,89.04537833333332,81.22636,,,0,0,0.1019,Low,987633
KE017,Makueni,2021-07,129.93296999999998,125.88976,,,0,0,0.1019,Low,987633
KE017,Makueni,2021-08,102.51916833333333,100.3469,,,0,0,0.1019,Low,987633
KE017,Makueni,2021-09,97.12563666666667,90.9431,,,0,0,0.1019,Low,987633
KE017,Makueni,2021-10,81.78580033333334,54.709457,,,0,0,0.1019,Low,987633
KE017,Makueni,2021-11,90.31119333333334,39.076706,,,0,0,0.1019,Low,987633
KE017,Makueni,2021-12,152.26799866666667,84.955696,,,0,0,0.1019,Low,987633
KE017,Makueni,2022-01,61.74145033333334,34.600006,,,0,0,0.1019,Low,987633
KE017,Makueni,2022-02,121.28469,79.69998,,,0,0,0.1019,Low,987633
KE017,Makueni,2022-03,37.86560266666667,26.843828,,,0,0,0.1019,Low,987633
KE017,Makueni,2022-04,102.47373766666668,22.229263,,,0,0,0.1019,Low,987633
KE017,Makueni,2022-05,64.66114333333333,45.860516,,,0,0,0.1019,Low,987633
KE017,Makueni,2022-06,95.71187466666667,88.48527,,,0,0,0.1019,Low,987633
KE017,Makueni,2022-07,101.34580666666666,96.70719,,,0,0,0.1019,Low,987633
KE017,Makueni,2022-08,94.67354333333333,92.23549,,,0,0,0.1019,Low,987633
KE017,Makueni,2022-09,98.51570466666665,95.23655,,,0,0,0.1019,Low,987633
KE017,Makueni,2022-10,73.84324166666666,61.849,,,0,0,0.1019,Low,987633
KE017,Makueni,2022-11,83.42160533333333,61.45155,,,0,0,0.1019,Low,987633
KE017,Makueni,2022-12,62.180378999999995,40.845497,,,1,2,0.1019,Low,987633
KE017,Makueni,2023-01,56.05911433333333,40.824715,,,0,0,0.1019,Low,987633
KE017,Makueni,2023-02,49.30710933333333,37.419598,,,0,0,0.1019,Low,987633
KE017,Makueni,2023-03,67.27382233333333,24.109997,,,0,0,0.1019,Low,987633
KE017,Makueni,2023-04,130.32507166666667,59.758835,,,0,0,0.1019,Low,987633
KE017,Makueni,2023-05,87.234395,69.730675,,,1,1,0.1019,Low,987633
KE017,Makueni,2023-06,108.026504,104.28948,,,0,0,0.1019,Low,987633
KE017,Makueni,2023-07,106.81262866666667,105.9732,,,0,0,0.1019,Low,987633
KE017,Makueni,2023-08,94.95449,90.79063,,,0,0,0.1019,Low,987633
KE017,Makueni,2023-09,99.97235833333333,96.7978,,,0,0,0.1019,Low,987633
KE017,Makueni,2023-10,127.77658000000001,85.79577,,,0,0,0.1019,Low,987633
KE017,Makueni,2023-11,223.83252666666667,119.66137,,,0,0,0.1019,Low,987633
KE017,Makueni,2023-12,78.01011799999999,59.88826,,,0,0,0.1019,Low,987633
KE017,Makueni,2024-01,137.96876,59.32669,,,0,0,0.1019,Low,987633
KE017,Makueni,2024-02,163.468339,54.893257,,,0,0,0.1019,Low,987633
KE017,Makueni,2024-03,132.04605033333334,88.456696,152.5,54.5,1,1,0.1019,Low,987633
KE017,Makueni,2024-04,228.51536666666667,130.01894,,,0,0,0.1019,Low,987633
KE017,Makueni,2024-05,168.04688,85.51649,,,1,1,0.1019,Low,987633
KE017,Makueni,2024-06,103.85188333333333,98.22878,,,1,0,0.1019,Low,987633
KE017,Makueni,2024-07,112.52495333333333,101.95734,,,0,0,0.1019,Low,987633
KE017,Makueni,2024-08,92.06604,91.04782,,,0,0,0.1019,Low,987633
KE017,Makueni,2024-09,97.195612,91.62615,,,1,0,0.1019,Low,987633
KE017,Makueni,2024-10,61.084149000000004,49.89584,,,0,0,0.1019,Low,987633
KE017,Makueni,2024-11,147.59582666666668,77.73471,,,1,0,0.1019,Low,987633
KE017,Makueni,2024-12,91.13698833333335,86.847176,,,0,0,0.1019,Low,987633
KE017,Makueni,2025-01,161.38444333333334,39.591537,,,0,0,0.1019,Low,987633
KE017,Makueni,2025-02,45.99426033333333,35.57586,,,0,0,0.1019,Low,987633
KE017,Makueni,2025-03,187.17744666666667,81.15338,,,0,0,0.1019,Low,987633
KE017,Makueni,2025-04,129.72817999999998,116.90178,,,0,0,0.1019,Low,987633
KE017,Makueni,2025-05,112.01763666666666,67.9073,,,0,0,0.1019,Low,987633
KE017,Makueni,2025-06,105.70584666666667,95.88202,,,0,0,0.1019,Low,987633
KE017,Makueni,2025-07,100.00510666666666,96.44093,,,0,0,0.1019,Low,987633
KE017,Makueni,2025-08,123.09616666666666,116.62076,,,0,0,0.1019,Low,987633
KE017,Makueni,2025-09,104.58753666666667,103.55547,,,0,0,0.1019,Low,987633
KE017,Makueni,2025-10,137.27266666666665,67.10475,,,0,0,0.1019,Low,987633
KE017,Makueni,2025-11,41.469545333333336,30.34409,,,0,0,0.1019,Low,987633
KE017,Makueni,2025-12,152.80904766666666,29.716343,,,0,0,0.1019,Low,987633
KE009,Mandera,2006-01,96.71979666666668,95.55747,,30.0,0,0,0.4612,High,867420
KE009,Mandera,2006-02,88.03461333333333,86.43906,,29.0,0,0,0.4612,High,867420
KE009,Mandera,2006-03,70.88364466666667,66.632164,,27.0,0,0,0.4612,High,867420
KE009,Mandera,2006-04,134.73047666666668,68.61906,,28.0,0,0,0.4612,High,867420
KE009,Mandera,2006-05,98.83157333333334,65.91038,,25.0,0,0,0.4612,High,867420
KE009,Mandera,2006-06,97.13277866666665,93.95959,,22.0,0,0,0.4612,High,867420
KE009,Mandera,2006-07,95.88694133333333,95.21293,,23.0,0,0,0.4612,High,867420
KE009,Mandera,2006-08,98.59234,96.32785,,23.0,0,0,0.4612,High,867420
KE009,Mandera,2006-09,106.520572,98.48579,,22.0,0,0,0.4612,High,867420
KE009,Mandera,2006-10,214.37313666666668,98.17358,,23.0,0,0,0.4612,High,867420
KE009,Mandera,2006-11,168.49765666666667,136.21375,,31.0,0,0,0.4612,High,867420
KE009,Mandera,2006-12,136.21365666666665,81.48925,,28.0,0,0,0.4612,High,867420
KE009,Mandera,2007-01,96.18556333333333,94.54967,,20.0,0,0,0.4612,High,867420
KE009,Mandera,2007-02,96.41481333333333,88.24466,,23.0,0,0,0.4612,High,867420
KE009,Mandera,2007-03,79.72969166666667,51.06429,,22.0,0,0,0.4612,High,867420
KE009,Mandera,2007-04,79.42750333333333,45.3767,,26.0,2,7,0.4612,High,867420
KE009,Mandera,2007-05,106.75518466666666,77.15571,,33.0,0,0,0.4612,High,867420
KE009,Mandera,2007-06,110.91259666666667,100.76424,,29.0,0,0,0.4612,High,867420
KE009,Mandera,2007-07,96.343858,95.590454,,25.0,0,0,0.4612,High,867420
KE009,Mandera,2007-08,107.18433966666667,105.50368,,30.0,3,8,0.4612,High,867420
KE009,Mandera,2007-09,98.88917166666666,98.44473,,29.0,0,0,0.4612,High,867420
KE009,Mandera,2007-10,127.34066033333333,105.459305,,31.0,1,1,0.4612,High,867420
KE009,Mandera,2007-11,76.49157333333333,58.06334,,26.0,4,5,0.4612,High,867420
KE009,Mandera,2007-12,60.83094,40.89686,,31.0,0,0,0.4612,High,867420
KE009,Mandera,2008-01,97.47218333333335,94.72064,,31.0,2,0,0.4612,High,867420
KE009,Mandera,2008-02,88.77371333333333,82.09901,,29.0,0,0,0.4612,High,867420
KE009,Mandera,2008-03,58.284041333333334,55.35045,,33.0,0,0,0.4612,High,867420
KE009,Mandera,2008-04,103.77595133333334,64.39303,,31.0,0,0,0.4612,High,867420
KE009,Mandera,2008-05,67.76134266666666,49.84184,,34.0,0,0,0.4612,High,867420
KE009,Mandera,2008-06,108.77721000000001,103.64956,,31.0,0,0,0.4612,High,867420
KE009,Mandera,2008-07,96.59946666666667,95.74147,,32.0,0,0,0.4612,High,867420
KE009,Mandera,2008-08,98.14098133333334,97.128914,,34.0,6,19,0.4612,High,867420
KE009,Mandera,2008-09,97.64295,94.43383,,34.0,0,0,0.4612,High,867420
KE009,Mandera,2008-10,94.51863666666667,44.23405,,35.0,2,8,0.4612,High,867420
KE009,Mandera,2008-11,77.08738833333332,33.534897,,36.0,3,12,0.4612,High,867420
KE009,Mandera,2008-12,59.224758333333334,39.044205,,37.0,0,0,0.4612,High,867420
KE009,Mandera,2009-01,96.78443333333333,95.32856,,37.0,0,0,0.4612,High,867420
KE009,Mandera,2009-02,110.72260466666667,87.11173,,35.0,0,0,0.4612,High,867420
KE009,Mandera,2009-03,53.21930566666666,38.915207,,37.0,0,0,0.4612,High,867420
KE009,Mandera,2009-04,63.254986,36.606686,,39.0,0,0,0.4612,High,867420
KE009,Mandera,2009-05,98.97546,84.82626,,40.0,1,0,0.4612,High,867420
KE009,Mandera,2009-06,97.23268,94.63193,,43.0,0,0,0.4612,High,867420
KE009,Mandera,2009-07,95.93907,95.57159,,44.0,1,0,0.4612,High,867420
KE009,Mandera,2009-08,96.70935033333335,96.619156,,44.0,0,0,0.4612,High,867420
KE009,Mandera,2009-09,96.43812133333334,92.46386,,40.0,0,0,0.4612,High,867420
KE009,Mandera,2009-10,124.68493666666666,73.33542,,41.0,0,0,0.4612,High,867420
KE009,Mandera,2009-11,51.22782533333333,35.353836,,39.0,0,0,0.4612,High,867420
KE009,Mandera,2009-12,100.542155,85.992226,,36.0,0,0,0.4612,High,867420
KE009,Mandera,2010-01,100.648075,95.492775,,36.0,1,2,0.4612,High,867420
KE009,Mandera,2010-02,115.787778,94.24633,,39.0,0,0,0.4612,High,867420
KE009,Mandera,2010-03,251.22407666666666,196.47171,,34.0,0,0,0.4612,High,867420
KE009,Mandera,2010-04,96.36737333333333,75.10752,,33.0,0,0,0.4612,High,867420
KE009,Mandera,2010-05,63.92055,48.27365,,36.0,0,0,0.4612,High,867420
KE009,Mandera,2010-06,96.950588,93.304054,,39.0,0,0,0.4612,High,867420
KE009,Mandera,2010-07,98.15112333333333,95.57159,,41.0,0,0,0.4612,High,867420
KE009,Mandera,2010-08,97.06100333333332,96.46721,,44.0,0,0,0.4612,High,867420
KE009,Mandera,2010-09,96.92455866666667,94.575806,,45.0,0,0,0.4612,High,867420
KE009,Mandera,2010-10,66.45969266666667,49.831738,,45.0,1,30,0.4612,High,867420
KE009,Mandera,2010-11,43.025984666666666,29.343704,,47.0,0,0,0.4612,High,867420
KE009,Mandera,2010-12,61.303873333333335,39.59854,,49.0,0,0,0.4612,High,867420
KE009,Mandera,2011-01,96.078367,93.69478,,50.0,0,0,0.4612,High,867420
KE009,Mandera,2011-02,88.76666666666667,83.18318,,51.0,2,1,0.4612,High,867420
KE009,Mandera,2011-03,48.940133,35.24306,,52.0,1,1,0.4612,High,867420
KE009,Mandera,2011-04,45.07947066666667,24.882658,,54.0,0,0,0.4612,High,867420
KE009,Mandera,2011-05,76.42270666666667,58.48993,,57.0,4,6,0.4612,High,867420
KE009,Mandera,2011-06,100.01565799999999,97.701355,,59.0,0,0,0.4612,High,867420
KE009,Mandera,2011-07,96.21991333333334,94.72214,,63.0,1,4,0.4612,High,867420
KE009,Mandera,2011-08,96.95345466666667,96.87404,,63.0,0,0,0.4612,High,867420
KE009,Mandera,2011-09,97.87344999999999,94.71779,,65.0,0,0,0.4612,High,867420
KE009,Mandera,2011-10,198.42787666666666,111.60732,,67.0,3,5,0.4612,High,867420
KE009,Mandera,2011-11,269.9351633333333,133.68587,,65.0,2,1,0.4612,High,867420
KE009,Mandera,2011-12,127.96897333333334,83.00186,,60.0,2,0,0.4612,High,867420
KE009,Mandera,2012-01,94.94094866666667,93.96075,,76.0,1,0,0.4612,High,867420
KE009,Mandera,2012-02,100.75807166666668,92.108635,,76.0,2,2,0.4612,High,867420
KE009,Mandera,2012-03,53.29577666666666,36.351856,,78.0,6,11,0.4612,High,867420
KE009,Mandera,2012-04,85.93517333333334,77.5232,,78.24,0,0,0.4612,High,867420
KE009,Mandera,2012-05,95.83552466666667,60.09847,,78.67,1,0,0.4612,High,867420
KE009,Mandera,2012-06,96.74288133333334,92.2115,,79.0,4,1,0.4612,High,867420
KE009,Mandera,2012-07,95.62194666666666,94.92977,,80.0,4,8,0.4612,High,867420
KE009,Mandera,2012-08,99.62553833333334,99.327675,,80.0,4,20,0.4612,High,867420
KE009,Mandera,2012-09,100.20692466666667,96.7055,,80.0,2,0,0.4612,High,867420
KE009,Mandera,2012-10,111.22454666666668,72.91383,,79.0,1,1,0.4612,High,867420
KE009,Mandera,2012-11,86.63704233333333,40.969807,,79.0,0,0,0.4612,High,867420
KE009,Mandera,2012-12,77.139015,67.949905,,80.0,2,1,0.4612,High,867420
KE009,Mandera,2013-01,102.238555,98.57627,,78.0,1,2,0.4612,High,867420
KE009,Mandera,2013-02,91.90026999999999,82.02045,,78.0,3,4,0.4612,High,867420
KE009,Mandera,2013-03,228.911578,63.839764,,79.0,1,1,0.4612,High,867420
KE009,Mandera,2013-04,151.96144666666666,119.84035,,80.0,1,7,0.4612,High,867420
KE009,Mandera,2013-05,81.31614,66.69985,,80.0,6,9,0.4612,High,867420
KE009,Mandera,2013-06,99.72492466666665,94.968094,,78.0,5,27,0.4612,High,867420
KE009,Mandera,2013-07,103.201122,100.957016,,83.0,1,2,0.4612,High,867420
KE009,Mandera,2013-08,99.91654999999999,96.14111,,76.0,4,6,0.4612,High,867420
KE009,Mandera,2013-09,117.63105300000001,98.354935,,67.0,4,2,0.4612,High,867420
KE009,Mandera,2013-10,89.26410133333333,49.47219,,69.0,0,0,0.4612,High,867420
KE009,Mandera,2013-11,151.211285,46.632935,,67.0,6,72,0.4612,High,867420
KE009,Mandera,2013-12,64.45463033333334,39.511017,,64.0,1,0,0.4612,High,867420
KE009,Mandera,2014-01,96.770418,96.297424,,60.0,1,0,0.4612,High,867420
KE009,Mandera,2014-02,100.90870533333333,83.16747,,57.0,2,0,0.4612,High,867420
KE009,Mandera,2014-03,109.54150399999999,60.995262,,57.0,1,0,0.4612,High,867420
KE009,Mandera,2014-04,89.58382333333334,67.98647,,56.0,3,3,0.4612,High,867420
KE009,Mandera,2014-05,125.31884666666667,95.00218,,56.0,3,15,0.4612,High,867420
KE009,Mandera,2014-06,97.91917533333333,96.3464,,57.0,2,3,0.4612,High,867420
KE009,Mandera,2014-07,105.16096666666668,103.95319,,59.0,1,2,0.4612,High,867420
KE009,Mandera,2014-08,104.37827133333333,103.26997,,61.0,8,31,0.4612,High,867420
KE009,Mandera,2014-09,98.19958000000001,94.82427,,63.0,2,1,0.4612,High,867420
KE009,Mandera,2014-10,65.69839333333333,42.08862,,66.0,1,5,0.4612,High,867420
KE009,Mandera,2014-11,114.39543533333334,102.9664,,64.0,3,64,0.4612,High,867420
KE009,Mandera,2014-12,74.616012,44.93767,,60.0,1,0,0.4612,High,867420
KE009,Mandera,2015-01,97.45126166666667,96.79135,,66.0,1,0,0.4612,High,867420
KE009,Mandera,2015-02,91.287942,82.09901,,66.0,1,1,0.4612,High,867420
KE009,Mandera,2015-03,92.43418000000001,59.51269,,68.0,3,5,0.4612,High,867420
KE009,Mandera,2015-04,121.64030133333334,55.352314,,68.0,3,14,0.4612,High,867420
KE009,Mandera,2015-05,85.82729666666667,58.30327,,65.0,0,0,0.4612,High,867420
KE009,Mandera,2015-06,98.96647166666666,97.1532,,65.0,4,25,0.4612,High,867420
KE009,Mandera,2015-07,101.31152200000001,99.67721,,67.0,1,3,0.4612,High,867420
KE009,Mandera,2015-08,100.43364333333334,99.65955,,68.0,0,0,0.4612,High,867420
KE009,Mandera,2015-09,98.34427733333332,94.575806,,65.0,0,0,0.4612,High,867420
KE009,Mandera,2015-10,127.79928433333333,41.043983,,65.0,0,0,0.4612,High,867420
KE009,Mandera,2015-11,96.724035,57.17373,,66.0,0,0,0.4612,High,867420
KE009,Mandera,2015-12,84.53441833333333,49.350475,,65.0,7,21,0.4612,High,867420
KE009,Mandera,2016-01,97.04090533333333,96.61419,,60.0,1,6,0.4612,High,867420
KE009,Mandera,2016-02,107.03699,100.77771,,61.0,0,0,0.4612,High,867420
KE009,Mandera,2016-03,58.482889666666665,32.465107,,62.0,1,4,0.4612,High,867420
KE009,Mandera,2016-04,141.85551,89.07303,,,0,0,0.4612,High,867420
KE009,Mandera,2016-05,88.25774000000001,58.45448,,65.0,0,0,0.4612,High,867420
KE009,Mandera,2016-06,100.82983533333334,99.80986,,66.0,3,11,0.4612,High,867420
KE009,Mandera,2016-07,100.45040999999999,99.8389,,66.0,1,6,0.4612,High,867420
KE009,Mandera,2016-08,97.68646999999999,97.18354,,64.0,0,0,0.4612,High,867420
KE009,Mandera,2016-09,97.46289333333334,94.59355,,46.6,1,1,0.4612,High,867420
KE009,Mandera,2016-10,49.735711,37.5881,,63.0,3,13,0.4612,High,867420
KE009,Mandera,2016-11,78.621967,43.067535,,65.0,5,4,0.4612,High,867420
KE009,Mandera,2016-12,121.81470666666667,91.08117,,66.0,0,0,0.4612,High,867420
KE009,Mandera,2017-01,97.591752,96.71536,,66.0,3,17,0.4612,High,867420
KE009,Mandera,2017-02,118.14395333333334,84.91158,,64.0,0,0,0.4612,High,867420
KE009,Mandera,2017-03,50.697202000000004,42.46813,,68.6,2,3,0.4612,High,867420
KE009,Mandera,2017-04,87.30944133333333,64.114334,,65.0,2,14,0.4612,High,867420
KE009,Mandera,2017-05,112.45688833333332,83.610985,,64.0,5,8,0.4612,High,867420
KE009,Mandera,2017-06,98.45545666666668,96.01022,,66.0,6,16,0.4612,High,867420
KE009,Mandera,2017-07,99.50122866666668,98.742966,,66.0,2,1,0.4612,High,867420
KE009,Mandera,2017-08,101.45369333333333,100.80653,,67.0,2,2,0.4612,High,867420
KE009,Mandera,2017-09,102.34740866666665,101.47953,,70.0,1,0,0.4612,High,867420
KE009,Mandera,2017-10,85.66082966666666,60.083275,,70.0,4,4,0.4612,High,867420
KE009,Mandera,2017-11,124.338595,39.980385,,65.0,0,0,0.4612,High,867420
KE009,Mandera,2017-12,59.03912166666667,37.855305,,67.0,2,11,0.4612,High,867420
KE009,Mandera,2018-01,96.78971,96.14545,,67.5,1,4,0.4612,High,867420
KE009,Mandera,2018-02,119.77115166666668,100.509415,,67.0,1,5,0.4612,High,867420
KE009,Mandera,2018-03,232.257705,109.365555,,65.0,2,6,0.4612,High,867420
KE009,Mandera,2018-04,159.03097133333333,103.368484,,63.0,2,4,0.4612,High,867420
KE009,Mandera,2018-05,130.21576666666667,95.54064,,66.0,1,1,0.4612,High,867420
KE009,Mandera,2018-06,98.93349,97.3381,,64.0,2,5,0.4612,High,867420
KE009,Mandera,2018-07,106.82056666666666,105.31184,,63.0,1,0,0.4612,High,867420
KE009,Mandera,2018-08,102.68761666666667,101.42553,,64.0,4,4,0.4612,High,867420
KE009,Mandera,2018-09,103.28458,98.7911,,67.0,4,1,0.4612,High,867420
KE009,Mandera,2018-10,99.73131000000001,66.26135,,67.0,6,14,0.4612,High,867420
KE009,Mandera,2018-11,75.86796766666667,29.128653,,65.0,2,3,0.4612,High,867420
KE009,Mandera,2018-12,283.14634333333333,233.53925,,68.0,2,2,0.4612,High,867420
KE009,Mandera,2019-01,96.69100666666667,96.441666,,68.0,1,2,0.4612,High,867420
KE009,Mandera,2019-02,92.31808000000001,82.50754,,70.0,0,0,0.4612,High,867420
KE009,Mandera,2019-03,63.02503933333333,52.802094,,75.0,0,0,0.4612,High,867420
KE009,Mandera,2019-04,66.39879366666666,31.507841,,74.0,1,0,0.4612,High,867420
KE009,Mandera,2019-05,152.94915733333335,60.525112,,75.0,0,0,0.4612,High,867420
KE009,Mandera,2019-06,97.22583466666667,93.57299,,75.0,3,1,0.4612,High,867420
KE009,Mandera,2019-07,109.76960333333334,105.73186,,76.9,1,5,0.4612,High,867420
KE009,Mandera,2019-08,99.88418,98.53921,,80.0,1,2,0.4612,High,867420
KE009,Mandera,2019-09,105.93663333333335,102.34583,,81.8,1,7,0.4612,High,867420
KE009,Mandera,2019-10,292.45926000000003,105.18223,,80.0,1,0,0.4612,High,867420
KE009,Mandera,2019-11,194.46566199999998,96.658936,,85.0,0,0,0.4612,High,867420
KE009,Mandera,2019-12,174.160348,125.68001,,80.0,0,0,0.4612,High,867420
KE009,Mandera,2020-01,99.58054499999999,96.58238,,80.0,0,0,0.4612,High,867420
KE009,Mandera,2020-02,89.83624666666667,80.46489,,79.0,2,4,0.4612,High,867420
KE009,Mandera,2020-03,128.8015,74.76974,,77.0,1,0,0.4612,High,867420
KE009,Mandera,2020-04,159.42201733333334,37.908382,,81.0,5,2,0.4612,High,867420
KE009,Mandera,2020-05,76.52241166666666,59.61418,,82.0,3,1,0.4612,High,867420
KE009,Mandera,2020-06,99.94424866666667,98.17852,,82.0,2,2,0.4612,High,867420
KE009,Mandera,2020-07,132.52840666666665,128.8508,,81.0,3,2,0.4612,High,867420
KE009,Mandera,2020-08,101.73697333333332,101.2728,,82.0,0,0,0.4612,High,867420
KE009,Mandera,2020-09,101.01442200000001,100.1214,,84.0,2,6,0.4612,High,867420
KE009,Mandera,2020-10,82.48387466666667,49.850784,,82.0,3,3,0.4612,High,867420
KE009,Mandera,2020-11,57.176118333333335,37.42799,,83.0,4,8,0.4612,High,867420
KE009,Mandera,2020-12,74.1792,47.118546,,82.0,3,1,0.4612,High,867420
KE009,Mandera,2021-01,100.934905,96.012665,,,4,2,0.4612,High,867420
KE009,Mandera,2021-02,95.76624866666667,89.731636,,,2,2,0.4612,High,867420
KE009,Mandera,2021-03,61.39409499999999,38.152164,,,2,4,0.4612,High,867420
KE009,Mandera,2021-04,122.23362333333334,84.9937,,,3,5,0.4612,High,867420
KE009,Mandera,2021-05,101.77908666666667,85.89506,,,5,12,0.4612,High,867420
KE009,Mandera,2021-06,97.66602333333333,94.64873,,,7,9,0.4612,High,867420
KE009,Mandera,2021-07,98.31327,97.42147,,,3,4,0.4612,High,867420
KE009,Mandera,2021-08,98.63193000000001,98.46586,,,2,1,0.4612,High,867420
KE009,Mandera,2021-09,99.027318,96.244064,,,6,1,0.4612,High,867420
KE009,Mandera,2021-10,53.38509833333333,39.51635,,,1,3,0.4612,High,867420
KE009,Mandera,2021-11,85.328329,36.48339,,,1,0,0.4612,High,867420
KE009,Mandera,2021-12,98.77886899999999,46.950787,,,1,0,0.4612,High,867420
KE009,Mandera,2022-01,99.41679466666666,97.26628,,,3,9,0.4612,High,867420
KE009,Mandera,2022-02,91.49558,82.61753,,,3,4,0.4612,High,867420
KE009,Mandera,2022-03,66.223834,53.846962,,,2,0,0.4612,High,867420
KE009,Mandera,2022-04,93.666097,49.174515,,,4,0,0.4612,High,867420
KE009,Mandera,2022-05,88.53852666666667,67.36789,,,0,0,0.4612,High,867420
KE009,Mandera,2022-06,98.92188666666668,96.93469,,,1,0,0.4612,High,867420
KE009,Mandera,2022-07,110.08701333333333,108.49867,,,6,0,0.4612,High,867420
KE009,Mandera,2022-08,100.82306,100.57453,,,4,3,0.4612,High,867420
KE009,Mandera,2022-09,98.12843500000001,94.345085,,,2,0,0.4612,High,867420
KE009,Mandera,2022-10,69.74496133333334,52.93933,,,6,4,0.4612,High,867420
KE009,Mandera,2022-11,56.888395,48.89183,,,5,0,0.4612,High,867420
KE009,Mandera,2022-12,74.68220166666667,56.600605,,,6,9,0.4612,High,867420
KE009,Mandera,2023-01,105.44050333333333,95.40651,,,4,26,0.4612,High,867420
KE009,Mandera,2023-02,90.133148,80.433464,,,10,3,0.4612,High,867420
KE009,Mandera,2023-03,292.08577800000006,84.876564,,,2,2,0.4612,High,867420
KE009,Mandera,2023-04,112.09733,83.188095,,,4,0,0.4612,High,867420
KE009,Mandera,2023-05,87.39847533333334,61.35134,,,7,5,0.4612,High,867420
KE009,Mandera,2023-06,96.49174,94.7832,,,6,6,0.4612,High,867420
KE009,Mandera,2023-07,98.94647333333334,98.54533,,,3,0,0.4612,High,867420
KE009,Mandera,2023-08,100.05166666666666,97.87537,,,4,3,0.4612,High,867420
KE009,Mandera,2023-09,96.93566500000001,92.197655,,,6,8,0.4612,High,867420
KE009,Mandera,2023-10,241.13203133333332,96.687294,,,2,0,0.4612,High,867420
KE009,Mandera,2023-11,385.32823866666666,59.339176,,,1,0,0.4612,High,867420
KE009,Mandera,2023-12,70.09663133333333,40.626984,232.33333333333334,124.75,2,0,0.4612,High,867420
KE009,Mandera,2024-01,97.95057666666666,96.18344,,,3,12,0.4612,High,867420
KE009,Mandera,2024-02,96.09326666666668,88.41552,,,1,0,0.4612,High,867420
KE009,Mandera,2024-03,64.39302833333333,56.396095,205.28571428571428,110.0,7,8,0.4612,High,867420
KE009,Mandera,2024-04,209.4468466666667,70.33651,,,4,5,0.4612,High,867420
KE009,Mandera,2024-05,107.84393,54.27631,,,2,0,0.4612,High,867420
KE009,Mandera,2024-06,97.09707033333332,91.942566,157.0,110.0,6,13,0.4612,High,867420
KE009,Mandera,2024-07,102.76766199999999,98.49143,,,8,3,0.4612,High,867420
KE009,Mandera,2024-08,139.21865666666667,121.24778,,,4,5,0.4612,High,867420
KE009,Mandera,2024-09,97.684828,95.71164,166.5,86.66666666666667,6,2,0.4612,High,867420
KE009,Mandera,2024-10,46.963225,33.930725,,,5,12,0.4612,High,867420
KE009,Mandera,2024-11,86.639745,76.16388,,,2,8,0.4612,High,867420
KE009,Mandera,2024-12,57.85870166666667,37.118618,,,8,12,0.4612,High,867420
KE009,Mandera,2025-01,95.68616033333335,95.233986,,,5,3,0.4612,High,867420
KE009,Mandera,2025-02,89.45767833333333,80.307755,,,8,8,0.4612,High,867420
KE009,Mandera,2025-03,155.63673666666668,82.50094,,115.0,6,10,0.4612,High,867420
KE009,Mandera,2025-04,122.52797666666667,80.01466,,,6,15,0.4612,High,867420
KE009,Mandera,2025-05,99.22496133333334,59.58457,,,2,3,0.4612,High,867420
KE009,Mandera,2025-06,97.16599333333333,93.5898,211.0,117.66666666666667,5,9,0.4612,High,867420
KE009,Mandera,2025-07,96.21221333333334,93.44289,,,2,3,0.4612,High,867420
KE009,Mandera,2025-08,96.34886,94.871376,,,1,1,0.4612,High,867420
KE009,Mandera,2025-09,96.01397333333334,91.09732,154.33333333333334,108.5,3,7,0.4612,High,867420
KE009,Mandera,2025-10,66.252162,50.258476,,,3,1,0.4612,High,867420
KE009,Mandera,2025-11,33.446132999999996,29.440475,,,2,0,0.4612,High,867420
KE009,Mandera,2025-12,78.47809133333332,45.222134,166.0,85.0,8,4,0.4612,High,867420
KE010,Marsabit,2006-01,73.95096111111111,65.39765,,21.0,4,19,0.3466,High,459767
KE010,Marsabit,2006-02,94.17582033333333,60.889633,,22.0,3,4,0.3466,High,459767
KE010,Marsabit,2006-03,86.93260333333333,65.40391,,22.0,4,21,0.3466,High,459767
KE010,Marsabit,2006-04,137.25620511111111,40.947006,,24.0,2,5,0.3466,High,459767
KE010,Marsabit,2006-05,89.472893,62.508457,,22.0,4,7,0.3466,High,459767
KE010,Marsabit,2006-06,90.80281822222223,76.38543,,20.0,0,0,0.3466,High,459767
KE010,Marsabit,2006-07,91.09835144444445,80.26489,,21.0,1,0,0.3466,High,459767
KE010,Marsabit,2006-08,131.73462777777777,96.01152,,22.0,4,24,0.3466,High,459767
KE010,Marsabit,2006-09,101.19109277777778,86.34939,,20.0,2,17,0.3466,High,459767
KE010,Marsabit,2006-10,167.5989943333333,60.199593,,21.0,1,1,0.3466,High,459767
KE010,Marsabit,2006-11,154.1513737777778,57.569294,,20.0,0,0,0.3466,High,459767
KE010,Marsabit,2006-12,178.6353811111111,48.38266,,20.0,0,0,0.3466,High,459767
KE010,Marsabit,2007-01,84.60147766666667,65.98744,,16.0,0,0,0.3466,High,459767
KE010,Marsabit,2007-02,93.28782622222222,63.966156,,16.0,1,1,0.3466,High,459767
KE010,Marsabit,2007-03,88.83147011111112,33.45012,,14.0,0,0,0.3466,High,459767
KE010,Marsabit,2007-04,104.44813444444445,28.08689,,12.0,0,0,0.3466,High,459767
KE010,Marsabit,2007-05,99.64605355555555,63.84822,,15.0,1,15,0.3466,High,459767
KE010,Marsabit,2007-06,148.44470666666666,96.63226,,15.0,0,0,0.3466,High,459767
KE010,Marsabit,2007-07,134.25472611111113,96.328384,,15.0,0,0,0.3466,High,459767
KE010,Marsabit,2007-08,128.92807333333334,98.97127,,15.0,1,2,0.3466,High,459767
KE010,Marsabit,2007-09,112.2252961111111,93.98221,,18.0,0,0,0.3466,High,459767
KE010,Marsabit,2007-10,94.071349,68.24767,,15.0,0,0,0.3466,High,459767
KE010,Marsabit,2007-11,83.543633,35.01281,,18.0,0,0,0.3466,High,459767
KE010,Marsabit,2007-12,54.59796055555555,36.19542,,23.0,0,0,0.3466,High,459767
KE010,Marsabit,2008-01,104.67133855555556,71.989456,,22.0,0,0,0.3466,High,459767
KE010,Marsabit,2008-02,76.27206755555557,59.105873,,23.0,0,0,0.3466,High,459767
KE010,Marsabit,2008-03,94.44399766666668,64.33424,,24.0,0,0,0.3466,High,459767
KE010,Marsabit,2008-04,96.34095766666667,31.25142,,26.0,0,0,0.3466,High,459767
KE010,Marsabit,2008-05,55.696661999999996,30.335129,,27.0,3,14,0.3466,High,459767
KE010,Marsabit,2008-06,99.034576,82.92115,,27.0,0,0,0.3466,High,459767
KE010,Marsabit,2008-07,91.78728755555557,74.70198,,29.0,1,11,0.3466,High,459767
KE010,Marsabit,2008-08,95.19299266666667,88.35617,,30.0,3,17,0.3466,High,459767
KE010,Marsabit,2008-09,104.24151222222223,88.5857,,31.0,0,0,0.3466,High,459767
KE010,Marsabit,2008-10,98.91642666666667,73.07651,,32.0,0,0,0.3466,High,459767
KE010,Marsabit,2008-11,76.75882633333333,27.702847,,42.0,0,0,0.3466,High,459767
KE010,Marsabit,2008-12,50.774400666666665,33.253384,,42.0,2,15,0.3466,High,459767
KE010,Marsabit,2009-01,97.80256944444444,64.73847,,44.0,1,4,0.3466,High,459767
KE010,Marsabit,2009-02,80.75945777777777,69.22189,,42.0,0,0,0.3466,High,459767
KE010,Marsabit,2009-03,65.25987544444445,47.19459,,42.0,0,0,0.3466,High,459767
KE010,Marsabit,2009-04,61.182616,32.605946,,44.0,0,0,0.3466,High,459767
KE010,Marsabit,2009-05,95.70411777777777,41.086884,,46.0,1,0,0.3466,High,459767
KE010,Marsabit,2009-06,96.16497444444445,93.39539,,45.0,0,0,0.3466,High,459767
KE010,Marsabit,2009-07,88.30348322222223,77.88079,,47.5,0,0,0.3466,High,459767
KE010,Marsabit,2009-08,93.72902500000001,88.35617,,42.5,3,4,0.3466,High,459767
KE010,Marsabit,2009-09,96.18472722222222,83.97792,,43.0,0,0,0.3466,High,459767
KE010,Marsabit,2009-10,118.20904622222221,70.34933,,43.0,0,0,0.3466,High,459767
KE010,Marsabit,2009-11,61.39930799999999,29.732758,,43.0,0,0,0.3466,High,459767
KE010,Marsabit,2009-12,109.86546222222222,57.35816,,43.0,0,0,0.3466,High,459767
KE010,Marsabit,2010-01,121.76365277777778,70.427666,,42.5,0,0,0.3466,High,459767
KE010,Marsabit,2010-02,124.892375,75.69399,,42.5,0,0,0.3466,High,459767
KE010,Marsabit,2010-03,174.09347666666667,112.64032,,38.0,0,0,0.3466,High,459767
KE010,Marsabit,2010-04,71.980182,46.769978,,33.0,1,0,0.3466,High,459767
KE010,Marsabit,2010-05,101.61653866666667,54.048573,,32.5,0,0,0.3466,High,459767
KE010,Marsabit,2010-06,95.03907466666666,82.92115,,33.0,0,0,0.3466,High,459767
KE010,Marsabit,2010-07,97.236181,80.82658,,32.5,0,0,0.3466,High,459767
KE010,Marsabit,2010-08,95.67406155555555,91.438354,,32.0,0,0,0.3466,High,459767
KE010,Marsabit,2010-09,95.56060577777777,84.393036,,32.0,0,0,0.3466,High,459767
KE010,Marsabit,2010-10,76.236648,61.517982,,30.0,2,2,0.3466,High,459767
KE010,Marsabit,2010-11,47.82456977777778,36.689,,32.0,4,15,0.3466,High,459767
KE010,Marsabit,2010-12,54.28447933333334,33.018024,,32.0,0,0,0.3466,High,459767
KE010,Marsabit,2011-01,76.6807888888889,64.98132,,38.0,0,0,0.3466,High,459767
KE010,Marsabit,2011-02,96.2616488888889,66.6513,,36.0,0,0,0.3466,High,459767
KE010,Marsabit,2011-03,65.17493966666667,29.021477,,36.0,0,0,0.3466,High,459767
KE010,Marsabit,2011-04,44.690651111111116,20.314861,,44.0,0,0,0.3466,High,459767
KE010,Marsabit,2011-05,67.64861555555555,29.84876,,44.6,1,0,0.3466,High,459767
KE010,Marsabit,2011-06,103.428034,82.92115,,45.6,0,0,0.3466,High,459767
KE010,Marsabit,2011-07,108.81780255555556,86.181305,,53.0,0,0,0.3466,High,459767
KE010,Marsabit,2011-08,97.26016,90.60779,,59.16,0,0,0.3466,High,459767
KE010,Marsabit,2011-09,102.96657444444445,92.49493,,62.22,0,0,0.3466,High,459767
KE010,Marsabit,2011-10,195.283785,85.95343,,,0,0,0.3466,High,459767
KE010,Marsabit,2011-11,318.25958444444444,110.51911,,,0,0,0.3466,High,459767
KE010,Marsabit,2011-12,91.18901422222223,46.43452,,,1,6,0.3466,High,459767
KE010,Marsabit,2012-01,70.91031266666667,64.73847,,50.9,4,7,0.3466,High,459767
KE010,Marsabit,2012-02,76.03147733333333,70.0153,,44.1,0,0,0.3466,High,459767
KE010,Marsabit,2012-03,62.68011355555556,28.806242,,49.12,0,0,0.3466,High,459767
KE010,Marsabit,2012-04,132.996603,51.399117,,50.54,0,0,0.3466,High,459767
KE010,Marsabit,2012-05,135.6276988888889,74.7315,,44.5,1,3,0.3466,High,459767
KE010,Marsabit,2012-06,90.279786,81.25,,52.94,0,0,0.3466,High,459767
KE010,Marsabit,2012-07,108.00713266666666,88.79842,,50.12,0,0,0.3466,High,459767
KE010,Marsabit,2012-08,105.98148011111113,94.520546,,51.6,0,0,0.3466,High,459767
KE010,Marsabit,2012-09,106.73867844444445,96.98138,,51.2,0,0,0.3466,High,459767
KE010,Marsabit,2012-10,137.06290666666666,69.07527,,51.7,0,0,0.3466,High,459767
KE010,Marsabit,2012-11,81.15138266666666,35.422043,,51.8,0,0,0.3466,High,459767
KE010,Marsabit,2012-12,146.1213141111111,61.697803,,50.4,0,0,0.3466,High,459767
KE010,Marsabit,2013-01,102.14680433333334,79.93732,,53.4,0,0,0.3466,High,459767
KE010,Marsabit,2013-02,75.11305155555556,63.79032,,47.5,0,0,0.3466,High,459767
KE010,Marsabit,2013-03,163.73482311111113,56.31645,,,0,0,0.3466,High,459767
KE010,Marsabit,2013-04,169.04341333333335,66.23778,,47.6,0,0,0.3466,High,459767
KE010,Marsabit,2013-05,78.09101055555556,51.040394,,50.3,1,1,0.3466,High,459767
KE010,Marsabit,2013-06,94.4452411111111,67.3989,,45.0,2,4,0.3466,High,459767
KE010,Marsabit,2013-07,108.4139088888889,87.10437,,50.5,1,24,0.3466,High,459767
KE010,Marsabit,2013-08,95.7483318888889,82.19178,,50.4,10,20,0.3466,High,459767
KE010,Marsabit,2013-09,112.79742066666667,93.038925,,43.75,0,0,0.3466,High,459767
KE010,Marsabit,2013-10,91.59768388888888,48.69346,,52.38,0,0,0.3466,High,459767
KE010,Marsabit,2013-11,142.94438577777777,49.410618,,55.34,4,29,0.3466,High,459767
KE010,Marsabit,2013-12,56.427680111111115,36.61571,,56.77,1,0,0.3466,High,459767
KE010,Marsabit,2014-01,72.194005,68.31192,,53.36,1,9,0.3466,High,459767
KE010,Marsabit,2014-02,116.46572177777779,70.078186,,50.96,0,0,0.3466,High,459767
KE010,Marsabit,2014-03,117.36499244444445,47.362206,,48.16,0,0,0.3466,High,459767
KE010,Marsabit,2014-04,67.80399666666666,23.001095,,44.7,4,8,0.3466,High,459767
KE010,Marsabit,2014-05,97.8095301111111,56.625576,,46.67,0,0,0.3466,High,459767
KE010,Marsabit,2014-06,90.737835,79.38093,,51.5,0,0,0.3466,High,459767
KE010,Marsabit,2014-07,107.18026,71.52318,,49.6,0,0,0.3466,High,459767
KE010,Marsabit,2014-08,109.59041822222223,84.246574,,53.6,0,0,0.3466,High,459767
KE010,Marsabit,2014-09,95.41232933333333,79.509834,,49.1,0,0,0.3466,High,459767
KE010,Marsabit,2014-10,85.45508311111111,47.41427,,51.2,0,0,0.3466,High,459767
KE010,Marsabit,2014-11,84.99502244444446,39.65885,,50.7,2,6,0.3466,High,459767
KE010,Marsabit,2014-12,83.03835944444444,61.28623,,48.8,0,0,0.3466,High,459767
KE010,Marsabit,2015-01,74.69813644444444,72.03947,,48.9,0,0,0.3466,High,459767
KE010,Marsabit,2015-02,76.41171233333334,64.702065,,52.1,2,13,0.3466,High,459767
KE010,Marsabit,2015-03,60.552081111111114,46.40137,,49.4,0,0,0.3466,High,459767
KE010,Marsabit,2015-04,149.25232122222224,43.727356,,48.4,0,0,0.3466,High,459767
KE010,Marsabit,2015-05,84.41064522222223,45.899628,,48.8,1,2,0.3466,High,459767
KE010,Marsabit,2015-06,91.61599844444444,77.1343,,49.2,0,0,0.3466,High,459767
KE010,Marsabit,2015-07,92.21335400000001,71.40989,,51.3,0,0,0.3466,High,459767
KE010,Marsabit,2015-08,96.2843971111111,83.21917,,50.3,1,5,0.3466,High,459767
KE010,Marsabit,2015-09,95.20154222222222,83.78455,,51.4,0,0,0.3466,High,459767
KE010,Marsabit,2015-10,92.93589688888888,38.990112,,51.6,0,0,0.3466,High,459767
KE010,Marsabit,2015-11,131.894481,61.912895,,,1,0,0.3466,High,459767
KE010,Marsabit,2015-12,128.2290018888889,53.242397,,51.2,0,0,0.3466,High,459767
KE010,Marsabit,2016-01,86.3113348888889,77.96052,,48.0,0,0,0.3466,High,459767
KE010,Marsabit,2016-02,89.11057511111112,77.36188,,47.3,0,0,0.3466,High,459767
KE010,Marsabit,2016-03,66.20439244444444,28.007835,,47.7,0,0,0.3466,High,459767
KE010,Marsabit,2016-04,148.61600055555556,102.764145,,,0,0,0.3466,High,459767
KE010,Marsabit,2016-05,80.00198655555556,46.266834,,43.0,0,0,0.3466,High,459767
KE010,Marsabit,2016-06,101.37348822222222,88.25677,,43.9,0,0,0.3466,High,459767
KE010,Marsabit,2016-07,90.08271177777777,72.19461,,42.4,0,0,0.3466,High,459767
KE010,Marsabit,2016-08,90.65961044444445,81.943954,,42.7,0,0,0.3466,High,459767
KE010,Marsabit,2016-09,92.83420766666667,81.21973,,43.3,0,0,0.3466,High,459767
KE010,Marsabit,2016-10,68.87897011111112,45.067207,,46.5,0,0,0.3466,High,459767
KE010,Marsabit,2016-11,82.34635766666666,41.577824,,45.8,0,0,0.3466,High,459767
KE010,Marsabit,2016-12,66.31113355555556,53.284454,,45.5,0,0,0.3466,High,459767
KE010,Marsabit,2017-01,85.07605933333333,72.01556,,46.7,1,4,0.3466,High,459767
KE010,Marsabit,2017-02,116.55545544444446,63.727444,,47.0,0,0,0.3466,High,459767
KE010,Marsabit,2017-03,57.612508444444444,39.531956,,46.6,0,0,0.3466,High,459767
KE010,Marsabit,2017-04,71.05141311111112,26.325617,,52.9,0,0,0.3466,High,459767
KE010,Marsabit,2017-05,113.56511444444445,53.977966,,47.0,0,0,0.3466,High,459767
KE010,Marsabit,2017-06,89.40570488888889,70.3944,,49.0,2,2,0.3466,High,459767
KE010,Marsabit,2017-07,121.76045544444443,94.95095,,51.0,0,0,0.3466,High,459767
KE010,Marsabit,2017-08,102.320879,96.01786,,52.0,2,5,0.3466,High,459767
KE010,Marsabit,2017-09,109.64703166666666,82.07467,,53.0,0,0,0.3466,High,459767
KE010,Marsabit,2017-10,169.33718122222223,66.913536,,49.0,0,0,0.3466,High,459767
KE010,Marsabit,2017-11,108.27071666666667,35.657143,,48.0,0,0,0.3466,High,459767
KE010,Marsabit,2017-12,50.708067444444445,33.572803,,50.0,0,0,0.3466,High,459767
KE010,Marsabit,2018-01,69.56053988888888,65.74458,,52.0,1,2,0.3466,High,459767
KE010,Marsabit,2018-02,120.29529377777777,87.44414,,53.0,0,0,0.3466,High,459767
KE010,Marsabit,2018-03,219.95038333333335,52.94522,,52.0,0,0,0.3466,High,459767
KE010,Marsabit,2018-04,198.673856,109.05236,,53.0,0,0,0.3466,High,459767
KE010,Marsabit,2018-05,126.66593400000001,69.91525,,48.0,0,0,0.3466,High,459767
KE010,Marsabit,2018-06,111.86328177777779,99.283585,,45.0,1,4,0.3466,High,459767
KE010,Marsabit,2018-07,100.39482955555555,69.93377,,41.0,2,5,0.3466,High,459767
KE010,Marsabit,2018-08,98.14335566666666,83.21917,,39.0,0,0,0.3466,High,459767
KE010,Marsabit,2018-09,108.24089333333333,88.84381,,41.0,1,0,0.3466,High,459767
KE010,Marsabit,2018-10,90.09999488888889,57.849483,,42.0,2,10,0.3466,High,459767
KE010,Marsabit,2018-11,61.47194066666667,27.85587,,44.0,0,0,0.3466,High,459767
KE010,Marsabit,2018-12,164.55674444444446,63.19149,,43.0,0,0,0.3466,High,459767
KE010,Marsabit,2019-01,75.23039511111111,69.59248,,41.0,0,0,0.3466,High,459767
KE010,Marsabit,2019-02,84.56941499999999,73.64441,,44.0,2,10,0.3466,High,459767
KE010,Marsabit,2019-03,67.98216244444444,40.436394,,47.0,0,0,0.3466,High,459767
KE010,Marsabit,2019-04,82.39241966666667,28.168423,,49.0,1,11,0.3466,High,459767
KE010,Marsabit,2019-05,90.65254844444445,31.779661,,50.0,4,11,0.3466,High,459767
KE010,Marsabit,2019-06,113.84770222222222,83.63302,,47.0,1,1,0.3466,High,459767
KE010,Marsabit,2019-07,112.2422671111111,92.59743,,46.0,0,0,0.3466,High,459767
KE010,Marsabit,2019-08,99.53610155555556,86.30138,,46.8,2,10,0.3466,High,459767
KE010,Marsabit,2019-09,103.850214,80.36477,,46.5,1,3,0.3466,High,459767
KE010,Marsabit,2019-10,261.8347266666667,107.62887,,50.0,0,0,0.3466,High,459767
KE010,Marsabit,2019-11,169.5222588888889,46.055435,,49.0,0,0,0.3466,High,459767
KE010,Marsabit,2019-12,158.5011188888889,75.48723,,45.0,0,0,0.3466,High,459767
KE010,Marsabit,2020-01,112.95160166666668,77.43637,,,0,0,0.3466,High,459767
KE010,Marsabit,2020-02,96.21889233333334,72.31037,,,0,0,0.3466,High,459767
KE010,Marsabit,2020-03,153.57503444444444,98.23683,,43.0,0,0,0.3466,High,459767
KE010,Marsabit,2020-04,156.1993,35.00747,,,0,0,0.3466,High,459767
KE010,Marsabit,2020-05,86.417671,59.85312,,48.0,0,0,0.3466,High,459767
KE010,Marsabit,2020-06,106.93356322222222,95.07071,,46.0,5,17,0.3466,High,459767
KE010,Marsabit,2020-07,118.58104322222223,87.10437,,47.0,2,6,0.3466,High,459767
KE010,Marsabit,2020-08,110.16342222222221,94.20222,,45.0,0,0,0.3466,High,459767
KE010,Marsabit,2020-09,116.94079655555555,100.92886,,45.0,0,0,0.3466,High,459767
KE010,Marsabit,2020-10,142.5595952222222,55.999557,,44.0,0,0,0.3466,High,459767
KE010,Marsabit,2020-11,61.61927744444444,38.909386,,44.0,3,1,0.3466,High,459767
KE010,Marsabit,2020-12,109.74746588888888,50.9224,,47.0,0,0,0.3466,High,459767
KE010,Marsabit,2021-01,77.85736211111112,68.94146,,,3,4,0.3466,High,459767
KE010,Marsabit,2021-02,97.51104655555555,68.67709,,,0,0,0.3466,High,459767
KE010,Marsabit,2021-03,66.6221691111111,33.812134,,,5,11,0.3466,High,459767
KE010,Marsabit,2021-04,70.83181477777778,37.747807,,,1,2,0.3466,High,459767
KE010,Marsabit,2021-05,129.378494,53.984577,,,1,2,0.3466,High,459767
KE010,Marsabit,2021-06,88.673406,70.3944,,,1,1,0.3466,High,459767
KE010,Marsabit,2021-07,97.24038622222221,79.257126,,,0,0,0.3466,High,459767
KE010,Marsabit,2021-08,92.48966866666666,85.136566,,,0,0,0.3466,High,459767
KE010,Marsabit,2021-09,109.89868666666666,100.47598,,,7,9,0.3466,High,459767
KE010,Marsabit,2021-10,64.95124522222221,43.82916,,,1,6,0.3466,High,459767
KE010,Marsabit,2021-11,64.83522944444445,41.141945,,,5,4,0.3466,High,459767
KE010,Marsabit,2021-12,73.548766,40.835426,,,4,41,0.3466,High,459767
KE010,Marsabit,2022-01,119.30482266666667,78.23433,,,5,2,0.3466,High,459767
KE010,Marsabit,2022-02,78.89369288888889,63.88464,,,3,3,0.3466,High,459767
KE010,Marsabit,2022-03,63.046593666666666,54.046448,,,3,3,0.3466,High,459767
KE010,Marsabit,2022-04,99.33104377777778,27.725914,,,2,6,0.3466,High,459767
KE010,Marsabit,2022-05,79.33152733333333,45.532436,,,2,1,0.3466,High,459767
KE010,Marsabit,2022-06,91.04169555555556,77.1343,,,0,0,0.3466,High,459767
KE010,Marsabit,2022-07,90.84018888888889,69.13908,,,3,3,0.3466,High,459767
KE010,Marsabit,2022-08,99.57860355555556,91.7846,,,0,0,0.3466,High,459767
KE010,Marsabit,2022-09,106.05624277777777,91.491516,,,4,2,0.3466,High,459767
KE010,Marsabit,2022-10,102.8609461111111,60.399754,,,3,0,0.3466,High,459767
KE010,Marsabit,2022-11,57.331044777777784,46.910534,,,1,0,0.3466,High,459767
KE010,Marsabit,2022-12,83.8603711111111,62.248844,,,4,8,0.3466,High,459767
KE010,Marsabit,2023-01,76.24911066666667,70.7196,,,5,4,0.3466,High,459767
KE010,Marsabit,2023-02,73.14910066666667,62.72139,,,1,3,0.3466,High,459767
KE010,Marsabit,2023-03,197.1567958888889,58.493793,,,0,0,0.3466,High,459767
KE010,Marsabit,2023-04,181.27092022222223,37.747807,,,6,8,0.3466,High,459767
KE010,Marsabit,2023-05,84.26514744444445,37.086903,,,0,0,0.3466,High,459767
KE010,Marsabit,2023-06,90.7874591111111,77.68403,,,2,4,0.3466,High,459767
KE010,Marsabit,2023-07,88.42810222222222,72.97934,,,1,8,0.3466,High,459767
KE010,Marsabit,2023-08,93.174474,85.969475,,,0,0,0.3466,High,459767
KE010,Marsabit,2023-09,95.73366222222222,82.92961,,,0,0,0.3466,High,459767
KE010,Marsabit,2023-10,223.96941222222222,84.72313,,,0,0,0.3466,High,459767
KE010,Marsabit,2023-11,225.54167044444446,44.406494,,,3,2,0.3466,High,459767
KE010,Marsabit,2023-12,73.55179166666667,34.34614,163.33333333333334,85.16666666666667,0,0,0.3466,High,459767
KE010,Marsabit,2024-01,98.61773866666667,68.79764,,,0,0,0.3466,High,459767
KE010,Marsabit,2024-02,142.49910888888888,75.53519,,,1,1,0.3466,High,459767
KE010,Marsabit,2024-03,72.00274666666667,46.52621,144.22222222222223,70.66666666666667,0,0,0.3466,High,459767
KE010,Marsabit,2024-04,215.93912,41.98526,,,0,0,0.3466,High,459767
KE010,Marsabit,2024-05,113.72833177777778,44.430843,,,0,0,0.3466,High,459767
KE010,Marsabit,2024-06,89.174719,73.389915,131.25,71.81818181818181,0,0,0.3466,High,459767
KE010,Marsabit,2024-07,112.41163733333333,89.44123,,,2,3,0.3466,High,459767
KE010,Marsabit,2024-08,121.22108833333333,96.56897,,,1,1,0.3466,High,459767
KE010,Marsabit,2024-09,106.39643,88.46117,130.0,67.71428571428571,3,4,0.3466,High,459767
KE010,Marsabit,2024-10,109.13904644444445,43.70293,,,2,7,0.3466,High,459767
KE010,Marsabit,2024-11,144.08262355555556,66.923676,,,1,1,0.3466,High,459767
KE010,Marsabit,2024-12,45.633164111111114,31.387297,,,0,0,0.3466,High,459767
KE010,Marsabit,2025-01,72.12993444444444,64.73847,,,3,1,0.3466,High,459767
KE010,Marsabit,2025-02,66.93639066666667,58.980106,,,0,0,0.3466,High,459767
KE010,Marsabit,2025-03,146.81645444444445,77.35502,120.0,60.0,0,0,0.3466,High,459767
KE010,Marsabit,2025-04,115.69318133333334,37.84254,,,1,0,0.3466,High,459767
KE010,Marsabit,2025-05,97.99952044444444,49.901627,,,5,8,0.3466,High,459767
KE010,Marsabit,2025-06,85.43599644444446,71.14329,,,4,5,0.3466,High,459767
KE010,Marsabit,2025-07,82.54774911111112,70.62516,,,1,0,0.3466,High,459767
KE010,Marsabit,2025-08,122.93587777777778,85.174095,,,4,4,0.3466,High,459767
KE010,Marsabit,2025-09,115.67689433333334,78.49839,,,1,0,0.3466,High,459767
KE010,Marsabit,2025-10,171.47687155555553,76.35922,,,1,2,0.3466,High,459767
KE010,Marsabit,2025-11,35.32228766666666,25.653574,,,2,1,0.3466,High,459767
KE010,Marsabit,2025-12,121.63410444444445,41.860935,,,0,0,0.3466,High,459767
KE001,Mombasa,2006-01,59.854524,53.517586,,,0,0,0.0518,Low,1208303
KE001,Mombasa,2006-02,82.36341333333333,76.66942,,,0,0,0.0518,Low,1208303
KE001,Mombasa,2006-03,106.07475833333332,55.32994,,,0,0,0.0518,Low,1208303
KE001,Mombasa,2006-04,192.410528,61.579514,,,0,0,0.0518,Low,1208303
KE001,Mombasa,2006-05,98.31245866666666,24.25496,,,0,0,0.0518,Low,1208303
KE001,Mombasa,2006-06,142.07743000000002,62.18818,,,0,0,0.0518,Low,1208303
KE001,Mombasa,2006-07,85.24075533333333,69.648346,,,0,0,0.0518,Low,1208303
KE001,Mombasa,2006-08,114.77323533333333,102.37755,,,0,0,0.0518,Low,1208303
KE001,Mombasa,2006-09,142.74363666666667,86.82545,,,0,0,0.0518,Low,1208303
KE001,Mombasa,2006-10,225.3994733333333,84.45642,,,0,0,0.0518,Low,1208303
KE001,Mombasa,2006-11,197.02741,129.93103,,,0,0,0.0518,Low,1208303
KE001,Mombasa,2006-12,147.070965,99.844795,,,0,0,0.0518,Low,1208303
KE001,Mombasa,2007-01,74.25756,64.82412,,,0,0,0.0518,Low,1208303
KE001,Mombasa,2007-02,84.81716666666667,75.432816,,,0,0,0.0518,Low,1208303
KE001,Mombasa,2007-03,56.79396533333334,31.920416,,,0,0,0.0518,Low,1208303
KE001,Mombasa,2007-04,105.21366366666666,37.634407,,,0,0,0.0518,Low,1208303
KE001,Mombasa,2007-05,214.7087,87.96624,,,0,0,0.0518,Low,1208303
KE001,Mombasa,2007-06,123.04740566666668,44.975014,,,0,0,0.0518,Low,1208303
KE001,Mombasa,2007-07,86.340034,69.585106,,,0,0,0.0518,Low,1208303
KE001,Mombasa,2007-08,150.34321,131.06061,,,0,0,0.0518,Low,1208303
KE001,Mombasa,2007-09,189.83599,96.64153,,,0,0,0.0518,Low,1208303
KE001,Mombasa,2007-10,83.27684666666666,76.70739,,,0,0,0.0518,Low,1208303
KE001,Mombasa,2007-11,64.32336566666667,28.074602,,,0,0,0.0518,Low,1208303
KE001,Mombasa,2007-12,79.07784199999999,52.47238,,,6,31,0.0518,Low,1208303
KE001,Mombasa,2008-01,119.26074566666666,60.949867,,,0,0,0.0518,Low,1208303
KE001,Mombasa,2008-02,83.07809333333334,71.88319,,,0,0,0.0518,Low,1208303
KE001,Mombasa,2008-03,123.13483666666666,46.77661,,,0,0,0.0518,Low,1208303
KE001,Mombasa,2008-04,65.24442966666668,53.274685,,,0,0,0.0518,Low,1208303
KE001,Mombasa,2008-05,77.41147966666666,43.324474,,,0,0,0.0518,Low,1208303
KE001,Mombasa,2008-06,134.33442,97.39301,,,1,0,0.0518,Low,1208303
KE001,Mombasa,2008-07,103.18521333333335,78.3163,,,0,0,0.0518,Low,1208303
KE001,Mombasa,2008-08,96.17166133333335,90.530304,,,0,0,0.0518,Low,1208303
KE001,Mombasa,2008-09,100.15465999999999,66.20973,,,0,0,0.0518,Low,1208303
KE001,Mombasa,2008-10,59.42368066666666,48.165905,,,0,0,0.0518,Low,1208303
KE001,Mombasa,2008-11,86.45307333333334,32.68966,,,0,0,0.0518,Low,1208303
KE001,Mombasa,2008-12,50.68234266666667,37.480274,,,0,0,0.0518,Low,1208303
KE001,Mombasa,2009-01,65.82807933333333,53.034298,,,0,0,0.0518,Low,1208303
KE001,Mombasa,2009-02,98.56998800000001,89.03545,,,0,0,0.0518,Low,1208303
KE001,Mombasa,2009-03,69.92650133333333,52.941174,,,0,0,0.0518,Low,1208303
KE001,Mombasa,2009-04,36.027052,23.460411,,,0,0,0.0518,Low,1208303
KE001,Mombasa,2009-05,46.65905433333334,22.394068,,,0,0,0.0518,Low,1208303
KE001,Mombasa,2009-06,137.29814666666667,90.30437,,,0,0,0.0518,Low,1208303
KE001,Mombasa,2009-07,68.681518,56.10912,,,0,0,0.0518,Low,1208303
KE001,Mombasa,2009-08,74.52212266666668,64.393936,,,0,0,0.0518,Low,1208303
KE001,Mombasa,2009-09,49.71270466666667,38.49127,,,0,0,0.0518,Low,1208303
KE001,Mombasa,2009-10,166.40492333333336,62.66846,,,0,0,0.0518,Low,1208303
KE001,Mombasa,2009-11,31.089544999999998,24.888832,,,0,0,0.0518,Low,1208303
KE001,Mombasa,2009-12,94.31908966666667,47.077084,,,1,0,0.0518,Low,1208303
KE001,Mombasa,2010-01,72.77577666666666,64.07036,,,0,0,0.0518,Low,1208303
KE001,Mombasa,2010-02,95.29280833333333,85.325645,,,0,0,0.0518,Low,1208303
KE001,Mombasa,2010-03,95.20176666666667,40.929535,,,0,0,0.0518,Low,1208303
KE001,Mombasa,2010-04,105.49992666666667,66.09019,,,1,0,0.0518,Low,1208303
KE001,Mombasa,2010-05,129.466314,35.348312,,,0,0,0.0518,Low,1208303
KE001,Mombasa,2010-06,110.43651299999999,70.238754,,,0,0,0.0518,Low,1208303
KE001,Mombasa,2010-07,76.99093133333334,62.479584,,,0,0,0.0518,Low,1208303
KE001,Mombasa,2010-08,67.03678666666667,66.28788,,,0,0,0.0518,Low,1208303
KE001,Mombasa,2010-09,86.30954666666666,62.14252,,,0,0,0.0518,Low,1208303
KE001,Mombasa,2010-10,34.928819,27.638695,,,2,0,0.0518,Low,1208303
KE001,Mombasa,2010-11,75.734534,52.37809,,,1,0,0.0518,Low,1208303
KE001,Mombasa,2010-12,56.00077100000001,39.05839,,,1,0,0.0518,Low,1208303
KE001,Mombasa,2011-01,58.986859,52.01005,,,0,0,0.0518,Low,1208303
KE001,Mombasa,2011-02,129.38214833333333,94.820015,,,0,0,0.0518,Low,1208303
KE001,Mombasa,2011-03,43.669824000000006,41.52249,,,0,0,0.0518,Low,1208303
KE001,Mombasa,2011-04,53.860981333333335,52.419357,,,0,0,0.0518,Low,1208303
KE001,Mombasa,2011-05,66.08044466666666,55.546074,,,1,2,0.0518,Low,1208303
KE001,Mombasa,2011-06,59.31679066666666,52.005642,,,0,0,0.0518,Low,1208303
KE001,Mombasa,2011-07,78.480497,64.18573,,,0,0,0.0518,Low,1208303
KE001,Mombasa,2011-08,67.86992566666667,60.565697,,,0,0,0.0518,Low,1208303
KE001,Mombasa,2011-09,106.45117166666667,99.70629,,,1,1,0.0518,Low,1208303
KE001,Mombasa,2011-10,166.2514176666667,50.005573,,,0,0,0.0518,Low,1208303
KE001,Mombasa,2011-11,64.78394133333333,44.701984,,,0,0,0.0518,Low,1208303
KE001,Mombasa,2011-12,72.04804866666666,50.27717,,,1,0,0.0518,Low,1208303
KE001,Mombasa,2012-01,67.50036233333333,51.451187,,,2,0,0.0518,Low,1208303
KE001,Mombasa,2012-02,79.18814533333334,75.432816,,,3,0,0.0518,Low,1208303
KE001,Mombasa,2012-03,42.552852,21.799307,,,1,0,0.0518,Low,1208303
KE001,Mombasa,2012-04,48.93524233333333,45.41489,,,0,0,0.0518,Low,1208303
KE001,Mombasa,2012-05,82.48702133333333,39.372578,,,0,0,0.0518,Low,1208303
KE001,Mombasa,2012-06,58.68433433333333,37.31291,,,2,3,0.0518,Low,1208303
KE001,Mombasa,2012-07,76.758042,69.98975,,,1,1,0.0518,Low,1208303
KE001,Mombasa,2012-08,94.18481933333334,71.018654,,,5,6,0.0518,Low,1208303
KE001,Mombasa,2012-09,99.74297233333334,42.201267,,,0,0,0.0518,Low,1208303
KE001,Mombasa,2012-10,114.65632433333333,30.939903,,,3,7,0.0518,Low,1208303
KE001,Mombasa,2012-11,94.57495266666668,42.206898,,,0,0,0.0518,Low,1208303
KE001,Mombasa,2012-12,79.500958,42.421104,,,1,1,0.0518,Low,1208303
KE001,Mombasa,2013-01,69.78752,68.86543,,,1,0,0.0518,Low,1208303
KE001,Mombasa,2013-02,82.144982,75.432816,,,7,17,0.0518,Low,1208303
KE001,Mombasa,2013-03,284.0616733333333,196.45328,,,1,1,0.0518,Low,1208303
KE001,Mombasa,2013-04,78.12119333333332,27.49267,,,2,1,0.0518,Low,1208303
KE001,Mombasa,2013-05,108.08959399999999,48.69794,,,1,1,0.0518,Low,1208303
KE001,Mombasa,2013-06,72.074045,55.65315,,,3,2,0.0518,Low,1208303
KE001,Mombasa,2013-07,62.85023433333333,52.514416,,,2,0,0.0518,Low,1208303
KE001,Mombasa,2013-08,156.81167333333335,134.29752,,,2,0,0.0518,Low,1208303
KE001,Mombasa,2013-09,152.16444666666666,98.130844,,,2,4,0.0518,Low,1208303
KE001,Mombasa,2013-10,98.58927666666666,32.94682,,,0,0,0.0518,Low,1208303
KE001,Mombasa,2013-11,86.68720333333333,34.75862,,,0,0,0.0518,Low,1208303
KE001,Mombasa,2013-12,106.49291899999999,50.499737,,,2,1,0.0518,Low,1208303
KE001,Mombasa,2014-01,61.19725333333333,55.778896,,,4,10,0.0518,Low,1208303
KE001,Mombasa,2014-02,102.47150666666668,78.62223,,,1,0,0.0518,Low,1208303
KE001,Mombasa,2014-03,206.79222000000001,196.55173,,,4,13,0.0518,Low,1208303
KE001,Mombasa,2014-04,39.110393,18.695017,,,0,0,0.0518,Low,1208303
KE001,Mombasa,2014-05,96.07570833333334,47.416225,,,2,1,0.0518,Low,1208303
KE001,Mombasa,2014-06,95.39871666666666,73.29261,,,1,1,0.0518,Low,1208303
KE001,Mombasa,2014-07,95.29373333333335,77.15944,,,6,11,0.0518,Low,1208303
KE001,Mombasa,2014-08,91.27723300000001,82.954544,,,3,2,0.0518,Low,1208303
KE001,Mombasa,2014-09,112.84179333333334,60.28752,,,0,0,0.0518,Low,1208303
KE001,Mombasa,2014-10,90.15342333333332,80.10927,,,0,0,0.0518,Low,1208303
KE001,Mombasa,2014-11,126.24090533333333,44.25045,,,4,6,0.0518,Low,1208303
KE001,Mombasa,2014-12,201.91518333333332,132.95634,,,0,0,0.0518,Low,1208303
KE001,Mombasa,2015-01,73.52140666666666,62.532986,,,1,1,0.0518,Low,1208303
KE001,Mombasa,2015-02,78.51497666666667,77.90602,,,0,0,0.0518,Low,1208303
KE001,Mombasa,2015-03,141.50002666666668,74.21289,,,1,1,0.0518,Low,1208303
KE001,Mombasa,2015-04,92.94895266666667,51.729465,,,0,0,0.0518,Low,1208303
KE001,Mombasa,2015-05,159.40516666666667,78.40556,,,0,0,0.0518,Low,1208303
KE001,Mombasa,2015-06,80.54163,56.357574,,,1,1,0.0518,Low,1208303
KE001,Mombasa,2015-07,132.02923,104.8677,,,0,0,0.0518,Low,1208303
KE001,Mombasa,2015-08,108.37372333333333,98.86364,,,0,0,0.0518,Low,1208303
KE001,Mombasa,2015-09,70.488332,61.678772,,,0,0,0.0518,Low,1208303
KE001,Mombasa,2015-10,128.09372666666667,33.95027,,,1,1,0.0518,Low,1208303
KE001,Mombasa,2015-11,221.73331799999997,82.405174,,,0,0,0.0518,Low,1208303
KE001,Mombasa,2015-12,70.49818633333332,56.023144,,,0,0,0.0518,Low,1208303
KE001,Mombasa,2016-01,102.8568,84.69656,,,0,0,0.0518,Low,1208303
KE001,Mombasa,2016-02,97.17742466666668,86.56225,,,0,0,0.0518,Low,1208303
KE001,Mombasa,2016-03,57.05879866666667,20.242216,,,0,0,0.0518,Low,1208303
KE001,Mombasa,2016-04,176.80174333333335,99.70674,,,0,0,0.0518,Low,1208303
KE001,Mombasa,2016-05,49.494170999999994,40.129543,,,0,0,0.0518,Low,1208303
KE001,Mombasa,2016-06,85.332538,70.62047,,,0,0,0.0518,Low,1208303
KE001,Mombasa,2016-07,74.89562566666667,61.795837,,,1,2,0.0518,Low,1208303
KE001,Mombasa,2016-08,116.43801466666666,111.742424,,,1,2,0.0518,Low,1208303
KE001,Mombasa,2016-09,68.88221,51.47627,,,1,1,0.0518,Low,1208303
KE001,Mombasa,2016-10,63.27773766666667,51.009033,,,1,3,0.0518,Low,1208303
KE001,Mombasa,2016-11,81.01307266666667,34.247032,,,0,0,0.0518,Low,1208303
KE001,Mombasa,2016-12,65.93033866666667,51.474392,,,0,0,0.0518,Low,1208303
KE001,Mombasa,2017-01,90.37076066666667,79.899506,,,0,0,0.0518,Low,1208303
KE001,Mombasa,2017-02,113.94519333333334,89.03545,,,1,1,0.0518,Low,1208303
KE001,Mombasa,2017-03,76.20082466666666,51.77665,,,0,0,0.0518,Low,1208303
KE001,Mombasa,2017-04,91.26085866666666,53.519066,,,1,1,0.0518,Low,1208303
KE001,Mombasa,2017-05,148.65437866666667,72.952896,,,0,0,0.0518,Low,1208303
KE001,Mombasa,2017-06,79.376333,72.939354,,,1,1,0.0518,Low,1208303
KE001,Mombasa,2017-07,77.33390200000001,69.648346,,,0,0,0.0518,Low,1208303
KE001,Mombasa,2017-08,128.81076,107.57576,,,2,3,0.0518,Low,1208303
KE001,Mombasa,2017-09,183.28987333333336,68.17127,,,0,0,0.0518,Low,1208303
KE001,Mombasa,2017-10,62.48178366666667,29.441217,,,1,0,0.0518,Low,1208303
KE001,Mombasa,2017-11,174.84689233333333,56.667667,,,0,0,0.0518,Low,1208303
KE001,Mombasa,2017-12,95.31734999999999,47.18319,,,1,1,0.0518,Low,1208303
KE001,Mombasa,2018-01,65.31303233333334,52.01005,,,1,3,0.0518,Low,1208303
KE001,Mombasa,2018-02,87.79134166666667,81.99176,,,0,0,0.0518,Low,1208303
KE001,Mombasa,2018-03,177.04199333333335,68.77162,,,0,0,0.0518,Low,1208303
KE001,Mombasa,2018-04,134.61988866666664,74.04692,,,0,0,0.0518,Low,1208303
KE001,Mombasa,2018-05,133.77379866666666,59.771896,,,0,0,0.0518,Low,1208303
KE001,Mombasa,2018-06,105.33640666666666,80.95004,,,1,1,0.0518,Low,1208303
KE001,Mombasa,2018-07,180.02565333333334,156.32147,,,0,0,0.0518,Low,1208303
KE001,Mombasa,2018-08,112.34715,83.333336,,,3,3,0.0518,Low,1208303
KE001,Mombasa,2018-09,228.19502333333335,69.49966,,,0,0,0.0518,Low,1208303
KE001,Mombasa,2018-10,177.61779333333334,62.2872,,,0,0,0.0518,Low,1208303
KE001,Mombasa,2018-11,69.779358,29.070154,,,4,2,0.0518,Low,1208303
KE001,Mombasa,2018-12,156.34076666666667,53.26144,,,1,1,0.0518,Low,1208303
KE001,Mombasa,2019-01,94.17682666666667,83.66834,,,1,1,0.0518,Low,1208303
KE001,Mombasa,2019-02,90.69510466666668,87.79885,,,0,0,0.0518,Low,1208303
KE001,Mombasa,2019-03,36.79331066666666,34.18291,,,0,0,0.0518,Low,1208303
KE001,Mombasa,2019-04,28.70024666666667,23.09232,,,0,0,0.0518,Low,1208303
KE001,Mombasa,2019-05,186.29903,72.0123,,,0,0,0.0518,Low,1208303
KE001,Mombasa,2019-06,66.62883733333332,50.172157,,,0,0,0.0518,Low,1208303
KE001,Mombasa,2019-07,115.12415333333335,91.15739,,,2,1,0.0518,Low,1208303
KE001,Mombasa,2019-08,108.04613466666667,85.606064,,,0,0,0.0518,Low,1208303
KE001,Mombasa,2019-09,152.06095333333334,93.21379,,,1,3,0.0518,Low,1208303
KE001,Mombasa,2019-10,296.17609999999996,228.8859,,,0,0,0.0518,Low,1208303
KE001,Mombasa,2019-11,140.94780666666665,65.50741,,,3,1,0.0518,Low,1208303
KE001,Mombasa,2019-12,206.88422333333332,142.52457,,,0,0,0.0518,Low,1208303
KE001,Mombasa,2020-01,201.597035,108.443275,,,0,0,0.0518,Low,1208303
KE001,Mombasa,2020-02,102.293918,93.50307,,,0,0,0.0518,Low,1208303
KE001,Mombasa,2020-03,156.73374666666666,117.25888,,,3,1,0.0518,Low,1208303
KE001,Mombasa,2020-04,301.99370666666664,180.66708,,,1,1,0.0518,Low,1208303
KE001,Mombasa,2020-05,91.92805800000001,34.63813,,,0,0,0.0518,Low,1208303
KE001,Mombasa,2020-06,149.76191666666668,92.17102,,,0,0,0.0518,Low,1208303
KE001,Mombasa,2020-07,146.34978666666666,127.18811,,,0,0,0.0518,Low,1208303
KE001,Mombasa,2020-08,85.11389933333334,62.878788,,,1,0,0.0518,Low,1208303
KE001,Mombasa,2020-09,106.41478666666666,86.72129,,,0,0,0.0518,Low,1208303
KE001,Mombasa,2020-10,51.003572999999996,39.655514,,,0,0,0.0518,Low,1208303
KE001,Mombasa,2020-11,113.66587433333332,52.965523,,,0,0,0.0518,Low,1208303
KE001,Mombasa,2020-12,69.39534733333333,46.94897,,,0,0,0.0518,Low,1208303
KE001,Mombasa,2021-01,119.17372,64.07036,,,0,0,0.0518,Low,1208303
KE001,Mombasa,2021-02,113.04535666666668,86.56225,,,0,0,0.0518,Low,1208303
KE001,Mombasa,2021-03,41.134041333333336,33.73313,,,0,0,0.0518,Low,1208303
KE001,Mombasa,2021-04,49.149911333333336,27.859238,,,0,0,0.0518,Low,1208303
KE001,Mombasa,2021-05,61.243935666666665,26.605246,,,0,0,0.0518,Low,1208303
KE001,Mombasa,2021-06,68.20584433333333,49.961353,,,0,0,0.0518,Low,1208303
KE001,Mombasa,2021-07,132.45905000000002,111.98361,,,1,0,0.0518,Low,1208303
KE001,Mombasa,2021-08,112.59605033333332,104.54546,,,1,0,0.0518,Low,1208303
KE001,Mombasa,2021-09,86.06292333333333,52.40377,,,1,0,0.0518,Low,1208303
KE001,Mombasa,2021-10,51.543967,48.165905,,,0,0,0.0518,Low,1208303
KE001,Mombasa,2021-11,42.90537866666667,26.680828,,,0,0,0.0518,Low,1208303
KE001,Mombasa,2021-12,182.75366999999997,95.96482,,,0,0,0.0518,Low,1208303
KE001,Mombasa,2022-01,73.112882,58.793976,,,0,0,0.0518,Low,1208303
KE001,Mombasa,2022-02,98.67075666666666,91.50866,,,1,0,0.0518,Low,1208303
KE001,Mombasa,2022-03,40.221289000000006,34.775085,,,0,0,0.0518,Low,1208303
KE001,Mombasa,2022-04,85.166614,34.280426,,,0,0,0.0518,Low,1208303
KE001,Mombasa,2022-05,66.80410033333334,27.827394,,,1,1,0.0518,Low,1208303
KE001,Mombasa,2022-06,88.68762,74.40311,,,0,0,0.0518,Low,1208303
KE001,Mombasa,2022-07,252.56046,233.0121,,,0,0,0.0518,Low,1208303
KE001,Mombasa,2022-08,107.45388200000001,97.72727,,,0,0,0.0518,Low,1208303
KE001,Mombasa,2022-09,80.76231133333333,70.95378,,,0,0,0.0518,Low,1208303
KE001,Mombasa,2022-10,42.92753966666667,33.647106,,,0,0,0.0518,Low,1208303
KE001,Mombasa,2022-11,81.57454733333333,56.348312,,,1,0,0.0518,Low,1208303
KE001,Mombasa,2022-12,80.86851733333333,36.213142,,,0,0,0.0518,Low,1208303
KE001,Mombasa,2023-01,89.45104666666667,64.82412,,,0,0,0.0518,Low,1208303
KE001,Mombasa,2023-02,78.10277666666667,76.66942,,,1,0,0.0518,Low,1208303
KE001,Mombasa,2023-03,100.87582533333334,45.685276,,,0,0,0.0518,Low,1208303
KE001,Mombasa,2023-04,198.48476333333335,66.55343,,,1,2,0.0518,Low,1208303
KE001,Mombasa,2023-05,62.35002566666666,33.092037,,,1,0,0.0518,Low,1208303
KE001,Mombasa,2023-06,83.44189999999999,73.57024,,,0,0,0.0518,Low,1208303
KE001,Mombasa,2023-07,182.17961333333332,163.42699,,,0,0,0.0518,Low,1208303
KE001,Mombasa,2023-08,104.48931,99.5179,,,0,0,0.0518,Low,1208303
KE001,Mombasa,2023-09,72.30972666666666,63.07003,,,1,0,0.0518,Low,1208303
KE001,Mombasa,2023-10,106.95552666666667,56.07851,,,1,0,0.0518,Low,1208303
KE001,Mombasa,2023-11,413.99443,284.01566,,,0,0,0.0518,Low,1208303
KE001,Mombasa,2023-12,150.16544133333332,121.514984,147.0,,1,0,0.0518,Low,1208303
KE001,Mombasa,2024-01,89.85489333333334,70.44855,,,0,0,0.0518,Low,1208303
KE001,Mombasa,2024-02,96.03898,89.03545,,,0,0,0.0518,Low,1208303
KE001,Mombasa,2024-03,126.41913,118.74063,150.0,67.0,0,0,0.0518,Low,1208303
KE001,Mombasa,2024-04,126.84499,117.81966,,,2,0,0.0518,Low,1208303
KE001,Mombasa,2024-05,38.92658,15.699916,,,0,0,0.0518,Low,1208303
KE001,Mombasa,2024-06,81.097498,35.204834,127.0,57.0,2,0,0.0518,Low,1208303
KE001,Mombasa,2024-07,49.755132333333336,45.08331,,,1,0,0.0518,Low,1208303
KE001,Mombasa,2024-08,140.37712466666667,125.378784,,,0,0,0.0518,Low,1208303
KE001,Mombasa,2024-09,62.015116666666664,43.12877,,,0,0,0.0518,Low,1208303
KE001,Mombasa,2024-10,52.917790333333336,42.312412,,,1,0,0.0518,Low,1208303
KE001,Mombasa,2024-11,90.794976,40.817684,,,1,0,0.0518,Low,1208303
KE001,Mombasa,2024-12,204.22712666666666,177.53815,,,0,0,0.0518,Low,1208303
KE001,Mombasa,2025-01,70.17102333333332,64.07036,,,0,0,0.0518,Low,1208303
KE001,Mombasa,2025-02,74.28323999999999,69.63683,,,2,0,0.0518,Low,1208303
KE001,Mombasa,2025-03,106.34818333333334,82.30884,,,1,0,0.0518,Low,1208303
KE001,Mombasa,2025-04,84.86734700000001,42.489864,,,1,1,0.0518,Low,1208303
KE001,Mombasa,2025-05,99.05167999999999,46.677,,,0,0,0.0518,Low,1208303
KE001,Mombasa,2025-06,92.07315,64.30155,,,1,0,0.0518,Low,1208303
KE001,Mombasa,2025-07,57.14352466666667,54.62615,,,0,0,0.0518,Low,1208303
KE001,Mombasa,2025-08,82.04106466666667,71.590904,,,0,0,0.0518,Low,1208303
KE001,Mombasa,2025-09,79.98815333333333,55.18627,,,1,0,0.0518,Low,1208303
KE001,Mombasa,2025-10,65.86994933333334,27.638695,,,0,0,0.0518,Low,1208303
KE001,Mombasa,2025-11,29.028633666666668,24.834436,,,1,0,0.0518,Low,1208303
KE001,Mombasa,2025-12,51.328050999999995,31.557163,,,2,1,0.0518,Low,1208303
KE047,Nairobi,2006-01,35.766236,34.18124,,,1,0,0.0089,Low,4396828
KE047,Nairobi,2006-02,91.11305566666665,39.03478,,,1,0,0.0089,Low,4396828
KE047,Nairobi,2006-03,121.13160866666668,37.385036,,,0,0,0.0089,Low,4396828
KE047,Nairobi,2006-04,129.04623,92.31958,,,5,6,0.0089,Low,4396828
KE047,Nairobi,2006-05,84.97558333333333,46.435764,,,1,0,0.0089,Low,4396828
KE047,Nairobi,2006-06,66.06233533333334,47.537476,,,1,1,0.0089,Low,4396828
KE047,Nairobi,2006-07,78.31906833333333,77.34237,,,0,0,0.0089,Low,4396828
KE047,Nairobi,2006-08,121.26076666666667,84.87613,,,0,0,0.0089,Low,4396828
KE047,Nairobi,2006-09,104.97495333333332,92.82179,,,1,0,0.0089,Low,4396828
KE047,Nairobi,2006-10,70.91569199999999,68.55824,,,0,0,0.0089,Low,4396828
KE047,Nairobi,2006-11,183.99450333333334,127.38927,,,1,0,0.0089,Low,4396828
KE047,Nairobi,2006-12,179.4581466666667,61.07676,,,0,0,0.0089,Low,4396828
KE047,Nairobi,2007-01,79.288788,66.66013,,,3,2,0.0089,Low,4396828
KE047,Nairobi,2007-02,167.966588,107.52307,,,8,42,0.0089,Low,4396828
KE047,Nairobi,2007-03,48.327786333333336,28.774303,,,1,2,0.0089,Low,4396828
KE047,Nairobi,2007-04,105.03383666666667,61.24204,,,1,1,0.0089,Low,4396828
KE047,Nairobi,2007-05,67.68722100000001,39.565613,,,1,0,0.0089,Low,4396828
KE047,Nairobi,2007-06,108.064102,85.924706,,,14,39,0.0089,Low,4396828
KE047,Nairobi,2007-07,138.37992,85.99509,,,4,19,0.0089,Low,4396828
KE047,Nairobi,2007-08,99.72113533333334,77.990746,,,2,2,0.0089,Low,4396828
KE047,Nairobi,2007-09,128.22045333333332,81.5011,,,4,11,0.0089,Low,4396828
KE047,Nairobi,2007-10,75.11643500000001,59.98935,,,1,1,0.0089,Low,4396828
KE047,Nairobi,2007-11,58.66271066666667,43.951015,,,3,2,0.0089,Low,4396828
KE047,Nairobi,2007-12,61.998761,47.479717,,,19,18,0.0089,Low,4396828
KE047,Nairobi,2008-01,84.35785700000001,28.775831,,,12,25,0.0089,Low,4396828
KE047,Nairobi,2008-02,74.83715933333333,45.067425,,,1,1,0.0089,Low,4396828
KE047,Nairobi,2008-03,147.45190599999998,44.388268,,,0,0,0.0089,Low,4396828
KE047,Nairobi,2008-04,60.29900433333333,31.327423,,,1,2,0.0089,Low,4396828
KE047,Nairobi,2008-05,54.520799000000004,33.566223,,,3,3,0.0089,Low,4396828
KE047,Nairobi,2008-06,69.90899333333333,50.53533,,,0,0,0.0089,Low,4396828
KE047,Nairobi,2008-07,114.34746833333334,88.94348,,,0,0,0.0089,Low,4396828
KE047,Nairobi,2008-08,68.248288,59.154,,,1,1,0.0089,Low,4396828
KE047,Nairobi,2008-09,115.39120333333334,95.31484,,,0,0,0.0089,Low,4396828
KE047,Nairobi,2008-10,130.57160466666667,74.395874,,,0,0,0.0089,Low,4396828
KE047,Nairobi,2008-11,77.45915000000001,48.62891,,,2,1,0.0089,Low,4396828
KE047,Nairobi,2008-12,29.265439,25.532923,,,5,5,0.0089,Low,4396828
KE047,Nairobi,2009-01,87.37331400000001,32.43243,,,0,0,0.0089,Low,4396828
KE047,Nairobi,2009-02,81.39550766666666,48.616043,,,2,3,0.0089,Low,4396828
KE047,Nairobi,2009-03,41.32651933333333,40.439873,,,1,0,0.0089,Low,4396828
KE047,Nairobi,2009-04,53.41935833333333,39.312847,,,0,0,0.0089,Low,4396828
KE047,Nairobi,2009-05,87.226254,49.741802,,,0,0,0.0089,Low,4396828
KE047,Nairobi,2009-06,101.04011666666666,75.40331,,,0,0,0.0089,Low,4396828
KE047,Nairobi,2009-07,82.57605333333333,78.22628,,,3,0,0.0089,Low,4396828
KE047,Nairobi,2009-08,66.463616,57.501648,,,0,0,0.0089,Low,4396828
KE047,Nairobi,2009-09,71.71828,60.78048,,,2,0,0.0089,Low,4396828
KE047,Nairobi,2009-10,135.81647333333333,78.74016,,,2,8,0.0089,Low,4396828
KE047,Nairobi,2009-11,60.32614533333333,42.958126,,,1,0,0.0089,Low,4396828
KE047,Nairobi,2009-12,122.51976633333334,68.767914,,,1,0,0.0089,Low,4396828
KE047,Nairobi,2010-01,132.179154,39.14259,,,0,0,0.0089,Low,4396828
KE047,Nairobi,2010-02,187.232995,94.748055,,,1,0,0.0089,Low,4396828
KE047,Nairobi,2010-03,179.43073166666667,53.509575,,,0,0,0.0089,Low,4396828
KE047,Nairobi,2010-04,72.34242333333333,56.12117,,,0,0,0.0089,Low,4396828
KE047,Nairobi,2010-05,145.72468666666666,77.38457,,,0,0,0.0089,Low,4396828
KE047,Nairobi,2010-06,110.59612766666667,109.126724,,,1,7,0.0089,Low,4396828
KE047,Nairobi,2010-07,78.600845,77.67575,,,0,0,0.0089,Low,4396828
KE047,Nairobi,2010-08,91.74349133333334,80.573654,,,0,0,0.0089,Low,4396828
KE047,Nairobi,2010-09,97.7008,92.82179,,,2,1,0.0089,Low,4396828
KE047,Nairobi,2010-10,109.62310833333333,80.399925,,,1,2,0.0089,Low,4396828
KE047,Nairobi,2010-11,69.366216,56.417633,,,2,5,0.0089,Low,4396828
KE047,Nairobi,2010-12,84.20338533333333,37.305492,,,4,9,0.0089,Low,4396828
KE047,Nairobi,2011-01,39.284956666666666,30.754894,,,3,4,0.0089,Low,4396828
KE047,Nairobi,2011-02,122.738966,51.142628,,,0,0,0.0089,Low,4396828
KE047,Nairobi,2011-03,104.567477,29.443476,,,0,0,0.0089,Low,4396828
KE047,Nairobi,2011-04,34.20379533333333,21.37636,,,2,3,0.0089,Low,4396828
KE047,Nairobi,2011-05,62.15402333333333,48.51808,,,2,2,0.0089,Low,4396828
KE047,Nairobi,2011-06,161.58671,95.50322,,,4,1,0.0089,Low,4396828
KE047,Nairobi,2011-07,96.71743666666667,77.64128,,,0,0,0.0089,Low,4396828
KE047,Nairobi,2011-08,139.73462,88.23529,,,1,0,0.0089,Low,4396828
KE047,Nairobi,2011-09,122.71550666666667,97.35975,,,2,0,0.0089,Low,4396828
KE047,Nairobi,2011-10,159.93129,82.85327,,,2,1,0.0089,Low,4396828
KE047,Nairobi,2011-11,144.29560666666666,103.62719,,,0,0,0.0089,Low,4396828
KE047,Nairobi,2011-12,103.94880666666666,42.99109,,,1,0,0.0089,Low,4396828
KE047,Nairobi,2012-01,34.963771333333334,26.596033,,,3,9,0.0089,Low,4396828
KE047,Nairobi,2012-02,60.88686033333334,36.373318,,,0,0,0.0089,Low,4396828
KE047,Nairobi,2012-03,36.571725,18.623625,,,2,0,0.0089,Low,4396828
KE047,Nairobi,2012-04,202.9194733333333,98.89637,,,1,2,0.0089,Low,4396828
KE047,Nairobi,2012-05,150.40977333333333,68.88026,,,1,1,0.0089,Low,4396828
KE047,Nairobi,2012-06,112.880328,63.829784,,,1,0,0.0089,Low,4396828
KE047,Nairobi,2012-07,108.31913833333333,93.481865,,,5,1,0.0089,Low,4396828
KE047,Nairobi,2012-08,123.069475,85.922005,,,1,1,0.0089,Low,4396828
KE047,Nairobi,2012-09,101.30987666666668,74.25743,,,2,3,0.0089,Low,4396828
KE047,Nairobi,2012-10,151.15492666666668,146.4237,,,3,9,0.0089,Low,4396828
KE047,Nairobi,2012-11,115.67475999999999,79.21853,,,5,13,0.0089,Low,4396828
KE047,Nairobi,2012-12,183.82472466666664,110.760864,,,2,0,0.0089,Low,4396828
KE047,Nairobi,2013-01,73.73059566666667,29.136217,,,5,2,0.0089,Low,4396828
KE047,Nairobi,2013-02,50.475111,32.292408,,,4,3,0.0089,Low,4396828
KE047,Nairobi,2013-03,150.64752133333332,57.771664,,,1,0,0.0089,Low,4396828
KE047,Nairobi,2013-04,190.75250000000003,82.44962,,,3,0,0.0089,Low,4396828
KE047,Nairobi,2013-05,40.71313433333333,27.490887,,,2,4,0.0089,Low,4396828
KE047,Nairobi,2013-06,111.48352766666666,59.100647,,,3,2,0.0089,Low,4396828
KE047,Nairobi,2013-07,90.15182666666665,89.71715,,,0,0,0.0089,Low,4396828
KE047,Nairobi,2013-08,131.38533133333334,89.251434,,,2,1,0.0089,Low,4396828
KE047,Nairobi,2013-09,143.34698333333333,113.8614,,,12,84,0.0089,Low,4396828
KE047,Nairobi,2013-10,60.840539666666665,40.863426,,,0,0,0.0089,Low,4396828
KE047,Nairobi,2013-11,70.82999333333333,43.4825,,,1,1,0.0089,Low,4396828
KE047,Nairobi,2013-12,159.37203633333334,31.121159,,,3,6,0.0089,Low,4396828
KE047,Nairobi,2014-01,37.643887666666664,32.27345,,,0,0,0.0089,Low,4396828
KE047,Nairobi,2014-02,154.81195,56.58867,,,1,0,0.0089,Low,4396828
KE047,Nairobi,2014-03,153.858054,27.882078,,,4,13,0.0089,Low,4396828
KE047,Nairobi,2014-04,39.45584,26.413319,,,4,5,0.0089,Low,4396828
KE047,Nairobi,2014-05,54.19614333333333,46.24848,,,0,0,0.0089,Low,4396828
KE047,Nairobi,2014-06,155.85268,126.12421,,,0,0,0.0089,Low,4396828
KE047,Nairobi,2014-07,90.00592533333334,86.62345,,,0,0,0.0089,Low,4396828
KE047,Nairobi,2014-08,115.36968666666667,76.91253,,,0,0,0.0089,Low,4396828
KE047,Nairobi,2014-09,101.68874166666667,83.918495,,,0,0,0.0089,Low,4396828
KE047,Nairobi,2014-10,123.00466333333333,74.12435,,,2,10,0.0089,Low,4396828
KE047,Nairobi,2014-11,83.53245,72.39959,,,1,1,0.0089,Low,4396828
KE047,Nairobi,2014-12,102.37169999999999,62.41381,,,0,0,0.0089,Low,4396828
KE047,Nairobi,2015-01,31.71086,29.28337,,,1,4,0.0089,Low,4396828
KE047,Nairobi,2015-02,80.45825033333334,40.561398,,,1,1,0.0089,Low,4396828
KE047,Nairobi,2015-03,57.19578766666666,39.893295,,,1,1,0.0089,Low,4396828
KE047,Nairobi,2015-04,135.83683,99.51064,,,0,0,0.0089,Low,4396828
KE047,Nairobi,2015-05,89.83501333333334,75.106316,,,0,0,0.0089,Low,4396828
KE047,Nairobi,2015-06,89.36066799999999,67.68762,,,0,0,0.0089,Low,4396828
KE047,Nairobi,2015-07,113.98553,100.24569,,,0,0,0.0089,Low,4396828
KE047,Nairobi,2015-08,81.04885999999999,70.38995,,,1,0,0.0089,Low,4396828
KE047,Nairobi,2015-09,74.86984,67.34201,,,0,0,0.0089,Low,4396828
KE047,Nairobi,2015-10,110.44809333333335,101.69792,,,0,0,0.0089,Low,4396828
KE047,Nairobi,2015-11,145.31609799999998,109.4005,,,1,0,0.0089,Low,4396828
KE047,Nairobi,2015-12,138.531008,36.70701,,,0,0,0.0089,Low,4396828
KE047,Nairobi,2016-01,156.29638433333335,57.869633,,,0,0,0.0089,Low,4396828
KE047,Nairobi,2016-02,80.24352233333333,45.422287,,,2,2,0.0089,Low,4396828
KE047,Nairobi,2016-03,66.374261,30.457458,,,0,0,0.0089,Low,4396828
KE047,Nairobi,2016-04,107.42953233333333,62.833477,,,1,1,0.0089,Low,4396828
KE047,Nairobi,2016-05,93.51269500000001,47.060455,,,0,0,0.0089,Low,4396828
KE047,Nairobi,2016-06,94.79280333333334,78.80086,,,1,2,0.0089,Low,4396828
KE047,Nairobi,2016-07,77.828682,72.922806,,,0,0,0.0089,Low,4396828
KE047,Nairobi,2016-08,96.80824,79.009125,,,0,0,0.0089,Low,4396828
KE047,Nairobi,2016-09,82.396675,81.7993,,,1,1,0.0089,Low,4396828
KE047,Nairobi,2016-10,79.71087466666667,60.955738,,,1,1,0.0089,Low,4396828
KE047,Nairobi,2016-11,111.40160800000001,67.574684,,,0,0,0.0089,Low,4396828
KE047,Nairobi,2016-12,38.51847033333333,33.116104,,,0,0,0.0089,Low,4396828
KE047,Nairobi,2017-01,45.47626399999999,34.658184,,,1,0,0.0089,Low,4396828
KE047,Nairobi,2017-02,93.37149433333333,53.567493,,,0,0,0.0089,Low,4396828
KE047,Nairobi,2017-03,46.712637,39.654415,,,4,3,0.0089,Low,4396828
KE047,Nairobi,2017-04,50.03230833333333,45.959312,,,2,0,0.0089,Low,4396828
KE047,Nairobi,2017-05,79.76591333333333,50.7839,,,3,1,0.0089,Low,4396828
KE047,Nairobi,2017-06,86.25791599999998,62.098503,,,3,1,0.0089,Low,4396828
KE047,Nairobi,2017-07,133.41364866666666,108.384766,,,2,2,0.0089,Low,4396828
KE047,Nairobi,2017-08,135.72255800000002,99.34811,,,1,1,0.0089,Low,4396828
KE047,Nairobi,2017-09,108.65343,68.03269,,,0,0,0.0089,Low,4396828
KE047,Nairobi,2017-10,109.27433333333333,62.52118,,,6,9,0.0089,Low,4396828
KE047,Nairobi,2017-11,85.45928466666668,61.757164,,,3,17,0.0089,Low,4396828
KE047,Nairobi,2017-12,33.245641,26.33329,,,4,7,0.0089,Low,4396828
KE047,Nairobi,2018-01,74.41828366666667,55.476536,,,1,1,0.0089,Low,4396828
KE047,Nairobi,2018-02,87.74210666666666,51.8098,,,0,0,0.0089,Low,4396828
KE047,Nairobi,2018-03,247.09856466666668,33.699894,,,4,1,0.0089,Low,4396828
KE047,Nairobi,2018-04,186.60497866666665,71.131676,,,0,0,0.0089,Low,4396828
KE047,Nairobi,2018-05,195.52724666666666,107.55189,,,1,1,0.0089,Low,4396828
KE047,Nairobi,2018-06,142.83162000000002,131.86812,,,0,0,0.0089,Low,4396828
KE047,Nairobi,2018-07,146.86800000000002,117.93611,,,1,1,0.0089,Low,4396828
KE047,Nairobi,2018-08,147.61468,94.5983,,,5,9,0.0089,Low,4396828
KE047,Nairobi,2018-09,108.97585833333333,100.66007,,,4,5,0.0089,Low,4396828
KE047,Nairobi,2018-10,83.04352999999999,48.09797,,,4,8,0.0089,Low,4396828
KE047,Nairobi,2018-11,74.128025,62.218155,,,2,0,0.0089,Low,4396828
KE047,Nairobi,2018-12,176.31826999999998,51.96835,,,1,1,0.0089,Low,4396828
KE047,Nairobi,2019-01,40.03148633333333,36.001945,,,4,2,0.0089,Low,4396828
KE047,Nairobi,2019-02,69.45779566666666,61.036198,,,1,1,0.0089,Low,4396828
KE047,Nairobi,2019-03,31.364743333333337,26.161757,,,0,0,0.0089,Low,4396828
KE047,Nairobi,2019-04,76.39006766666667,27.518993,,,0,0,0.0089,Low,4396828
KE047,Nairobi,2019-05,55.93412000000001,44.881535,,,0,0,0.0089,Low,4396828
KE047,Nairobi,2019-06,141.98863666666668,73.67038,,,1,0,0.0089,Low,4396828
KE047,Nairobi,2019-07,156.50809,142.7519,,,1,1,0.0089,Low,4396828
KE047,Nairobi,2019-08,133.93516333333335,75.48891,,,0,0,0.0089,Low,4396828
KE047,Nairobi,2019-09,157.115515,110.973595,,,2,2,0.0089,Low,4396828
KE047,Nairobi,2019-10,315.58965333333333,237.82759,,,0,0,0.0089,Low,4396828
KE047,Nairobi,2019-11,163.44469333333333,41.753464,,,0,0,0.0089,Low,4396828
KE047,Nairobi,2019-12,280.92564,67.26034,,,5,23,0.0089,Low,4396828
KE047,Nairobi,2020-01,212.53230333333332,110.49285,,,0,0,0.0089,Low,4396828
KE047,Nairobi,2020-02,151.08433233333332,44.535137,,,2,1,0.0089,Low,4396828
KE047,Nairobi,2020-03,167.61916133333332,50.284664,,,4,2,0.0089,Low,4396828
KE047,Nairobi,2020-04,176.94209333333333,56.0208,,,3,2,0.0089,Low,4396828
KE047,Nairobi,2020-05,73.65440533333333,56.728436,,,3,1,0.0089,Low,4396828
KE047,Nairobi,2020-06,168.45136666666664,96.57387,,,0,0,0.0089,Low,4396828
KE047,Nairobi,2020-07,106.00300866666667,91.926926,,,1,0,0.0089,Low,4396828
KE047,Nairobi,2020-08,87.65695333333333,75.016525,108.0,,1,0,0.0089,Low,4396828
KE047,Nairobi,2020-09,142.86913666666666,80.03301,,,0,0,0.0089,Low,4396828
KE047,Nairobi,2020-10,86.15943666666665,79.041,,,0,0,0.0089,Low,4396828
KE047,Nairobi,2020-11,82.14722466666666,68.1104,,,1,3,0.0089,Low,4396828
KE047,Nairobi,2020-12,59.27697733333333,46.928566,,,0,0,0.0089,Low,4396828
KE047,Nairobi,2021-01,83.147335,32.520725,,,1,0,0.0089,Low,4396828
KE047,Nairobi,2021-02,142.51786333333334,108.94252,,,0,0,0.0089,Low,4396828
KE047,Nairobi,2021-03,56.00477333333333,42.9384,,,1,0,0.0089,Low,4396828
KE047,Nairobi,2021-04,72.68607733333333,48.903942,,,1,0,0.0089,Low,4396828
KE047,Nairobi,2021-05,147.809582,71.319496,,,2,1,0.0089,Low,4396828
KE047,Nairobi,2021-06,64.22069833333333,47.537476,,,2,0,0.0089,Low,4396828
KE047,Nairobi,2021-07,184.83389,119.77018,,,0,0,0.0089,Low,4396828
KE047,Nairobi,2021-08,109.64503333333334,68.7376,,,1,1,0.0089,Low,4396828
KE047,Nairobi,2021-09,74.60108000000001,67.34201,,,1,1,0.0089,Low,4396828
KE047,Nairobi,2021-10,84.670457,52.131416,,,3,1,0.0089,Low,4396828
KE047,Nairobi,2021-11,96.51752266666666,52.878563,,,4,3,0.0089,Low,4396828
KE047,Nairobi,2021-12,96.52775833333334,81.32709,,,0,0,0.0089,Low,4396828
KE047,Nairobi,2022-01,79.73963533333334,32.27345,,,2,2,0.0089,Low,4396828
KE047,Nairobi,2022-02,119.21576733333335,55.358418,,,3,1,0.0089,Low,4396828
KE047,Nairobi,2022-03,51.292664333333335,30.218578,,,1,0,0.0089,Low,4396828
KE047,Nairobi,2022-04,73.47218033333333,30.713161,,,0,0,0.0089,Low,4396828
KE047,Nairobi,2022-05,52.754282666666676,27.490887,,,1,0,0.0089,Low,4396828
KE047,Nairobi,2022-06,67.07792266666667,47.96574,,,2,0,0.0089,Low,4396828
KE047,Nairobi,2022-07,90.95695866666667,78.22628,,,1,0,0.0089,Low,4396828
KE047,Nairobi,2022-08,75.643257,60.806347,,,4,1,0.0089,Low,4396828
KE047,Nairobi,2022-09,96.10989,66.65131,,,7,3,0.0089,Low,4396828
KE047,Nairobi,2022-10,64.85493933333333,54.30356,,,1,1,0.0089,Low,4396828
KE047,Nairobi,2022-11,106.94164166666667,62.533985,,,0,0,0.0089,Low,4396828
KE047,Nairobi,2022-12,47.897661,41.594627,,,1,1,0.0089,Low,4396828
KE047,Nairobi,2023-01,53.693800333333336,42.085644,,,3,0,0.0089,Low,4396828
KE047,Nairobi,2023-02,40.240597,32.64727,,,0,0,0.0089,Low,4396828
KE047,Nairobi,2023-03,111.85332533333333,35.13142,,,2,1,0.0089,Low,4396828
KE047,Nairobi,2023-04,83.97066233333334,39.17439,,,1,0,0.0089,Low,4396828
KE047,Nairobi,2023-05,54.236826,41.817245,,,1,0,0.0089,Low,4396828
KE047,Nairobi,2023-06,81.19674533333334,53.747326,,,3,3,0.0089,Low,4396828
KE047,Nairobi,2023-07,80.09031666666667,74.24867,,,3,0,0.0089,Low,4396828
KE047,Nairobi,2023-08,66.12851266666667,59.814938,,,1,0,0.0089,Low,4396828
KE047,Nairobi,2023-09,138.05019333333334,122.25164,,,2,0,0.0089,Low,4396828
KE047,Nairobi,2023-10,106.08021666666667,70.32311,,,1,0,0.0089,Low,4396828
KE047,Nairobi,2023-11,160.669115,115.173805,,,7,2,0.0089,Low,4396828
KE047,Nairobi,2023-12,73.91267566666666,56.326347,,,0,0,0.0089,Low,4396828
KE047,Nairobi,2024-01,209.038406,63.084488,,,1,0,0.0089,Low,4396828
KE047,Nairobi,2024-02,101.51698066666667,51.987232,,,2,2,0.0089,Low,4396828
KE047,Nairobi,2024-03,127.78402666666666,66.17032,,,3,0,0.0089,Low,4396828
KE047,Nairobi,2024-04,295.9621666666667,178.19775,,,0,0,0.0089,Low,4396828
KE047,Nairobi,2024-05,203.51596666666669,125.61475,,,2,2,0.0089,Low,4396828
KE047,Nairobi,2024-06,107.34588166666667,81.71615,,,17,0,0.0089,Low,4396828
KE047,Nairobi,2024-07,207.72509666666667,117.93611,,,5,1,0.0089,Low,4396828
KE047,Nairobi,2024-08,68.33571266666667,58.823524,,,4,3,0.0089,Low,4396828
KE047,Nairobi,2024-09,145.07498333333334,90.93425,,,3,1,0.0089,Low,4396828
KE047,Nairobi,2024-10,73.54181766666666,56.339943,,,1,0,0.0089,Low,4396828
KE047,Nairobi,2024-11,156.46829,85.42978,,,3,0,0.0089,Low,4396828
KE047,Nairobi,2024-12,105.42604,46.71241,,,6,1,0.0089,Low,4396828
KE047,Nairobi,2025-01,160.49146266666665,34.728016,,,4,2,0.0089,Low,4396828
KE047,Nairobi,2025-02,37.96197466666667,30.163237,,,1,0,0.0089,Low,4396828
KE047,Nairobi,2025-03,163.44108333333332,129.1238,,,2,0,0.0089,Low,4396828
KE047,Nairobi,2025-04,115.95327999999999,101.96501,,,5,1,0.0089,Low,4396828
KE047,Nairobi,2025-05,93.03009866666666,64.551956,,,1,0,0.0089,Low,4396828
KE047,Nairobi,2025-06,110.00034366666667,51.177727,,,2,1,0.0089,Low,4396828
KE047,Nairobi,2025-07,83.941525,72.48085,,,2,1,0.0089,Low,4396828
KE047,Nairobi,2025-08,134.92432666666667,86.58295,,,1,0,0.0089,Low,4396828
KE047,Nairobi,2025-09,105.84707666666667,95.70957,,,2,0,0.0089,Low,4396828
KE047,Nairobi,2025-10,205.7089,54.66485,,,0,0,0.0089,Low,4396828
KE047,Nairobi,2025-11,39.838962333333335,35.023464,,,2,0,0.0089,Low,4396828
KE047,Nairobi,2025-12,136.45198333333335,34.72327,,,0,0,0.0089,Low,4396828
KE025,Samburu,2006-01,71.19813666666666,66.05609,,,1,0,0.4172,High,310320
KE025,Samburu,2006-02,104.25166033333333,58.571636,,,0,0,0.4172,High,310320
KE025,Samburu,2006-03,62.030827666666674,40.69455,,,0,0,0.4172,High,310320
KE025,Samburu,2006-04,109.992003,44.409554,,,1,1,0.4172,High,310320
KE025,Samburu,2006-05,82.354215,72.240326,,,3,12,0.4172,High,310320
KE025,Samburu,2006-06,87.63579833333334,70.605965,,,0,0,0.4172,High,310320
KE025,Samburu,2006-07,87.47642666666667,83.07088,,,1,3,0.4172,High,310320
KE025,Samburu,2006-08,144.12542333333332,86.34229,,,0,0,0.4172,High,310320
KE025,Samburu,2006-09,93.18808866666666,85.939926,,,1,6,0.4172,High,310320
KE025,Samburu,2006-10,125.08956166666667,74.876015,,,0,0,0.4172,High,310320
KE025,Samburu,2006-11,125.19572333333333,97.98121,,,0,0,0.4172,High,310320
KE025,Samburu,2006-12,180.65691466666667,86.145004,,,0,0,0.4172,High,310320
KE025,Samburu,2007-01,93.32059666666667,87.91038,,,0,0,0.4172,High,310320
KE025,Samburu,2007-02,107.76876033333333,66.158035,,,0,0,0.4172,High,310320
KE025,Samburu,2007-03,93.39931666666666,37.73564,,,0,0,0.4172,High,310320
KE025,Samburu,2007-04,93.284971,32.051853,,,0,0,0.4172,High,310320
KE025,Samburu,2007-05,93.09766166666668,69.825905,,,3,32,0.4172,High,310320
KE025,Samburu,2007-06,142.92661466666667,115.888504,,,0,0,0.4172,High,310320
KE025,Samburu,2007-07,150.76166666666668,83.08868,,,2,20,0.4172,High,310320
KE025,Samburu,2007-08,119.38907333333333,100.47003,,,0,0,0.4172,High,310320
KE025,Samburu,2007-09,154.25646666666668,125.0125,,,0,0,0.4172,High,310320
KE025,Samburu,2007-10,90.85832,69.797775,,,0,0,0.4172,High,310320
KE025,Samburu,2007-11,80.34673966666666,51.475674,,,0,0,0.4172,High,310320
KE025,Samburu,2007-12,63.90537466666667,57.85836,,,0,0,0.4172,High,310320
KE025,Samburu,2008-01,125.90336200000002,61.634666,,,0,0,0.4172,High,310320
KE025,Samburu,2008-02,70.69327,53.7545,,,0,0,0.4172,High,310320
KE025,Samburu,2008-03,99.279926,58.178604,,,1,6,0.4172,High,310320
KE025,Samburu,2008-04,71.768598,28.022884,,,0,0,0.4172,High,310320
KE025,Samburu,2008-05,60.723337333333326,37.414272,,,0,0,0.4172,High,310320
KE025,Samburu,2008-06,82.385308,75.74045,,,0,0,0.4172,High,310320
KE025,Samburu,2008-07,97.79814500000002,84.543625,,,0,0,0.4172,High,310320
KE025,Samburu,2008-08,80.71651333333334,72.20865,,,0,0,0.4172,High,310320
KE025,Samburu,2008-09,107.78592333333334,100.7966,,,2,13,0.4172,High,310320
KE025,Samburu,2008-10,117.53291999999999,86.27387,,,0,0,0.4172,High,310320
KE025,Samburu,2008-11,96.061537,48.912308,,,0,0,0.4172,High,310320
KE025,Samburu,2008-12,54.76750666666667,43.20938,,,1,5,0.4172,High,310320
KE025,Samburu,2009-01,88.89934933333332,72.13239,,,0,0,0.4172,High,310320
KE025,Samburu,2009-02,66.80005200000001,58.12489,,,0,0,0.4172,High,310320
KE025,Samburu,2009-03,36.214317333333334,32.29029,,,0,0,0.4172,High,310320
KE025,Samburu,2009-04,52.92083,31.28759,,,0,0,0.4172,High,310320
KE025,Samburu,2009-05,112.56801599999999,46.401638,,,0,0,0.4172,High,310320
KE025,Samburu,2009-06,75.78799333333333,67.32343,,,0,0,0.4172,High,310320
KE025,Samburu,2009-07,78.77147333333333,66.41982,,,0,0,0.4172,High,310320
KE025,Samburu,2009-08,77.759608,75.25679,,,0,0,0.4172,High,310320
KE025,Samburu,2009-09,89.45404666666667,85.75323,,,0,0,0.4172,High,310320
KE025,Samburu,2009-10,131.92975666666666,93.29854,,,0,0,0.4172,High,310320
KE025,Samburu,2009-11,62.52793566666667,51.86915,,,0,0,0.4172,High,310320
KE025,Samburu,2009-12,138.66909666666666,101.7334,,,0,0,0.4172,High,310320
KE025,Samburu,2010-01,128.49307333333334,68.80514,,,0,0,0.4172,High,310320
KE025,Samburu,2010-02,220.19786833333333,104.438995,,,0,0,0.4172,High,310320
KE025,Samburu,2010-03,203.15961000000001,92.10819,,,0,0,0.4172,High,310320
KE025,Samburu,2010-04,78.294411,61.455143,,,0,0,0.4172,High,310320
KE025,Samburu,2010-05,116.980845,80.10128,,,1,0,0.4172,High,310320
KE025,Samburu,2010-06,94.59596800000001,77.26581,,,1,3,0.4172,High,310320
KE025,Samburu,2010-07,98.03658366666667,86.191216,,,1,5,0.4172,High,310320
KE025,Samburu,2010-08,99.97511133333334,89.600204,,,0,0,0.4172,High,310320
KE025,Samburu,2010-09,98.27386666666666,92.78932,,,0,0,0.4172,High,310320
KE025,Samburu,2010-10,77.21491166666667,59.308975,,,0,0,0.4172,High,310320
KE025,Samburu,2010-11,60.753313,49.343533,,,0,0,0.4172,High,310320
KE025,Samburu,2010-12,49.806748666666664,45.778923,,,1,1,0.4172,High,310320
KE025,Samburu,2011-01,67.50700166666667,60.61142,,,1,0,0.4172,High,310320
KE025,Samburu,2011-02,95.92663666666668,56.94098,,,0,0,0.4172,High,310320
KE025,Samburu,2011-03,69.49335866666667,37.09136,,,0,0,0.4172,High,310320
KE025,Samburu,2011-04,45.30085333333333,28.70513,,,0,0,0.4172,High,310320
KE025,Samburu,2011-05,77.55800333333333,65.45251,,,0,0,0.4172,High,310320
KE025,Samburu,2011-06,127.08177,90.39854,,,0,0,0.4172,High,310320
KE025,Samburu,2011-07,116.75789333333334,97.90414,,,0,0,0.4172,High,310320
KE025,Samburu,2011-08,119.57558,91.72424,,,0,0,0.4172,High,310320
KE025,Samburu,2011-09,115.973485,92.93042,,,0,0,0.4172,High,310320
KE025,Samburu,2011-10,162.79719666666668,67.91714,,,0,0,0.4172,High,310320
KE025,Samburu,2011-11,216.65853,111.76059,,,0,0,0.4172,High,310320
KE025,Samburu,2011-12,91.11724600000001,40.917824,,,0,0,0.4172,High,310320
KE025,Samburu,2012-01,60.679826,59.790302,,,0,0,0.4172,High,310320
KE025,Samburu,2012-02,76.817468,67.38582,,,0,0,0.4172,High,310320
KE025,Samburu,2012-03,36.52889833333333,24.802341,,,1,12,0.4172,High,310320
KE025,Samburu,2012-04,147.26934200000002,69.836586,,,0,0,0.4172,High,310320
KE025,Samburu,2012-05,153.49719166666668,110.570015,,,0,0,0.4172,High,310320
KE025,Samburu,2012-06,104.86981333333334,73.75999,,,0,0,0.4172,High,310320
KE025,Samburu,2012-07,123.78784666666667,102.91842,,,0,0,0.4172,High,310320
KE025,Samburu,2012-08,98.46818,85.18695,,,0,0,0.4172,High,310320
KE025,Samburu,2012-09,107.57815666666666,94.11211,,,1,1,0.4172,High,310320
KE025,Samburu,2012-10,161.70703333333333,131.99944,,,3,13,0.4172,High,310320
KE025,Samburu,2012-11,66.90413,52.93399,,,0,0,0.4172,High,310320
KE025,Samburu,2012-12,142.41646,70.71913,,,0,0,0.4172,High,310320
KE025,Samburu,2013-01,99.59128666666668,81.98586,,,0,0,0.4172,High,310320
KE025,Samburu,2013-02,66.852465,53.56558,,,0,0,0.4172,High,310320
KE025,Samburu,2013-03,171.5575683333333,53.36591,,,0,0,0.4172,High,310320
KE025,Samburu,2013-04,159.54317,56.25848,,,1,0,0.4172,High,310320
KE025,Samburu,2013-05,67.14519333333334,57.51172,,,0,0,0.4172,High,310320
KE025,Samburu,2013-06,112.99548499999999,79.226875,,,0,0,0.4172,High,310320
KE025,Samburu,2013-07,103.52689166666666,91.95171,,,1,0,0.4172,High,310320
KE025,Samburu,2013-08,81.00389,69.16546,,,0,0,0.4172,High,310320
KE025,Samburu,2013-09,110.78906333333333,89.28194,,,0,0,0.4172,High,310320
KE025,Samburu,2013-10,84.40656166666666,54.455585,,,0,0,0.4172,High,310320
KE025,Samburu,2013-11,94.15739866666667,78.3064,,,0,0,0.4172,High,310320
KE025,Samburu,2013-12,87.39079166666666,54.857285,,,1,4,0.4172,High,310320
KE025,Samburu,2014-01,63.086137,60.775642,,,0,0,0.4172,High,310320
KE025,Samburu,2014-02,141.68896333333333,59.47253,,,0,0,0.4172,High,310320
KE025,Samburu,2014-03,138.080098,39.367844,,,0,0,0.4172,High,310320
KE025,Samburu,2014-04,76.75780333333334,33.65741,,,0,0,0.4172,High,310320
KE025,Samburu,2014-05,69.66468533333334,50.44223,,,0,0,0.4172,High,310320
KE025,Samburu,2014-06,80.23563,75.75314,,,0,0,0.4172,High,310320
KE025,Samburu,2014-07,75.99936333333333,70.09715,,,0,0,0.4172,High,310320
KE025,Samburu,2014-08,124.27208833333333,69.436905,,,0,0,0.4172,High,310320
KE025,Samburu,2014-09,92.66494333333333,85.02895,,,0,0,0.4172,High,310320
KE025,Samburu,2014-10,91.68075800000001,57.179344,,,0,0,0.4172,High,310320
KE025,Samburu,2014-11,81.71024533333333,55.06711,,,0,0,0.4172,High,310320
KE025,Samburu,2014-12,92.856883,69.670074,,,0,0,0.4172,High,310320
KE025,Samburu,2015-01,67.76207333333333,65.62658,,,0,0,0.4172,High,310320
KE025,Samburu,2015-02,90.10469333333333,56.91579,,,1,15,0.4172,High,310320
KE025,Samburu,2015-03,59.078605,38.44946,,,0,0,0.4172,High,310320
KE025,Samburu,2015-04,154.26133866666666,118.961296,,,0,0,0.4172,High,310320
KE025,Samburu,2015-05,78.00336333333333,71.16331,,,0,0,0.4172,High,310320
KE025,Samburu,2015-06,82.58726333333334,79.9807,,,0,0,0.4172,High,310320
KE025,Samburu,2015-07,83.87917499999999,81.68239,,,0,0,0.4172,High,310320
KE025,Samburu,2015-08,72.29678166666666,60.818935,,,0,0,0.4172,High,310320
KE025,Samburu,2015-09,85.08432666666666,81.384346,,,0,0,0.4172,High,310320
KE025,Samburu,2015-10,98.18599,66.88396,,,0,0,0.4172,High,310320
KE025,Samburu,2015-11,117.39391866666666,109.20961,,,0,0,0.4172,High,310320
KE025,Samburu,2015-12,130.65112866666666,53.296516,,,0,0,0.4172,High,310320
KE025,Samburu,2016-01,130.21295,104.79417,,,0,0,0.4172,High,310320
KE025,Samburu,2016-02,80.33196,70.2291,,,0,0,0.4172,High,310320
KE025,Samburu,2016-03,68.48963833333333,28.586882,,,0,0,0.4172,High,310320
KE025,Samburu,2016-04,93.38986533333332,65.36128,,,0,0,0.4172,High,310320
KE025,Samburu,2016-05,91.78139500000002,70.79636,,,0,0,0.4172,High,310320
KE025,Samburu,2016-06,94.96965999999999,75.11596,,,0,0,0.4172,High,310320
KE025,Samburu,2016-07,78.73113333333333,74.42535,,,0,0,0.4172,High,310320
KE025,Samburu,2016-08,77.20262666666666,66.97112,,,1,0,0.4172,High,310320
KE025,Samburu,2016-09,88.17772333333333,80.74955,,,0,0,0.4172,High,310320
KE025,Samburu,2016-10,56.93456733333333,40.28322,,,0,0,0.4172,High,310320
KE025,Samburu,2016-11,93.65710899999999,62.482697,,,0,0,0.4172,High,310320
KE025,Samburu,2016-12,57.75263999999999,49.784805,,,0,0,0.4172,High,310320
KE025,Samburu,2017-01,67.31987533333334,62.076813,,,0,0,0.4172,High,310320
KE025,Samburu,2017-02,117.27986666666668,91.43468,,,0,0,0.4172,High,310320
KE025,Samburu,2017-03,40.32773266666667,32.218704,,,2,13,0.4172,High,310320
KE025,Samburu,2017-04,62.571486666666665,45.62059,,,0,0,0.4172,High,310320
KE025,Samburu,2017-05,106.31991,75.93287,,,2,6,0.4172,High,310320
KE025,Samburu,2017-06,74.41690666666666,67.241,,,0,0,0.4172,High,310320
KE025,Samburu,2017-07,113.74634333333334,109.31744,,,2,3,0.4172,High,310320
KE025,Samburu,2017-08,102.72892533333334,79.13569,,,0,0,0.4172,High,310320
KE025,Samburu,2017-09,105.74223833333333,92.73641,,,1,3,0.4172,High,310320
KE025,Samburu,2017-10,170.04336466666666,70.82866,,,0,0,0.4172,High,310320
KE025,Samburu,2017-11,98.10329333333334,44.17506,,,0,0,0.4172,High,310320
KE025,Samburu,2017-12,56.591603,53.70212,,,0,0,0.4172,High,310320
KE025,Samburu,2018-01,61.90115966666667,57.03638,,,1,0,0.4172,High,310320
KE025,Samburu,2018-02,67.76602233333334,61.828487,,,0,0,0.4172,High,310320
KE025,Samburu,2018-03,251.65068666666664,101.99647,,,2,14,0.4172,High,310320
KE025,Samburu,2018-04,203.88690666666665,148.01656,,,0,0,0.4172,High,310320
KE025,Samburu,2018-05,189.63230333333334,151.47658,,,0,0,0.4172,High,310320
KE025,Samburu,2018-06,208.2165,120.60581,,,0,0,0.4172,High,310320
KE025,Samburu,2018-07,91.82650466666666,74.609764,,,0,0,0.4172,High,310320
KE025,Samburu,2018-08,86.68780333333332,67.71048,,,0,0,0.4172,High,310320
KE025,Samburu,2018-09,98.58158166666665,93.41074,,,0,0,0.4172,High,310320
KE025,Samburu,2018-10,75.264168,68.14533,,,0,0,0.4172,High,310320
KE025,Samburu,2018-11,61.85033166666667,55.151142,,,0,0,0.4172,High,310320
KE025,Samburu,2018-12,178.34126333333333,61.03429,,,0,0,0.4172,High,310320
KE025,Samburu,2019-01,89.483502,76.99654,,,0,0,0.4172,High,310320
KE025,Samburu,2019-02,81.67259866666667,62.229126,,,0,0,0.4172,High,310320
KE025,Samburu,2019-03,56.500244,31.712309,,,0,0,0.4172,High,310320
KE025,Samburu,2019-04,81.87202866666667,27.171448,,,1,1,0.4172,High,310320
KE025,Samburu,2019-05,95.45027733333335,52.347702,,,1,2,0.4172,High,310320
KE025,Samburu,2019-06,141.41235666666668,83.97974,,,0,0,0.4172,High,310320
KE025,Samburu,2019-07,93.29752333333333,75.969,,,0,0,0.4172,High,310320
KE025,Samburu,2019-08,89.37476666666667,77.5492,,,0,0,0.4172,High,310320
KE025,Samburu,2019-09,117.46640333333333,96.96602,,,3,5,0.4172,High,310320
KE025,Samburu,2019-10,207.51800000000003,147.25934,,,1,1,0.4172,High,310320
KE025,Samburu,2019-11,162.15795333333332,128.91316,,,1,0,0.4172,High,310320
KE025,Samburu,2019-12,190.62351666666666,114.90771,,,1,2,0.4172,High,310320
KE025,Samburu,2020-01,149.864665,96.76605,,,0,0,0.4172,High,310320
KE025,Samburu,2020-02,151.73828133333333,107.967224,,,1,0,0.4172,High,310320
KE025,Samburu,2020-03,177.37165666666667,69.42843,,,0,0,0.4172,High,310320
KE025,Samburu,2020-04,195.857062,67.280716,,,0,0,0.4172,High,310320
KE025,Samburu,2020-05,116.97853666666667,83.77255,,,0,0,0.4172,High,310320
KE025,Samburu,2020-06,155.49516500000001,126.779175,,,0,0,0.4172,High,310320
KE025,Samburu,2020-07,101.66754333333334,85.96719,,,2,2,0.4172,High,310320
KE025,Samburu,2020-08,137.72665,96.470764,,,1,1,0.4172,High,310320
KE025,Samburu,2020-09,116.84212666666667,96.01371,,,0,0,0.4172,High,310320
KE025,Samburu,2020-10,115.61922833333334,78.93512,,,2,1,0.4172,High,310320
KE025,Samburu,2020-11,66.41614833333334,42.453255,,,2,2,0.4172,High,310320
KE025,Samburu,2020-12,71.897669,48.9926,,,1,1,0.4172,High,310320
KE025,Samburu,2021-01,85.69773666666667,69.70731,,,0,0,0.4172,High,310320
KE025,Samburu,2021-02,121.32224833333333,83.159195,,,1,2,0.4172,High,310320
KE025,Samburu,2021-03,62.460820000000005,48.39508,,,0,0,0.4172,High,310320
KE025,Samburu,2021-04,46.6829,36.264767,,,0,0,0.4172,High,310320
KE025,Samburu,2021-05,176.66490666666667,87.27481,,,0,0,0.4172,High,310320
KE025,Samburu,2021-06,77.83929166666667,69.08705,,,0,0,0.4172,High,310320
KE025,Samburu,2021-07,79.72717333333334,67.30932,,,2,4,0.4172,High,310320
KE025,Samburu,2021-08,81.62631800000001,74.26871,,,0,0,0.4172,High,310320
KE025,Samburu,2021-09,113.14254666666666,98.03836,,,1,1,0.4172,High,310320
KE025,Samburu,2021-10,66.80123933333333,53.323948,,,3,28,0.4172,High,310320
KE025,Samburu,2021-11,65.96677,43.63685,,,0,0,0.4172,High,310320
KE025,Samburu,2021-12,108.36481866666668,83.0397,,,2,2,0.4172,High,310320
KE025,Samburu,2022-01,103.55578833333334,63.276905,,,1,1,0.4172,High,310320
KE025,Samburu,2022-02,93.92098500000002,68.225876,,,2,1,0.4172,High,310320
KE025,Samburu,2022-03,58.046252,45.538376,,,0,0,0.4172,High,310320
KE025,Samburu,2022-04,94.54294,30.27327,,,0,0,0.4172,High,310320
KE025,Samburu,2022-05,83.09448466666667,64.90043,,,3,0,0.4172,High,310320
KE025,Samburu,2022-06,73.74504166666667,69.14548,,,1,0,0.4172,High,310320
KE025,Samburu,2022-07,82.73108866666666,69.97784,,,2,4,0.4172,High,310320
KE025,Samburu,2022-08,94.49434666666667,82.37563,,,0,0,0.4172,High,310320
KE025,Samburu,2022-09,109.59212866666667,93.28316,,,2,1,0.4172,High,310320
KE025,Samburu,2022-10,65.02140333333334,49.7037,,,4,2,0.4172,High,310320
KE025,Samburu,2022-11,70.71965466666667,64.41932,,,3,1,0.4172,High,310320
KE025,Samburu,2022-12,95.37253,76.1286,,,3,2,0.4172,High,310320
KE025,Samburu,2023-01,79.93112166666667,72.626884,,,6,4,0.4172,High,310320
KE025,Samburu,2023-02,63.066216,56.739468,,,5,16,0.4172,High,310320
KE025,Samburu,2023-03,143.28268333333332,45.22558,,,10,9,0.4172,High,310320
KE025,Samburu,2023-04,175.25793333333334,85.06657,,,6,17,0.4172,High,310320
KE025,Samburu,2023-05,90.86059233333333,57.406693,,,4,4,0.4172,High,310320
KE025,Samburu,2023-06,97.45376666666665,86.08716,,,2,3,0.4172,High,310320
KE025,Samburu,2023-07,83.94237033333333,76.674225,,,4,1,0.4172,High,310320
KE025,Samburu,2023-08,77.21286533333334,66.768936,,,3,4,0.4172,High,310320
KE025,Samburu,2023-09,101.47408833333333,91.951805,,,6,9,0.4172,High,310320
KE025,Samburu,2023-10,169.24839,78.46943,,,2,4,0.4172,High,310320
KE025,Samburu,2023-11,153.94122333333334,99.21952,,,2,3,0.4172,High,310320
KE025,Samburu,2023-12,69.35463,47.40819,176.45454545454547,72.85714285714286,4,7,0.4172,High,310320
KE025,Samburu,2024-01,127.72011833333333,73.931595,,,9,3,0.4172,High,310320
KE025,Samburu,2024-02,220.181915,93.802505,,,10,7,0.4172,High,310320
KE025,Samburu,2024-03,44.499328999999996,38.05,173.75,68.7,2,3,0.4172,High,310320
KE025,Samburu,2024-04,172.69331333333335,77.10769,,,1,0,0.4172,High,310320
KE025,Samburu,2024-05,147.44102333333333,78.21357,,,0,0,0.4172,High,310320
KE025,Samburu,2024-06,73.43603833333333,64.89863,148.25,63.07692307692308,1,0,0.4172,High,310320
KE025,Samburu,2024-07,123.20679133333334,87.205414,,,0,0,0.4172,High,310320
KE025,Samburu,2024-08,100.92267666666667,76.04052,,,1,1,0.4172,High,310320
KE025,Samburu,2024-09,90.02787533333333,87.209526,139.14285714285714,55.1,3,4,0.4172,High,310320
KE025,Samburu,2024-10,90.78037,67.29546,,,1,1,0.4172,High,310320
KE025,Samburu,2024-11,119.63966333333333,93.41514,,,2,0,0.4172,High,310320
KE025,Samburu,2024-12,44.82458,39.00726,,,1,0,0.4172,High,310320
KE025,Samburu,2025-01,95.429845,64.45175,,,1,1,0.4172,High,310320
KE025,Samburu,2025-02,66.14166533333334,55.64372,,,2,2,0.4172,High,310320
KE025,Samburu,2025-03,157.10789666666668,119.88423,,,6,6,0.4172,High,310320
KE025,Samburu,2025-04,116.90484733333334,51.738472,,,1,0,0.4172,High,310320
KE025,Samburu,2025-05,113.10656,67.4798,,,2,1,0.4172,High,310320
KE025,Samburu,2025-06,85.34532666666667,72.55718,,,1,0,0.4172,High,310320
KE025,Samburu,2025-07,74.61913466666667,58.728874,,,3,1,0.4172,High,310320
KE025,Samburu,2025-08,114.70780166666667,83.99311,,,7,9,0.4172,High,310320
KE025,Samburu,2025-09,109.09016333333334,95.68182,175.0,55.1,3,4,0.4172,High,310320
KE025,Samburu,2025-10,122.171785,74.662865,,,1,0,0.4172,High,310320
KE025,Samburu,2025-11,50.808497666666675,45.52015,,,3,5,0.4172,High,310320
KE025,Samburu,2025-12,89.33398133333333,61.732918,,,2,1,0.4172,High,310320
KE006,Taita Taveta,2006-01,54.38569666666667,46.95732,,,0,0,0.0793,Low,340664
KE006,Taita Taveta,2006-02,70.33062333333334,48.48009,,,0,0,0.0793,Low,340664
KE006,Taita Taveta,2006-03,134.84146666666666,124.33789,,,0,0,0.0793,Low,340664
KE006,Taita Taveta,2006-04,112.51440000000001,108.56676,,,0,0,0.0793,Low,340664
KE006,Taita Taveta,2006-05,107.48327166666667,77.96895,,,0,0,0.0793,Low,340664
KE006,Taita Taveta,2006-06,97.41298133333333,88.215294,,,0,0,0.0793,Low,340664
KE006,Taita Taveta,2006-07,92.95216,88.17298,,,0,0,0.0793,Low,340664
KE006,Taita Taveta,2006-08,88.11077999999999,83.73626,,,0,0,0.0793,Low,340664
KE006,Taita Taveta,2006-09,127.75116333333334,99.55273,,,0,0,0.0793,Low,340664
KE006,Taita Taveta,2006-10,125.83564666666666,83.89575,,,0,0,0.0793,Low,340664
KE006,Taita Taveta,2006-11,188.01056333333335,81.48083,,,0,0,0.0793,Low,340664
KE006,Taita Taveta,2006-12,180.81325233333337,55.671967,,,0,0,0.0793,Low,340664
KE006,Taita Taveta,2007-01,58.21837366666667,44.860466,,,0,0,0.0793,Low,340664
KE006,Taita Taveta,2007-02,86.59768233333334,55.599167,,,0,0,0.0793,Low,340664
KE006,Taita Taveta,2007-03,79.16755666666667,36.48479,,,0,0,0.0793,Low,340664
KE006,Taita Taveta,2007-04,49.18039133333334,27.178028,,,2,3,0.0793,Low,340664
KE006,Taita Taveta,2007-05,130.99972466666668,64.824554,,,1,0,0.0793,Low,340664
KE006,Taita Taveta,2007-06,100.21025166666668,88.6629,,,0,0,0.0793,Low,340664
KE006,Taita Taveta,2007-07,95.51990533333333,86.63655,,,0,0,0.0793,Low,340664
KE006,Taita Taveta,2007-08,108.99750999999999,99.96007,,,1,1,0.0793,Low,340664
KE006,Taita Taveta,2007-09,96.66761033333334,87.58252,,,0,0,0.0793,Low,340664
KE006,Taita Taveta,2007-10,89.844828,84.1176,,,0,0,0.0793,Low,340664
KE006,Taita Taveta,2007-11,59.312110999999994,44.463493,,,0,0,0.0793,Low,340664
KE006,Taita Taveta,2007-12,90.80638033333332,58.509476,,,0,0,0.0793,Low,340664
KE006,Taita Taveta,2008-01,106.172461,42.185333,,,0,0,0.0793,Low,340664
KE006,Taita Taveta,2008-02,94.39707733333334,61.401222,,,0,0,0.0793,Low,340664
KE006,Taita Taveta,2008-03,237.80967,126.08068,,,0,0,0.0793,Low,340664
KE006,Taita Taveta,2008-04,78.13662166666667,63.87026,,,0,0,0.0793,Low,340664
KE006,Taita Taveta,2008-05,92.92043766666666,63.651783,,,0,0,0.0793,Low,340664
KE006,Taita Taveta,2008-06,107.26852133333334,97.53498,,,0,0,0.0793,Low,340664
KE006,Taita Taveta,2008-07,98.65586866666666,91.934906,,,0,0,0.0793,Low,340664
KE006,Taita Taveta,2008-08,83.19238533333333,80.58424,,,0,0,0.0793,Low,340664
KE006,Taita Taveta,2008-09,95.33978666666667,79.09035,,,0,0,0.0793,Low,340664
KE006,Taita Taveta,2008-10,66.76155366666667,50.485455,,,0,0,0.0793,Low,340664
KE006,Taita Taveta,2008-11,90.45535533333333,44.868896,,,0,0,0.0793,Low,340664
KE006,Taita Taveta,2008-12,39.65973966666667,28.992212,,,0,0,0.0793,Low,340664
KE006,Taita Taveta,2009-01,78.22620166666667,43.514095,,,0,0,0.0793,Low,340664
KE006,Taita Taveta,2009-02,90.58753,74.73676,,,0,0,0.0793,Low,340664
KE006,Taita Taveta,2009-03,54.62263433333334,31.591051,,,0,0,0.0793,Low,340664
KE006,Taita Taveta,2009-04,79.9304,67.87479,,,0,0,0.0793,Low,340664
KE006,Taita Taveta,2009-05,64.52252233333333,60.856743,,,0,0,0.0793,Low,340664
KE006,Taita Taveta,2009-06,117.15460333333334,101.80753,,,0,0,0.0793,Low,340664
KE006,Taita Taveta,2009-07,86.8217,83.63382,,,0,0,0.0793,Low,340664
KE006,Taita Taveta,2009-08,91.70833866666668,89.3955,,,0,0,0.0793,Low,340664
KE006,Taita Taveta,2009-09,79.99506333333333,74.30671,,,0,0,0.0793,Low,340664
KE006,Taita Taveta,2009-10,166.06903,97.46971,,,0,0,0.0793,Low,340664
KE006,Taita Taveta,2009-11,69.53397866666667,57.307686,,,0,0,0.0793,Low,340664
KE006,Taita Taveta,2009-12,177.80355666666665,107.92525,,,0,0,0.0793,Low,340664
KE006,Taita Taveta,2010-01,111.52348233333333,41.22497,,,1,0,0.0793,Low,340664
KE006,Taita Taveta,2010-02,84.28163333333333,62.47462,,,0,0,0.0793,Low,340664
KE006,Taita Taveta,2010-03,113.76552866666667,29.532316,,,0,0,0.0793,Low,340664
KE006,Taita Taveta,2010-04,85.220379,62.240337,,,0,0,0.0793,Low,340664
KE006,Taita Taveta,2010-05,109.63079133333333,64.55398,,,0,0,0.0793,Low,340664
KE006,Taita Taveta,2010-06,95.506355,91.65032,,,0,0,0.0793,Low,340664
KE006,Taita Taveta,2010-07,88.02306833333334,82.24794,,,0,0,0.0793,Low,340664
KE006,Taita Taveta,2010-08,80.226247,79.46997,,,0,0,0.0793,Low,340664
KE006,Taita Taveta,2010-09,90.44509,83.24263,,,0,0,0.0793,Low,340664
KE006,Taita Taveta,2010-10,50.76370766666667,41.903,,,0,0,0.0793,Low,340664
KE006,Taita Taveta,2010-11,77.55055,45.56267,,,0,0,0.0793,Low,340664
KE006,Taita Taveta,2010-12,65.073336,26.451462,,,0,0,0.0793,Low,340664
KE006,Taita Taveta,2011-01,53.41000333333333,47.340763,,,0,0,0.0793,Low,340664
KE006,Taita Taveta,2011-02,131.21059,67.98605,,,0,0,0.0793,Low,340664
KE006,Taita Taveta,2011-03,76.855349,36.277367,,,0,0,0.0793,Low,340664
KE006,Taita Taveta,2011-04,64.454325,46.30032,,,0,0,0.0793,Low,340664
KE006,Taita Taveta,2011-05,103.84974833333332,87.782135,,,1,0,0.0793,Low,340664
KE006,Taita Taveta,2011-06,84.70921666666666,81.43879,,,0,0,0.0793,Low,340664
KE006,Taita Taveta,2011-07,86.691438,84.70023,,,0,0,0.0793,Low,340664
KE006,Taita Taveta,2011-08,79.36222666666667,78.64841,,,0,0,0.0793,Low,340664
KE006,Taita Taveta,2011-09,110.94871333333333,100.32524,,,0,0,0.0793,Low,340664
KE006,Taita Taveta,2011-10,165.22240333333335,148.36171,,,0,0,0.0793,Low,340664
KE006,Taita Taveta,2011-11,137.30568000000002,116.7155,,,0,0,0.0793,Low,340664
KE006,Taita Taveta,2011-12,68.70111133333334,45.284874,,,0,0,0.0793,Low,340664
KE006,Taita Taveta,2012-01,48.98475066666666,40.972115,,,0,0,0.0793,Low,340664
KE006,Taita Taveta,2012-02,85.80197666666668,64.58598,,,0,0,0.0793,Low,340664
KE006,Taita Taveta,2012-03,48.38533,18.454346,,,0,0,0.0793,Low,340664
KE006,Taita Taveta,2012-04,105.86940333333332,89.942154,,,0,0,0.0793,Low,340664
KE006,Taita Taveta,2012-05,76.30984733333334,50.602627,,,0,0,0.0793,Low,340664
KE006,Taita Taveta,2012-06,82.038218,75.99126,,,0,0,0.0793,Low,340664
KE006,Taita Taveta,2012-07,86.43009,84.59624,,,1,0,0.0793,Low,340664
KE006,Taita Taveta,2012-08,114.66758333333333,106.75745,,,0,0,0.0793,Low,340664
KE006,Taita Taveta,2012-09,86.97109999999999,79.356064,,,0,0,0.0793,Low,340664
KE006,Taita Taveta,2012-10,75.089426,36.687138,,,0,0,0.0793,Low,340664
KE006,Taita Taveta,2012-11,114.84677299999998,45.707134,,,0,0,0.0793,Low,340664
KE006,Taita Taveta,2012-12,121.22885833333333,73.71486,,,0,0,0.0793,Low,340664
KE006,Taita Taveta,2013-01,76.438104,54.158737,,,0,0,0.0793,Low,340664
KE006,Taita Taveta,2013-02,73.97006166666667,50.821537,,,0,0,0.0793,Low,340664
KE006,Taita Taveta,2013-03,121.43711,73.59494,,,0,0,0.0793,Low,340664
KE006,Taita Taveta,2013-04,114.01962199999998,66.9605,,,0,0,0.0793,Low,340664
KE006,Taita Taveta,2013-05,80.192205,77.22491,,,0,0,0.0793,Low,340664
KE006,Taita Taveta,2013-06,90.42319833333333,83.3073,,,0,0,0.0793,Low,340664
KE006,Taita Taveta,2013-07,91.315608,86.36561,,,0,0,0.0793,Low,340664
KE006,Taita Taveta,2013-08,90.76129333333334,83.68008,,,0,0,0.0793,Low,340664
KE006,Taita Taveta,2013-09,113.96219533333334,92.78489,,,1,0,0.0793,Low,340664
KE006,Taita Taveta,2013-10,106.87382666666667,40.40598,,,0,0,0.0793,Low,340664
KE006,Taita Taveta,2013-11,82.73283366666666,45.119587,,,0,0,0.0793,Low,340664
KE006,Taita Taveta,2013-12,127.46285233333333,34.836967,,,0,0,0.0793,Low,340664
KE006,Taita Taveta,2014-01,44.200747,40.267292,,,0,0,0.0793,Low,340664
KE006,Taita Taveta,2014-02,125.642119,56.907307,,,1,1,0.0793,Low,340664
KE006,Taita Taveta,2014-03,145.36245333333332,85.53551,,,0,0,0.0793,Low,340664
KE006,Taita Taveta,2014-04,67.91097666666667,59.70525,,,0,0,0.0793,Low,340664
KE006,Taita Taveta,2014-05,92.69286866666666,70.58393,,,0,0,0.0793,Low,340664
KE006,Taita Taveta,2014-06,105.25334666666667,94.63953,,,0,0,0.0793,Low,340664
KE006,Taita Taveta,2014-07,97.82986133333334,91.29628,,,0,0,0.0793,Low,340664
KE006,Taita Taveta,2014-08,96.74352700000001,94.42706,,,0,0,0.0793,Low,340664
KE006,Taita Taveta,2014-09,123.06449666666667,98.27918,,,0,0,0.0793,Low,340664
KE006,Taita Taveta,2014-10,77.06939333333334,55.518425,,,0,0,0.0793,Low,340664
KE006,Taita Taveta,2014-11,113.02710333333334,64.10722,,,0,0,0.0793,Low,340664
KE006,Taita Taveta,2014-12,123.08323666666666,58.71814,,,0,0,0.0793,Low,340664
KE006,Taita Taveta,2015-01,44.09478133333334,40.197964,,,0,0,0.0793,Low,340664
KE006,Taita Taveta,2015-02,77.89413233333333,60.449387,,,0,0,0.0793,Low,340664
KE006,Taita Taveta,2015-03,88.98566,45.95037,,,0,0,0.0793,Low,340664
KE006,Taita Taveta,2015-04,133.50879333333333,70.15219,,,0,0,0.0793,Low,340664
KE006,Taita Taveta,2015-05,129.24567666666667,73.18265,,,0,0,0.0793,Low,340664
KE006,Taita Taveta,2015-06,92.02715966666666,83.103424,,,0,0,0.0793,Low,340664
KE006,Taita Taveta,2015-07,115.63077833333334,108.09839,,,0,0,0.0793,Low,340664
KE006,Taita Taveta,2015-08,87.92649,86.55531,,,0,0,0.0793,Low,340664
KE006,Taita Taveta,2015-09,101.23989333333334,93.68478,,,0,0,0.0793,Low,340664
KE006,Taita Taveta,2015-10,142.338932,45.127346,,,0,0,0.0793,Low,340664
KE006,Taita Taveta,2015-11,150.37378999999999,72.08899,,,0,0,0.0793,Low,340664
KE006,Taita Taveta,2015-12,97.93069566666667,38.457054,,,0,0,0.0793,Low,340664
KE006,Taita Taveta,2016-01,147.81688999999997,110.55307,,,0,0,0.0793,Low,340664
KE006,Taita Taveta,2016-02,91.02894933333334,58.414314,,,0,0,0.0793,Low,340664
KE006,Taita Taveta,2016-03,62.694175,18.957989,,,0,0,0.0793,Low,340664
KE006,Taita Taveta,2016-04,117.72922833333332,86.55901,,,0,0,0.0793,Low,340664
KE006,Taita Taveta,2016-05,84.28472633333332,68.347565,,,0,0,0.0793,Low,340664
KE006,Taita Taveta,2016-06,91.99170666666667,90.421135,,,0,0,0.0793,Low,340664
KE006,Taita Taveta,2016-07,90.05676133333333,86.16359,,,0,0,0.0793,Low,340664
KE006,Taita Taveta,2016-08,117.12893666666666,116.30626,,,0,0,0.0793,Low,340664
KE006,Taita Taveta,2016-09,87.13784633333334,82.468094,,,0,0,0.0793,Low,340664
KE006,Taita Taveta,2016-10,85.08103999999999,56.90706,,,0,0,0.0793,Low,340664
KE006,Taita Taveta,2016-11,82.735271,60.225533,,,0,0,0.0793,Low,340664
KE006,Taita Taveta,2016-12,79.47229066666667,48.567722,,,0,0,0.0793,Low,340664
KE006,Taita Taveta,2017-01,63.25608466666667,47.47667,,,0,0,0.0793,Low,340664
KE006,Taita Taveta,2017-02,97.35383300000001,75.809845,,,0,0,0.0793,Low,340664
KE006,Taita Taveta,2017-03,49.28210633333333,41.770576,,,0,0,0.0793,Low,340664
KE006,Taita Taveta,2017-04,89.81564066666665,39.797012,,,1,2,0.0793,Low,340664
KE006,Taita Taveta,2017-05,128.67086,89.1675,,,0,0,0.0793,Low,340664
KE006,Taita Taveta,2017-06,93.63545366666666,90.274086,,,0,0,0.0793,Low,340664
KE006,Taita Taveta,2017-07,88.18740666666667,85.94518,,,0,0,0.0793,Low,340664
KE006,Taita Taveta,2017-08,151.88012666666665,148.23279,,,0,0,0.0793,Low,340664
KE006,Taita Taveta,2017-09,110.37509833333336,90.83683,,,0,0,0.0793,Low,340664
KE006,Taita Taveta,2017-10,67.063874,53.896416,,,0,0,0.0793,Low,340664
KE006,Taita Taveta,2017-11,116.74605333333334,90.35155,,,1,2,0.0793,Low,340664
KE006,Taita Taveta,2017-12,63.584058,29.805586,,,0,0,0.0793,Low,340664
KE006,Taita Taveta,2018-01,69.713599,39.152397,,,0,0,0.0793,Low,340664
KE006,Taita Taveta,2018-02,62.41049833333333,54.82771,,,0,0,0.0793,Low,340664
KE006,Taita Taveta,2018-03,252.25303999999997,40.82452,,,0,0,0.0793,Low,340664
KE006,Taita Taveta,2018-04,159.61226666666667,80.36936,,,0,0,0.0793,Low,340664
KE006,Taita Taveta,2018-05,95.09666333333332,81.74595,,,0,0,0.0793,Low,340664
KE006,Taita Taveta,2018-06,127.46031333333333,113.49057,,,0,0,0.0793,Low,340664
KE006,Taita Taveta,2018-07,145.39192666666668,136.1624,,,0,0,0.0793,Low,340664
KE006,Taita Taveta,2018-08,102.93268133333333,93.21617,,,0,0,0.0793,Low,340664
KE006,Taita Taveta,2018-09,134.00469999999999,115.46489,,,0,0,0.0793,Low,340664
KE006,Taita Taveta,2018-10,157.34151,127.17074,,,0,0,0.0793,Low,340664
KE006,Taita Taveta,2018-11,63.226772000000004,46.03783,,,0,0,0.0793,Low,340664
KE006,Taita Taveta,2018-12,150.03196533333335,42.736256,,,0,0,0.0793,Low,340664
KE006,Taita Taveta,2019-01,92.25576733333332,58.615772,,,0,0,0.0793,Low,340664
KE006,Taita Taveta,2019-02,104.73547333333333,66.85976,,,0,0,0.0793,Low,340664
KE006,Taita Taveta,2019-03,30.535942333333335,22.12799,,,0,0,0.0793,Low,340664
KE006,Taita Taveta,2019-04,100.77720566666666,50.74128,,,0,0,0.0793,Low,340664
KE006,Taita Taveta,2019-05,152.187168,127.274704,,,1,1,0.0793,Low,340664
KE006,Taita Taveta,2019-06,121.48285,112.34497,,,0,0,0.0793,Low,340664
KE006,Taita Taveta,2019-07,135.27106333333333,125.72982,,,0,0,0.0793,Low,340664
KE006,Taita Taveta,2019-08,154.3188,134.01149,,,0,0,0.0793,Low,340664
KE006,Taita Taveta,2019-09,145.30727666666667,129.4673,,,2,2,0.0793,Low,340664
KE006,Taita Taveta,2019-10,315.29069666666663,254.43292,,,0,0,0.0793,Low,340664
KE006,Taita Taveta,2019-11,150.03275666666664,103.29634,,,1,1,0.0793,Low,340664
KE006,Taita Taveta,2019-12,211.55687333333333,85.74819,,,1,1,0.0793,Low,340664
KE006,Taita Taveta,2020-01,291.89902666666666,157.53351,,,0,0,0.0793,Low,340664
KE006,Taita Taveta,2020-02,132.73857666666666,80.89489,,,0,0,0.0793,Low,340664
KE006,Taita Taveta,2020-03,192.81007333333332,101.21723,,,0,0,0.0793,Low,340664
KE006,Taita Taveta,2020-04,151.99691833333333,85.434875,,,0,0,0.0793,Low,340664
KE006,Taita Taveta,2020-05,68.32664133333334,62.63792,,,1,0,0.0793,Low,340664
KE006,Taita Taveta,2020-06,124.31645666666667,115.89441,,,0,0,0.0793,Low,340664
KE006,Taita Taveta,2020-07,127.41841733333332,119.897606,,,0,0,0.0793,Low,340664
KE006,Taita Taveta,2020-08,100.84552000000001,95.85211,,,0,0,0.0793,Low,340664
KE006,Taita Taveta,2020-09,122.59668333333333,112.0096,,,0,0,0.0793,Low,340664
KE006,Taita Taveta,2020-10,60.75557966666667,56.111614,,,0,0,0.0793,Low,340664
KE006,Taita Taveta,2020-11,132.41641666666666,71.43541,,,0,0,0.0793,Low,340664
KE006,Taita Taveta,2020-12,90.77411266666667,38.528038,,,0,0,0.0793,Low,340664
KE006,Taita Taveta,2021-01,125.83960133333333,41.48546,,,0,0,0.0793,Low,340664
KE006,Taita Taveta,2021-02,135.75312466666665,94.172104,,,0,0,0.0793,Low,340664
KE006,Taita Taveta,2021-03,33.165811999999995,24.518196,,,0,0,0.0793,Low,340664
KE006,Taita Taveta,2021-04,82.20035133333333,56.951054,,,0,0,0.0793,Low,340664
KE006,Taita Taveta,2021-05,110.25156533333332,69.821976,,,0,0,0.0793,Low,340664
KE006,Taita Taveta,2021-06,86.58620466666667,79.7228,,,0,0,0.0793,Low,340664
KE006,Taita Taveta,2021-07,114.825585,107.41509,,,0,0,0.0793,Low,340664
KE006,Taita Taveta,2021-08,102.06137333333334,101.05551,,,0,0,0.0793,Low,340664
KE006,Taita Taveta,2021-09,86.92691466666668,75.119064,,,0,0,0.0793,Low,340664
KE006,Taita Taveta,2021-10,62.07423666666667,52.470196,,,0,0,0.0793,Low,340664
KE006,Taita Taveta,2021-11,61.705527,40.569557,,,0,0,0.0793,Low,340664
KE006,Taita Taveta,2021-12,153.24274333333332,86.06264,,,0,0,0.0793,Low,340664
KE006,Taita Taveta,2022-01,78.600146,40.140194,,,0,0,0.0793,Low,340664
KE006,Taita Taveta,2022-02,132.09906533333333,112.252556,,,0,0,0.0793,Low,340664
KE006,Taita Taveta,2022-03,40.271405666666666,27.535168,,,0,0,0.0793,Low,340664
KE006,Taita Taveta,2022-04,90.484756,35.975483,,,0,0,0.0793,Low,340664
KE006,Taita Taveta,2022-05,75.10509666666667,65.26471,,,0,0,0.0793,Low,340664
KE006,Taita Taveta,2022-06,114.54047333333334,104.08175,,,0,0,0.0793,Low,340664
KE006,Taita Taveta,2022-07,113.98305133333334,109.68659,,,0,0,0.0793,Low,340664
KE006,Taita Taveta,2022-08,90.18663566666667,87.400246,,,0,0,0.0793,Low,340664
KE006,Taita Taveta,2022-09,85.75441333333333,83.72678,,,0,0,0.0793,Low,340664
KE006,Taita Taveta,2022-10,53.76192366666667,42.68876,,,0,0,0.0793,Low,340664
KE006,Taita Taveta,2022-11,100.36738533333335,90.97642,,,0,0,0.0793,Low,340664
KE006,Taita Taveta,2022-12,72.18426533333333,55.468796,,,0,0,0.0793,Low,340664
KE006,Taita Taveta,2023-01,71.98512566666666,41.711967,,,0,0,0.0793,Low,340664
KE006,Taita Taveta,2023-02,57.76729733333334,49.955338,,,0,0,0.0793,Low,340664
KE006,Taita Taveta,2023-03,44.742176666666666,26.79545,,,0,0,0.0793,Low,340664
KE006,Taita Taveta,2023-04,174.50261133333333,62.040474,,,0,0,0.0793,Low,340664
KE006,Taita Taveta,2023-05,78.41191466666668,59.55534,,,0,0,0.0793,Low,340664
KE006,Taita Taveta,2023-06,142.21234333333334,128.02312,,,0,0,0.0793,Low,340664
KE006,Taita Taveta,2023-07,130.21725999999998,128.2953,,,0,0,0.0793,Low,340664
KE006,Taita Taveta,2023-08,117.29502166666667,105.261925,,,0,0,0.0793,Low,340664
KE006,Taita Taveta,2023-09,102.30357299999999,99.500244,,,1,0,0.0793,Low,340664
KE006,Taita Taveta,2023-10,139.75546,108.75815,,,0,0,0.0793,Low,340664
KE006,Taita Taveta,2023-11,265.84298333333334,214.98291,,,0,0,0.0793,Low,340664
KE006,Taita Taveta,2023-12,120.00606333333333,105.17275,,,0,0,0.0793,Low,340664
KE006,Taita Taveta,2024-01,108.271733,62.547695,,,0,0,0.0793,Low,340664
KE006,Taita Taveta,2024-02,184.15724666666665,77.985,,,0,0,0.0793,Low,340664
KE006,Taita Taveta,2024-03,143.13385,119.50363,154.0,53.0,0,0,0.0793,Low,340664
KE006,Taita Taveta,2024-04,93.03014366666666,86.003456,,,0,0,0.0793,Low,340664
KE006,Taita Taveta,2024-05,61.091456666666666,53.38224,,,0,0,0.0793,Low,340664
KE006,Taita Taveta,2024-06,96.87335866666666,80.108826,,,0,0,0.0793,Low,340664
KE006,Taita Taveta,2024-07,80.63864666666667,77.32039,,,0,0,0.0793,Low,340664
KE006,Taita Taveta,2024-08,96.12911666666666,93.42786,,,0,0,0.0793,Low,340664
KE006,Taita Taveta,2024-09,78.716755,70.88496,,,1,0,0.0793,Low,340664
KE006,Taita Taveta,2024-10,56.705028,45.35766,,,0,0,0.0793,Low,340664
KE006,Taita Taveta,2024-11,121.32041666666667,65.04172,,,0,0,0.0793,Low,340664
KE006,Taita Taveta,2024-12,125.48246533333334,86.51189,,,0,0,0.0793,Low,340664
KE006,Taita Taveta,2025-01,132.05016766666668,56.763607,,,1,0,0.0793,Low,340664
KE006,Taita Taveta,2025-02,56.77130333333333,53.72412,,,0,0,0.0793,Low,340664
KE006,Taita Taveta,2025-03,89.15880333333332,57.15391,,,0,0,0.0793,Low,340664
KE006,Taita Taveta,2025-04,146.70489666666666,94.10862,,,0,0,0.0793,Low,340664
KE006,Taita Taveta,2025-05,83.66330333333333,60.92601,,,0,0,0.0793,Low,340664
KE006,Taita Taveta,2025-06,108.06832333333334,99.0917,,,0,0,0.0793,Low,340664
KE006,Taita Taveta,2025-07,81.48530066666667,80.265366,,,0,0,0.0793,Low,340664
KE006,Taita Taveta,2025-08,98.06767133333334,95.882324,,,0,0,0.0793,Low,340664
KE006,Taita Taveta,2025-09,91.04764999999999,79.62685,,,0,0,0.0793,Low,340664
KE006,Taita Taveta,2025-10,73.764899,46.712257,,,0,0,0.0793,Low,340664
KE006,Taita Taveta,2025-11,34.014253333333336,24.669886,,,0,0,0.0793,Low,340664
KE006,Taita Taveta,2025-12,75.146374,28.607632,,,0,0,0.0793,Low,340664
KE004,Tana River,2006-01,77.06748,69.63085,,,0,0,0.378,High,315941
KE004,Tana River,2006-02,90.81317999999999,85.56154,,,0,0,0.378,High,315941
KE004,Tana River,2006-03,83.32365333333333,60.29433,,,0,0,0.378,High,315941
KE004,Tana River,2006-04,96.48518666666666,66.38394,,,0,0,0.378,High,315941
KE004,Tana River,2006-05,109.65707100000002,63.853233,,,0,0,0.378,High,315941
KE004,Tana River,2006-06,95.91095,84.95799,,,0,0,0.378,High,315941
KE004,Tana River,2006-07,94.23953333333333,85.95391,,,0,0,0.378,High,315941
KE004,Tana River,2006-08,100.91749633333335,97.391304,,,0,0,0.378,High,315941
KE004,Tana River,2006-09,149.30243,96.110085,,,0,0,0.378,High,315941
KE004,Tana River,2006-10,145.95938999999998,84.89749,,,0,0,0.378,High,315941
KE004,Tana River,2006-11,179.1908,147.6804,,,0,0,0.378,High,315941
KE004,Tana River,2006-12,185.28311799999997,48.175274,,,0,0,0.378,High,315941
KE004,Tana River,2007-01,88.72103666666668,81.9293,,,1,0,0.378,High,315941
KE004,Tana River,2007-02,93.86934000000001,85.84959,,,0,0,0.378,High,315941
KE004,Tana River,2007-03,79.86773766666667,45.771893,,,0,0,0.378,High,315941
KE004,Tana River,2007-04,66.41453733333333,28.411282,,,0,0,0.378,High,315941
KE004,Tana River,2007-05,149.39088999999998,87.77522,,,0,0,0.378,High,315941
KE004,Tana River,2007-06,96.04873666666667,85.28888,,,0,0,0.378,High,315941
KE004,Tana River,2007-07,85.23488166666667,78.95756,,,0,0,0.378,High,315941
KE004,Tana River,2007-08,109.41102000000001,103.99787,,,0,0,0.378,High,315941
KE004,Tana River,2007-09,134.12765833333333,104.918655,,,0,0,0.378,High,315941
KE004,Tana River,2007-10,69.181697,54.914307,,,0,0,0.378,High,315941
KE004,Tana River,2007-11,83.15787633333333,36.013023,,,0,0,0.378,High,315941
KE004,Tana River,2007-12,72.47747700000001,59.90823,,,0,0,0.378,High,315941
KE004,Tana River,2008-01,154.18306333333334,72.21866,,,1,3,0.378,High,315941
KE004,Tana River,2008-02,90.208355,83.24082,,,0,0,0.378,High,315941
KE004,Tana River,2008-03,153.28521466666666,63.869934,,,0,0,0.378,High,315941
KE004,Tana River,2008-04,73.77114566666667,45.739147,,,0,0,0.378,High,315941
KE004,Tana River,2008-05,102.18013466666666,56.340324,,,0,0,0.378,High,315941
KE004,Tana River,2008-06,101.98908,95.73213,,,0,0,0.378,High,315941
KE004,Tana River,2008-07,89.08466,84.13221,,,0,0,0.378,High,315941
KE004,Tana River,2008-08,97.02467833333333,94.172035,,,0,0,0.378,High,315941
KE004,Tana River,2008-09,93.79814533333332,83.700386,,,0,0,0.378,High,315941
KE004,Tana River,2008-10,72.20009566666666,50.408733,,,0,0,0.378,High,315941
KE004,Tana River,2008-11,91.71851500000001,32.364365,,,0,0,0.378,High,315941
KE004,Tana River,2008-12,40.61327033333333,25.955608,,,4,5,0.378,High,315941
KE004,Tana River,2009-01,98.80892833333333,73.716095,,,1,1,0.378,High,315941
KE004,Tana River,2009-02,92.05921000000001,85.5155,,,0,0,0.378,High,315941
KE004,Tana River,2009-03,41.482534,34.326607,,,0,0,0.378,High,315941
KE004,Tana River,2009-04,67.41659533333333,50.177456,,,0,0,0.378,High,315941
KE004,Tana River,2009-05,75.34253933333333,61.116444,,,0,0,0.378,High,315941
KE004,Tana River,2009-06,125.32396,92.9976,,,0,0,0.378,High,315941
KE004,Tana River,2009-07,81.59999833333335,77.25723,,,0,0,0.378,High,315941
KE004,Tana River,2009-08,91.74756666666667,86.4058,,,0,0,0.378,High,315941
KE004,Tana River,2009-09,86.92616466666668,74.01201,,,0,0,0.378,High,315941
KE004,Tana River,2009-10,217.8751433333333,101.38257,,,0,0,0.378,High,315941
KE004,Tana River,2009-11,45.99473166666667,28.577545,,,0,0,0.378,High,315941
KE004,Tana River,2009-12,129.77983666666668,84.76581,,,0,0,0.378,High,315941
KE004,Tana River,2010-01,78.07754866666666,75.745636,,,0,0,0.378,High,315941
KE004,Tana River,2010-02,99.50939999999999,88.60332,,,0,0,0.378,High,315941
KE004,Tana River,2010-03,237.36509333333333,185.80908,,,0,0,0.378,High,315941
KE004,Tana River,2010-04,100.28437533333333,67.422516,,,0,0,0.378,High,315941
KE004,Tana River,2010-05,114.281113,68.062744,,,0,0,0.378,High,315941
KE004,Tana River,2010-06,109.01579166666666,100.46434,,,0,0,0.378,High,315941
KE004,Tana River,2010-07,108.08254799999999,96.20642,,,0,0,0.378,High,315941
KE004,Tana River,2010-08,99.95211666666667,99.52657,,,0,0,0.378,High,315941
KE004,Tana River,2010-09,112.36148333333334,88.08482,,,0,0,0.378,High,315941
KE004,Tana River,2010-10,57.932986666666665,49.87282,,,0,0,0.378,High,315941
KE004,Tana River,2010-11,76.26874333333333,46.66898,,,0,0,0.378,High,315941
KE004,Tana River,2010-12,61.33942666666667,50.34947,,,0,0,0.378,High,315941
KE004,Tana River,2011-01,92.01787466666667,71.75343,,,2,7,0.378,High,315941
KE004,Tana River,2011-02,102.05803166666665,90.08534,,,1,0,0.378,High,315941
KE004,Tana River,2011-03,58.02524833333334,52.171444,,,0,0,0.378,High,315941
KE004,Tana River,2011-04,77.30939833333333,61.838715,,,0,0,0.378,High,315941
KE004,Tana River,2011-05,78.97200333333333,73.96478,,,0,0,0.378,High,315941
KE004,Tana River,2011-06,87.46663666666666,80.0934,,,0,0,0.378,High,315941
KE004,Tana River,2011-07,88.63179000000001,80.21602,,,0,0,0.378,High,315941
KE004,Tana River,2011-08,96.05575166666667,93.773575,,,0,0,0.378,High,315941
KE004,Tana River,2011-09,126.27305666666666,103.81682,,,0,0,0.378,High,315941
KE004,Tana River,2011-10,163.97857333333334,92.83597,,,0,0,0.378,High,315941
KE004,Tana River,2011-11,103.66390633333333,99.01331,,,0,0,0.378,High,315941
KE004,Tana River,2011-12,67.17276933333333,44.592888,,,0,0,0.378,High,315941
KE004,Tana River,2012-01,72.44631333333334,65.96722,,,2,11,0.378,High,315941
KE004,Tana River,2012-02,104.07230333333332,91.74574,,,0,0,0.378,High,315941
KE004,Tana River,2012-03,51.374946333333334,29.041794,,,0,0,0.378,High,315941
KE004,Tana River,2012-04,63.672809,37.145847,,,0,0,0.378,High,315941
KE004,Tana River,2012-05,84.37190633333334,49.510933,,,0,0,0.378,High,315941
KE004,Tana River,2012-06,83.59025633333333,77.38975,,,0,0,0.378,High,315941
KE004,Tana River,2012-07,83.694745,79.46798,,,0,0,0.378,High,315941
KE004,Tana River,2012-08,92.96160300000001,86.016335,,,8,96,0.378,High,315941
KE004,Tana River,2012-09,87.37137166666666,76.36984,,,1,0,0.378,High,315941
KE004,Tana River,2012-10,95.80512733333332,40.382122,,,2,4,0.378,High,315941
KE004,Tana River,2012-11,109.913771,48.499683,,,2,4,0.378,High,315941
KE004,Tana River,2012-12,125.14538333333333,75.9172,,,1,45,0.378,High,315941
KE004,Tana River,2013-01,84.60906333333334,72.60392,,,0,0,0.378,High,315941
KE004,Tana River,2013-02,95.582057,90.362,,,0,0,0.378,High,315941
KE004,Tana River,2013-03,166.27416333333335,113.99736,,,0,0,0.378,High,315941
KE004,Tana River,2013-04,91.42573933333334,50.430958,,,0,0,0.378,High,315941
KE004,Tana River,2013-05,99.90026466666666,75.32708,,,3,19,0.378,High,315941
KE004,Tana River,2013-06,85.40058133333332,78.59078,,,0,0,0.378,High,315941
KE004,Tana River,2013-07,94.19568366666665,83.982605,,,0,0,0.378,High,315941
KE004,Tana River,2013-08,99.347685,92.91788,,,1,0,0.378,High,315941
KE004,Tana River,2013-09,118.24169333333333,94.63259,,,0,0,0.378,High,315941
KE004,Tana River,2013-10,94.537672,35.391506,,,0,0,0.378,High,315941
KE004,Tana River,2013-11,77.60018533333333,44.86242,,,0,0,0.378,High,315941
KE004,Tana River,2013-12,83.464874,57.72177,,,1,0,0.378,High,315941
KE004,Tana River,2014-01,69.75822933333333,60.878838,,,1,1,0.378,High,315941
KE004,Tana River,2014-02,96.416945,86.335205,,,0,0,0.378,High,315941
KE004,Tana River,2014-03,139.42260666666667,54.4928,,,0,0,0.378,High,315941
KE004,Tana River,2014-04,111.40174666666667,66.3351,,,1,0,0.378,High,315941
KE004,Tana River,2014-05,103.65562666666666,91.09138,,,1,12,0.378,High,315941
KE004,Tana River,2014-06,101.724468,88.48927,,,0,0,0.378,High,315941
KE004,Tana River,2014-07,98.30199,88.09241,,,0,0,0.378,High,315941
KE004,Tana River,2014-08,105.38184333333334,101.29305,,,0,0,0.378,High,315941
KE004,Tana River,2014-09,95.348775,74.97591,,,1,1,0.378,High,315941
KE004,Tana River,2014-10,71.01081666666666,44.40952,,,0,0,0.378,High,315941
KE004,Tana River,2014-11,107.60861333333332,57.07562,,,0,0,0.378,High,315941
KE004,Tana River,2014-12,80.39882,43.45512,,,0,0,0.378,High,315941
KE004,Tana River,2015-01,73.04448033333334,63.117725,,,1,9,0.378,High,315941
KE004,Tana River,2015-02,90.59518633333334,86.335205,,,0,0,0.378,High,315941
KE004,Tana River,2015-03,85.70896866666668,53.056694,,,0,0,0.378,High,315941
KE004,Tana River,2015-04,128.04993466666667,93.554184,,,0,0,0.378,High,315941
KE004,Tana River,2015-05,120.39336333333334,74.60886,,,1,1,0.378,High,315941
KE004,Tana River,2015-06,90.27261833333334,79.032455,,,0,0,0.378,High,315941
KE004,Tana River,2015-07,106.12767666666666,101.001465,,,0,0,0.378,High,315941
KE004,Tana River,2015-08,110.29781333333334,104.26087,,,0,0,0.378,High,315941
KE004,Tana River,2015-09,91.14504333333333,84.33306,,,0,0,0.378,High,315941
KE004,Tana River,2015-10,133.63627666666665,94.01207,,,0,0,0.378,High,315941
KE004,Tana River,2015-11,157.84691466666666,95.563194,,,1,0,0.378,High,315941
KE004,Tana River,2015-12,91.85392333333334,41.293385,,,0,0,0.378,High,315941
KE004,Tana River,2016-01,113.76836166666668,100.964066,,,0,0,0.378,High,315941
KE004,Tana River,2016-02,102.47078333333333,95.56254,,,0,0,0.378,High,315941
KE004,Tana River,2016-03,56.48677333333333,27.037636,,,0,0,0.378,High,315941
KE004,Tana River,2016-04,79.84562,72.53425,,,0,0,0.378,High,315941
KE004,Tana River,2016-05,79.929505,63.440365,,,0,0,0.378,High,315941
KE004,Tana River,2016-06,91.32844033333333,86.40522,,,0,0,0.378,High,315941
KE004,Tana River,2016-07,91.68745333333334,82.28413,,,0,0,0.378,High,315941
KE004,Tana River,2016-08,106.32307866666667,101.19807,,,0,0,0.378,High,315941
KE004,Tana River,2016-09,92.04995533333333,82.746346,,,0,0,0.378,High,315941
KE004,Tana River,2016-10,62.951060000000005,35.12627,,,0,0,0.378,High,315941
KE004,Tana River,2016-11,87.40847966666666,54.822224,,,0,0,0.378,High,315941
KE004,Tana River,2016-12,62.716445666666665,50.73123,,,0,0,0.378,High,315941
KE004,Tana River,2017-01,92.09090299999998,84.75787,,,0,0,0.378,High,315941
KE004,Tana River,2017-02,106.34150166666666,97.34358,,,0,0,0.378,High,315941
KE004,Tana River,2017-03,47.73928333333333,42.460407,,,0,0,0.378,High,315941
KE004,Tana River,2017-04,90.17898333333333,81.24247,,,1,3,0.378,High,315941
KE004,Tana River,2017-05,106.69428666666666,90.2536,,,5,9,0.378,High,315941
KE004,Tana River,2017-06,97.142328,89.954414,,,1,2,0.378,High,315941
KE004,Tana River,2017-07,93.83421333333332,85.90111,,,0,0,0.378,High,315941
KE004,Tana River,2017-08,119.70738533333333,113.56089,,,1,3,0.378,High,315941
KE004,Tana River,2017-09,108.07236999999999,91.75502,,,0,0,0.378,High,315941
KE004,Tana River,2017-10,79.66282333333334,67.34891,,,0,0,0.378,High,315941
KE004,Tana River,2017-11,88.22292,52.36407,,,1,2,0.378,High,315941
KE004,Tana River,2017-12,39.514257,30.906933,,,0,0,0.378,High,315941
KE004,Tana River,2018-01,71.462711,61.802013,,,0,0,0.378,High,315941
KE004,Tana River,2018-02,95.32431533333333,89.62427,,,0,0,0.378,High,315941
KE004,Tana River,2018-03,268.7836566666667,116.55877,,,0,0,0.378,High,315941
KE004,Tana River,2018-04,179.33082666666667,127.74063,,,0,0,0.378,High,315941
KE004,Tana River,2018-05,128.66326466666666,89.37745,,,0,0,0.378,High,315941
KE004,Tana River,2018-06,143.99045333333333,97.01436,,,0,0,0.378,High,315941
KE004,Tana River,2018-07,132.66011333333333,126.57823,,,0,0,0.378,High,315941
KE004,Tana River,2018-08,109.37271333333335,102.63294,,,0,0,0.378,High,315941
KE004,Tana River,2018-09,109.10184533333332,98.50438,,,0,0,0.378,High,315941
KE004,Tana River,2018-10,102.50674199999999,74.517166,,,0,0,0.378,High,315941
KE004,Tana River,2018-11,48.14375933333333,34.099888,,,0,0,0.378,High,315941
KE004,Tana River,2018-12,158.17242333333334,62.45913,,,0,0,0.378,High,315941
KE004,Tana River,2019-01,113.279465,111.538025,,,0,0,0.378,High,315941
KE004,Tana River,2019-02,110.10816666666666,96.06968,,,0,0,0.378,High,315941
KE004,Tana River,2019-03,40.85500533333333,34.680016,,,0,0,0.378,High,315941
KE004,Tana River,2019-04,71.77271666666667,38.355793,,,0,0,0.378,High,315941
KE004,Tana River,2019-05,102.40393,90.31589,,,0,0,0.378,High,315941
KE004,Tana River,2019-06,101.99820666666666,87.814125,,,0,0,0.378,High,315941
KE004,Tana River,2019-07,136.77474333333333,115.29458,,,1,4,0.378,High,315941
KE004,Tana River,2019-08,119.84767166666667,107.149765,,,0,0,0.378,High,315941
KE004,Tana River,2019-09,133.51997333333335,112.1302,,,0,0,0.378,High,315941
KE004,Tana River,2019-10,301.2562766666667,226.44586,,,0,0,0.378,High,315941
KE004,Tana River,2019-11,176.48812533333333,63.777786,,,0,0,0.378,High,315941
KE004,Tana River,2019-12,214.00141333333332,141.9303,,,0,0,0.378,High,315941
KE004,Tana River,2020-01,244.00688666666667,210.15736,,,0,0,0.378,High,315941
KE004,Tana River,2020-02,117.46507466666667,99.52392,,,0,0,0.378,High,315941
KE004,Tana River,2020-03,155.465045,74.597755,,,0,0,0.378,High,315941
KE004,Tana River,2020-04,153.69659000000001,83.33274,,,0,0,0.378,High,315941
KE004,Tana River,2020-05,76.751148,73.383804,,,0,0,0.378,High,315941
KE004,Tana River,2020-06,104.32143333333333,89.16638,,,0,0,0.378,High,315941
KE004,Tana River,2020-07,179.98820333333333,157.22787,,,0,0,0.378,High,315941
KE004,Tana River,2020-08,102.01758699999999,99.70808,,,0,0,0.378,High,315941
KE004,Tana River,2020-09,104.259432,96.403946,,,0,0,0.378,High,315941
KE004,Tana River,2020-10,65.76136766666666,55.978672,,,1,0,0.378,High,315941
KE004,Tana River,2020-11,80.11721333333334,48.08897,,,0,0,0.378,High,315941
KE004,Tana River,2020-12,92.80397766666665,33.030293,,,0,0,0.378,High,315941
KE004,Tana River,2021-01,81.20993666666668,70.91194,,,1,1,0.378,High,315941
KE004,Tana River,2021-02,98.658323,93.557724,,,0,0,0.378,High,315941
KE004,Tana River,2021-03,46.55972666666667,42.28157,,,0,0,0.378,High,315941
KE004,Tana River,2021-04,71.434038,57.420044,,,0,0,0.378,High,315941
KE004,Tana River,2021-05,70.40707133333333,55.94505,,,1,1,0.378,High,315941
KE004,Tana River,2021-06,98.56253199999999,83.79527,,,0,0,0.378,High,315941
KE004,Tana River,2021-07,106.03948333333334,97.9049,,,0,0,0.378,High,315941
KE004,Tana River,2021-08,100.86938333333335,98.6653,,,0,0,0.378,High,315941
KE004,Tana River,2021-09,89.77374400000001,78.082596,,,0,0,0.378,High,315941
KE004,Tana River,2021-10,61.31110933333334,45.002808,,,0,0,0.378,High,315941
KE004,Tana River,2021-11,54.07970533333333,28.031126,,,0,0,0.378,High,315941
KE004,Tana River,2021-12,255.1625633333333,82.89912,,,0,0,0.378,High,315941
KE004,Tana River,2022-01,84.64189333333333,67.60277,,,0,0,0.378,High,315941
KE004,Tana River,2022-02,105.33480333333334,92.82033,,,0,0,0.378,High,315941
KE004,Tana River,2022-03,46.24865566666667,40.39919,,,0,0,0.378,High,315941
KE004,Tana River,2022-04,65.42429833333334,34.47855,,,0,0,0.378,High,315941
KE004,Tana River,2022-05,85.56311799999999,63.125168,,,1,0,0.378,High,315941
KE004,Tana River,2022-06,98.52540666666665,93.82252,,,1,0,0.378,High,315941
KE004,Tana River,2022-07,111.21101366666666,102.278725,,,0,0,0.378,High,315941
KE004,Tana River,2022-08,98.40112833333335,96.0,,,0,0,0.378,High,315941
KE004,Tana River,2022-09,92.47946666666667,90.24987,,,0,0,0.378,High,315941
KE004,Tana River,2022-10,70.20503233333334,60.745167,,,0,0,0.378,High,315941
KE004,Tana River,2022-11,87.11996466666666,82.342224,,,0,0,0.378,High,315941
KE004,Tana River,2022-12,51.92178033333334,41.233437,,,0,0,0.378,High,315941
KE004,Tana River,2023-01,86.98137133333334,73.798004,,,1,1,0.378,High,315941
KE004,Tana River,2023-02,88.12308,85.99708,,,0,0,0.378,High,315941
KE004,Tana River,2023-03,96.13463466666667,54.89177,,,0,0,0.378,High,315941
KE004,Tana River,2023-04,237.65606499999998,127.580215,,,0,0,0.378,High,315941
KE004,Tana River,2023-05,69.58085,66.15371,,,0,0,0.378,High,315941
KE004,Tana River,2023-06,99.20008166666666,97.00268,,,0,0,0.378,High,315941
KE004,Tana River,2023-07,119.673273,115.28578,,,0,0,0.378,High,315941
KE004,Tana River,2023-08,120.30929333333334,119.24638,,,1,2,0.378,High,315941
KE004,Tana River,2023-09,100.807967,96.344635,,,0,0,0.378,High,315941
KE004,Tana River,2023-10,127.57728666666667,112.73352,,,2,1,0.378,High,315941
KE004,Tana River,2023-11,236.37073666666666,176.2113,,,0,0,0.378,High,315941
KE004,Tana River,2023-12,159.626052,66.338486,184.5,84.83333333333333,1,1,0.378,High,315941
KE004,Tana River,2024-01,98.227132,78.3029,,,0,0,0.378,High,315941
KE004,Tana River,2024-02,115.40844,102.40654,,,0,0,0.378,High,315941
KE004,Tana River,2024-03,102.68709799999999,66.226715,163.5,84.0,0,0,0.378,High,315941
KE004,Tana River,2024-04,122.61336666666666,89.19569,,,0,0,0.378,High,315941
KE004,Tana River,2024-05,94.92942333333333,67.00284,,,5,17,0.378,High,315941
KE004,Tana River,2024-06,96.76777933333334,74.864494,162.125,68.33333333333333,0,0,0.378,High,315941
KE004,Tana River,2024-07,99.55047333333334,92.31858,,,2,1,0.378,High,315941
KE004,Tana River,2024-08,97.43703166666667,93.024155,,,2,5,0.378,High,315941
KE004,Tana River,2024-09,82.95117333333333,71.29088,152.4,80.54166666666667,4,7,0.378,High,315941
KE004,Tana River,2024-10,71.666145,40.68575,,,0,0,0.378,High,315941
KE004,Tana River,2024-11,135.399292,73.413666,,,0,0,0.378,High,315941
KE004,Tana River,2024-12,80.26793333333333,72.934,,,1,1,0.378,High,315941
KE004,Tana River,2025-01,81.87245333333334,69.703545,,,1,1,0.378,High,315941
KE004,Tana River,2025-02,84.43720666666667,78.10744,,,0,0,0.378,High,315941
KE004,Tana River,2025-03,144.54870333333335,58.8949,155.78571428571428,76.5,1,0,0.378,High,315941
KE004,Tana River,2025-04,109.90118333333334,80.0869,,,1,1,0.378,High,315941
KE004,Tana River,2025-05,83.27404966666667,64.508835,,,0,0,0.378,High,315941
KE004,Tana River,2025-06,123.72549333333335,113.25349,,,0,0,0.378,High,315941
KE004,Tana River,2025-07,89.443512,84.07062,,,1,0,0.378,High,315941
KE004,Tana River,2025-08,110.96592833333334,107.31271,,,2,3,0.378,High,315941
KE004,Tana River,2025-09,96.50099,80.544235,180.0,95.0,0,0,0.378,High,315941
KE004,Tana River,2025-10,124.80319000000001,66.91809,,,0,0,0.378,High,315941
KE004,Tana River,2025-11,46.67851466666667,32.612057,,,1,1,0.378,High,315941
KE004,Tana River,2025-12,69.81339033333334,34.562565,,95.0,0,0,0.378,High,315941
KE023,Turkana,2006-01,86.97692833333333,82.29295,,26.0,2,31,0.4968,High,926955
KE023,Turkana,2006-02,95.63126,85.19564,,28.0,0,0,0.4968,High,926955
KE023,Turkana,2006-03,104.97510333333332,71.40482,,27.0,2,5,0.4968,High,926955
KE023,Turkana,2006-04,107.58552666666667,66.49252,,30.0,2,7,0.4968,High,926955
KE023,Turkana,2006-05,77.56173666666666,67.65702,,26.0,0,0,0.4968,High,926955
KE023,Turkana,2006-06,81.00422266666668,63.136898,,27.0,1,0,0.4968,High,926955
KE023,Turkana,2006-07,78.84328666666667,66.23971,,26.0,1,1,0.4968,High,926955
KE023,Turkana,2006-08,161.55823666666666,78.55718,,27.0,1,1,0.4968,High,926955
KE023,Turkana,2006-09,91.59283666666666,82.25059,,29.0,1,19,0.4968,High,926955
KE023,Turkana,2006-10,123.80043133333334,72.8205,,30.0,0,0,0.4968,High,926955
KE023,Turkana,2006-11,193.15581466666666,55.953304,,28.0,1,2,0.4968,High,926955
KE023,Turkana,2006-12,184.11756,97.05225,,28.0,2,14,0.4968,High,926955
KE023,Turkana,2007-01,100.255678,90.17537,,30.0,2,8,0.4968,High,926955
KE023,Turkana,2007-02,151.39090666666667,100.79899,,30.0,0,0,0.4968,High,926955
KE023,Turkana,2007-03,92.26876399999999,46.224937,,30.0,0,0,0.4968,High,926955
KE023,Turkana,2007-04,134.734318,35.552467,,31.0,3,45,0.4968,High,926955
KE023,Turkana,2007-05,127.74495133333333,52.564854,,29.0,0,0,0.4968,High,926955
KE023,Turkana,2007-06,263.71159,199.36472,,30.0,0,0,0.4968,High,926955
KE023,Turkana,2007-07,185.77275999999998,89.01639,,30.0,4,18,0.4968,High,926955
KE023,Turkana,2007-08,141.52668333333335,90.68391,,28.0,0,0,0.4968,High,926955
KE023,Turkana,2007-09,154.64998666666668,128.38936,,28.0,0,0,0.4968,High,926955
KE023,Turkana,2007-10,81.48426333333333,69.36819,,27.0,0,0,0.4968,High,926955
KE023,Turkana,2007-11,69.06293833333334,49.417763,,27.0,0,0,0.4968,High,926955
KE023,Turkana,2007-12,78.338008,65.872154,,30.0,0,0,0.4968,High,926955
KE023,Turkana,2008-01,96.73013166666668,85.825035,,37.0,3,50,0.4968,High,926955
KE023,Turkana,2008-02,83.49088966666666,67.559265,,38.0,1,40,0.4968,High,926955
KE023,Turkana,2008-03,100.52173066666667,56.709377,,35.0,1,1,0.4968,High,926955
KE023,Turkana,2008-04,66.56224,43.12028,,40.0,0,0,0.4968,High,926955
KE023,Turkana,2008-05,48.484480999999995,32.71499,,55.0,0,0,0.4968,High,926955
KE023,Turkana,2008-06,83.54868499999999,71.588585,,50.0,0,0,0.4968,High,926955
KE023,Turkana,2008-07,80.43590133333333,73.01209,,47.0,1,74,0.4968,High,926955
KE023,Turkana,2008-08,91.30327666666666,74.01825,,43.0,3,21,0.4968,High,926955
KE023,Turkana,2008-09,103.10958000000001,87.08991,,45.0,2,81,0.4968,High,926955
KE023,Turkana,2008-10,112.11990666666667,85.0265,,44.0,0,0,0.4968,High,926955
KE023,Turkana,2008-11,102.81245000000001,51.6415,,42.0,2,5,0.4968,High,926955
KE023,Turkana,2008-12,60.95583933333333,58.47662,,42.0,4,6,0.4968,High,926955
KE023,Turkana,2009-01,106.04413666666666,81.55496,,49.0,0,0,0.4968,High,926955
KE023,Turkana,2009-02,75.71435666666666,69.89317,,43.0,1,2,0.4968,High,926955
KE023,Turkana,2009-03,59.99302766666667,48.09813,,40.0,0,0,0.4968,High,926955
KE023,Turkana,2009-04,87.720528,51.56094,,41.0,0,0,0.4968,High,926955
KE023,Turkana,2009-05,103.39810666666666,56.62919,,46.0,1,0,0.4968,High,926955
KE023,Turkana,2009-06,79.69644266666667,63.046253,,47.7,0,0,0.4968,High,926955
KE023,Turkana,2009-07,70.39187700000001,60.392696,,52.0,2,2,0.4968,High,926955
KE023,Turkana,2009-08,71.84473200000001,69.622246,,48.0,8,48,0.4968,High,926955
KE023,Turkana,2009-09,88.41142,76.102425,,51.0,0,0,0.4968,High,926955
KE023,Turkana,2009-10,101.10331000000001,89.55548,,51.0,7,31,0.4968,High,926955
KE023,Turkana,2009-11,70.06141466666666,66.709114,,46.7,0,0,0.4968,High,926955
KE023,Turkana,2009-12,202.28999333333334,96.46572,,45.8,0,0,0.4968,High,926955
KE023,Turkana,2010-01,125.46472,83.780174,,49.6,3,9,0.4968,High,926955
KE023,Turkana,2010-02,176.30111166666666,89.225845,,45.7,3,5,0.4968,High,926955
KE023,Turkana,2010-03,194.20370333333335,94.09603,,44.5,0,0,0.4968,High,926955
KE023,Turkana,2010-04,83.12872866666667,43.017426,,44.93,2,18,0.4968,High,926955
KE023,Turkana,2010-05,137.83966666666666,107.68759,,46.0,1,0,0.4968,High,926955
KE023,Turkana,2010-06,82.48501666666667,76.28657,,44.0,1,3,0.4968,High,926955
KE023,Turkana,2010-07,86.334705,70.897575,,43.61,0,0,0.4968,High,926955
KE023,Turkana,2010-08,90.93058,77.21901,,44.0,1,7,0.4968,High,926955
KE023,Turkana,2010-09,96.01736833333332,82.8969,,46.29,2,3,0.4968,High,926955
KE023,Turkana,2010-10,92.9377,72.68365,,44.0,0,0,0.4968,High,926955
KE023,Turkana,2010-11,56.88416766666666,54.78971,,44.7,3,8,0.4968,High,926955
KE023,Turkana,2010-12,71.492338,60.038334,,42.29,0,0,0.4968,High,926955
KE023,Turkana,2011-01,86.95615333333335,80.92787,,44.0,2,1,0.4968,High,926955
KE023,Turkana,2011-02,86.20926333333334,70.62603,,42.6,0,0,0.4968,High,926955
KE023,Turkana,2011-03,117.27621,54.01017,,46.0,0,0,0.4968,High,926955
KE023,Turkana,2011-04,57.92020433333334,35.990173,,54.9,3,48,0.4968,High,926955
KE023,Turkana,2011-05,67.76112766666667,51.281963,,60.0,1,9,0.4968,High,926955
KE023,Turkana,2011-06,113.23035533333332,88.989136,,64.0,2,9,0.4968,High,926955
KE023,Turkana,2011-07,142.45638,111.99175,,74.8,0,0,0.4968,High,926955
KE023,Turkana,2011-08,113.51258999999999,93.1912,,72.73,0,0,0.4968,High,926955
KE023,Turkana,2011-09,127.26530000000001,105.76757,,65.55,0,0,0.4968,High,926955
KE023,Turkana,2011-10,109.06400666666667,89.01714,,64.3,0,0,0.4968,High,926955
KE023,Turkana,2011-11,278.17635466666667,82.384224,,64.23,1,11,0.4968,High,926955
KE023,Turkana,2011-12,103.50248666666666,58.16219,,64.58,0,0,0.4968,High,926955
KE023,Turkana,2012-01,83.689572,80.37466,,61.35,0,0,0.4968,High,926955
KE023,Turkana,2012-02,79.33545333333333,72.77065,,56.0,0,0,0.4968,High,926955
KE023,Turkana,2012-03,68.96498666666668,33.53587,,54.98,3,8,0.4968,High,926955
KE023,Turkana,2012-04,152.90234466666666,74.907974,,60.13,1,2,0.4968,High,926955
KE023,Turkana,2012-05,173.9413833333333,112.54251,,58.75,1,1,0.4968,High,926955
KE023,Turkana,2012-06,102.00085,64.5375,,58.65,1,3,0.4968,High,926955
KE023,Turkana,2012-07,145.08891,96.67485,,68.2,1,0,0.4968,High,926955
KE023,Turkana,2012-08,140.56600666666665,114.30099,,62.55,0,0,0.4968,High,926955
KE023,Turkana,2012-09,116.54269666666666,93.29073,,66.0,0,0,0.4968,High,926955
KE023,Turkana,2012-10,125.96595166666667,106.23369,,76.62,2,42,0.4968,High,926955
KE023,Turkana,2012-11,107.75712666666668,64.8465,,78.02,2,1,0.4968,High,926955
KE023,Turkana,2012-12,176.55155833333333,93.102295,,81.83,0,0,0.4968,High,926955
KE023,Turkana,2013-01,104.86560666666666,87.93143,,75.8,1,7,0.4968,High,926955
KE023,Turkana,2013-02,82.56254866666667,67.63255,,78.78,2,11,0.4968,High,926955
KE023,Turkana,2013-03,109.59921666666666,66.49441,,82.7,2,5,0.4968,High,926955
KE023,Turkana,2013-04,168.38896,105.20153,,87.8,2,4,0.4968,High,926955
KE023,Turkana,2013-05,86.09457133333335,44.16982,,84.75,1,5,0.4968,High,926955
KE023,Turkana,2013-06,86.77196900000001,63.231277,,86.35,1,4,0.4968,High,926955
KE023,Turkana,2013-07,109.27383333333334,81.45619,,76.5,1,4,0.4968,High,926955
KE023,Turkana,2013-08,95.81732,68.67672,,76.04,3,3,0.4968,High,926955
KE023,Turkana,2013-09,99.83429666666666,95.66048,,71.88,2,1,0.4968,High,926955
KE023,Turkana,2013-10,90.719328,73.202774,,74.17,2,17,0.4968,High,926955
KE023,Turkana,2013-11,113.49129533333335,55.239456,,74.58,2,0,0.4968,High,926955
KE023,Turkana,2013-12,86.06079833333332,64.14066,,71.93,1,1,0.4968,High,926955
KE023,Turkana,2014-01,85.82571833333333,83.95261,,84.0,4,9,0.4968,High,926955
KE023,Turkana,2014-02,96.88865333333332,77.47555,,78.05,0,0,0.4968,High,926955
KE023,Turkana,2014-03,117.969632,50.442116,,,0,0,0.4968,High,926955
KE023,Turkana,2014-04,57.05876666666666,29.80909,,70.1,0,0,0.4968,High,926955
KE023,Turkana,2014-05,61.416562666666664,59.239822,,75.02,0,0,0.4968,High,926955
KE023,Turkana,2014-06,71.32346666666666,67.936325,,81.83,1,2,0.4968,High,926955
KE023,Turkana,2014-07,109.127092,61.049416,,77.1,0,0,0.4968,High,926955
KE023,Turkana,2014-08,122.29713,70.46538,,80.78,0,0,0.4968,High,926955
KE023,Turkana,2014-09,98.127095,82.06523,,71.55,0,0,0.4968,High,926955
KE023,Turkana,2014-10,119.21209833333334,79.98326,,75.0,3,5,0.4968,High,926955
KE023,Turkana,2014-11,100.061358,52.850754,,72.0,0,0,0.4968,High,926955
KE023,Turkana,2014-12,86.820478,74.261284,,79.0,1,6,0.4968,High,926955
KE023,Turkana,2015-01,81.99704466666667,80.08008,,82.0,1,4,0.4968,High,926955
KE023,Turkana,2015-02,81.69123166666667,72.94303,,74.0,0,0,0.4968,High,926955
KE023,Turkana,2015-03,51.61333466666667,43.296776,,70.0,0,0,0.4968,High,926955
KE023,Turkana,2015-04,153.30479066666666,61.632492,,78.0,0,0,0.4968,High,926955
KE023,Turkana,2015-05,85.60872,53.66587,,69.0,0,0,0.4968,High,926955
KE023,Turkana,2015-06,100.87874666666666,84.90817,,73.0,0,0,0.4968,High,926955
KE023,Turkana,2015-07,69.47446066666667,59.224022,,75.0,1,1,0.4968,High,926955
KE023,Turkana,2015-08,69.262642,62.838226,,82.0,1,1,0.4968,High,926955
KE023,Turkana,2015-09,88.42633533333333,81.20648,,76.0,0,0,0.4968,High,926955
KE023,Turkana,2015-10,95.29871966666667,73.651405,,79.0,1,3,0.4968,High,926955
KE023,Turkana,2015-11,184.80512333333334,83.57336,,78.0,0,0,0.4968,High,926955
KE023,Turkana,2015-12,125.19052666666666,68.95361,,81.0,0,0,0.4968,High,926955
KE023,Turkana,2016-01,95.01392,82.99705,,81.0,0,0,0.4968,High,926955
KE023,Turkana,2016-02,81.70930466666667,80.46903,,75.0,0,0,0.4968,High,926955
KE023,Turkana,2016-03,89.83164633333332,42.898743,,76.0,0,0,0.4968,High,926955
KE023,Turkana,2016-04,163.66016666666667,137.76102,,,0,0,0.4968,High,926955
KE023,Turkana,2016-05,86.91666500000001,51.878525,,84.0,0,0,0.4968,High,926955
KE023,Turkana,2016-06,103.12307499999999,68.81208,,75.0,0,0,0.4968,High,926955
KE023,Turkana,2016-07,75.92482,68.3252,,75.0,0,0,0.4968,High,926955
KE023,Turkana,2016-08,77.89561166666667,65.00139,,69.0,0,0,0.4968,High,926955
KE023,Turkana,2016-09,81.297135,68.55721,,71.0,0,0,0.4968,High,926955
KE023,Turkana,2016-10,78.47339666666666,73.628,,73.0,1,0,0.4968,High,926955
KE023,Turkana,2016-11,68.62592166666667,57.10439,,74.0,1,1,0.4968,High,926955
KE023,Turkana,2016-12,59.550429333333334,57.25661,,77.0,2,2,0.4968,High,926955
KE023,Turkana,2017-01,101.83577333333334,92.18241,,87.0,0,0,0.4968,High,926955
KE023,Turkana,2017-02,161.39499999999998,93.16247,,82.0,0,0,0.4968,High,926955
KE023,Turkana,2017-03,66.47266833333333,64.048965,,90.7,1,2,0.4968,High,926955
KE023,Turkana,2017-04,53.575235666666664,32.8114,,92.6,2,2,0.4968,High,926955
KE023,Turkana,2017-05,84.72305666666666,54.80012,,98.0,1,1,0.4968,High,926955
KE023,Turkana,2017-06,65.688168,59.23034,,100.0,0,0,0.4968,High,926955
KE023,Turkana,2017-07,190.62133666666668,154.3732,,91.0,1,3,0.4968,High,926955
KE023,Turkana,2017-08,96.54149866666667,75.07921,,88.0,0,0,0.4968,High,926955
KE023,Turkana,2017-09,120.20539333333333,93.25815,,87.0,0,0,0.4968,High,926955
KE023,Turkana,2017-10,162.48648333333333,83.34592,,81.0,2,12,0.4968,High,926955
KE023,Turkana,2017-11,92.46885099999999,53.332203,,80.0,2,4,0.4968,High,926955
KE023,Turkana,2017-12,65.66058366666667,59.931416,,81.0,0,0,0.4968,High,926955
KE023,Turkana,2018-01,82.30413866666667,80.30999,,82.0,2,3,0.4968,High,926955
KE023,Turkana,2018-02,90.88888000000001,84.21316,,85.5,1,3,0.4968,High,926955
KE023,Turkana,2018-03,217.26723866666669,65.568596,,86.3,0,0,0.4968,High,926955
KE023,Turkana,2018-04,228.92539,130.7612,,85.0,0,0,0.4968,High,926955
KE023,Turkana,2018-05,176.89231333333336,125.5568,,84.0,0,0,0.4968,High,926955
KE023,Turkana,2018-06,141.50423333333333,93.08857,,83.0,0,0,0.4968,High,926955
KE023,Turkana,2018-07,68.88106933333333,63.067158,,81.0,2,3,0.4968,High,926955
KE023,Turkana,2018-08,100.41093333333333,64.43569,,59.0,1,2,0.4968,High,926955
KE023,Turkana,2018-09,82.83749866666666,70.86955,,63.0,2,5,0.4968,High,926955
KE023,Turkana,2018-10,80.01285866666667,66.50704,,61.0,0,0,0.4968,High,926955
KE023,Turkana,2018-11,64.48027566666667,53.882187,,62.0,1,1,0.4968,High,926955
KE023,Turkana,2018-12,124.13332666666668,60.46386,,60.0,0,0,0.4968,High,926955
KE023,Turkana,2019-01,86.24996,81.11467,,66.0,1,6,0.4968,High,926955
KE023,Turkana,2019-02,85.43959833333334,77.54962,,64.8,2,3,0.4968,High,926955
KE023,Turkana,2019-03,79.50095766666666,48.859463,,61.0,0,0,0.4968,High,926955
KE023,Turkana,2019-04,94.84087066666666,34.16794,,61.0,0,0,0.4968,High,926955
KE023,Turkana,2019-05,60.45891233333333,42.63069,,66.0,0,0,0.4968,High,926955
KE023,Turkana,2019-06,153.848425,94.512955,,63.0,2,1,0.4968,High,926955
KE023,Turkana,2019-07,115.74080333333332,69.02421,,66.7,0,0,0.4968,High,926955
KE023,Turkana,2019-08,108.32683666666667,75.75509,,67.1,2,2,0.4968,High,926955
KE023,Turkana,2019-09,105.04568333333334,84.62547,,66.3,0,0,0.4968,High,926955
KE023,Turkana,2019-10,198.47074333333333,183.96758,,67.0,0,0,0.4968,High,926955
KE023,Turkana,2019-11,125.926595,51.518135,,64.0,0,0,0.4968,High,926955
KE023,Turkana,2019-12,200.288945,98.078735,,65.0,0,0,0.4968,High,926955
KE023,Turkana,2020-01,119.68396,85.37344,,64.0,1,3,0.4968,High,926955
KE023,Turkana,2020-02,110.80973833333333,76.34242,,64.0,0,0,0.4968,High,926955
KE023,Turkana,2020-03,250.05521,200.42859,,,0,0,0.4968,High,926955
KE023,Turkana,2020-04,153.62977733333332,37.851032,,60.0,0,0,0.4968,High,926955
KE023,Turkana,2020-05,89.79528066666667,55.581562,,70.0,2,5,0.4968,High,926955
KE023,Turkana,2020-06,165.25039333333334,138.11028,,69.0,0,0,0.4968,High,926955
KE023,Turkana,2020-07,103.35289666666667,93.954575,,71.0,0,0,0.4968,High,926955
KE023,Turkana,2020-08,169.76500000000001,109.45941,,70.0,0,0,0.4968,High,926955
KE023,Turkana,2020-09,144.56193333333331,109.35073,,70.0,1,0,0.4968,High,926955
KE023,Turkana,2020-10,172.89436333333333,80.85731,,68.0,1,1,0.4968,High,926955
KE023,Turkana,2020-11,97.88111133333332,58.189964,,65.0,1,4,0.4968,High,926955
KE023,Turkana,2020-12,108.49001,59.50401,,65.0,0,0,0.4968,High,926955
KE023,Turkana,2021-01,97.377592,81.660706,,,2,14,0.4968,High,926955
KE023,Turkana,2021-02,111.33252333333333,85.97762,,,0,0,0.4968,High,926955
KE023,Turkana,2021-03,62.58914333333334,57.51363,,,0,0,0.4968,High,926955
KE023,Turkana,2021-04,72.91169866666667,36.966316,,,1,3,0.4968,High,926955
KE023,Turkana,2021-05,121.37489733333332,53.975307,,,1,0,0.4968,High,926955
KE023,Turkana,2021-06,68.02528133333334,61.413418,,,0,0,0.4968,High,926955
KE023,Turkana,2021-07,83.81857000000001,71.91464,,,1,0,0.4968,High,926955
KE023,Turkana,2021-08,78.91046133333333,69.54073,,,1,0,0.4968,High,926955
KE023,Turkana,2021-09,131.04287666666667,93.59081,,,1,1,0.4968,High,926955
KE023,Turkana,2021-10,84.559205,65.643585,,,2,2,0.4968,High,926955
KE023,Turkana,2021-11,65.522815,59.18081,,,0,0,0.4968,High,926955
KE023,Turkana,2021-12,62.49557033333334,59.872715,,,0,0,0.4968,High,926955
KE023,Turkana,2022-01,117.17365833333334,90.950455,,,6,7,0.4968,High,926955
KE023,Turkana,2022-02,92.38515666666667,83.11704,,,0,0,0.4968,High,926955
KE023,Turkana,2022-03,64.39260733333333,55.382042,,,2,5,0.4968,High,926955
KE023,Turkana,2022-04,101.71839066666666,35.208042,,,3,0,0.4968,High,926955
KE023,Turkana,2022-05,95.31374766666666,44.842453,,,6,1,0.4968,High,926955
KE023,Turkana,2022-06,67.23946733333334,61.818157,,,1,1,0.4968,High,926955
KE023,Turkana,2022-07,66.18933866666667,58.16239,,,10,16,0.4968,High,926955
KE023,Turkana,2022-08,108.02249666666667,86.5397,,,0,0,0.4968,High,926955
KE023,Turkana,2022-09,125.80847999999999,93.09874,,,4,24,0.4968,High,926955
KE023,Turkana,2022-10,97.63981999999999,70.12507,,,3,3,0.4968,High,926955
KE023,Turkana,2022-11,76.345985,67.97984,,,0,0,0.4968,High,926955
KE023,Turkana,2022-12,91.88803466666667,81.52685,,,4,1,0.4968,High,926955
KE023,Turkana,2023-01,83.097492,80.913506,,,8,2,0.4968,High,926955
KE023,Turkana,2023-02,77.55660999999999,72.08614,,,4,2,0.4968,High,926955
KE023,Turkana,2023-03,140.09969233333334,53.142567,,,2,1,0.4968,High,926955
KE023,Turkana,2023-04,174.04519333333334,36.95475,,,10,17,0.4968,High,926955
KE023,Turkana,2023-05,59.18902766666667,43.96209,,,1,3,0.4968,High,926955
KE023,Turkana,2023-06,74.41811166666668,71.21675,,,2,2,0.4968,High,926955
KE023,Turkana,2023-07,69.90812833333332,65.14555,,,6,11,0.4968,High,926955
KE023,Turkana,2023-08,68.52292333333334,63.85675,,,5,4,0.4968,High,926955
KE023,Turkana,2023-09,90.70441333333333,81.07416,,,4,6,0.4968,High,926955
KE023,Turkana,2023-10,155.55149833333334,87.998535,,,1,0,0.4968,High,926955
KE023,Turkana,2023-11,103.68626,68.80675,,,6,4,0.4968,High,926955
KE023,Turkana,2023-12,82.71347,67.44754,177.42307692307693,99.45588235294117,4,3,0.4968,High,926955
KE023,Turkana,2024-01,120.77693666666666,102.41716,,,5,7,0.4968,High,926955
KE023,Turkana,2024-02,177.14760666666666,130.39671,,,1,0,0.4968,High,926955
KE023,Turkana,2024-03,81.76211333333333,54.4659,167.43243243243242,89.4186046511628,4,7,0.4968,High,926955
KE023,Turkana,2024-04,222.72916999999998,100.20268,,,3,1,0.4968,High,926955
KE023,Turkana,2024-05,92.04579666666666,45.30407,,,1,1,0.4968,High,926955
KE023,Turkana,2024-06,65.320111,61.091328,155.40277777777777,86.14772727272727,5,17,0.4968,High,926955
KE023,Turkana,2024-07,171.15119333333334,134.78752,,,0,0,0.4968,High,926955
KE023,Turkana,2024-08,110.049598,78.646614,,,1,1,0.4968,High,926955
KE023,Turkana,2024-09,107.48113000000001,84.55089,144.9268292682927,84.08823529411765,2,2,0.4968,High,926955
KE023,Turkana,2024-10,183.8970866666667,122.19107,,,0,0,0.4968,High,926955
KE023,Turkana,2024-11,147.03384866666667,64.947426,,,2,1,0.4968,High,926955
KE023,Turkana,2024-12,56.32351833333333,55.23827,,,0,0,0.4968,High,926955
KE023,Turkana,2025-01,92.23644666666667,89.17434,,,4,3,0.4968,High,926955
KE023,Turkana,2025-02,70.39862466666666,64.08659,,,5,51,0.4968,High,926955
KE023,Turkana,2025-03,168.92220666666665,128.84987,151.0909090909091,87.0,2,2,0.4968,High,926955
KE023,Turkana,2025-04,112.83707700000001,38.783855,,,4,2,0.4968,High,926955
KE023,Turkana,2025-05,124.86264666666666,98.73583,,,3,0,0.4968,High,926955
KE023,Turkana,2025-06,75.88177166666667,71.739975,135.5,78.54545454545455,3,2,0.4968,High,926955
KE023,Turkana,2025-07,66.26757933333333,61.658543,,,5,3,0.4968,High,926955
KE023,Turkana,2025-08,203.91093666666666,142.84404,,,5,6,0.4968,High,926955
KE023,Turkana,2025-09,105.25890666666668,89.22454,135.16666666666666,86.35714285714286,3,3,0.4968,High,926955
KE023,Turkana,2025-10,275.8599033333333,136.23782,,,7,10,0.4968,High,926955
KE023,Turkana,2025-11,53.512406666666664,49.459404,,,2,3,0.4968,High,926955
KE023,Turkana,2025-12,143.23568333333333,67.25941,122.0,63.2,1,0,0.4968,High,926955
KE008,Wajir,2006-01,94.84356866666667,82.28514,,,0,0,0.3956,High,781214
KE008,Wajir,2006-02,92.76318666666667,86.73727,,,0,0,0.3956,High,781214
KE008,Wajir,2006-03,71.91944366666667,53.313637,,,0,0,0.3956,High,781214
KE008,Wajir,2006-04,147.71897333333334,41.11029,,,0,0,0.3956,High,781214
KE008,Wajir,2006-05,83.74527,67.9632,,,0,0,0.3956,High,781214
KE008,Wajir,2006-06,97.75006133333333,94.9623,,,0,0,0.3956,High,781214
KE008,Wajir,2006-07,97.19280666666667,96.45391,,,0,0,0.3956,High,781214
KE008,Wajir,2006-08,98.76618833333333,98.14104,,,0,0,0.3956,High,781214
KE008,Wajir,2006-09,98.46708000000001,97.40727,,,0,0,0.3956,High,781214
KE008,Wajir,2006-10,172.39809666666667,80.66046,,,0,0,0.3956,High,781214
KE008,Wajir,2006-11,173.19303,146.2959,,,0,0,0.3956,High,781214
KE008,Wajir,2006-12,118.65560166666667,85.57455,,,0,0,0.3956,High,781214
KE008,Wajir,2007-01,91.18033000000001,81.51578,,,1,0,0.3956,High,781214
KE008,Wajir,2007-02,93.540125,87.630295,,,0,0,0.3956,High,781214
KE008,Wajir,2007-03,77.18977133333333,42.153954,,,1,0,0.3956,High,781214
KE008,Wajir,2007-04,73.42496,39.316013,,,0,0,0.3956,High,781214
KE008,Wajir,2007-05,121.92930333333334,93.7513,,,0,0,0.3956,High,781214
KE008,Wajir,2007-06,103.84919666666667,99.66094,,,0,0,0.3956,High,781214
KE008,Wajir,2007-07,96.93387333333332,96.45391,,,0,0,0.3956,High,781214
KE008,Wajir,2007-08,106.99044533333334,104.68489,,,0,0,0.3956,High,781214
KE008,Wajir,2007-09,121.56682333333333,98.40752,,,0,0,0.3956,High,781214
KE008,Wajir,2007-10,125.80820666666666,81.68872,,,0,0,0.3956,High,781214
KE008,Wajir,2007-11,79.983672,58.548176,,,1,0,0.3956,High,781214
KE008,Wajir,2007-12,49.21870366666667,37.478756,,,0,0,0.3956,High,781214
KE008,Wajir,2008-01,115.15002,81.10207,,,0,0,0.3956,High,781214
KE008,Wajir,2008-02,89.99713133333334,85.817924,,,0,0,0.3956,High,781214
KE008,Wajir,2008-03,71.01574966666666,59.653873,,,0,0,0.3956,High,781214
KE008,Wajir,2008-04,93.97376933333334,31.721003,,,0,0,0.3956,High,781214
KE008,Wajir,2008-05,69.59262266666667,46.553978,,,0,0,0.3956,High,781214
KE008,Wajir,2008-06,105.74460366666666,101.90519,,,0,0,0.3956,High,781214
KE008,Wajir,2008-07,97.75486333333333,96.85245,,,0,0,0.3956,High,781214
KE008,Wajir,2008-08,98.43688333333334,97.87596,,,0,0,0.3956,High,781214
KE008,Wajir,2008-09,95.626043,90.795845,,,0,0,0.3956,High,781214
KE008,Wajir,2008-10,68.41595,28.108072,,,0,0,0.3956,High,781214
KE008,Wajir,2008-11,103.82489166666666,32.117985,,,0,0,0.3956,High,781214
KE008,Wajir,2008-12,44.664177333333335,29.82447,,,0,0,0.3956,High,781214
KE008,Wajir,2009-01,96.63305666666668,80.63755,,,0,0,0.3956,High,781214
KE008,Wajir,2009-02,98.00986166666667,90.706245,,,0,0,0.3956,High,781214
KE008,Wajir,2009-03,52.543693999999995,34.85524,,,0,0,0.3956,High,781214
KE008,Wajir,2009-04,64.742374,39.31921,,,0,0,0.3956,High,781214
KE008,Wajir,2009-05,97.21266333333334,87.85688,,,0,0,0.3956,High,781214
KE008,Wajir,2009-06,98.39495133333332,97.10497,,,0,0,0.3956,High,781214
KE008,Wajir,2009-07,97.10824833333334,96.70516,,,0,0,0.3956,High,781214
KE008,Wajir,2009-08,97.41813,97.29434,,,0,0,0.3956,High,781214
KE008,Wajir,2009-09,95.18856,89.97036,,,0,0,0.3956,High,781214
KE008,Wajir,2009-10,187.48967666666667,84.18592,,,0,0,0.3956,High,781214
KE008,Wajir,2009-11,39.848887999999995,26.978258,,,2,0,0.3956,High,781214
KE008,Wajir,2009-12,107.04255466666666,90.312164,,,2,0,0.3956,High,781214
KE008,Wajir,2010-01,94.85797966666667,87.211525,,,0,0,0.3956,High,781214
KE008,Wajir,2010-02,97.32659533333333,93.27502,,,0,0,0.3956,High,781214
KE008,Wajir,2010-03,238.12091333333333,187.50562,,,0,0,0.3956,High,781214
KE008,Wajir,2010-04,89.64154566666667,52.952713,,,0,0,0.3956,High,781214
KE008,Wajir,2010-05,77.82555333333333,70.27899,,,1,0,0.3956,High,781214
KE008,Wajir,2010-06,98.01890466666667,95.405334,,,0,0,0.3956,High,781214
KE008,Wajir,2010-07,98.38628666666666,98.08271,,,0,0,0.3956,High,781214
KE008,Wajir,2010-08,97.63342,97.463684,,,0,0,0.3956,High,781214
KE008,Wajir,2010-09,96.838938,91.15605,,,0,0,0.3956,High,781214
KE008,Wajir,2010-10,54.17620566666667,39.189327,,,0,0,0.3956,High,781214
KE008,Wajir,2010-11,51.223624666666666,48.31284,,,1,0,0.3956,High,781214
KE008,Wajir,2010-12,50.093605,33.92162,,,0,0,0.3956,High,781214
KE008,Wajir,2011-01,90.62287866666667,79.701256,,,0,0,0.3956,High,781214
KE008,Wajir,2011-02,91.17143,83.14568,,,0,0,0.3956,High,781214
KE008,Wajir,2011-03,49.914222333333335,32.231197,,,0,0,0.3956,High,781214
KE008,Wajir,2011-04,35.38738266666667,20.77609,,,0,0,0.3956,High,781214
KE008,Wajir,2011-05,67.32462266666666,51.571148,,,0,0,0.3956,High,781214
KE008,Wajir,2011-06,98.59195133333333,97.934654,,,0,0,0.3956,High,781214
KE008,Wajir,2011-07,96.69630866666667,95.97741,,,0,0,0.3956,High,781214
KE008,Wajir,2011-08,98.14313133333333,97.80255,,,0,0,0.3956,High,781214
KE008,Wajir,2011-09,97.04969333333334,94.01523,,,0,0,0.3956,High,781214
KE008,Wajir,2011-10,221.57099666666667,83.09968,,,1,0,0.3956,High,781214
KE008,Wajir,2011-11,197.2398333333333,126.48392,,,0,0,0.3956,High,781214
KE008,Wajir,2011-12,73.31000366666667,51.081104,,,1,0,0.3956,High,781214
KE008,Wajir,2012-01,84.74774333333333,80.33997,,,1,0,0.3956,High,781214
KE008,Wajir,2012-02,92.98755833333333,90.07924,,,0,0,0.3956,High,781214
KE008,Wajir,2012-03,53.54467433333334,31.848923,,,0,0,0.3956,High,781214
KE008,Wajir,2012-04,82.78932333333334,76.98544,,,0,0,0.3956,High,781214
KE008,Wajir,2012-05,120.32567833333333,59.047825,,,2,1,0.3956,High,781214
KE008,Wajir,2012-06,97.83830999999999,94.8012,,,0,0,0.3956,High,781214
KE008,Wajir,2012-07,96.68680333333333,96.13335,,,3,9,0.3956,High,781214
KE008,Wajir,2012-08,99.725865,99.64626,,,3,4,0.3956,High,781214
KE008,Wajir,2012-09,96.91363,93.73007,,,0,0,0.3956,High,781214
KE008,Wajir,2012-10,104.32416166666667,57.361855,,,0,0,0.3956,High,781214
KE008,Wajir,2012-11,59.540189,44.017937,,,0,0,0.3956,High,781214
KE008,Wajir,2012-12,70.66909333333334,42.0094,,,0,0,0.3956,High,781214
KE008,Wajir,2013-01,102.78505333333334,97.47016,,,0,0,0.3956,High,781214
KE008,Wajir,2013-02,89.38300333333332,87.47827,,,2,1,0.3956,High,781214
KE008,Wajir,2013-03,212.10326666666666,72.74921,,,0,0,0.3956,High,781214
KE008,Wajir,2013-04,142.16191166666667,110.907295,,,0,0,0.3956,High,781214
KE008,Wajir,2013-05,74.92465866666667,62.082256,,,2,3,0.3956,High,781214
KE008,Wajir,2013-06,100.14514333333334,98.05548,,,4,12,0.3956,High,781214
KE008,Wajir,2013-07,103.04928333333334,100.94176,,,0,0,0.3956,High,781214
KE008,Wajir,2013-08,99.296945,97.134415,,,0,0,0.3956,High,781214
KE008,Wajir,2013-09,112.46893833333333,101.00066,,,1,1,0.3956,High,781214
KE008,Wajir,2013-10,75.01788333333333,33.40478,,,0,0,0.3956,High,781214
KE008,Wajir,2013-11,86.63286466666666,49.731182,,,0,0,0.3956,High,781214
KE008,Wajir,2013-12,66.30932133333333,55.61317,,,2,4,0.3956,High,781214
KE008,Wajir,2014-01,87.58143166666667,82.99644,,,0,0,0.3956,High,781214
KE008,Wajir,2014-02,95.33181,87.68492,,,0,0,0.3956,High,781214
KE008,Wajir,2014-03,122.08713666666667,67.94235,,,0,0,0.3956,High,781214
KE008,Wajir,2014-04,101.22654,51.31906,,,0,0,0.3956,High,781214
KE008,Wajir,2014-05,123.94020833333332,96.478905,,,2,13,0.3956,High,781214
KE008,Wajir,2014-06,100.66579999999999,99.45314,,,1,20,0.3956,High,781214
KE008,Wajir,2014-07,101.11889333333333,100.79447,,,0,0,0.3956,High,781214
KE008,Wajir,2014-08,102.23096466666668,101.21619,,,0,0,0.3956,High,781214
KE008,Wajir,2014-09,98.70505800000001,93.97771,,,1,8,0.3956,High,781214
KE008,Wajir,2014-10,56.345818666666666,33.291603,,,1,3,0.3956,High,781214
KE008,Wajir,2014-11,103.34918333333333,66.23632,,,1,1,0.3956,High,781214
KE008,Wajir,2014-12,67.63495966666666,40.599926,,,2,1,0.3956,High,781214
KE008,Wajir,2015-01,90.945,86.79968,,,0,0,0.3956,High,781214
KE008,Wajir,2015-02,90.352268,87.61366,,,0,0,0.3956,High,781214
KE008,Wajir,2015-03,103.95172133333334,57.890934,,,1,4,0.3956,High,781214
KE008,Wajir,2015-04,106.79629333333332,68.30337,,,0,0,0.3956,High,781214
KE008,Wajir,2015-05,68.76305500000001,63.397545,,,0,0,0.3956,High,781214
KE008,Wajir,2015-06,99.2709,97.35468,,,2,4,0.3956,High,781214
KE008,Wajir,2015-07,102.00745166666667,100.72861,,,2,4,0.3956,High,781214
KE008,Wajir,2015-08,100.44237500000001,99.966125,,,0,0,0.3956,High,781214
KE008,Wajir,2015-09,98.04382500000001,93.392365,,,0,0,0.3956,High,781214
KE008,Wajir,2015-10,113.38125166666667,32.344395,,,0,0,0.3956,High,781214
KE008,Wajir,2015-11,108.46797500000001,97.03584,,,1,0,0.3956,High,781214
KE008,Wajir,2015-12,106.55503833333334,63.391865,,,0,0,0.3956,High,781214
KE008,Wajir,2016-01,103.58847466666667,95.44164,,,0,0,0.3956,High,781214
KE008,Wajir,2016-02,120.448213,107.776054,,,0,0,0.3956,High,781214
KE008,Wajir,2016-03,58.197554000000004,31.37381,,,0,0,0.3956,High,781214
KE008,Wajir,2016-04,94.40669166666667,69.85003,,,0,0,0.3956,High,781214
KE008,Wajir,2016-05,101.9067,69.79837,,,1,6,0.3956,High,781214
KE008,Wajir,2016-06,100.32147333333334,99.76485,,,0,0,0.3956,High,781214
KE008,Wajir,2016-07,103.84164,102.88245,,,0,0,0.3956,High,781214
KE008,Wajir,2016-08,99.74177666666667,99.2041,,,0,0,0.3956,High,781214
KE008,Wajir,2016-09,97.79689533333334,92.91209,,,2,10,0.3956,High,781214
KE008,Wajir,2016-10,43.98216233333333,29.821405,,,0,0,0.3956,High,781214
KE008,Wajir,2016-11,129.76733000000002,58.67847,,,2,0,0.3956,High,781214
KE008,Wajir,2016-12,101.22209333333335,86.06699,,,1,2,0.3956,High,781214
KE008,Wajir,2017-01,91.93438466666667,89.69567,,,0,0,0.3956,High,781214
KE008,Wajir,2017-02,117.85533666666667,88.11247,,,0,0,0.3956,High,781214
KE008,Wajir,2017-03,51.374565,35.171978,,,1,0,0.3956,High,781214
KE008,Wajir,2017-04,83.18445833333334,74.122055,,,0,0,0.3956,High,781214
KE008,Wajir,2017-05,131.95871333333332,79.72079,,,0,0,0.3956,High,781214
KE008,Wajir,2017-06,100.30784166666666,99.5618,,,1,9,0.3956,High,781214
KE008,Wajir,2017-07,103.96154333333334,99.72882,,,0,0,0.3956,High,781214
KE008,Wajir,2017-08,101.73396133333334,101.63129,,,0,0,0.3956,High,781214
KE008,Wajir,2017-09,101.21361333333334,99.98124,,,2,4,0.3956,High,781214
KE008,Wajir,2017-10,79.96790833333334,55.82149,,,0,0,0.3956,High,781214
KE008,Wajir,2017-11,116.25554466666667,39.851364,,,0,0,0.3956,High,781214
KE008,Wajir,2017-12,45.592286333333334,29.17051,,,0,0,0.3956,High,781214
KE008,Wajir,2018-01,87.59178000000001,81.9803,,,1,4,0.3956,High,781214
KE008,Wajir,2018-02,102.31239466666666,96.70104,,,2,2,0.3956,High,781214
KE008,Wajir,2018-03,276.02073666666666,158.69579,,,4,7,0.3956,High,781214
KE008,Wajir,2018-04,162.22608533333334,100.208786,,,0,0,0.3956,High,781214
KE008,Wajir,2018-05,151.38693666666666,132.9642,,,0,0,0.3956,High,781214
KE008,Wajir,2018-06,99.64905800000001,97.596344,,,8,10,0.3956,High,781214
KE008,Wajir,2018-07,105.804985,104.491005,,,1,0,0.3956,High,781214
KE008,Wajir,2018-08,100.89484666666665,100.21028,,,2,3,0.3956,High,781214
KE008,Wajir,2018-09,101.11720666666668,99.22865,,,0,0,0.3956,High,781214
KE008,Wajir,2018-10,84.93646333333332,38.92235,,,2,3,0.3956,High,781214
KE008,Wajir,2018-11,47.824432,30.186016,,,1,1,0.3956,High,781214
KE008,Wajir,2018-12,326.40646666666663,192.33412,,,0,0,0.3956,High,781214
KE008,Wajir,2019-01,95.70943,93.01767,,,0,0,0.3956,High,781214
KE008,Wajir,2019-02,94.37119666666666,92.82048,,,0,0,0.3956,High,781214
KE008,Wajir,2019-03,63.804356000000006,52.209835,,,0,0,0.3956,High,781214
KE008,Wajir,2019-04,65.22233933333334,24.36106,,,0,0,0.3956,High,781214
KE008,Wajir,2019-05,123.88418066666667,54.353172,,,0,0,0.3956,High,781214
KE008,Wajir,2019-06,97.82234,94.46288,,,1,8,0.3956,High,781214
KE008,Wajir,2019-07,104.01284866666667,101.033226,,,0,0,0.3956,High,781214
KE008,Wajir,2019-08,99.51167333333335,98.743126,,,2,0,0.3956,High,781214
KE008,Wajir,2019-09,117.56131666666666,110.84904,,,0,0,0.3956,High,781214
KE008,Wajir,2019-10,280.25136333333336,143.34369,,,1,2,0.3956,High,781214
KE008,Wajir,2019-11,248.04904166666665,113.932785,,,1,11,0.3956,High,781214
KE008,Wajir,2019-12,132.243999,58.940487,,,4,2,0.3956,High,781214
KE008,Wajir,2020-01,131.52503033333332,124.970055,,,1,0,0.3956,High,781214
KE008,Wajir,2020-02,94.25180833333333,88.492775,,,2,4,0.3956,High,781214
KE008,Wajir,2020-03,152.245138,99.948044,,,1,0,0.3956,High,781214
KE008,Wajir,2020-04,191.67682,52.26615,,,1,0,0.3956,High,781214
KE008,Wajir,2020-05,69.36667066666666,45.816402,,,3,6,0.3956,High,781214
KE008,Wajir,2020-06,98.87897333333332,96.50084,,,0,0,0.3956,High,781214
KE008,Wajir,2020-07,115.04647566666667,111.150566,,,0,0,0.3956,High,781214
KE008,Wajir,2020-08,99.75093133333333,99.555244,,,0,0,0.3956,High,781214
KE008,Wajir,2020-09,100.54821833333334,98.83307,,,1,7,0.3956,High,781214
KE008,Wajir,2020-10,62.91266466666667,35.252594,,,0,0,0.3956,High,781214
KE008,Wajir,2020-11,62.313399000000004,34.500687,,,3,12,0.3956,High,781214
KE008,Wajir,2020-12,81.51862133333333,43.027496,,,2,1,0.3956,High,781214
KE008,Wajir,2021-01,91.02838666666666,86.17091,,,1,2,0.3956,High,781214
KE008,Wajir,2021-02,90.54470666666667,88.17985,,,4,1,0.3956,High,781214
KE008,Wajir,2021-03,64.278318,38.31209,,,1,0,0.3956,High,781214
KE008,Wajir,2021-04,72.33316666666666,54.30352,,,0,0,0.3956,High,781214
KE008,Wajir,2021-05,85.265167,73.751595,,,1,0,0.3956,High,781214
KE008,Wajir,2021-06,99.03946666666667,97.24191,,,0,0,0.3956,High,781214
KE008,Wajir,2021-07,99.09883500000001,98.5716,,,1,1,0.3956,High,781214
KE008,Wajir,2021-08,98.74006366666667,98.680916,,,3,7,0.3956,High,781214
KE008,Wajir,2021-09,99.324415,95.546135,,,1,0,0.3956,High,781214
KE008,Wajir,2021-10,47.88033833333333,32.25037,,,1,8,0.3956,High,781214
KE008,Wajir,2021-11,66.73001266666667,32.31183,,,1,0,0.3956,High,781214
KE008,Wajir,2021-12,236.21282800000003,50.622334,,,0,0,0.3956,High,781214
KE008,Wajir,2022-01,112.32192000000002,100.3489,,,2,4,0.3956,High,781214
KE008,Wajir,2022-02,89.54193,87.49252,,,0,0,0.3956,High,781214
KE008,Wajir,2022-03,63.358522666666666,54.706566,,,0,0,0.3956,High,781214
KE008,Wajir,2022-04,73.08666266666667,40.82831,,,0,0,0.3956,High,781214
KE008,Wajir,2022-05,100.26576333333333,75.07408,,,1,1,0.3956,High,781214
KE008,Wajir,2022-06,98.67967700000001,96.16252,,,4,1,0.3956,High,781214
KE008,Wajir,2022-07,105.75995999999999,104.9011,,,1,0,0.3956,High,781214
KE008,Wajir,2022-08,99.31783,99.22713,,,1,0,0.3956,High,781214
KE008,Wajir,2022-09,98.984848,94.998314,,,1,0,0.3956,High,781214
KE008,Wajir,2022-10,52.53921766666667,40.672516,,,1,0,0.3956,High,781214
KE008,Wajir,2022-11,72.41920533333332,68.64546,,,3,0,0.3956,High,781214
KE008,Wajir,2022-12,85.32513333333333,68.78582,,,3,11,0.3956,High,781214
KE008,Wajir,2023-01,93.98161333333333,90.72357,,,0,0,0.3956,High,781214
KE008,Wajir,2023-02,89.10584033333333,86.06733,,,1,1,0.3956,High,781214
KE008,Wajir,2023-03,243.16658666666663,80.84055,,,1,1,0.3956,High,781214
KE008,Wajir,2023-04,168.58794666666665,120.18918,,,0,0,0.3956,High,781214
KE008,Wajir,2023-05,70.59680866666666,61.398666,,,0,0,0.3956,High,781214
KE008,Wajir,2023-06,98.29220833333333,97.451355,,,0,0,0.3956,High,781214
KE008,Wajir,2023-07,100.15661,100.04724,,,0,0,0.3956,High,781214
KE008,Wajir,2023-08,102.85157366666665,101.330246,,,0,0,0.3956,High,781214
KE008,Wajir,2023-09,96.63368333333334,92.51435,,,0,0,0.3956,High,781214
KE008,Wajir,2023-10,186.02523666666664,80.14633,,,1,0,0.3956,High,781214
KE008,Wajir,2023-11,312.3512133333333,149.8225,,,0,0,0.3956,High,781214
KE008,Wajir,2023-12,62.61363333333333,31.81607,214.0,104.25,1,0,0.3956,High,781214
KE008,Wajir,2024-01,92.11378466666667,87.04646,,,0,0,0.3956,High,781214
KE008,Wajir,2024-02,96.285668,92.141174,,,0,0,0.3956,High,781214
KE008,Wajir,2024-03,58.858685666666666,42.697327,190.57142857142858,112.85714285714286,1,0,0.3956,High,781214
KE008,Wajir,2024-04,158.68561666666668,45.81335,,,0,0,0.3956,High,781214
KE008,Wajir,2024-05,104.89128133333332,69.120094,,,0,0,0.3956,High,781214
KE008,Wajir,2024-06,98.522025,94.672325,162.0,99.0,1,0,0.3956,High,781214
KE008,Wajir,2024-07,103.19592666666667,100.58041,,,2,0,0.3956,High,781214
KE008,Wajir,2024-08,133.5389,113.60728,,,3,1,0.3956,High,781214
KE008,Wajir,2024-09,98.71759833333333,95.298485,168.0,90.71428571428571,2,0,0.3956,High,781214
KE008,Wajir,2024-10,43.718712333333336,26.635023,,,1,0,0.3956,High,781214
KE008,Wajir,2024-11,105.480497,58.491676,,,1,1,0.3956,High,781214
KE008,Wajir,2024-12,44.513813,27.882412,,,2,12,0.3956,High,781214
KE008,Wajir,2025-01,84.63273666666667,80.36174,,,0,0,0.3956,High,781214
KE008,Wajir,2025-02,85.84568266666668,81.321434,,,1,2,0.3956,High,781214
KE008,Wajir,2025-03,178.89054,128.29907,146.5,87.5,0,0,0.3956,High,781214
KE008,Wajir,2025-04,119.03680833333333,91.167465,,,0,0,0.3956,High,781214
KE008,Wajir,2025-05,90.65152166666667,61.241455,,,2,2,0.3956,High,781214
KE008,Wajir,2025-06,100.08831199999999,99.900116,,,0,0,0.3956,High,781214
KE008,Wajir,2025-07,97.91567333333334,96.65335,,,0,0,0.3956,High,781214
KE008,Wajir,2025-08,96.94530666666667,96.2321,,,0,0,0.3956,High,781214
KE008,Wajir,2025-09,95.77433500000001,89.46756,153.5,79.0,1,1,0.3956,High,781214
KE008,Wajir,2025-10,55.18371566666667,38.490807,,,1,1,0.3956,High,781214
KE008,Wajir,2025-11,38.25492466666667,31.21162,,,3,0,0.3956,High,781214
KE008,Wajir,2025-12,68.84188,34.75145,139.33333333333334,74.0,1,0,0.3956,High,781214
