pcode,county,year_month,rfq_mean,rfq_min
KE030,Baringo,2006-01,72.32802,56.47483
KE030,Baringo,2006-02,82.811149,39.286293
KE030,Baringo,2006-03,122.28995266666665,50.577103
KE030,Baringo,2006-04,104.60608416666666,61.619656
KE030,Baringo,2006-05,81.69421466666667,49.654243
KE030,Baringo,2006-06,90.14412816666668,51.565163
KE030,Baringo,2006-07,76.35707833333333,58.24959
KE030,Baringo,2006-08,117.39806666666668,56.26853
KE030,Baringo,2006-09,80.89827016666668,57.529785
KE030,Baringo,2006-10,84.57271916666666,44.156067
KE030,Baringo,2006-11,213.43850333333333,66.79703
KE030,Baringo,2006-12,177.24226166666668,50.035294
KE030,Baringo,2007-01,149.74761733333332,86.18344
KE030,Baringo,2007-02,219.01469333333333,119.90447
KE030,Baringo,2007-03,67.15753883333333,28.424242
KE030,Baringo,2007-04,111.35449183333333,23.96223
KE030,Baringo,2007-05,116.43561166666666,47.159164
KE030,Baringo,2007-06,159.50746833333332,118.43828
KE030,Baringo,2007-07,129.39578766666668,58.947746
KE030,Baringo,2007-08,138.55865416666666,107.94142
KE030,Baringo,2007-09,223.35970666666665,161.47878
KE030,Baringo,2007-10,75.818621,51.62117
KE030,Baringo,2007-11,56.047676333333335,45.25391
KE030,Baringo,2007-12,54.411950999999995,33.078102
KE030,Baringo,2008-01,74.57691733333333,50.49514
KE030,Baringo,2008-02,72.5989115,39.93031
KE030,Baringo,2008-03,120.293744,42.879967
KE030,Baringo,2008-04,47.62088466666666,34.372368
KE030,Baringo,2008-05,50.69499616666667,24.964954
KE030,Baringo,2008-06,62.028861500000005,40.5062
KE030,Baringo,2008-07,94.47675233333332,71.15367
KE030,Baringo,2008-08,83.1606045,56.31888
KE030,Baringo,2008-09,125.94485833333334,79.48933
KE030,Baringo,2008-10,166.88633666666666,88.10478
KE030,Baringo,2008-11,124.86474883333334,42.802246
KE030,Baringo,2008-12,49.2406195,39.663094
KE030,Baringo,2009-01,72.14780033333334,37.32354
KE030,Baringo,2009-02,46.32098316666667,34.138004
KE030,Baringo,2009-03,45.125529,30.430687
KE030,Baringo,2009-04,75.4801595,43.23179
KE030,Baringo,2009-05,126.87665133333333,34.648415
KE030,Baringo,2009-06,52.189902999999994,36.13145
KE030,Baringo,2009-07,51.82887266666666,27.964596
KE030,Baringo,2009-08,45.5832275,39.185223
KE030,Baringo,2009-09,68.21506233333334,58.111244
KE030,Baringo,2009-10,96.14847833333333,67.21614
KE030,Baringo,2009-11,74.28384833333334,40.22847
KE030,Baringo,2009-12,261.50415833333335,105.4121
KE030,Baringo,2010-01,134.31767233333332,41.31757
KE030,Baringo,2010-02,326.87759666666665,176.05171
KE030,Baringo,2010-03,187.4752225,65.76047
KE030,Baringo,2010-04,104.91637083333335,52.332085
KE030,Baringo,2010-05,144.04791,88.23264
KE030,Baringo,2010-06,84.63360283333333,59.026623
KE030,Baringo,2010-07,98.37371066666667,42.433308
KE030,Baringo,2010-08,115.89655116666665,57.218777
KE030,Baringo,2010-09,121.55064333333333,88.92376
KE030,Baringo,2010-10,102.9652135,79.31623
KE030,Baringo,2010-11,50.84724,46.260147
KE030,Baringo,2010-12,59.727152499999995,36.60711
KE030,Baringo,2011-01,56.147286666666666,48.301723
KE030,Baringo,2011-02,62.865283833333336,43.186428
KE030,Baringo,2011-03,127.99949866666667,47.99176
KE030,Baringo,2011-04,43.01178050000001,25.851488
KE030,Baringo,2011-05,78.71531966666667,40.744843
KE030,Baringo,2011-06,121.34441250000002,76.97516
KE030,Baringo,2011-07,116.81481166666667,78.15916
KE030,Baringo,2011-08,150.00900166666668,87.53188
KE030,Baringo,2011-09,145.14948166666667,86.84881
KE030,Baringo,2011-10,110.285117,51.653904
KE030,Baringo,2011-11,207.4428,53.30802
KE030,Baringo,2011-12,108.95530016666667,38.897396
KE030,Baringo,2012-01,48.08154283333334,36.979225
KE030,Baringo,2012-02,64.03143766666666,43.620785
KE030,Baringo,2012-03,54.02293266666666,29.318943
KE030,Baringo,2012-04,168.707431,96.69654
KE030,Baringo,2012-05,207.405085,148.51532
KE030,Baringo,2012-06,107.17713816666667,50.928467
KE030,Baringo,2012-07,127.88524566666666,68.83801
KE030,Baringo,2012-08,109.1745975,89.87788
KE030,Baringo,2012-09,160.833654,104.813194
KE030,Baringo,2012-10,146.20771249999999,108.64722
KE030,Baringo,2012-11,87.02338366666667,46.962593
KE030,Baringo,2012-12,137.04149966666668,46.970768
KE030,Baringo,2013-01,113.715291,63.229633
KE030,Baringo,2013-02,59.091444833333334,32.38193
KE030,Baringo,2013-03,132.56125216666666,45.43034
KE030,Baringo,2013-04,190.31566,97.0455
KE030,Baringo,2013-05,102.119774,45.786694
KE030,Baringo,2013-06,117.38511666666666,55.291737
KE030,Baringo,2013-07,137.57924666666665,86.69367
KE030,Baringo,2013-08,122.46931000000001,71.90922
KE030,Baringo,2013-09,145.48251083333335,111.84193
KE030,Baringo,2013-10,98.3299875,50.725365
KE030,Baringo,2013-11,110.45171599999999,60.33407
KE030,Baringo,2013-12,165.90315766666666,45.99285
KE030,Baringo,2014-01,65.09689733333333,53.34694
KE030,Baringo,2014-02,135.5178655,50.823402
KE030,Baringo,2014-03,111.83725566666668,33.635517
KE030,Baringo,2014-04,39.014272,22.075335
KE030,Baringo,2014-05,69.82367599999999,58.97723
KE030,Baringo,2014-06,80.64790866666667,60.720795
KE030,Baringo,2014-07,80.39377266666666,56.92273
KE030,Baringo,2014-08,114.42917666666665,71.34531
KE030,Baringo,2014-09,86.56200933333334,53.409595
KE030,Baringo,2014-10,130.048361,59.47948
KE030,Baringo,2014-11,92.4075475,43.382614
KE030,Baringo,2014-12,84.82801033333334,56.108612
KE030,Baringo,2015-01,51.303447,40.07805
KE030,Baringo,2015-02,70.0810905,37.89491
KE030,Baringo,2015-03,38.906944333333335,33.631344
KE030,Baringo,2015-04,130.02314416666667,77.91948
KE030,Baringo,2015-05,86.04917266666666,55.420036
KE030,Baringo,2015-06,100.16669666666667,56.11511
KE030,Baringo,2015-07,68.36425799999999,52.246094
KE030,Baringo,2015-08,40.430967,28.921307
KE030,Baringo,2015-09,74.14223,54.79602
KE030,Baringo,2015-10,97.5050425,62.29318
KE030,Baringo,2015-11,136.33486166666668,78.44727
KE030,Baringo,2015-12,134.9299035,55.640633
KE030,Baringo,2016-01,135.7684416666667,64.84341
KE030,Baringo,2016-02,66.41490433333333,41.0218
KE030,Baringo,2016-03,72.27364433333334,31.079441
KE030,Baringo,2016-04,134.877535,93.97323
KE030,Baringo,2016-05,134.99731483333332,55.013596
KE030,Baringo,2016-06,96.21034933333333,65.32533
KE030,Baringo,2016-07,106.32099066666666,86.44241
KE030,Baringo,2016-08,71.52773833333333,41.194397
KE030,Baringo,2016-09,85.00031066666666,44.584846
KE030,Baringo,2016-10,86.431288,58.153133
KE030,Baringo,2016-11,77.75022299999999,46.474434
KE030,Baringo,2016-12,46.15364983333333,31.138336
KE030,Baringo,2017-01,82.61317883333334,42.901413
KE030,Baringo,2017-02,116.36245000000001,54.83712
KE030,Baringo,2017-03,49.686126333333334,34.355957
KE030,Baringo,2017-04,53.19002333333333,27.996904
KE030,Baringo,2017-05,93.11932916666666,72.62243
KE030,Baringo,2017-06,63.85023783333333,50.71759
KE030,Baringo,2017-07,197.34154,142.72466
KE030,Baringo,2017-08,130.20745916666667,70.254135
KE030,Baringo,2017-09,159.57490566666667,118.791214
KE030,Baringo,2017-10,165.50208816666665,64.029785
KE030,Baringo,2017-11,118.79636966666668,59.47541
KE030,Baringo,2017-12,55.02137583333333,42.95903
KE030,Baringo,2018-01,55.526736166666666,39.113968
KE030,Baringo,2018-02,58.494530499999996,42.069073
KE030,Baringo,2018-03,213.87567633333333,62.288292
KE030,Baringo,2018-04,229.07500833333333,172.13477
KE030,Baringo,2018-05,213.179335,182.59518
KE030,Baringo,2018-06,224.35894833333336,148.64166
KE030,Baringo,2018-07,89.00190566666667,47.51243
KE030,Baringo,2018-08,81.0005335,41.759193
KE030,Baringo,2018-09,66.95922933333333,54.161842
KE030,Baringo,2018-10,80.31643733333333,52.764053
KE030,Baringo,2018-11,51.280625500000006,35.680286
KE030,Baringo,2018-12,140.59629116666667,48.283627
KE030,Baringo,2019-01,70.00056666666667,54.33944
KE030,Baringo,2019-02,55.89960616666667,40.249126
KE030,Baringo,2019-03,54.52422266666667,32.530384
KE030,Baringo,2019-04,69.701753,27.046204
KE030,Baringo,2019-05,68.47545050000001,27.933607
KE030,Baringo,2019-06,166.791714,80.20619
KE030,Baringo,2019-07,117.21352566666667,66.54163
KE030,Baringo,2019-08,120.65590000000002,77.88826
KE030,Baringo,2019-09,125.9896025,75.11827
KE030,Baringo,2019-10,180.49038,141.71205
KE030,Baringo,2019-11,145.34315,59.944355
KE030,Baringo,2019-12,227.5072591666667,77.52823
KE030,Baringo,2020-01,142.30940633333333,61.790108
KE030,Baringo,2020-02,105.05963366666667,56.475216
KE030,Baringo,2020-03,193.82829566666666,75.070114
KE030,Baringo,2020-04,173.68947266666666,27.030615
KE030,Baringo,2020-05,104.423785,76.25155
KE030,Baringo,2020-06,175.40119166666668,139.88501
KE030,Baringo,2020-07,173.42142333333334,139.61327
KE030,Baringo,2020-08,162.413674,114.919044
KE030,Baringo,2020-09,154.89017833333332,115.98945
KE030,Baringo,2020-10,142.01844833333334,70.97093
KE030,Baringo,2020-11,132.472833,78.445274
KE030,Baringo,2020-12,58.7083815,46.402664
KE030,Baringo,2021-01,98.31013333333334,66.93446
KE030,Baringo,2021-02,96.96545533333334,51.317726
KE030,Baringo,2021-03,51.03861833333334,44.892384
KE030,Baringo,2021-04,70.26115583333333,30.69812
KE030,Baringo,2021-05,152.304307,58.771587
KE030,Baringo,2021-06,77.138229,52.244057
KE030,Baringo,2021-07,90.35552733333333,37.488194
KE030,Baringo,2021-08,84.29241183333333,73.93912
KE030,Baringo,2021-09,169.13246999999998,119.47324
KE030,Baringo,2021-10,107.84697233333334,58.42729
KE030,Baringo,2021-11,54.31207366666666,38.244118
KE030,Baringo,2021-12,70.86532383333333,60.064636
KE030,Baringo,2022-01,112.17785450000001,60.944187
KE030,Baringo,2022-02,115.5275625,55.717995
KE030,Baringo,2022-03,57.81708116666667,38.22832
KE030,Baringo,2022-04,81.69282433333333,26.188469
KE030,Baringo,2022-05,85.81883916666668,50.257637
KE030,Baringo,2022-06,72.36845133333334,55.084167
KE030,Baringo,2022-07,65.06610083333334,49.402245
KE030,Baringo,2022-08,131.97843,70.3542
KE030,Baringo,2022-09,151.01192833333334,107.64563
KE030,Baringo,2022-10,73.23217066666668,30.915714
KE030,Baringo,2022-11,147.04478716666668,60.575573
KE030,Baringo,2022-12,93.56850166666668,82.18942
KE030,Baringo,2023-01,51.895214,37.185814
KE030,Baringo,2023-02,42.42653983333333,33.857033
KE030,Baringo,2023-03,141.59854433333334,45.626526
KE030,Baringo,2023-04,108.07413100000001,30.384974
KE030,Baringo,2023-05,79.17969716666666,58.59052
KE030,Baringo,2023-06,93.83424166666667,65.16147
KE030,Baringo,2023-07,65.8096205,46.281227
KE030,Baringo,2023-08,63.138460333333335,33.138386
KE030,Baringo,2023-09,148.544905,118.09026
KE030,Baringo,2023-10,126.50676583333335,81.63373
KE030,Baringo,2023-11,130.82771933333333,87.690346
KE030,Baringo,2023-12,52.614279833333335,48.596222
KE030,Baringo,2024-01,177.868015,79.73092
KE030,Baringo,2024-02,134.72843766666668,51.417732
KE030,Baringo,2024-03,76.09281066666667,34.817
KE030,Baringo,2024-04,163.62196916666667,114.23257
KE030,Baringo,2024-05,164.98206616666667,51.728607
KE030,Baringo,2024-06,62.64529566666667,53.02366
KE030,Baringo,2024-07,130.1570225,82.95592
KE030,Baringo,2024-08,125.7707835,73.61615
KE030,Baringo,2024-09,77.12211533333333,67.50795
KE030,Baringo,2024-10,97.411969,56.013454
KE030,Baringo,2024-11,170.28871116666667,63.083477
KE030,Baringo,2024-12,49.018971,40.089596
KE030,Baringo,2025-01,102.33493733333334,60.66797
KE030,Baringo,2025-02,47.99451,42.07544
KE030,Baringo,2025-03,166.59995833333332,124.97633
KE030,Baringo,2025-04,113.70793783333335,40.202637
KE030,Baringo,2025-05,124.03132000000001,65.75766
KE030,Baringo,2025-06,100.45683333333334,86.57355
KE030,Baringo,2025-07,129.41713333333334,73.65488
KE030,Baringo,2025-08,117.01343416666667,76.055374
KE030,Baringo,2025-09,176.34244833333332,149.23834
KE030,Baringo,2025-10,179.36668566666665,82.787964
KE030,Baringo,2025-11,59.203120000000006,39.13549
KE030,Baringo,2025-12,107.941299,48.64741
KE030,Baringo,2026-01,53.454726,46.206818
KE030,Baringo,2026-02,291.33466100000004,87.277916
KE030,Baringo,2026-03,235.3023783333333,158.76624
KE030,Baringo,2026-04,107.83309933333334,38.996494
KE030,Baringo,2026-05,177.75048,145.35794
KE036,Bomet,2006-01,67.58122666666667,35.567608
KE036,Bomet,2006-02,86.31531183333334,29.573006
KE036,Bomet,2006-03,130.52731416666668,62.48086
KE036,Bomet,2006-04,117.24781833333334,90.86319
KE036,Bomet,2006-05,119.13212333333333,91.23244
KE036,Bomet,2006-06,80.8763925,55.523335
KE036,Bomet,2006-07,75.429195,58.806793
KE036,Bomet,2006-08,77.65791216666666,39.843998
KE036,Bomet,2006-09,85.23981033333332,72.792206
KE036,Bomet,2006-10,73.71115933333333,36.437244
KE036,Bomet,2006-11,184.23854833333334,95.11992
KE036,Bomet,2006-12,209.0927683333333,93.44854
KE036,Bomet,2007-01,153.55791166666666,73.07245
KE036,Bomet,2007-02,163.43271,90.40712
KE036,Bomet,2007-03,89.535026,34.961582
KE036,Bomet,2007-04,78.7676575,25.464836
KE036,Bomet,2007-05,81.71784616666666,52.794422
KE036,Bomet,2007-06,108.03784999999999,70.285255
KE036,Bomet,2007-07,105.39108966666667,48.29435
KE036,Bomet,2007-08,102.12843733333334,71.51999
KE036,Bomet,2007-09,113.75203933333334,70.99736
KE036,Bomet,2007-10,60.5551125,34.04792
KE036,Bomet,2007-11,64.49928983333334,54.482986
KE036,Bomet,2007-12,74.62483566666667,41.67919
KE036,Bomet,2008-01,59.38157583333333,27.908894
KE036,Bomet,2008-02,87.60183283333333,28.891182
KE036,Bomet,2008-03,121.848947,33.670868
KE036,Bomet,2008-04,74.34601783333333,42.418125
KE036,Bomet,2008-05,62.35401366666667,44.169437
KE036,Bomet,2008-06,85.1048275,40.346
KE036,Bomet,2008-07,95.07685166666666,68.40598
KE036,Bomet,2008-08,93.75565683333333,53.192036
KE036,Bomet,2008-09,91.96223416666668,56.5085
KE036,Bomet,2008-10,116.650106,63.5588
KE036,Bomet,2008-11,92.96975116666665,43.149097
KE036,Bomet,2008-12,54.0343435,50.271904
KE036,Bomet,2009-01,80.16765216666666,25.155357
KE036,Bomet,2009-02,57.08701816666667,25.362534
KE036,Bomet,2009-03,58.9082835,37.960266
KE036,Bomet,2009-04,79.1332065,51.57314
KE036,Bomet,2009-05,109.30121216666667,36.136227
KE036,Bomet,2009-06,51.7572985,39.040276
KE036,Bomet,2009-07,63.580626333333335,46.901882
KE036,Bomet,2009-08,88.33598783333332,39.361736
KE036,Bomet,2009-09,118.87451233333333,90.38132
KE036,Bomet,2009-10,80.572035,46.656532
KE036,Bomet,2009-11,72.11720366666667,38.686935
KE036,Bomet,2009-12,162.28869333333333,77.4838
KE036,Bomet,2010-01,123.87052683333333,33.065273
KE036,Bomet,2010-02,215.17783833333337,82.432
KE036,Bomet,2010-03,125.51987833333334,39.2873
KE036,Bomet,2010-04,105.15008166666667,57.58565
KE036,Bomet,2010-05,131.55272416666665,68.19403
KE036,Bomet,2010-06,97.64716066666666,79.13798
KE036,Bomet,2010-07,86.21022,56.39517
KE036,Bomet,2010-08,101.35020716666666,56.519733
KE036,Bomet,2010-09,111.69549416666666,70.615585
KE036,Bomet,2010-10,114.31235333333332,85.58603
KE036,Bomet,2010-11,74.706276,54.482986
KE036,Bomet,2010-12,91.04506666666667,32.26848
KE036,Bomet,2011-01,71.2338715,36.089138
KE036,Bomet,2011-02,79.1676025,28.414955
KE036,Bomet,2011-03,85.5240825,32.32589
KE036,Bomet,2011-04,53.72201866666666,23.17741
KE036,Bomet,2011-05,104.32904883333333,48.451397
KE036,Bomet,2011-06,90.87628516666666,63.178307
KE036,Bomet,2011-07,108.50663833333333,54.853397
KE036,Bomet,2011-08,137.05546333333334,81.82267
KE036,Bomet,2011-09,130.87700833333335,120.79595
KE036,Bomet,2011-10,137.71542333333335,106.72826
KE036,Bomet,2011-11,132.08487449999998,47.768047
KE036,Bomet,2011-12,120.50184899999999,68.83238
KE036,Bomet,2012-01,32.74908666666666,30.527077
KE036,Bomet,2012-02,61.47873033333334,28.047981
KE036,Bomet,2012-03,77.16132766666666,24.159168
KE036,Bomet,2012-04,154.55758333333333,104.67288
KE036,Bomet,2012-05,93.96359833333334,79.03938
KE036,Bomet,2012-06,143.56811366666668,46.39462
KE036,Bomet,2012-07,126.42554083333334,71.110405
KE036,Bomet,2012-08,115.01550583333334,72.236725
KE036,Bomet,2012-09,144.09432583333333,83.58974
KE036,Bomet,2012-10,126.83212333333334,63.73096
KE036,Bomet,2012-11,114.21955150000001,52.825195
KE036,Bomet,2012-12,126.13089066666667,35.10574
KE036,Bomet,2013-01,80.707591,43.6783
KE036,Bomet,2013-02,77.01254366666667,40.244408
KE036,Bomet,2013-03,129.24657616666667,116.566086
KE036,Bomet,2013-04,162.72481833333333,102.26928
KE036,Bomet,2013-05,71.14209583333333,43.544926
KE036,Bomet,2013-06,95.8640965,54.054462
KE036,Bomet,2013-07,86.9269225,62.131245
KE036,Bomet,2013-08,99.8613315,55.450024
KE036,Bomet,2013-09,124.60028,89.82166
KE036,Bomet,2013-10,87.03323116666667,33.968277
KE036,Bomet,2013-11,94.95359666666667,67.36904
KE036,Bomet,2013-12,127.69750333333333,62.7054
KE036,Bomet,2014-01,66.09151366666667,33.08132
KE036,Bomet,2014-02,171.55035333333333,90.660904
KE036,Bomet,2014-03,98.27541016666667,21.241402
KE036,Bomet,2014-04,48.149708,20.397823
KE036,Bomet,2014-05,84.39681933333334,63.46736
KE036,Bomet,2014-06,98.74787266666665,53.229206
KE036,Bomet,2014-07,101.23141566666668,60.06865
KE036,Bomet,2014-08,151.19737083333334,89.59197
KE036,Bomet,2014-09,99.22368166666666,80.77614
KE036,Bomet,2014-10,99.78771766666667,47.98116
KE036,Bomet,2014-11,79.78385116666666,47.550327
KE036,Bomet,2014-12,78.36516966666666,47.492447
KE036,Bomet,2015-01,29.546883833333336,25.035852
KE036,Bomet,2015-02,57.583363,24.708517
KE036,Bomet,2015-03,54.24863666666666,20.079155
KE036,Bomet,2015-04,147.92992833333332,117.02565
KE036,Bomet,2015-05,141.772535,103.55943
KE036,Bomet,2015-06,135.0711895,60.381447
KE036,Bomet,2015-07,77.33340916666667,60.783493
KE036,Bomet,2015-08,65.198156,28.881628
KE036,Bomet,2015-09,98.05432466666667,63.236958
KE036,Bomet,2015-10,113.61842166666668,60.29337
KE036,Bomet,2015-11,125.09630583333335,72.153145
KE036,Bomet,2015-12,158.05359083333335,61.854195
KE036,Bomet,2016-01,130.85039833333335,74.74199
KE036,Bomet,2016-02,62.7542175,43.625973
KE036,Bomet,2016-03,82.55339383333333,32.731773
KE036,Bomet,2016-04,144.511805,125.15683
KE036,Bomet,2016-05,120.0430175,71.872375
KE036,Bomet,2016-06,92.205243,57.942806
KE036,Bomet,2016-07,98.46624283333334,61.475677
KE036,Bomet,2016-08,69.1247715,44.306244
KE036,Bomet,2016-09,107.72906083333334,57.911194
KE036,Bomet,2016-10,94.45751833333334,44.242386
KE036,Bomet,2016-11,107.28966416666667,81.3141
KE036,Bomet,2016-12,37.06652616666667,25.396772
KE036,Bomet,2017-01,46.16365450000001,24.07983
KE036,Bomet,2017-02,97.85170850000002,48.96836
KE036,Bomet,2017-03,70.69603233333333,35.66515
KE036,Bomet,2017-04,85.47927083333333,32.315876
KE036,Bomet,2017-05,99.749325,67.18286
KE036,Bomet,2017-06,98.149199,52.2417
KE036,Bomet,2017-07,166.24194250000002,127.592255
KE036,Bomet,2017-08,106.66302833333333,71.82716
KE036,Bomet,2017-09,123.50644666666666,85.9259
KE036,Bomet,2017-10,124.60932783333334,62.498127
KE036,Bomet,2017-11,99.17816833333332,63.906525
KE036,Bomet,2017-12,76.86293183333333,31.842903
KE036,Bomet,2018-01,64.64029933333335,44.401394
KE036,Bomet,2018-02,68.3187415,34.977993
KE036,Bomet,2018-03,193.10823916666666,108.297195
KE036,Bomet,2018-04,165.11816233333334,121.842384
KE036,Bomet,2018-05,139.74746966666666,114.274124
KE036,Bomet,2018-06,144.41168833333333,120.93848
KE036,Bomet,2018-07,93.63033083333335,67.05378
KE036,Bomet,2018-08,102.36109433333333,39.361496
KE036,Bomet,2018-09,66.78761216666668,50.93754
KE036,Bomet,2018-10,119.76283516666666,101.764885
KE036,Bomet,2018-11,88.05333300000001,47.566635
KE036,Bomet,2018-12,120.53894116666667,52.502487
KE036,Bomet,2019-01,44.152446499999996,27.937857
KE036,Bomet,2019-02,56.91430283333333,28.029638
KE036,Bomet,2019-03,56.596290333333336,21.133541
KE036,Bomet,2019-04,94.16666933333333,33.559036
KE036,Bomet,2019-05,107.43350083333333,76.95006
KE036,Bomet,2019-06,160.228235,73.69863
KE036,Bomet,2019-07,101.58914666666665,76.90972
KE036,Bomet,2019-08,100.90039000000002,68.189445
KE036,Bomet,2019-09,118.300327,62.678482
KE036,Bomet,2019-10,152.7020075,94.46936
KE036,Bomet,2019-11,179.23848166666667,60.94694
KE036,Bomet,2019-12,262.02442833333333,148.33836
KE036,Bomet,2020-01,200.00384700000004,88.725296
KE036,Bomet,2020-02,132.02971833333334,95.42281
KE036,Bomet,2020-03,214.48406333333332,150.68912
KE036,Bomet,2020-04,140.5967685,48.504444
KE036,Bomet,2020-05,97.42950333333333,65.86134
KE036,Bomet,2020-06,116.42276083333333,87.18705
KE036,Bomet,2020-07,108.52192666666667,74.92842
KE036,Bomet,2020-08,99.66424,62.67841
KE036,Bomet,2020-09,124.790634,86.019
KE036,Bomet,2020-10,180.69627,130.80061
KE036,Bomet,2020-11,223.23569333333333,121.51612
KE036,Bomet,2020-12,81.01218716666666,54.63867
KE036,Bomet,2021-01,110.16589,46.243347
KE036,Bomet,2021-02,158.153985,144.35956
KE036,Bomet,2021-03,87.85860466666668,59.181404
KE036,Bomet,2021-04,129.92792416666666,82.192665
KE036,Bomet,2021-05,112.595039,73.75083
KE036,Bomet,2021-06,96.92236233333334,57.531063
KE036,Bomet,2021-07,103.69894700000002,39.938282
KE036,Bomet,2021-08,153.24369266666667,88.00981
KE036,Bomet,2021-09,151.25386749999998,106.404305
KE036,Bomet,2021-10,96.10227833333333,57.98951
KE036,Bomet,2021-11,88.59616866666666,46.545277
KE036,Bomet,2021-12,82.8400355,48.075905
KE036,Bomet,2022-01,162.729055,67.725685
KE036,Bomet,2022-02,326.141985,247.00797
KE036,Bomet,2022-03,68.30969733333335,21.19502
KE036,Bomet,2022-04,94.28920616666666,36.323215
KE036,Bomet,2022-05,138.64564833333333,60.73793
KE036,Bomet,2022-06,96.8095455,80.00428
KE036,Bomet,2022-07,76.22993583333333,65.056496
KE036,Bomet,2022-08,168.79454333333334,128.9884
KE036,Bomet,2022-09,134.783175,110.29176
KE036,Bomet,2022-10,90.730157,31.16568
KE036,Bomet,2022-11,161.77345316666666,88.732704
KE036,Bomet,2022-12,223.70244416666665,102.08842
KE036,Bomet,2023-01,36.130177833333335,27.425909
KE036,Bomet,2023-02,32.02190816666667,20.979021
KE036,Bomet,2023-03,144.94081500000001,69.38239
KE036,Bomet,2023-04,133.35829333333334,95.82698
KE036,Bomet,2023-05,97.04070666666667,66.39409
KE036,Bomet,2023-06,142.66220033333335,59.698772
KE036,Bomet,2023-07,64.88222866666666,50.98985
KE036,Bomet,2023-08,76.0933175,53.377457
KE036,Bomet,2023-09,192.269575,169.30586
KE036,Bomet,2023-10,129.998185,84.95066
KE036,Bomet,2023-11,172.65401666666665,123.97497
KE036,Bomet,2023-12,126.36131166666667,97.836914
KE036,Bomet,2024-01,306.21955333333335,219.49297
KE036,Bomet,2024-02,156.643555,94.58729
KE036,Bomet,2024-03,88.69230116666667,21.316914
KE036,Bomet,2024-04,127.95146833333332,84.3594
KE036,Bomet,2024-05,112.07824683333332,89.15412
KE036,Bomet,2024-06,72.07834466666667,62.987907
KE036,Bomet,2024-07,154.27510833333335,73.54218
KE036,Bomet,2024-08,80.72829116666666,54.204716
KE036,Bomet,2024-09,106.3361685,85.283745
KE036,Bomet,2024-10,98.0680165,63.348495
KE036,Bomet,2024-11,160.35081683333334,78.08583
KE036,Bomet,2024-12,118.383471,62.175346
KE036,Bomet,2025-01,112.40659866666665,37.165394
KE036,Bomet,2025-02,41.96477083333333,28.629759
KE036,Bomet,2025-03,135.32096916666666,70.50926
KE036,Bomet,2025-04,151.9767858333333,91.756165
KE036,Bomet,2025-05,151.782275,118.45169
KE036,Bomet,2025-06,89.40713816666666,61.02332
KE036,Bomet,2025-07,141.17370166666666,83.291725
KE036,Bomet,2025-08,88.40593033333333,50.079952
KE036,Bomet,2025-09,92.16744166666666,80.69699
KE036,Bomet,2025-10,136.35829833333332,67.94856
KE036,Bomet,2025-11,61.0352675,36.67896
KE036,Bomet,2025-12,112.42604216666666,31.273191
KE036,Bomet,2026-01,37.87891033333333,32.14627
KE036,Bomet,2026-02,247.66036333333332,145.50302
KE036,Bomet,2026-03,213.48919166666667,138.44984
KE036,Bomet,2026-04,87.81417183333333,66.216415
KE036,Bomet,2026-05,192.34854,189.06825
KE039,Bungoma,2006-01,63.1528835,33.893673
KE039,Bungoma,2006-02,147.96898766666666,47.814938
KE039,Bungoma,2006-03,130.44906749999998,88.25112
KE039,Bungoma,2006-04,137.00555649999998,122.45967
KE039,Bungoma,2006-05,78.283725,55.909546
KE039,Bungoma,2006-06,91.19604650000001,52.035133
KE039,Bungoma,2006-07,76.26511183333334,51.831078
KE039,Bungoma,2006-08,88.08715216666667,50.1786
KE039,Bungoma,2006-09,159.72867,117.5959
KE039,Bungoma,2006-10,86.96554816666666,18.558674
KE039,Bungoma,2006-11,201.27336583333332,32.743515
KE039,Bungoma,2006-12,171.50565833333334,77.12122
KE039,Bungoma,2007-01,112.08217816666667,53.335976
KE039,Bungoma,2007-02,195.71168266666666,100.83505
KE039,Bungoma,2007-03,78.07744,24.722258
KE039,Bungoma,2007-04,91.13145566666667,17.080471
KE039,Bungoma,2007-05,98.551425,66.12878
KE039,Bungoma,2007-06,100.37082,70.71314
KE039,Bungoma,2007-07,137.14305233333334,107.512054
KE039,Bungoma,2007-08,136.64275033333334,98.09882
KE039,Bungoma,2007-09,188.61981166666666,159.96896
KE039,Bungoma,2007-10,79.97150066666667,43.239796
KE039,Bungoma,2007-11,56.42660016666667,33.634365
KE039,Bungoma,2007-12,82.02003666666667,28.799456
KE039,Bungoma,2008-01,73.42303233333332,37.39478
KE039,Bungoma,2008-02,85.84115483333333,42.255653
KE039,Bungoma,2008-03,86.85817833333334,52.65843
KE039,Bungoma,2008-04,70.90798483333333,26.07476
KE039,Bungoma,2008-05,96.90947249999999,49.270996
KE039,Bungoma,2008-06,85.215484,31.568369
KE039,Bungoma,2008-07,129.7496075,102.88684
KE039,Bungoma,2008-08,161.59443,134.67824
KE039,Bungoma,2008-09,110.43963233333334,79.592964
KE039,Bungoma,2008-10,105.89829683333333,74.42602
KE039,Bungoma,2008-11,102.02118416666667,24.581497
KE039,Bungoma,2008-12,32.00631333333333,29.670052
KE039,Bungoma,2009-01,101.96333,35.458
KE039,Bungoma,2009-02,47.0072575,30.921352
KE039,Bungoma,2009-03,48.626913333333334,28.80299
KE039,Bungoma,2009-04,140.13977,113.08969
KE039,Bungoma,2009-05,89.84940283333333,39.03655
KE039,Bungoma,2009-06,67.55323033333333,52.29618
KE039,Bungoma,2009-07,73.651109,61.615
KE039,Bungoma,2009-08,84.699999,62.878628
KE039,Bungoma,2009-09,106.44036766666666,82.837296
KE039,Bungoma,2009-10,98.26884150000001,74.97272
KE039,Bungoma,2009-11,82.94902483333334,28.565704
KE039,Bungoma,2009-12,265.37037166666664,128.39969
KE039,Bungoma,2010-01,111.63488266666667,45.866405
KE039,Bungoma,2010-02,281.51989833333334,168.12692
KE039,Bungoma,2010-03,130.32928616666666,54.503525
KE039,Bungoma,2010-04,104.70442683333333,53.025986
KE039,Bungoma,2010-05,130.47685816666666,91.689735
KE039,Bungoma,2010-06,101.67002233333334,90.41365
KE039,Bungoma,2010-07,99.79817866666667,83.875496
KE039,Bungoma,2010-08,83.01463533333333,58.836197
KE039,Bungoma,2010-09,112.90684766666668,54.685146
KE039,Bungoma,2010-10,120.29695,96.24484
KE039,Bungoma,2010-11,62.201003500000006,30.462557
KE039,Bungoma,2010-12,136.26242566666667,49.53658
KE039,Bungoma,2011-01,56.73341283333334,33.343525
KE039,Bungoma,2011-02,66.893242,26.252022
KE039,Bungoma,2011-03,137.52447800000002,54.675728
KE039,Bungoma,2011-04,72.87513033333333,28.886948
KE039,Bungoma,2011-05,94.51991716666667,55.92735
KE039,Bungoma,2011-06,140.01349166666668,126.19617
KE039,Bungoma,2011-07,110.86503833333335,65.25924
KE039,Bungoma,2011-08,151.26960083333333,104.4276
KE039,Bungoma,2011-09,107.22056083333332,94.45617
KE039,Bungoma,2011-10,115.34675066666667,74.133644
KE039,Bungoma,2011-11,173.40003866666666,35.02833
KE039,Bungoma,2011-12,88.63960800000001,32.565273
KE039,Bungoma,2012-01,41.36050216666667,31.312778
KE039,Bungoma,2012-02,52.68476333333333,32.749226
KE039,Bungoma,2012-03,44.792022,18.267437
KE039,Bungoma,2012-04,134.38038166666666,79.838
KE039,Bungoma,2012-05,131.75565666666668,113.23774
KE039,Bungoma,2012-06,120.64591333333333,70.07533
KE039,Bungoma,2012-07,100.913201,74.45522
KE039,Bungoma,2012-08,109.87531266666667,103.71474
KE039,Bungoma,2012-09,189.23402333333334,141.39961
KE039,Bungoma,2012-10,128.61937583333335,81.17028
KE039,Bungoma,2012-11,139.82536083333335,66.5244
KE039,Bungoma,2012-12,168.15877966666667,44.819946
KE039,Bungoma,2013-01,109.50546983333334,37.432693
KE039,Bungoma,2013-02,51.81877766666667,32.108242
KE039,Bungoma,2013-03,148.2734825,86.81337
KE039,Bungoma,2013-04,132.99550766666667,88.879456
KE039,Bungoma,2013-05,87.47290650000001,44.62889
KE039,Bungoma,2013-06,80.77026266666667,69.65657
KE039,Bungoma,2013-07,89.90420283333333,58.937855
KE039,Bungoma,2013-08,114.63845666666667,78.98169
KE039,Bungoma,2013-09,155.41146666666666,103.08013
KE039,Bungoma,2013-10,100.87173283333334,51.77738
KE039,Bungoma,2013-11,96.85768583333333,64.453125
KE039,Bungoma,2013-12,126.19682583333334,47.318615
KE039,Bungoma,2014-01,89.0263575,60.98786
KE039,Bungoma,2014-02,88.83867,71.23348
KE039,Bungoma,2014-03,100.25677166666667,20.486006
KE039,Bungoma,2014-04,59.829286999999994,28.799013
KE039,Bungoma,2014-05,118.38630133333334,70.223404
KE039,Bungoma,2014-06,111.57756549999999,54.117203
KE039,Bungoma,2014-07,111.216475,83.34822
KE039,Bungoma,2014-08,130.60675233333333,82.15682
KE039,Bungoma,2014-09,89.15549583333332,51.27559
KE039,Bungoma,2014-10,149.53611833333335,93.13351
KE039,Bungoma,2014-11,97.25265916666667,67.696465
KE039,Bungoma,2014-12,86.06044066666668,42.192574
KE039,Bungoma,2015-01,37.88861466666667,31.0101
KE039,Bungoma,2015-02,50.19672583333334,28.956085
KE039,Bungoma,2015-03,46.02944033333333,13.064155
KE039,Bungoma,2015-04,119.414359,69.02359
KE039,Bungoma,2015-05,101.72630916666667,68.26873
KE039,Bungoma,2015-06,136.0935145,61.464077
KE039,Bungoma,2015-07,86.61638016666666,51.474606
KE039,Bungoma,2015-08,54.233883,39.693295
KE039,Bungoma,2015-09,103.73159233333332,64.69292
KE039,Bungoma,2015-10,141.55843833333333,48.19465
KE039,Bungoma,2015-11,148.264725,77.86976
KE039,Bungoma,2015-12,160.11771566666667,59.4407
KE039,Bungoma,2016-01,135.0538925,63.818985
KE039,Bungoma,2016-02,50.432952,41.03002
KE039,Bungoma,2016-03,75.53678083333334,32.84222
KE039,Bungoma,2016-04,146.92299333333332,91.27634
KE039,Bungoma,2016-05,95.06795333333332,55.33511
KE039,Bungoma,2016-06,91.54023266666667,54.68361
KE039,Bungoma,2016-07,103.15117833333333,65.66221
KE039,Bungoma,2016-08,63.391555833333335,46.005585
KE039,Bungoma,2016-09,77.08202916666666,40.25403
KE039,Bungoma,2016-10,70.75238966666667,42.76858
KE039,Bungoma,2016-11,72.369388,46.575123
KE039,Bungoma,2016-12,33.38083966666667,23.601921
KE039,Bungoma,2017-01,102.30637366666667,36.654194
KE039,Bungoma,2017-02,172.424408,46.586174
KE039,Bungoma,2017-03,71.92385316666667,46.78044
KE039,Bungoma,2017-04,73.72669916666666,48.036625
KE039,Bungoma,2017-05,120.64469483333333,91.774574
KE039,Bungoma,2017-06,94.46186266666666,73.375046
KE039,Bungoma,2017-07,146.57889416666666,103.18068
KE039,Bungoma,2017-08,117.7447815,100.697395
KE039,Bungoma,2017-09,122.33889833333335,109.64413
KE039,Bungoma,2017-10,113.06356699999999,62.853462
KE039,Bungoma,2017-11,91.39109866666666,39.2229
KE039,Bungoma,2017-12,36.6309755,24.198359
KE039,Bungoma,2018-01,53.882571500000005,47.627007
KE039,Bungoma,2018-02,79.725876,35.099903
KE039,Bungoma,2018-03,166.27555666666666,41.962185
KE039,Bungoma,2018-04,161.26198,119.88914
KE039,Bungoma,2018-05,140.57328666666666,128.33301
KE039,Bungoma,2018-06,125.24621833333333,97.08462
KE039,Bungoma,2018-07,114.38038483333334,56.80628
KE039,Bungoma,2018-08,75.881348,38.908463
KE039,Bungoma,2018-09,66.742421,45.291336
KE039,Bungoma,2018-10,78.57297949999999,40.87985
KE039,Bungoma,2018-11,57.968518499999995,16.189428
KE039,Bungoma,2018-12,100.09201166666666,28.812397
KE039,Bungoma,2019-01,60.182694999999995,43.726566
KE039,Bungoma,2019-02,72.84259800000001,32.856075
KE039,Bungoma,2019-03,83.90229266666667,16.58896
KE039,Bungoma,2019-04,73.747387,27.97609
KE039,Bungoma,2019-05,91.4387175,61.02674
KE039,Bungoma,2019-06,109.05744916666667,64.6565
KE039,Bungoma,2019-07,109.3842375,67.07914
KE039,Bungoma,2019-08,126.10608,100.75717
KE039,Bungoma,2019-09,123.72877166666667,95.23851
KE039,Bungoma,2019-10,171.66256166666668,125.61693
KE039,Bungoma,2019-11,148.50425833333335,76.75326
KE039,Bungoma,2019-12,263.33787333333333,87.78528
KE039,Bungoma,2020-01,157.24047183333332,48.19606
KE039,Bungoma,2020-02,99.30049366666667,50.78439
KE039,Bungoma,2020-03,225.83170166666665,169.0455
KE039,Bungoma,2020-04,108.9817425,21.385687
KE039,Bungoma,2020-05,100.14478416666667,83.36221
KE039,Bungoma,2020-06,146.82367166666666,114.34277
KE039,Bungoma,2020-07,140.671086,104.86198
KE039,Bungoma,2020-08,170.33705999999998,93.78513
KE039,Bungoma,2020-09,146.77422333333334,121.82677
KE039,Bungoma,2020-10,139.90499583333334,103.45982
KE039,Bungoma,2020-11,194.68221333333335,133.51526
KE039,Bungoma,2020-12,47.091537499999994,36.439205
KE039,Bungoma,2021-01,100.04494283333334,45.462486
KE039,Bungoma,2021-02,115.45107900000001,87.79443
KE039,Bungoma,2021-03,64.42097916666667,37.66816
KE039,Bungoma,2021-04,128.34911666666667,76.41217
KE039,Bungoma,2021-05,109.08829200000001,44.383095
KE039,Bungoma,2021-06,88.19815933333332,53.98815
KE039,Bungoma,2021-07,78.48392,30.722454
KE039,Bungoma,2021-08,108.2887615,92.86479
KE039,Bungoma,2021-09,130.35519583333334,112.598465
KE039,Bungoma,2021-10,91.24095666666666,51.14872
KE039,Bungoma,2021-11,64.91818583333333,34.954746
KE039,Bungoma,2021-12,50.936727999999995,26.344957
KE039,Bungoma,2022-01,131.349151,46.259277
KE039,Bungoma,2022-02,169.67077366666666,55.674522
KE039,Bungoma,2022-03,77.74142766666667,19.025206
KE039,Bungoma,2022-04,79.15969716666667,26.360273
KE039,Bungoma,2022-05,97.875221,54.836456
KE039,Bungoma,2022-06,70.14206283333334,58.624535
KE039,Bungoma,2022-07,99.82268916666668,77.56838
KE039,Bungoma,2022-08,167.01702666666668,106.22985
KE039,Bungoma,2022-09,114.27987333333334,85.34571
KE039,Bungoma,2022-10,80.37464116666668,31.626957
KE039,Bungoma,2022-11,116.75117,86.36564
KE039,Bungoma,2022-12,109.54849733333333,74.04723
KE039,Bungoma,2023-01,45.130881666666674,34.31871
KE039,Bungoma,2023-02,46.20857483333333,29.453897
KE039,Bungoma,2023-03,142.40512166666667,63.96508
KE039,Bungoma,2023-04,82.59251833333333,28.74394
KE039,Bungoma,2023-05,98.41549416666668,90.535675
KE039,Bungoma,2023-06,127.97857599999999,98.95715
KE039,Bungoma,2023-07,92.30186333333334,52.02005
KE039,Bungoma,2023-08,95.02953633333334,55.451603
KE039,Bungoma,2023-09,133.80145833333333,119.18392
KE039,Bungoma,2023-10,103.29102433333333,58.777756
KE039,Bungoma,2023-11,85.80910866666666,34.955948
KE039,Bungoma,2023-12,92.54527999999999,61.89786
KE039,Bungoma,2024-01,241.39675333333332,211.68608
KE039,Bungoma,2024-02,186.605905,129.41649
KE039,Bungoma,2024-03,89.0164405,19.889967
KE039,Bungoma,2024-04,108.32170599999999,85.538795
KE039,Bungoma,2024-05,102.040182,54.623676
KE039,Bungoma,2024-06,65.80341166666666,48.43369
KE039,Bungoma,2024-07,129.006199,98.69096
KE039,Bungoma,2024-08,106.51408666666667,68.583374
KE039,Bungoma,2024-09,123.17024083333332,82.18913
KE039,Bungoma,2024-10,91.2154635,55.198174
KE039,Bungoma,2024-11,195.4370865,93.983925
KE039,Bungoma,2024-12,53.08422166666667,25.705517
KE039,Bungoma,2025-01,114.25944333333332,65.71041
KE039,Bungoma,2025-02,48.10156583333333,29.533524
KE039,Bungoma,2025-03,145.575987,69.666336
KE039,Bungoma,2025-04,89.03965966666665,66.27384
KE039,Bungoma,2025-05,134.38574166666666,87.64993
KE039,Bungoma,2025-06,105.29666766666666,84.11503
KE039,Bungoma,2025-07,199.61612333333332,116.59651
KE039,Bungoma,2025-08,84.68652216666668,63.796814
KE039,Bungoma,2025-09,104.44581799999999,90.404884
KE039,Bungoma,2025-10,146.115404,101.488304
KE039,Bungoma,2025-11,48.7193885,18.410421
KE039,Bungoma,2025-12,148.18665966666666,36.817272
KE039,Bungoma,2026-01,48.248062,42.16224
KE039,Bungoma,2026-02,405.51183166666664,251.2045
KE039,Bungoma,2026-03,222.62733666666668,120.67093
KE039,Bungoma,2026-04,75.3942035,35.65583
KE039,Bungoma,2026-05,131.64323,129.32822
KE040,Busia,2006-01,70.6049705,31.825119
KE040,Busia,2006-02,125.67655366666668,32.07889
KE040,Busia,2006-03,138.04026166666668,106.8872
KE040,Busia,2006-04,134.15535833333334,105.44454
KE040,Busia,2006-05,99.65495783333334,61.481792
KE040,Busia,2006-06,108.284619,80.59307
KE040,Busia,2006-07,85.91041716666666,49.65015
KE040,Busia,2006-08,79.32649433333334,44.243282
KE040,Busia,2006-09,134.18332666666666,93.35432
KE040,Busia,2006-10,86.02450066666665,18.811018
KE040,Busia,2006-11,230.82900933333335,64.385506
KE040,Busia,2006-12,250.54619499999998,145.49654
KE040,Busia,2007-01,96.51066333333334,50.630875
KE040,Busia,2007-02,187.51599,76.25479
KE040,Busia,2007-03,112.22247233333333,38.940186
KE040,Busia,2007-04,67.59488466666666,14.358547
KE040,Busia,2007-05,105.73193716666667,59.430843
KE040,Busia,2007-06,84.17022883333334,53.40961
KE040,Busia,2007-07,164.93876,133.34001
KE040,Busia,2007-08,132.11498166666667,87.36619
KE040,Busia,2007-09,137.2403125,94.56009
KE040,Busia,2007-10,92.7415045,53.640358
KE040,Busia,2007-11,85.20709016666667,46.30959
KE040,Busia,2007-12,83.28750616666666,28.892017
KE040,Busia,2008-01,83.986288,32.451923
KE040,Busia,2008-02,89.85574533333333,39.11754
KE040,Busia,2008-03,86.43590683333333,38.651676
KE040,Busia,2008-04,75.43018166666667,26.407242
KE040,Busia,2008-05,103.60506666666667,74.03862
KE040,Busia,2008-06,85.97542299999999,31.845924
KE040,Busia,2008-07,150.053672,117.939606
KE040,Busia,2008-08,142.66727,104.96765
KE040,Busia,2008-09,106.49806,79.40023
KE040,Busia,2008-10,116.62415233333333,106.83388
KE040,Busia,2008-11,75.81858583333333,12.81591
KE040,Busia,2008-12,39.75867866666667,31.922543
KE040,Busia,2009-01,121.77171733333334,29.447115
KE040,Busia,2009-02,69.42691566666667,24.51682
KE040,Busia,2009-03,59.414643500000004,39.938156
KE040,Busia,2009-04,131.19748766666666,97.95621
KE040,Busia,2009-05,81.55732483333334,42.57381
KE040,Busia,2009-06,60.5932675,42.56345
KE040,Busia,2009-07,63.55054116666667,58.85172
KE040,Busia,2009-08,78.330223,51.61778
KE040,Busia,2009-09,122.86516566666667,104.36647
KE040,Busia,2009-10,77.62686766666667,60.867226
KE040,Busia,2009-11,96.51326133333333,58.952393
KE040,Busia,2009-12,204.545534,123.877144
KE040,Busia,2010-01,114.07964683333334,37.226357
KE040,Busia,2010-02,208.17709666666667,100.09068
KE040,Busia,2010-03,127.81562983333333,94.977585
KE040,Busia,2010-04,102.51034550000001,59.806473
KE040,Busia,2010-05,113.44605733333333,90.15235
KE040,Busia,2010-06,108.79994666666666,84.27504
KE040,Busia,2010-07,85.03770733333333,71.79567
KE040,Busia,2010-08,89.48760600000001,63.13435
KE040,Busia,2010-09,104.86667683333333,47.25059
KE040,Busia,2010-10,110.581486,91.57662
KE040,Busia,2010-11,62.3184,37.562107
KE040,Busia,2010-12,96.06348366666667,29.378462
KE040,Busia,2011-01,53.96139300000001,36.438187
KE040,Busia,2011-02,54.7905565,20.763811
KE040,Busia,2011-03,116.26765383333333,56.041653
KE040,Busia,2011-04,73.51165733333333,36.021896
KE040,Busia,2011-05,97.83492633333333,73.52316
KE040,Busia,2011-06,119.5981325,100.78169
KE040,Busia,2011-07,95.3685375,62.78907
KE040,Busia,2011-08,156.71279666666666,98.73763
KE040,Busia,2011-09,92.88953099999999,76.94423
KE040,Busia,2011-10,122.93842916666667,104.08766
KE040,Busia,2011-11,155.18214916666668,38.65518
KE040,Busia,2011-12,87.27782583333334,28.210602
KE040,Busia,2012-01,33.26616933333333,30.635925
KE040,Busia,2012-02,52.50629716666666,23.464067
KE040,Busia,2012-03,50.906949166666664,16.448387
KE040,Busia,2012-04,109.57221416666668,66.350365
KE040,Busia,2012-05,108.01632666666667,84.049355
KE040,Busia,2012-06,125.3015585,54.062366
KE040,Busia,2012-07,110.57139066666667,80.03404
KE040,Busia,2012-08,107.30036483333333,101.252785
KE040,Busia,2012-09,158.687449,113.118614
KE040,Busia,2012-10,123.88265833333332,96.35685
KE040,Busia,2012-11,144.08998666666665,87.77557
KE040,Busia,2012-12,187.25390833333336,85.80565
KE040,Busia,2013-01,88.65505833333333,37.46121
KE040,Busia,2013-02,71.72310783333333,32.93623
KE040,Busia,2013-03,125.36662416666667,61.4227
KE040,Busia,2013-04,116.97932083333335,98.55541
KE040,Busia,2013-05,77.29324466666667,56.44852
KE040,Busia,2013-06,78.0515485,65.62536
KE040,Busia,2013-07,85.31599633333333,44.569027
KE040,Busia,2013-08,104.97349833333332,64.37715
KE040,Busia,2013-09,145.094345,92.65778
KE040,Busia,2013-10,91.28412766666666,47.535686
KE040,Busia,2013-11,69.62085033333334,46.794224
KE040,Busia,2013-12,104.508156,81.774635
KE040,Busia,2014-01,100.17536633333333,47.560684
KE040,Busia,2014-02,114.41154,74.52405
KE040,Busia,2014-03,87.6847085,22.049173
KE040,Busia,2014-04,73.5072085,30.219048
KE040,Busia,2014-05,120.02229733333333,84.85621
KE040,Busia,2014-06,116.03504116666666,41.39588
KE040,Busia,2014-07,118.265829,85.40209
KE040,Busia,2014-08,133.44202066666665,118.0662
KE040,Busia,2014-09,96.3142625,62.158615
KE040,Busia,2014-10,137.07510933333333,118.230736
KE040,Busia,2014-11,94.96410483333334,67.836815
KE040,Busia,2014-12,81.752504,69.106415
KE040,Busia,2015-01,30.265209166666665,25.558393
KE040,Busia,2015-02,53.93939683333334,24.030832
KE040,Busia,2015-03,56.04388683333334,11.147744
KE040,Busia,2015-04,124.499866,80.85141
KE040,Busia,2015-05,109.04069833333334,80.96048
KE040,Busia,2015-06,153.5718916666667,75.52034
KE040,Busia,2015-07,90.62886633333333,58.328175
KE040,Busia,2015-08,56.79672033333333,39.24247
KE040,Busia,2015-09,114.21236,93.97094
KE040,Busia,2015-10,150.651375,67.71969
KE040,Busia,2015-11,169.04980666666668,90.14517
KE040,Busia,2015-12,165.17387666666664,66.58357
KE040,Busia,2016-01,136.1091935,70.159935
KE040,Busia,2016-02,47.69970166666667,35.63308
KE040,Busia,2016-03,66.114176,21.639738
KE040,Busia,2016-04,152.34953833333336,90.80261
KE040,Busia,2016-05,94.60025983333333,58.784073
KE040,Busia,2016-06,100.46300016666667,60.995304
KE040,Busia,2016-07,86.797446,48.308254
KE040,Busia,2016-08,69.42476616666666,38.583336
KE040,Busia,2016-09,77.87330816666666,54.567234
KE040,Busia,2016-10,55.9098155,37.436035
KE040,Busia,2016-11,83.819594,63.213303
KE040,Busia,2016-12,31.627736,22.865635
KE040,Busia,2017-01,94.4244645,25.891766
KE040,Busia,2017-02,259.15458716666666,54.420883
KE040,Busia,2017-03,66.41466016666666,33.861233
KE040,Busia,2017-04,87.36385933333334,56.751823
KE040,Busia,2017-05,134.25809733333332,91.912994
KE040,Busia,2017-06,90.391234,73.766884
KE040,Busia,2017-07,127.9964,81.56672
KE040,Busia,2017-08,125.63617233333332,112.803734
KE040,Busia,2017-09,115.84780833333333,104.22231
KE040,Busia,2017-10,92.32403316666667,71.38684
KE040,Busia,2017-11,101.21968766666667,58.82743
KE040,Busia,2017-12,31.291404,26.575205
KE040,Busia,2018-01,48.19512716666666,37.01923
KE040,Busia,2018-02,103.40877616666667,29.24507
KE040,Busia,2018-03,155.48174216666666,61.822563
KE040,Busia,2018-04,126.61451633333333,100.117134
KE040,Busia,2018-05,121.49020533333334,108.74812
KE040,Busia,2018-06,108.7310215,77.49554
KE040,Busia,2018-07,90.38205,75.63672
KE040,Busia,2018-08,80.78633333333333,52.75085
KE040,Busia,2018-09,66.08236966666668,50.537323
KE040,Busia,2018-10,92.65798133333334,44.877728
KE040,Busia,2018-11,69.41634366666666,16.283024
KE040,Busia,2018-12,143.84127383333333,46.472538
KE040,Busia,2019-01,45.19944916666666,30.76923
KE040,Busia,2019-02,122.63077600000001,28.111538
KE040,Busia,2019-03,98.1907665,13.341334
KE040,Busia,2019-04,86.47921033333334,36.801765
KE040,Busia,2019-05,101.69868833333334,78.84877
KE040,Busia,2019-06,112.39611916666667,90.274605
KE040,Busia,2019-07,123.808251,60.453396
KE040,Busia,2019-08,111.0732225,92.916855
KE040,Busia,2019-09,112.34274749999999,88.68363
KE040,Busia,2019-10,210.75801333333334,144.36447
KE040,Busia,2019-11,154.33090083333335,69.38934
KE040,Busia,2019-12,246.13647666666665,135.37039
KE040,Busia,2020-01,177.15811433333332,56.658356
KE040,Busia,2020-02,118.70522433333333,67.465996
KE040,Busia,2020-03,219.87952499999997,205.35944
KE040,Busia,2020-04,110.35066683333334,31.713661
KE040,Busia,2020-05,95.64822066666666,74.59396
KE040,Busia,2020-06,148.62246000000002,108.93053
KE040,Busia,2020-07,135.35600666666667,106.91227
KE040,Busia,2020-08,146.3333,78.18526
KE040,Busia,2020-09,154.71105,126.39283
KE040,Busia,2020-10,150.995485,135.24553
KE040,Busia,2020-11,254.80556166666668,173.41566
KE040,Busia,2020-12,59.88813483333333,43.702255
KE040,Busia,2021-01,111.109866,46.882256
KE040,Busia,2021-02,115.11179733333334,36.49966
KE040,Busia,2021-03,69.70773166666667,46.059364
KE040,Busia,2021-04,149.83959166666668,96.22194
KE040,Busia,2021-05,109.83471616666667,40.710487
KE040,Busia,2021-06,92.62455716666666,58.343983
KE040,Busia,2021-07,76.851665,35.50167
KE040,Busia,2021-08,112.66957716666667,92.19824
KE040,Busia,2021-09,127.557795,111.96631
KE040,Busia,2021-10,93.60621083333332,56.909275
KE040,Busia,2021-11,62.855819999999994,33.015526
KE040,Busia,2021-12,58.97992933333333,29.334229
KE040,Busia,2022-01,157.9810775,48.55769
KE040,Busia,2022-02,230.9638633333333,83.78467
KE040,Busia,2022-03,84.3156525,19.818007
KE040,Busia,2022-04,80.12280833333334,29.34138
KE040,Busia,2022-05,95.15287683333332,44.745182
KE040,Busia,2022-06,76.17571266666667,56.98146
KE040,Busia,2022-07,81.71606083333333,69.77859
KE040,Busia,2022-08,159.06413266666667,86.23946
KE040,Busia,2022-09,119.82185566666668,82.34098
KE040,Busia,2022-10,65.14952733333332,37.24408
KE040,Busia,2022-11,110.151771,88.53006
KE040,Busia,2022-12,142.214629,118.774864
KE040,Busia,2023-01,44.101052333333335,38.1262
KE040,Busia,2023-02,44.854609,21.583467
KE040,Busia,2023-03,130.45046083333332,61.028965
KE040,Busia,2023-04,117.51422533333334,61.419582
KE040,Busia,2023-05,98.72267483333333,91.280334
KE040,Busia,2023-06,139.10250333333332,107.02506
KE040,Busia,2023-07,80.42999516666667,48.06885
KE040,Busia,2023-08,102.08306,61.53775
KE040,Busia,2023-09,127.85384833333335,105.45131
KE040,Busia,2023-10,145.24415416666668,91.51751
KE040,Busia,2023-11,127.316754,106.42819
KE040,Busia,2023-12,99.143604,79.37497
KE040,Busia,2024-01,228.21265833333337,178.46426
KE040,Busia,2024-02,215.31048833333332,141.4556
KE040,Busia,2024-03,89.09093483333334,12.404598
KE040,Busia,2024-04,123.35338583333333,78.937675
KE040,Busia,2024-05,95.26070416666666,84.151825
KE040,Busia,2024-06,70.3213235,50.3848
KE040,Busia,2024-07,110.64209849999999,91.869576
KE040,Busia,2024-08,106.77245749999999,71.17882
KE040,Busia,2024-09,115.5182875,104.140816
KE040,Busia,2024-10,99.678576,67.98842
KE040,Busia,2024-11,202.27206666666666,89.22719
KE040,Busia,2024-12,67.4222685,48.89038
KE040,Busia,2025-01,120.98052216666666,54.30767
KE040,Busia,2025-02,44.135494333333334,21.223347
KE040,Busia,2025-03,115.80475683333333,53.079105
KE040,Busia,2025-04,95.36478033333333,52.373253
KE040,Busia,2025-05,140.6055625,111.20555
KE040,Busia,2025-06,109.79703783333333,68.638916
KE040,Busia,2025-07,193.91137,72.97789
KE040,Busia,2025-08,80.6499405,59.623493
KE040,Busia,2025-09,101.69655266666666,84.08365
KE040,Busia,2025-10,130.87268333333336,71.72996
KE040,Busia,2025-11,44.760165,17.165838
KE040,Busia,2025-12,168.12817033333334,27.896276
KE040,Busia,2026-01,42.124958666666664,40.121174
KE040,Busia,2026-02,469.01417999999995,355.20947
KE040,Busia,2026-03,186.46982,136.73224
KE040,Busia,2026-04,85.28660533333334,54.187912
KE040,Busia,2026-05,111.85104000000001,110.084625
KE028,Elgeyo-Marakwet,2006-01,73.22109633333334,49.70949
KE028,Elgeyo-Marakwet,2006-02,101.9440055,40.790653
KE028,Elgeyo-Marakwet,2006-03,120.72145083333334,62.844234
KE028,Elgeyo-Marakwet,2006-04,121.0969175,75.70478
KE028,Elgeyo-Marakwet,2006-05,83.28393966666667,57.44278
KE028,Elgeyo-Marakwet,2006-06,89.37972666666667,46.29581
KE028,Elgeyo-Marakwet,2006-07,75.30994833333334,67.45916
KE028,Elgeyo-Marakwet,2006-08,130.04832766666667,54.84776
KE028,Elgeyo-Marakwet,2006-09,108.621915,70.59845
KE028,Elgeyo-Marakwet,2006-10,106.48897966666668,34.590183
KE028,Elgeyo-Marakwet,2006-11,250.22012499999997,52.38708
KE028,Elgeyo-Marakwet,2006-12,183.0805475,44.09266
KE028,Elgeyo-Marakwet,2007-01,141.566609,88.59352
KE028,Elgeyo-Marakwet,2007-02,236.23357333333334,126.19339
KE028,Elgeyo-Marakwet,2007-03,87.16377266666666,32.48982
KE028,Elgeyo-Marakwet,2007-04,117.1756145,22.807663
KE028,Elgeyo-Marakwet,2007-05,122.914376,39.24252
KE028,Elgeyo-Marakwet,2007-06,153.613335,106.22366
KE028,Elgeyo-Marakwet,2007-07,115.08826499999999,54.96241
KE028,Elgeyo-Marakwet,2007-08,127.11007666666666,80.55985
KE028,Elgeyo-Marakwet,2007-09,240.03859166666666,172.39703
KE028,Elgeyo-Marakwet,2007-10,58.80476483333333,41.853615
KE028,Elgeyo-Marakwet,2007-11,47.4167425,33.356834
KE028,Elgeyo-Marakwet,2007-12,63.757883,36.44121
KE028,Elgeyo-Marakwet,2008-01,71.77809766666667,50.45916
KE028,Elgeyo-Marakwet,2008-02,86.25535450000001,38.005424
KE028,Elgeyo-Marakwet,2008-03,115.81391883333333,43.98316
KE028,Elgeyo-Marakwet,2008-04,51.97829483333334,41.46991
KE028,Elgeyo-Marakwet,2008-05,63.66486533333333,23.683306
KE028,Elgeyo-Marakwet,2008-06,73.673495,41.54124
KE028,Elgeyo-Marakwet,2008-07,107.53967733333333,99.3493
KE028,Elgeyo-Marakwet,2008-08,110.49918100000001,86.868706
KE028,Elgeyo-Marakwet,2008-09,116.61209766666667,65.82523
KE028,Elgeyo-Marakwet,2008-10,156.85359000000003,64.40581
KE028,Elgeyo-Marakwet,2008-11,132.2917695,33.260704
KE028,Elgeyo-Marakwet,2008-12,44.75808116666667,32.45075
KE028,Elgeyo-Marakwet,2009-01,76.60428166666667,31.461176
KE028,Elgeyo-Marakwet,2009-02,44.132251,32.88528
KE028,Elgeyo-Marakwet,2009-03,43.04168416666667,24.756823
KE028,Elgeyo-Marakwet,2009-04,92.89233566666667,47.05682
KE028,Elgeyo-Marakwet,2009-05,108.221115,37.691658
KE028,Elgeyo-Marakwet,2009-06,59.939034,38.103386
KE028,Elgeyo-Marakwet,2009-07,72.1866605,39.211388
KE028,Elgeyo-Marakwet,2009-08,57.687271333333335,45.0174
KE028,Elgeyo-Marakwet,2009-09,73.86405133333334,61.106747
KE028,Elgeyo-Marakwet,2009-10,85.26800616666667,54.39928
KE028,Elgeyo-Marakwet,2009-11,76.03836933333334,38.78813
KE028,Elgeyo-Marakwet,2009-12,264.05435666666665,126.96069
KE028,Elgeyo-Marakwet,2010-01,143.32062616666667,40.54571
KE028,Elgeyo-Marakwet,2010-02,283.781585,125.71188
KE028,Elgeyo-Marakwet,2010-03,161.29987933333334,52.36305
KE028,Elgeyo-Marakwet,2010-04,95.39650733333333,38.918606
KE028,Elgeyo-Marakwet,2010-05,156.8313,91.21115
KE028,Elgeyo-Marakwet,2010-06,92.02663916666666,63.892235
KE028,Elgeyo-Marakwet,2010-07,103.53895299999999,48.990932
KE028,Elgeyo-Marakwet,2010-08,112.34445533333333,65.27964
KE028,Elgeyo-Marakwet,2010-09,114.59382433333333,65.970116
KE028,Elgeyo-Marakwet,2010-10,113.15160083333332,89.07127
KE028,Elgeyo-Marakwet,2010-11,49.818822000000004,37.057808
KE028,Elgeyo-Marakwet,2010-12,69.60652116666667,41.051785
KE028,Elgeyo-Marakwet,2011-01,56.580871,41.101788
KE028,Elgeyo-Marakwet,2011-02,60.26363733333333,40.069614
KE028,Elgeyo-Marakwet,2011-03,126.66341083333333,58.68031
KE028,Elgeyo-Marakwet,2011-04,49.81945516666667,27.110386
KE028,Elgeyo-Marakwet,2011-05,79.76001533333333,35.422752
KE028,Elgeyo-Marakwet,2011-06,118.54258499999999,80.35111
KE028,Elgeyo-Marakwet,2011-07,106.42813333333334,67.81224
KE028,Elgeyo-Marakwet,2011-08,164.56883166666668,126.59491
KE028,Elgeyo-Marakwet,2011-09,133.41059333333334,89.76496
KE028,Elgeyo-Marakwet,2011-10,104.88746866666668,42.819645
KE028,Elgeyo-Marakwet,2011-11,254.6063596666667,55.437218
KE028,Elgeyo-Marakwet,2011-12,113.59353749999998,33.806
KE028,Elgeyo-Marakwet,2012-01,44.22189933333333,31.461176
KE028,Elgeyo-Marakwet,2012-02,57.70145349999999,37.30592
KE028,Elgeyo-Marakwet,2012-03,59.112518666666666,26.045073
KE028,Elgeyo-Marakwet,2012-04,160.23831166666665,87.54401
KE028,Elgeyo-Marakwet,2012-05,187.9508066666667,134.89958
KE028,Elgeyo-Marakwet,2012-06,106.11564950000002,56.957657
KE028,Elgeyo-Marakwet,2012-07,110.48044599999999,67.33276
KE028,Elgeyo-Marakwet,2012-08,117.61912333333333,91.18507
KE028,Elgeyo-Marakwet,2012-09,178.51150266666664,111.196686
KE028,Elgeyo-Marakwet,2012-10,140.40157433333334,102.459076
KE028,Elgeyo-Marakwet,2012-11,90.99246216666667,44.123302
KE028,Elgeyo-Marakwet,2012-12,148.01983833333333,56.34558
KE028,Elgeyo-Marakwet,2013-01,121.217938,56.70661
KE028,Elgeyo-Marakwet,2013-02,60.60394616666667,31.699253
KE028,Elgeyo-Marakwet,2013-03,129.337695,55.367775
KE028,Elgeyo-Marakwet,2013-04,165.33206583333333,97.15044
KE028,Elgeyo-Marakwet,2013-05,98.97257616666667,35.55215
KE028,Elgeyo-Marakwet,2013-06,106.65996266666667,54.861526
KE028,Elgeyo-Marakwet,2013-07,109.20970066666666,63.870834
KE028,Elgeyo-Marakwet,2013-08,127.47940866666666,72.899994
KE028,Elgeyo-Marakwet,2013-09,152.28289166666667,125.71996
KE028,Elgeyo-Marakwet,2013-10,109.13317733333334,47.491665
KE028,Elgeyo-Marakwet,2013-11,111.559085,63.301075
KE028,Elgeyo-Marakwet,2013-12,143.1873785,37.118835
KE028,Elgeyo-Marakwet,2014-01,64.03940333333334,49.17151
KE028,Elgeyo-Marakwet,2014-02,96.7668135,46.732338
KE028,Elgeyo-Marakwet,2014-03,102.42385916666666,34.07859
KE028,Elgeyo-Marakwet,2014-04,38.14134766666667,19.215094
KE028,Elgeyo-Marakwet,2014-05,73.96734333333333,60.00503
KE028,Elgeyo-Marakwet,2014-06,79.39942883333333,54.071342
KE028,Elgeyo-Marakwet,2014-07,82.49369883333333,60.543907
KE028,Elgeyo-Marakwet,2014-08,119.34451666666666,68.68377
KE028,Elgeyo-Marakwet,2014-09,78.52884833333333,42.58455
KE028,Elgeyo-Marakwet,2014-10,146.76435666666666,77.68357
KE028,Elgeyo-Marakwet,2014-11,95.62753400000001,37.39895
KE028,Elgeyo-Marakwet,2014-12,83.81171166666667,55.80896
KE028,Elgeyo-Marakwet,2015-01,46.366864166666666,34.234352
KE028,Elgeyo-Marakwet,2015-02,55.81815016666667,34.484154
KE028,Elgeyo-Marakwet,2015-03,38.541920833333336,27.725399
KE028,Elgeyo-Marakwet,2015-04,119.178703,51.867313
KE028,Elgeyo-Marakwet,2015-05,83.63360416666667,49.110264
KE028,Elgeyo-Marakwet,2015-06,106.80993166666667,53.11183
KE028,Elgeyo-Marakwet,2015-07,75.51590683333333,57.367825
KE028,Elgeyo-Marakwet,2015-08,42.680742,23.865383
KE028,Elgeyo-Marakwet,2015-09,82.56831983333333,55.88717
KE028,Elgeyo-Marakwet,2015-10,91.12069583333334,54.19637
KE028,Elgeyo-Marakwet,2015-11,135.71799000000001,66.28108
KE028,Elgeyo-Marakwet,2015-12,141.19762899999998,44.27155
KE028,Elgeyo-Marakwet,2016-01,128.5048828333333,50.355072
KE028,Elgeyo-Marakwet,2016-02,52.233062499999996,40.54054
KE028,Elgeyo-Marakwet,2016-03,75.30498133333334,28.2295
KE028,Elgeyo-Marakwet,2016-04,144.90137266666667,108.15273
KE028,Elgeyo-Marakwet,2016-05,126.24169633333332,49.151764
KE028,Elgeyo-Marakwet,2016-06,109.67362833333334,62.891865
KE028,Elgeyo-Marakwet,2016-07,102.102301,74.09181
KE028,Elgeyo-Marakwet,2016-08,54.12964983333333,40.89475
KE028,Elgeyo-Marakwet,2016-09,81.48196266666666,42.416264
KE028,Elgeyo-Marakwet,2016-10,81.43451666666667,52.063053
KE028,Elgeyo-Marakwet,2016-11,61.1849985,37.9876
KE028,Elgeyo-Marakwet,2016-12,39.01192416666667,28.3097
KE028,Elgeyo-Marakwet,2017-01,98.22195599999999,40.832584
KE028,Elgeyo-Marakwet,2017-02,134.14897583333334,54.793404
KE028,Elgeyo-Marakwet,2017-03,49.781193,35.230354
KE028,Elgeyo-Marakwet,2017-04,46.190899,26.691422
KE028,Elgeyo-Marakwet,2017-05,102.60578083333333,87.34377
KE028,Elgeyo-Marakwet,2017-06,70.19349383333333,54.094963
KE028,Elgeyo-Marakwet,2017-07,204.64006000000003,152.83546
KE028,Elgeyo-Marakwet,2017-08,126.4789315,81.26365
KE028,Elgeyo-Marakwet,2017-09,166.284075,142.92453
KE028,Elgeyo-Marakwet,2017-10,171.53355683333334,51.624195
KE028,Elgeyo-Marakwet,2017-11,90.98430283333333,46.643387
KE028,Elgeyo-Marakwet,2017-12,53.829291500000004,38.699963
KE028,Elgeyo-Marakwet,2018-01,50.99872266666667,35.38187
KE028,Elgeyo-Marakwet,2018-02,58.89392433333334,40.42536
KE028,Elgeyo-Marakwet,2018-03,181.12002200000003,44.35709
KE028,Elgeyo-Marakwet,2018-04,219.93279500000003,167.88348
KE028,Elgeyo-Marakwet,2018-05,188.00755833333332,162.96983
KE028,Elgeyo-Marakwet,2018-06,192.38329833333333,150.19357
KE028,Elgeyo-Marakwet,2018-07,101.03995033333332,46.15866
KE028,Elgeyo-Marakwet,2018-08,95.15870566666666,37.529186
KE028,Elgeyo-Marakwet,2018-09,58.54450549999999,45.84238
KE028,Elgeyo-Marakwet,2018-10,77.26308433333334,47.49587
KE028,Elgeyo-Marakwet,2018-11,39.977303,27.637144
KE028,Elgeyo-Marakwet,2018-12,136.264695,38.17292
KE028,Elgeyo-Marakwet,2019-01,66.54075016666667,48.741123
KE028,Elgeyo-Marakwet,2019-02,59.05171933333333,36.658997
KE028,Elgeyo-Marakwet,2019-03,63.51450283333333,32.99042
KE028,Elgeyo-Marakwet,2019-04,65.10903683333333,23.683077
KE028,Elgeyo-Marakwet,2019-05,59.515480000000004,39.44347
KE028,Elgeyo-Marakwet,2019-06,161.74654416666667,81.088875
KE028,Elgeyo-Marakwet,2019-07,111.76067666666667,66.53896
KE028,Elgeyo-Marakwet,2019-08,134.94664833333334,90.27435
KE028,Elgeyo-Marakwet,2019-09,124.67790433333334,83.108696
KE028,Elgeyo-Marakwet,2019-10,185.491635,136.55255
KE028,Elgeyo-Marakwet,2019-11,146.80388633333334,54.166515
KE028,Elgeyo-Marakwet,2019-12,229.95251299999998,72.730034
KE028,Elgeyo-Marakwet,2020-01,140.29136733333334,54.374092
KE028,Elgeyo-Marakwet,2020-02,96.41068283333334,47.233578
KE028,Elgeyo-Marakwet,2020-03,201.21835166666665,88.72128
KE028,Elgeyo-Marakwet,2020-04,157.68655616666666,24.566414
KE028,Elgeyo-Marakwet,2020-05,95.33548666666667,60.94654
KE028,Elgeyo-Marakwet,2020-06,191.01509833333333,144.48708
KE028,Elgeyo-Marakwet,2020-07,187.90127733333335,112.685844
KE028,Elgeyo-Marakwet,2020-08,183.84468,144.78119
KE028,Elgeyo-Marakwet,2020-09,167.70110666666667,114.78047
KE028,Elgeyo-Marakwet,2020-10,133.11300833333334,52.37251
KE028,Elgeyo-Marakwet,2020-11,143.05142266666667,93.83363
KE028,Elgeyo-Marakwet,2020-12,61.79449116666667,42.012802
KE028,Elgeyo-Marakwet,2021-01,96.85911800000001,50.989418
KE028,Elgeyo-Marakwet,2021-02,94.60652583333332,65.1372
KE028,Elgeyo-Marakwet,2021-03,49.517908,38.92758
KE028,Elgeyo-Marakwet,2021-04,70.07008499999999,30.60645
KE028,Elgeyo-Marakwet,2021-05,142.54875833333332,48.775043
KE028,Elgeyo-Marakwet,2021-06,83.25089083333333,48.85695
KE028,Elgeyo-Marakwet,2021-07,87.32944266666665,42.121735
KE028,Elgeyo-Marakwet,2021-08,84.19593666666667,76.54733
KE028,Elgeyo-Marakwet,2021-09,151.53258566666668,107.89136
KE028,Elgeyo-Marakwet,2021-10,114.18361716666668,60.881943
KE028,Elgeyo-Marakwet,2021-11,49.93210366666667,32.377308
KE028,Elgeyo-Marakwet,2021-12,61.71548533333333,46.8634
KE028,Elgeyo-Marakwet,2022-01,123.92321400000002,57.854034
KE028,Elgeyo-Marakwet,2022-02,82.35088900000001,47.365864
KE028,Elgeyo-Marakwet,2022-03,62.375372666666664,35.298103
KE028,Elgeyo-Marakwet,2022-04,72.97756650000001,28.655449
KE028,Elgeyo-Marakwet,2022-05,76.61503900000001,42.79845
KE028,Elgeyo-Marakwet,2022-06,74.91965666666667,52.01384
KE028,Elgeyo-Marakwet,2022-07,80.21258533333334,62.098537
KE028,Elgeyo-Marakwet,2022-08,161.598015,86.37554
KE028,Elgeyo-Marakwet,2022-09,124.19428433333333,101.68874
KE028,Elgeyo-Marakwet,2022-10,82.49845516666667,23.240065
KE028,Elgeyo-Marakwet,2022-11,123.98399450000001,47.064663
KE028,Elgeyo-Marakwet,2022-12,106.37114833333334,66.06844
KE028,Elgeyo-Marakwet,2023-01,46.95392066666667,34.13872
KE028,Elgeyo-Marakwet,2023-02,40.037451833333336,34.179127
KE028,Elgeyo-Marakwet,2023-03,132.13455816666666,54.247974
KE028,Elgeyo-Marakwet,2023-04,101.42145016666666,22.58202
KE028,Elgeyo-Marakwet,2023-05,78.16042266666666,58.811474
KE028,Elgeyo-Marakwet,2023-06,99.15374333333334,65.83389
KE028,Elgeyo-Marakwet,2023-07,76.0200345,46.688282
KE028,Elgeyo-Marakwet,2023-08,78.98852966666666,35.59583
KE028,Elgeyo-Marakwet,2023-09,144.52996,85.95553
KE028,Elgeyo-Marakwet,2023-10,124.40712666666667,90.22214
KE028,Elgeyo-Marakwet,2023-11,100.21477599999999,63.62101
KE028,Elgeyo-Marakwet,2023-12,54.912060833333335,49.36882
KE028,Elgeyo-Marakwet,2024-01,159.64579666666666,71.22875
KE028,Elgeyo-Marakwet,2024-02,140.17038399999998,63.829784
KE028,Elgeyo-Marakwet,2024-03,80.66469116666667,40.94397
KE028,Elgeyo-Marakwet,2024-04,156.29520666666667,95.98629
KE028,Elgeyo-Marakwet,2024-05,145.50001783333335,46.098103
KE028,Elgeyo-Marakwet,2024-06,66.81585616666666,61.29591
KE028,Elgeyo-Marakwet,2024-07,139.3449016666667,106.99397
KE028,Elgeyo-Marakwet,2024-08,126.31081766666667,65.274826
KE028,Elgeyo-Marakwet,2024-09,94.15960566666666,73.38113
KE028,Elgeyo-Marakwet,2024-10,86.52299316666667,49.689857
KE028,Elgeyo-Marakwet,2024-11,163.46371583333334,62.97136
KE028,Elgeyo-Marakwet,2024-12,40.30641483333333,33.79215
KE028,Elgeyo-Marakwet,2025-01,101.22712166666668,67.0343
KE028,Elgeyo-Marakwet,2025-02,45.0886695,40.91958
KE028,Elgeyo-Marakwet,2025-03,146.98314666666667,108.12268
KE028,Elgeyo-Marakwet,2025-04,98.86627399999999,35.288055
KE028,Elgeyo-Marakwet,2025-05,117.19147166666669,47.88111
KE028,Elgeyo-Marakwet,2025-06,109.71029600000001,92.09964
KE028,Elgeyo-Marakwet,2025-07,158.41597833333333,91.32801
KE028,Elgeyo-Marakwet,2025-08,122.65827333333334,90.93115
KE028,Elgeyo-Marakwet,2025-09,145.47805666666667,129.09949
KE028,Elgeyo-Marakwet,2025-10,197.12623333333332,109.89647
KE028,Elgeyo-Marakwet,2025-11,53.11382183333333,32.49167
KE028,Elgeyo-Marakwet,2025-12,102.02422733333333,46.325745
KE028,Elgeyo-Marakwet,2026-01,49.737649833333336,40.456207
KE028,Elgeyo-Marakwet,2026-02,309.0051408333333,91.93117
KE028,Elgeyo-Marakwet,2026-03,236.65340333333333,118.13594
KE028,Elgeyo-Marakwet,2026-04,90.13040083333334,32.878857
KE028,Elgeyo-Marakwet,2026-05,167.28241,160.42793
KE014,Embu,2006-01,66.0182445,55.07967
KE014,Embu,2006-02,100.30169833333333,53.971905
KE014,Embu,2006-03,121.33807266666666,68.70497
KE014,Embu,2006-04,96.01046649999999,55.978065
KE014,Embu,2006-05,117.13890466666668,62.909824
KE014,Embu,2006-06,90.640511,66.214806
KE014,Embu,2006-07,83.824815,78.72196
KE014,Embu,2006-08,93.79908266666666,78.39722
KE014,Embu,2006-09,133.58838166666666,108.81369
KE014,Embu,2006-10,135.09036583333332,77.81624
KE014,Embu,2006-11,167.90751916666667,107.29311
KE014,Embu,2006-12,279.13691066666667,106.41961
KE014,Embu,2007-01,107.9793525,72.59234
KE014,Embu,2007-02,93.25190500000001,67.0336
KE014,Embu,2007-03,73.3800035,47.558308
KE014,Embu,2007-04,87.71008266666666,39.371372
KE014,Embu,2007-05,112.78765316666666,72.72211
KE014,Embu,2007-06,97.67670600000001,84.862976
KE014,Embu,2007-07,126.35327916666665,92.45592
KE014,Embu,2007-08,110.00145666666667,76.37168
KE014,Embu,2007-09,104.069295,94.54685
KE014,Embu,2007-10,136.4472565,75.27494
KE014,Embu,2007-11,72.82518033333334,41.810593
KE014,Embu,2007-12,66.71185633333333,55.748524
KE014,Embu,2008-01,148.059527,45.1546
KE014,Embu,2008-02,71.511787,54.464798
KE014,Embu,2008-03,125.15455466666667,63.275738
KE014,Embu,2008-04,82.291202,40.599167
KE014,Embu,2008-05,35.37683666666667,23.373178
KE014,Embu,2008-06,81.02019416666667,61.001045
KE014,Embu,2008-07,105.9643785,80.907425
KE014,Embu,2008-08,76.988658,67.46912
KE014,Embu,2008-09,90.01668316666667,77.83868
KE014,Embu,2008-10,138.07862833333334,51.4935
KE014,Embu,2008-11,65.74966166666667,42.769073
KE014,Embu,2008-12,39.98355133333333,26.808552
KE014,Embu,2009-01,106.58627916666667,67.44628
KE014,Embu,2009-02,84.3469035,60.379528
KE014,Embu,2009-03,67.78772566666667,52.068146
KE014,Embu,2009-04,61.101774666666664,49.03004
KE014,Embu,2009-05,83.81619416666666,50.041454
KE014,Embu,2009-06,82.02412333333334,68.10997
KE014,Embu,2009-07,67.32895316666666,56.90007
KE014,Embu,2009-08,72.36916216666667,57.728863
KE014,Embu,2009-09,74.91670599999999,59.05302
KE014,Embu,2009-10,124.19849266666667,70.19394
KE014,Embu,2009-11,72.79311266666666,44.02654
KE014,Embu,2009-12,99.17632266666665,43.00736
KE014,Embu,2010-01,93.16325583333332,62.09511
KE014,Embu,2010-02,222.51773400000002,92.127174
KE014,Embu,2010-03,174.49162249999998,77.14773
KE014,Embu,2010-04,96.37645216666668,45.784683
KE014,Embu,2010-05,107.27051,62.47818
KE014,Embu,2010-06,87.18134400000001,66.99687
KE014,Embu,2010-07,106.37149166666666,86.618546
KE014,Embu,2010-08,105.25597499999999,89.32531
KE014,Embu,2010-09,77.04315916666667,62.51108
KE014,Embu,2010-10,77.05348566666667,34.132236
KE014,Embu,2010-11,79.33592116666667,52.215378
KE014,Embu,2010-12,45.99913483333333,42.33628
KE014,Embu,2011-01,62.997607833333326,46.711655
KE014,Embu,2011-02,98.8949625,62.28695
KE014,Embu,2011-03,64.70389883333333,43.519215
KE014,Embu,2011-04,68.5271075,33.229702
KE014,Embu,2011-05,107.68648333333334,65.40186
KE014,Embu,2011-06,100.11263650000001,80.55266
KE014,Embu,2011-07,82.82095916666667,74.959145
KE014,Embu,2011-08,126.44652766666667,87.62645
KE014,Embu,2011-09,134.5892825,102.313995
KE014,Embu,2011-10,148.57033116666665,52.309387
KE014,Embu,2011-11,134.338539,117.940834
KE014,Embu,2011-12,81.36501933333334,32.754948
KE014,Embu,2012-01,49.77179533333333,45.834328
KE014,Embu,2012-02,80.30818583333333,59.75434
KE014,Embu,2012-03,40.8325135,22.102457
KE014,Embu,2012-04,131.468952,62.010162
KE014,Embu,2012-05,123.08571833333333,82.6098
KE014,Embu,2012-06,110.00402816666667,82.781784
KE014,Embu,2012-07,103.201003,88.05324
KE014,Embu,2012-08,109.70621166666666,92.43841
KE014,Embu,2012-09,90.92099183333333,65.437126
KE014,Embu,2012-10,152.48317466666666,43.77427
KE014,Embu,2012-11,97.57919266666666,61.953056
KE014,Embu,2012-12,133.20077233333333,68.115814
KE014,Embu,2013-01,78.7968895,62.727077
KE014,Embu,2013-02,63.468196666666664,49.535854
KE014,Embu,2013-03,120.71791150000001,57.2613
KE014,Embu,2013-04,138.3130615,49.367393
KE014,Embu,2013-05,43.25262566666667,27.51736
KE014,Embu,2013-06,97.95011749999999,69.86444
KE014,Embu,2013-07,96.57476766666667,73.29261
KE014,Embu,2013-08,95.79141,81.253555
KE014,Embu,2013-09,108.64321833333334,87.31707
KE014,Embu,2013-10,53.07590483333333,29.685158
KE014,Embu,2013-11,75.20174016666667,34.120186
KE014,Embu,2013-12,82.97833366666667,41.077206
KE014,Embu,2014-01,47.522108833333334,43.59754
KE014,Embu,2014-02,149.89957166666667,70.34397
KE014,Embu,2014-03,148.27825366666667,39.430782
KE014,Embu,2014-04,72.55577666666666,45.782055
KE014,Embu,2014-05,61.27566816666666,47.022636
KE014,Embu,2014-06,140.281325,124.37675
KE014,Embu,2014-07,90.62037566666667,76.07071
KE014,Embu,2014-08,161.633955,74.23427
KE014,Embu,2014-09,112.18246083333334,72.35325
KE014,Embu,2014-10,85.42696066666667,48.546696
KE014,Embu,2014-11,82.63845433333334,44.150116
KE014,Embu,2014-12,84.17934133333333,59.064068
KE014,Embu,2015-01,57.570706333333334,52.272564
KE014,Embu,2015-02,87.63523583333334,61.97707
KE014,Embu,2015-03,60.52620783333333,38.437885
KE014,Embu,2015-04,145.44516083333335,113.800095
KE014,Embu,2015-05,84.03874,74.65187
KE014,Embu,2015-06,82.15013666666667,72.090416
KE014,Embu,2015-07,112.82074583333333,97.4847
KE014,Embu,2015-08,88.37797916666666,62.705166
KE014,Embu,2015-09,72.66874066666666,58.521015
KE014,Embu,2015-10,107.20187416666666,74.79503
KE014,Embu,2015-11,134.40450516666667,111.152306
KE014,Embu,2015-12,130.952164,47.603874
KE014,Embu,2016-01,126.440455,100.7637
KE014,Embu,2016-02,93.95209416666667,66.78715
KE014,Embu,2016-03,68.22139283333333,26.488546
KE014,Embu,2016-04,113.97244,84.59009
KE014,Embu,2016-05,71.48469,44.00011
KE014,Embu,2016-06,97.13823083333334,93.59887
KE014,Embu,2016-07,79.38750833333334,71.689896
KE014,Embu,2016-08,92.19210916666667,81.67896
KE014,Embu,2016-09,94.10082433333334,81.94897
KE014,Embu,2016-10,43.8688305,22.678236
KE014,Embu,2016-11,118.6361725,67.627075
KE014,Embu,2016-12,47.536509833333334,32.899975
KE014,Embu,2017-01,48.68603933333333,42.707794
KE014,Embu,2017-02,111.71237433333333,85.737526
KE014,Embu,2017-03,38.422227666666664,28.861359
KE014,Embu,2017-04,65.56408983333334,45.042515
KE014,Embu,2017-05,77.35391016666667,54.1566
KE014,Embu,2017-06,76.42004166666666,57.872784
KE014,Embu,2017-07,91.51581733333335,76.82728
KE014,Embu,2017-08,107.42780816666668,96.26851
KE014,Embu,2017-09,105.30040166666667,75.36585
KE014,Embu,2017-10,101.34600866666666,50.761772
KE014,Embu,2017-11,102.85251,41.018124
KE014,Embu,2017-12,33.288134500000005,29.15048
KE014,Embu,2018-01,50.67939783333333,41.81805
KE014,Embu,2018-02,64.30952166666667,53.232563
KE014,Embu,2018-03,239.66574016666667,121.864525
KE014,Embu,2018-04,202.40707833333332,130.96506
KE014,Embu,2018-05,175.6150233333333,104.04302
KE014,Embu,2018-06,174.74846233333335,120.29599
KE014,Embu,2018-07,134.5338866666667,96.25503
KE014,Embu,2018-08,81.17320166666667,60.49441
KE014,Embu,2018-09,137.517664,97.744354
KE014,Embu,2018-10,54.28123883333333,42.63243
KE014,Embu,2018-11,70.659732,63.370716
KE014,Embu,2018-12,185.71358166666667,43.17566
KE014,Embu,2019-01,106.60928100000001,71.556786
KE014,Embu,2019-02,97.8036575,73.0331
KE014,Embu,2019-03,35.623477333333334,22.491653
KE014,Embu,2019-04,71.31778833333334,24.965214
KE014,Embu,2019-05,101.39006466666666,71.34753
KE014,Embu,2019-06,121.26936333333333,94.87057
KE014,Embu,2019-07,84.69613916666667,74.959145
KE014,Embu,2019-08,90.94747833333334,76.734245
KE014,Embu,2019-09,129.059729,109.649124
KE014,Embu,2019-10,339.97028166666666,212.25488
KE014,Embu,2019-11,163.950344,93.001564
KE014,Embu,2019-12,247.17596,84.02539
KE014,Embu,2020-01,214.6304733333333,142.0845
KE014,Embu,2020-02,200.63869666666665,84.22724
KE014,Embu,2020-03,159.06663,56.096375
KE014,Embu,2020-04,190.14935066666666,68.26517
KE014,Embu,2020-05,123.44283233333334,87.91782
KE014,Embu,2020-06,132.50697333333332,105.70825
KE014,Embu,2020-07,109.35114333333333,91.457756
KE014,Embu,2020-08,121.55424666666666,93.59048
KE014,Embu,2020-09,129.96332833333335,94.27985
KE014,Embu,2020-10,68.62369816666667,58.931774
KE014,Embu,2020-11,91.59052533333333,30.133108
KE014,Embu,2020-12,84.77347416666667,55.029343
KE014,Embu,2021-01,90.16624250000001,58.72523
KE014,Embu,2021-02,135.32917,74.42702
KE014,Embu,2021-03,67.07365133333333,52.013992
KE014,Embu,2021-04,91.780028,57.556553
KE014,Embu,2021-05,148.3623475,83.79796
KE014,Embu,2021-06,74.47104083333333,57.35141
KE014,Embu,2021-07,108.61942166666667,102.04718
KE014,Embu,2021-08,86.138305,68.065796
KE014,Embu,2021-09,88.16263,73.15127
KE014,Embu,2021-10,65.61684983333333,49.59133
KE014,Embu,2021-11,66.60755583333334,30.102438
KE014,Embu,2021-12,193.74430833333335,87.37792
KE014,Embu,2022-01,87.64204633333333,51.382816
KE014,Embu,2022-02,92.46887883333333,60.75979
KE014,Embu,2022-03,51.52150783333334,29.447556
KE014,Embu,2022-04,83.47504049999999,29.39479
KE014,Embu,2022-05,43.05744033333334,21.383972
KE014,Embu,2022-06,77.80200066666667,63.086544
KE014,Embu,2022-07,105.268959,88.715164
KE014,Embu,2022-08,114.48751166666666,86.42058
KE014,Embu,2022-09,95.76632,73.15127
KE014,Embu,2022-10,47.230174833333336,29.181087
KE014,Embu,2022-11,99.62362999999999,78.83247
KE014,Embu,2022-12,71.50293,46.533184
KE014,Embu,2023-01,79.65760083333333,71.81229
KE014,Embu,2023-02,58.9489045,47.56428
KE014,Embu,2023-03,99.70505783333333,43.321793
KE014,Embu,2023-04,141.59237,100.47328
KE014,Embu,2023-05,59.66902916666667,43.80821
KE014,Embu,2023-06,122.32809066666668,103.06672
KE014,Embu,2023-07,112.17940266666666,97.61034
KE014,Embu,2023-08,91.45472816666667,76.25911
KE014,Embu,2023-09,100.86990433333334,90.97561
KE014,Embu,2023-10,117.77358816666667,87.65208
KE014,Embu,2023-11,182.99935566666667,122.894
KE014,Embu,2023-12,75.74797600000001,32.863216
KE014,Embu,2024-01,141.25396,71.37742
KE014,Embu,2024-02,231.83843000000002,107.92705
KE014,Embu,2024-03,52.627691666666664,29.93429
KE014,Embu,2024-04,195.43785833333334,92.12922
KE014,Embu,2024-05,163.107166,88.09934
KE014,Embu,2024-06,84.23464916666667,53.701775
KE014,Embu,2024-07,108.4483125,82.80082
KE014,Embu,2024-08,99.64931833333333,89.80045
KE014,Embu,2024-09,79.0290615,62.245075
KE014,Embu,2024-10,50.55685883333334,34.528427
KE014,Embu,2024-11,120.83349416666668,74.78012
KE014,Embu,2024-12,84.23162933333333,38.965332
KE014,Embu,2025-01,92.32726416666667,50.34352
KE014,Embu,2025-02,63.75597533333333,53.232563
KE014,Embu,2025-03,186.27546066666665,80.440834
KE014,Embu,2025-04,115.7090925,74.01661
KE014,Embu,2025-05,92.42587066666665,62.809967
KE014,Embu,2025-06,102.13013333333333,82.11679
KE014,Embu,2025-07,88.35183433333333,63.018356
KE014,Embu,2025-08,117.95242,107.62905
KE014,Embu,2025-09,96.171094,78.47136
KE014,Embu,2025-10,132.5479361666667,45.655697
KE014,Embu,2025-11,39.6364025,34.94137
KE014,Embu,2025-12,132.28618983333334,50.544655
KE014,Embu,2026-01,48.254115500000005,39.816124
KE014,Embu,2026-02,348.65586733333333,80.66837
KE014,Embu,2026-03,227.12394833333335,174.4116
KE014,Embu,2026-04,103.94466733333333,35.873188
KE014,Embu,2026-05,155.599355,142.1714
KE007,Garissa,2006-01,82.21283733333333,65.97869
KE007,Garissa,2006-02,99.22927433333332,91.9253
KE007,Garissa,2006-03,86.35015716666668,40.529453
KE007,Garissa,2006-04,118.60385733333334,56.07031
KE007,Garissa,2006-05,104.759563,46.834103
KE007,Garissa,2006-06,114.319519,84.28442
KE007,Garissa,2006-07,103.31001166666665,77.73749
KE007,Garissa,2006-08,112.16459066666668,96.63863
KE007,Garissa,2006-09,140.84671166666666,102.52491
KE007,Garissa,2006-10,124.70339,79.29348
KE007,Garissa,2006-11,186.80868166666667,146.07155
KE007,Garissa,2006-12,142.52225833333333,35.44265
KE007,Garissa,2007-01,87.00643383333333,75.40399
KE007,Garissa,2007-02,100.73401766666666,89.49065
KE007,Garissa,2007-03,71.359289,37.710045
KE007,Garissa,2007-04,65.14916516666666,24.26255
KE007,Garissa,2007-05,168.359134,95.197754
KE007,Garissa,2007-06,89.11806266666667,65.89685
KE007,Garissa,2007-07,81.91342583333333,56.97172
KE007,Garissa,2007-08,117.10409,93.57988
KE007,Garissa,2007-09,200.19278999999997,99.38438
KE007,Garissa,2007-10,68.71536066666667,37.318436
KE007,Garissa,2007-11,91.965936,29.043194
KE007,Garissa,2007-12,67.98776366666667,51.414986
KE007,Garissa,2008-01,155.64552266666666,73.08555
KE007,Garissa,2008-02,94.8356625,90.35769
KE007,Garissa,2008-03,127.15814733333333,61.13928
KE007,Garissa,2008-04,99.53774516666665,36.972626
KE007,Garissa,2008-05,121.41823433333333,54.279526
KE007,Garissa,2008-06,97.12070166666666,88.66668
KE007,Garissa,2008-07,82.22159166666667,64.99196
KE007,Garissa,2008-08,95.24164833333333,89.37445
KE007,Garissa,2008-09,82.12479833333333,65.27278
KE007,Garissa,2008-10,61.760640333333335,32.908203
KE007,Garissa,2008-11,95.13862216666666,26.23013
KE007,Garissa,2008-12,39.780198000000006,23.751707
KE007,Garissa,2009-01,97.97661699999999,74.351204
KE007,Garissa,2009-02,92.84680733333333,88.70682
KE007,Garissa,2009-03,48.62833466666667,34.049767
KE007,Garissa,2009-04,60.151801999999996,37.332912
KE007,Garissa,2009-05,88.98589833333334,39.68446
KE007,Garissa,2009-06,105.11280166666667,83.7438
KE007,Garissa,2009-07,85.76129666666667,72.11515
KE007,Garissa,2009-08,92.78786500000001,78.011505
KE007,Garissa,2009-09,82.33158433333334,58.95287
KE007,Garissa,2009-10,277.86548666666664,104.07556
KE007,Garissa,2009-11,39.31703016666666,21.488213
KE007,Garissa,2009-12,121.16364750000001,68.414825
KE007,Garissa,2010-01,80.22684266666667,69.28876
KE007,Garissa,2010-02,101.53041516666667,93.01195
KE007,Garissa,2010-03,202.77203666666665,126.53698
KE007,Garissa,2010-04,110.13712683333334,59.673416
KE007,Garissa,2010-05,126.20722883333333,55.134743
KE007,Garissa,2010-06,107.47120716666666,90.436714
KE007,Garissa,2010-07,135.88278833333334,90.76397
KE007,Garissa,2010-08,106.07580716666666,97.055885
KE007,Garissa,2010-09,93.21000500000001,71.65193
KE007,Garissa,2010-10,52.222410833333335,30.706161
KE007,Garissa,2010-11,65.9583575,49.28587
KE007,Garissa,2010-12,61.22310133333334,39.070408
KE007,Garissa,2011-01,87.86647816666668,74.00306
KE007,Garissa,2011-02,93.160236,87.73549
KE007,Garissa,2011-03,56.21167483333334,33.08075
KE007,Garissa,2011-04,78.89251966666667,31.435888
KE007,Garissa,2011-05,74.193061,51.33646
KE007,Garissa,2011-06,76.25718483333334,54.190193
KE007,Garissa,2011-07,92.74911083333332,62.05461
KE007,Garissa,2011-08,114.29378233333334,94.39701
KE007,Garissa,2011-09,122.23902433333335,95.286705
KE007,Garissa,2011-10,206.6375641666667,85.94381
KE007,Garissa,2011-11,127.82475066666666,89.450134
KE007,Garissa,2011-12,91.14674133333334,48.827015
KE007,Garissa,2012-01,78.47558,65.36675
KE007,Garissa,2012-02,97.33041266666667,92.7032
KE007,Garissa,2012-03,51.056100166666674,30.434292
KE007,Garissa,2012-04,48.350988,34.864456
KE007,Garissa,2012-05,79.85303850000001,35.032322
KE007,Garissa,2012-06,80.15229316666667,53.748806
KE007,Garissa,2012-07,78.63809400000001,54.558
KE007,Garissa,2012-08,97.65423500000001,86.959145
KE007,Garissa,2012-09,94.23766283333333,61.421577
KE007,Garissa,2012-10,105.62372066666667,23.494698
KE007,Garissa,2012-11,95.9730645,46.519703
KE007,Garissa,2012-12,131.80739183333333,61.268967
KE007,Garissa,2013-01,91.75193433333334,74.935326
KE007,Garissa,2013-02,96.65647150000001,89.734024
KE007,Garissa,2013-03,190.28775499999998,91.57993
KE007,Garissa,2013-04,104.5476895,50.311577
KE007,Garissa,2013-05,98.36054916666667,54.327305
KE007,Garissa,2013-06,77.07724,53.46138
KE007,Garissa,2013-07,92.25160699999999,63.063526
KE007,Garissa,2013-08,91.19088266666667,82.94742
KE007,Garissa,2013-09,108.51726833333333,78.4304
KE007,Garissa,2013-10,76.45855633333333,23.053482
KE007,Garissa,2013-11,70.90403283333333,34.13922
KE007,Garissa,2013-12,76.0183305,46.257103
KE007,Garissa,2014-01,79.65583249999999,68.69528
KE007,Garissa,2014-02,97.8174015,89.77071
KE007,Garissa,2014-03,106.19348583333334,57.436665
KE007,Garissa,2014-04,114.04142933333333,65.69022
KE007,Garissa,2014-05,124.62631749999998,73.84055
KE007,Garissa,2014-06,95.93226533333332,73.76296
KE007,Garissa,2014-07,88.9328095,63.599907
KE007,Garissa,2014-08,98.427096,85.10221
KE007,Garissa,2014-09,85.64825633333334,54.904182
KE007,Garissa,2014-10,58.463835499999995,32.6568
KE007,Garissa,2014-11,111.962561,54.01892
KE007,Garissa,2014-12,79.565884,47.349163
KE007,Garissa,2015-01,82.197259,70.54046
KE007,Garissa,2015-02,95.20104166666665,89.58728
KE007,Garissa,2015-03,111.40006233333334,48.819153
KE007,Garissa,2015-04,131.98280333333332,75.53761
KE007,Garissa,2015-05,93.301878,56.795788
KE007,Garissa,2015-06,86.563191,55.29035
KE007,Garissa,2015-07,91.971571,82.624146
KE007,Garissa,2015-08,103.89751733333333,95.44648
KE007,Garissa,2015-09,96.27411083333334,73.86389
KE007,Garissa,2015-10,91.95362216666666,44.176647
KE007,Garissa,2015-11,150.74128166666665,104.09224
KE007,Garissa,2015-12,89.54520916666667,50.42612
KE007,Garissa,2016-01,101.02548933333334,78.35665
KE007,Garissa,2016-02,111.12305250000001,98.27566
KE007,Garissa,2016-03,63.29829633333333,29.572672
KE007,Garissa,2016-04,90.132257,52.493332
KE007,Garissa,2016-05,82.05503433333332,39.822853
KE007,Garissa,2016-06,86.179013,66.36177
KE007,Garissa,2016-07,83.86512950000001,51.556797
KE007,Garissa,2016-08,93.31559933333334,80.44335
KE007,Garissa,2016-09,86.47718533333334,58.854122
KE007,Garissa,2016-10,41.946836,21.743628
KE007,Garissa,2016-11,98.07866033333335,50.944458
KE007,Garissa,2016-12,67.10016816666666,31.479534
KE007,Garissa,2017-01,97.92439333333334,82.99077
KE007,Garissa,2017-02,101.52506716666666,91.825134
KE007,Garissa,2017-03,52.40812616666667,30.120579
KE007,Garissa,2017-04,101.4191525,64.88502
KE007,Garissa,2017-05,120.26034483333332,64.28014
KE007,Garissa,2017-06,106.64473666666667,80.25124
KE007,Garissa,2017-07,80.79745666666666,57.916786
KE007,Garissa,2017-08,105.06961416666667,91.91985
KE007,Garissa,2017-09,104.75898416666666,67.72174
KE007,Garissa,2017-10,76.14555283333334,34.02708
KE007,Garissa,2017-11,89.83495416666666,34.070465
KE007,Garissa,2017-12,34.8598335,22.644402
KE007,Garissa,2018-01,82.88178333333333,68.349976
KE007,Garissa,2018-02,100.74885433333334,94.649956
KE007,Garissa,2018-03,261.49379833333336,122.56181
KE007,Garissa,2018-04,154.8203425,86.808495
KE007,Garissa,2018-05,144.58732733333335,82.6678
KE007,Garissa,2018-06,149.42124,91.27491
KE007,Garissa,2018-07,108.2523575,104.11799
KE007,Garissa,2018-08,100.17414000000001,84.28362
KE007,Garissa,2018-09,99.78022983333334,74.81188
KE007,Garissa,2018-10,92.75698599999998,54.021145
KE007,Garissa,2018-11,43.45599133333334,25.459295
KE007,Garissa,2018-12,186.55611666666667,81.97613
KE007,Garissa,2019-01,114.1698655,96.694305
KE007,Garissa,2019-02,114.62735316666665,100.20981
KE007,Garissa,2019-03,49.358092,34.65683
KE007,Garissa,2019-04,77.14388683333333,27.254633
KE007,Garissa,2019-05,90.36705733333334,68.71567
KE007,Garissa,2019-06,75.32232433333333,50.5533
KE007,Garissa,2019-07,130.3251465,90.342514
KE007,Garissa,2019-08,107.27162333333332,90.98313
KE007,Garissa,2019-09,128.98579766666668,69.36096
KE007,Garissa,2019-10,256.748225,148.77217
KE007,Garissa,2019-11,202.627505,53.43361
KE007,Garissa,2019-12,153.54634,106.03034
KE007,Garissa,2020-01,261.5770166666667,201.76477
KE007,Garissa,2020-02,115.71867333333334,96.8651
KE007,Garissa,2020-03,136.7757225,74.348625
KE007,Garissa,2020-04,166.65148266666668,66.59816
KE007,Garissa,2020-05,80.67207416666666,68.34805
KE007,Garissa,2020-06,90.93914333333333,56.95644
KE007,Garissa,2020-07,220.75805833333334,182.06754
KE007,Garissa,2020-08,101.62587833333333,84.32435
KE007,Garissa,2020-09,87.49300916666668,68.94622
KE007,Garissa,2020-10,61.99919166666666,33.248585
KE007,Garissa,2020-11,61.9640805,32.292637
KE007,Garissa,2020-12,82.36334116666667,30.944761
KE007,Garissa,2021-01,88.17631633333333,79.10365
KE007,Garissa,2021-02,96.0033145,93.5484
KE007,Garissa,2021-03,58.78759866666667,45.601162
KE007,Garissa,2021-04,72.31208466666666,50.027573
KE007,Garissa,2021-05,56.057171333333336,28.39382
KE007,Garissa,2021-06,87.99534833333333,66.27724
KE007,Garissa,2021-07,88.068873,64.07243
KE007,Garissa,2021-08,89.41769099999999,74.99797
KE007,Garissa,2021-09,86.56505416666668,69.815216
KE007,Garissa,2021-10,47.309644666666664,27.16919
KE007,Garissa,2021-11,53.27469550000001,25.192076
KE007,Garissa,2021-12,309.68315583333333,65.281395
KE007,Garissa,2022-01,96.37560833333333,73.37765
KE007,Garissa,2022-02,101.60008166666667,92.58554
KE007,Garissa,2022-03,52.105069333333326,35.925156
KE007,Garissa,2022-04,69.46120333333333,30.198458
KE007,Garissa,2022-05,82.8336525,42.609955
KE007,Garissa,2022-06,84.51287166666667,68.56819
KE007,Garissa,2022-07,92.74877366666668,70.77725
KE007,Garissa,2022-08,88.10184166666666,78.1319
KE007,Garissa,2022-09,88.32247749999999,64.36428
KE007,Garissa,2022-10,58.5074315,33.948246
KE007,Garissa,2022-11,86.18686183333334,58.316933
KE007,Garissa,2022-12,53.56361666666667,37.988018
KE007,Garissa,2023-01,88.37156499999999,83.20621
KE007,Garissa,2023-02,93.09452483333332,89.22042
KE007,Garissa,2023-03,120.81326,68.91736
KE007,Garissa,2023-04,226.56814416666666,90.01391
KE007,Garissa,2023-05,51.16243133333333,34.392296
KE007,Garissa,2023-06,74.86928583333334,57.71706
KE007,Garissa,2023-07,94.01674666666668,82.041336
KE007,Garissa,2023-08,110.09181566666666,94.57537
KE007,Garissa,2023-09,95.94257666666665,89.58464
KE007,Garissa,2023-10,91.11308666666667,43.72854
KE007,Garissa,2023-11,190.59444833333336,150.72954
KE007,Garissa,2023-12,185.05569466666665,38.397278
KE007,Garissa,2024-01,105.42252833333333,83.89197
KE007,Garissa,2024-02,108.871375,93.40974
KE007,Garissa,2024-03,82.29370233333333,51.342415
KE007,Garissa,2024-04,140.57007666666667,70.0621
KE007,Garissa,2024-05,95.43394833333333,55.9584
KE007,Garissa,2024-06,78.96864133333334,49.969994
KE007,Garissa,2024-07,94.88575416666667,70.02376
KE007,Garissa,2024-08,117.43034483333334,81.791695
KE007,Garissa,2024-09,79.58040833333334,56.38541
KE007,Garissa,2024-10,50.31856766666667,26.059261
KE007,Garissa,2024-11,142.79815166666666,39.60626
KE007,Garissa,2024-12,60.308049000000004,36.838314
KE007,Garissa,2025-01,79.91244,68.221725
KE007,Garissa,2025-02,91.39317333333334,86.57903
KE007,Garissa,2025-03,156.15032766666664,84.128136
KE007,Garissa,2025-04,102.20151516666665,84.652756
KE007,Garissa,2025-05,76.56135533333334,45.173058
KE007,Garissa,2025-06,170.50325833333332,119.51042
KE007,Garissa,2025-07,82.32511166666667,57.68691
KE007,Garissa,2025-08,94.61166733333334,87.6232
KE007,Garissa,2025-09,96.54418,64.12729
KE007,Garissa,2025-10,73.447794,44.117935
KE007,Garissa,2025-11,51.17159116666667,24.665747
KE007,Garissa,2025-12,89.502784,38.927624
KE007,Garissa,2026-01,81.79453733333334,67.31408
KE007,Garissa,2026-02,106.29540666666666,92.7032
KE007,Garissa,2026-03,226.38151916666666,126.109055
KE007,Garissa,2026-04,97.9895145,34.66228
KE007,Garissa,2026-05,85.931506,62.477142
KE043,Homa Bay,2006-01,86.88470575000001,35.89329
KE043,Homa Bay,2006-02,90.22505358333335,32.483826
KE043,Homa Bay,2006-03,136.47574133333333,68.93467
KE043,Homa Bay,2006-04,110.51080491666666,91.60874
KE043,Homa Bay,2006-05,142.81210833333333,103.42233
KE043,Homa Bay,2006-06,96.38254866666666,46.30294
KE043,Homa Bay,2006-07,76.63926133333334,51.90311
KE043,Homa Bay,2006-08,74.01253041666666,29.479336
KE043,Homa Bay,2006-09,100.92781783333334,56.948334
KE043,Homa Bay,2006-10,92.19390475,31.761213
KE043,Homa Bay,2006-11,221.91589591666664,113.034805
KE043,Homa Bay,2006-12,212.15708416666666,112.53679
KE043,Homa Bay,2007-01,142.51334875,88.75521
KE043,Homa Bay,2007-02,156.10701575,82.663055
KE043,Homa Bay,2007-03,123.069725,49.61366
KE043,Homa Bay,2007-04,79.312108,17.868761
KE043,Homa Bay,2007-05,86.14703666666666,54.033173
KE043,Homa Bay,2007-06,119.19260325,52.763813
KE043,Homa Bay,2007-07,153.85421208333332,76.642815
KE043,Homa Bay,2007-08,103.2277625,67.61821
KE043,Homa Bay,2007-09,116.87444416666666,65.6058
KE043,Homa Bay,2007-10,73.69964633333333,32.27638
KE043,Homa Bay,2007-11,87.68589200000001,30.904585
KE043,Homa Bay,2007-12,80.78792041666667,39.478848
KE043,Homa Bay,2008-01,70.310931,28.253841
KE043,Homa Bay,2008-02,103.00957833333332,35.390087
KE043,Homa Bay,2008-03,101.86439225,33.85535
KE043,Homa Bay,2008-04,79.53460125,42.28466
KE043,Homa Bay,2008-05,84.64159541666668,53.51348
KE043,Homa Bay,2008-06,90.04639049999999,26.962196
KE043,Homa Bay,2008-07,149.5057025,124.10532
KE043,Homa Bay,2008-08,113.5550085,85.780716
KE043,Homa Bay,2008-09,107.53765874999999,66.190605
KE043,Homa Bay,2008-10,122.84855541666667,77.41221
KE043,Homa Bay,2008-11,86.03403183333334,18.241278
KE043,Homa Bay,2008-12,49.01375041666666,37.418777
KE043,Homa Bay,2009-01,119.87024566666666,27.937485
KE043,Homa Bay,2009-02,89.8820735,36.537315
KE043,Homa Bay,2009-03,57.503367749999995,39.84309
KE043,Homa Bay,2009-04,115.94086233333333,59.919853
KE043,Homa Bay,2009-05,95.86090424999999,35.686466
KE043,Homa Bay,2009-06,56.30802641666667,42.84898
KE043,Homa Bay,2009-07,63.14449391666667,45.96851
KE043,Homa Bay,2009-08,87.77863541666666,60.515923
KE043,Homa Bay,2009-09,132.66153416666666,113.88813
KE043,Homa Bay,2009-10,70.900523,48.431877
KE043,Homa Bay,2009-11,89.41765600000001,45.070354
KE043,Homa Bay,2009-12,166.6524425,133.02164
KE043,Homa Bay,2010-01,96.41918516666668,34.980373
KE043,Homa Bay,2010-02,196.18649666666667,75.66355
KE043,Homa Bay,2010-03,134.18389066666666,42.86602
KE043,Homa Bay,2010-04,88.13305341666667,33.11714
KE043,Homa Bay,2010-05,119.89158158333333,82.208885
KE043,Homa Bay,2010-06,107.73003466666667,59.591602
KE043,Homa Bay,2010-07,84.27883091666666,70.00591
KE043,Homa Bay,2010-08,98.04475991666668,69.48466
KE043,Homa Bay,2010-09,112.51379250000001,48.756332
KE043,Homa Bay,2010-10,102.76151650000001,82.772354
KE043,Homa Bay,2010-11,58.43316041666666,25.540478
KE043,Homa Bay,2010-12,86.34559666666667,26.96273
KE043,Homa Bay,2011-01,73.080632,46.46439
KE043,Homa Bay,2011-02,87.494626,33.64862
KE043,Homa Bay,2011-03,76.05355558333333,36.646935
KE043,Homa Bay,2011-04,60.55918783333334,22.823965
KE043,Homa Bay,2011-05,90.94480733333334,55.154716
KE043,Homa Bay,2011-06,110.38077241666667,68.157455
KE043,Homa Bay,2011-07,108.55958008333333,59.786667
KE043,Homa Bay,2011-08,190.7518770833333,86.83037
KE043,Homa Bay,2011-09,125.41203866666666,76.75821
KE043,Homa Bay,2011-10,120.77459625,97.36089
KE043,Homa Bay,2011-11,184.80945716666668,77.00367
KE043,Homa Bay,2011-12,83.13771799999999,47.053547
KE043,Homa Bay,2012-01,40.111114083333334,31.285366
KE043,Homa Bay,2012-02,82.07299241666666,34.051975
KE043,Homa Bay,2012-03,79.44191666666667,22.90864
KE043,Homa Bay,2012-04,137.2935175,95.34776
KE043,Homa Bay,2012-05,112.08108924999999,80.27956
KE043,Homa Bay,2012-06,170.09092508333333,57.868378
KE043,Homa Bay,2012-07,128.49621816666667,86.62542
KE043,Homa Bay,2012-08,115.38998058333334,77.98299
KE043,Homa Bay,2012-09,167.95372408333333,106.228165
KE043,Homa Bay,2012-10,105.79576591666667,58.866493
KE043,Homa Bay,2012-11,130.56600983333334,68.70552
KE043,Homa Bay,2012-12,154.80304883333335,40.53137
KE043,Homa Bay,2013-01,87.05238666666666,46.792767
KE043,Homa Bay,2013-02,74.954244,36.25154
KE043,Homa Bay,2013-03,118.56555458333332,79.34967
KE043,Homa Bay,2013-04,143.48004208333333,89.259705
KE043,Homa Bay,2013-05,81.44146758333333,44.27425
KE043,Homa Bay,2013-06,88.38137583333334,58.947365
KE043,Homa Bay,2013-07,97.167167,52.1563
KE043,Homa Bay,2013-08,114.48914966666666,96.16077
KE043,Homa Bay,2013-09,125.38565833333332,56.64782
KE043,Homa Bay,2013-10,88.16429241666667,36.80035
KE043,Homa Bay,2013-11,109.47769816666666,80.981674
KE043,Homa Bay,2013-12,93.18555491666666,51.572926
KE043,Homa Bay,2014-01,95.36460991666667,47.92051
KE043,Homa Bay,2014-02,133.00551041666668,91.74282
KE043,Homa Bay,2014-03,88.75839024999999,20.140743
KE043,Homa Bay,2014-04,60.17867733333333,22.272501
KE043,Homa Bay,2014-05,106.80174125,92.94824
KE043,Homa Bay,2014-06,105.92675475,38.4763
KE043,Homa Bay,2014-07,99.83444508333334,66.78049
KE043,Homa Bay,2014-08,211.51884416666667,115.69196
KE043,Homa Bay,2014-09,111.38524683333333,56.37136
KE043,Homa Bay,2014-10,124.46693616666666,96.47815
KE043,Homa Bay,2014-11,83.64773925,47.219734
KE043,Homa Bay,2014-12,82.50454958333334,48.36582
KE043,Homa Bay,2015-01,35.39404591666666,27.000227
KE043,Homa Bay,2015-02,62.67652183333334,28.364325
KE043,Homa Bay,2015-03,62.22473666666667,13.773561
KE043,Homa Bay,2015-04,130.97761216666666,92.65017
KE043,Homa Bay,2015-05,122.76320908333334,104.15237
KE043,Homa Bay,2015-06,156.07912741666667,84.244865
KE043,Homa Bay,2015-07,73.93498783333332,53.860672
KE043,Homa Bay,2015-08,56.54854825,24.160755
KE043,Homa Bay,2015-09,95.32249366666667,73.57138
KE043,Homa Bay,2015-10,158.594255,64.96999
KE043,Homa Bay,2015-11,138.86718208333335,52.293648
KE043,Homa Bay,2015-12,177.08219283333332,60.049294
KE043,Homa Bay,2016-01,109.91998124999999,64.662155
KE043,Homa Bay,2016-02,54.943924583333335,45.786064
KE043,Homa Bay,2016-03,69.14122991666666,22.083101
KE043,Homa Bay,2016-04,155.48274916666665,98.41497
KE043,Homa Bay,2016-05,94.20202008333332,37.98371
KE043,Homa Bay,2016-06,64.04992691666666,36.994015
KE043,Homa Bay,2016-07,82.73438241666666,55.04136
KE043,Homa Bay,2016-08,66.11822666666667,29.537788
KE043,Homa Bay,2016-09,85.14091258333333,51.17642
KE043,Homa Bay,2016-10,70.734115,28.789421
KE043,Homa Bay,2016-11,92.35468150000001,53.605724
KE043,Homa Bay,2016-12,32.87944983333333,21.819323
KE043,Homa Bay,2017-01,60.438820666666665,30.47795
KE043,Homa Bay,2017-02,187.49772516666667,80.14672
KE043,Homa Bay,2017-03,84.42050108333333,40.038826
KE043,Homa Bay,2017-04,89.81107374999999,48.80124
KE043,Homa Bay,2017-05,106.88267858333334,63.474483
KE043,Homa Bay,2017-06,100.14759358333333,47.74383
KE043,Homa Bay,2017-07,150.1482988333333,119.542336
KE043,Homa Bay,2017-08,131.87203216666668,113.945076
KE043,Homa Bay,2017-09,120.85474508333334,66.3455
KE043,Homa Bay,2017-10,97.48253916666665,68.10146
KE043,Homa Bay,2017-11,84.26163175,24.786074
KE043,Homa Bay,2017-12,58.51492116666666,32.04123
KE043,Homa Bay,2018-01,59.073764833333335,42.235973
KE043,Homa Bay,2018-02,90.83639433333333,32.390907
KE043,Homa Bay,2018-03,129.03454125,77.1056
KE043,Homa Bay,2018-04,128.00948208333332,86.17226
KE043,Homa Bay,2018-05,133.10768175,109.384346
KE043,Homa Bay,2018-06,121.191332,69.958534
KE043,Homa Bay,2018-07,79.50270450000001,51.09521
KE043,Homa Bay,2018-08,102.47108583333333,47.610813
KE043,Homa Bay,2018-09,65.50780866666666,53.694756
KE043,Homa Bay,2018-10,150.09697500000001,108.85236
KE043,Homa Bay,2018-11,75.28305208333333,24.149216
KE043,Homa Bay,2018-12,152.81930333333332,89.16097
KE043,Homa Bay,2019-01,48.937502333333335,36.097603
KE043,Homa Bay,2019-02,111.82712758333334,34.307327
KE043,Homa Bay,2019-03,84.777976,18.161804
KE043,Homa Bay,2019-04,83.97763183333333,38.55366
KE043,Homa Bay,2019-05,121.6457725,89.87962
KE043,Homa Bay,2019-06,131.90934791666666,72.3049
KE043,Homa Bay,2019-07,127.40194258333334,48.893463
KE043,Homa Bay,2019-08,116.62582816666666,72.9925
KE043,Homa Bay,2019-09,122.715145,62.74094
KE043,Homa Bay,2019-10,243.44755666666666,177.2073
KE043,Homa Bay,2019-11,152.93443866666667,48.203274
KE043,Homa Bay,2019-12,198.65708708333332,103.0738
KE043,Homa Bay,2020-01,185.23924233333332,60.799873
KE043,Homa Bay,2020-02,136.60961991666667,92.0597
KE043,Homa Bay,2020-03,196.93768666666665,155.64037
KE043,Homa Bay,2020-04,115.08514874999999,28.630955
KE043,Homa Bay,2020-05,90.10476375,60.274624
KE043,Homa Bay,2020-06,121.50443116666666,95.76892
KE043,Homa Bay,2020-07,137.78574949999998,88.31703
KE043,Homa Bay,2020-08,114.01632308333335,77.35797
KE043,Homa Bay,2020-09,147.505837,74.63848
KE043,Homa Bay,2020-10,204.53067583333333,160.4231
KE043,Homa Bay,2020-11,285.98161250000004,154.4689
KE043,Homa Bay,2020-12,86.17565483333334,64.49908
KE043,Homa Bay,2021-01,106.58771083333335,71.06322
KE043,Homa Bay,2021-02,130.50393208333332,75.0033
KE043,Homa Bay,2021-03,83.33252908333333,51.874096
KE043,Homa Bay,2021-04,131.96978766666666,74.339
KE043,Homa Bay,2021-05,110.50909966666667,37.584145
KE043,Homa Bay,2021-06,77.31284633333334,43.4203
KE043,Homa Bay,2021-07,87.27042691666666,37.93723
KE043,Homa Bay,2021-08,97.23254383333334,59.217995
KE043,Homa Bay,2021-09,134.65188783333335,99.95207
KE043,Homa Bay,2021-10,100.16072233333334,48.477394
KE043,Homa Bay,2021-11,78.74067933333333,39.954903
KE043,Homa Bay,2021-12,86.48895499999999,51.80605
KE043,Homa Bay,2022-01,194.55111250000002,85.21948
KE043,Homa Bay,2022-02,300.0007375,149.59811
KE043,Homa Bay,2022-03,76.53476541666667,24.75141
KE043,Homa Bay,2022-04,93.70116641666668,21.418701
KE043,Homa Bay,2022-05,117.98285166666666,41.300373
KE043,Homa Bay,2022-06,104.29515858333333,81.36633
KE043,Homa Bay,2022-07,85.2401135,52.092712
KE043,Homa Bay,2022-08,163.81305216666667,105.414246
KE043,Homa Bay,2022-09,129.32148958333332,88.739815
KE043,Homa Bay,2022-10,68.67317391666667,39.56298
KE043,Homa Bay,2022-11,128.81827791666666,77.30357
KE043,Homa Bay,2022-12,197.61477416666665,140.8537
KE043,Homa Bay,2023-01,54.468620249999994,41.530014
KE043,Homa Bay,2023-02,44.49504033333333,29.13827
KE043,Homa Bay,2023-03,171.14208283333335,81.048294
KE043,Homa Bay,2023-04,125.021665,62.23622
KE043,Homa Bay,2023-05,85.72734841666666,62.068565
KE043,Homa Bay,2023-06,128.68758625,79.6991
KE043,Homa Bay,2023-07,82.49360691666668,52.077854
KE043,Homa Bay,2023-08,86.41399058333333,48.63926
KE043,Homa Bay,2023-09,149.25374,122.97128
KE043,Homa Bay,2023-10,165.17280616666667,52.05272
KE043,Homa Bay,2023-11,182.46216416666667,155.40578
KE043,Homa Bay,2023-12,116.04776983333333,70.84325
KE043,Homa Bay,2024-01,169.2350755,104.735306
KE043,Homa Bay,2024-02,164.9118975,147.55867
KE043,Homa Bay,2024-03,88.69851008333335,17.134571
KE043,Homa Bay,2024-04,127.7979265,59.888298
KE043,Homa Bay,2024-05,83.02710791666667,41.97733
KE043,Homa Bay,2024-06,70.59009833333333,52.898426
KE043,Homa Bay,2024-07,134.99828375,87.44129
KE043,Homa Bay,2024-08,113.20372233333335,61.468678
KE043,Homa Bay,2024-09,84.87022616666667,72.11086
KE043,Homa Bay,2024-10,110.51140325,83.52295
KE043,Homa Bay,2024-11,151.01790725,56.226963
KE043,Homa Bay,2024-12,99.87893458333333,76.081215
KE043,Homa Bay,2025-01,109.15189475,51.369076
KE043,Homa Bay,2025-02,48.92591908333333,29.75167
KE043,Homa Bay,2025-03,116.84072583333334,76.30183
KE043,Homa Bay,2025-04,108.3085075,64.34796
KE043,Homa Bay,2025-05,156.91434083333334,116.09107
KE043,Homa Bay,2025-06,76.56945491666666,57.826923
KE043,Homa Bay,2025-07,142.75929058333332,51.447124
KE043,Homa Bay,2025-08,91.253711,53.82346
KE043,Homa Bay,2025-09,82.99723291666668,67.765884
KE043,Homa Bay,2025-10,119.1852875,54.09568
KE043,Homa Bay,2025-11,48.68016983333334,19.487848
KE043,Homa Bay,2025-12,151.5938235,26.460287
KE043,Homa Bay,2026-01,54.13256758333333,46.063263
KE043,Homa Bay,2026-02,334.14766583333335,265.90744
KE043,Homa Bay,2026-03,163.31088416666668,140.97809
KE043,Homa Bay,2026-04,100.43756175,54.32286
KE043,Homa Bay,2026-05,119.29918375,96.00442
KE011,Isiolo,2006-01,81.82119999999999,68.22737
KE011,Isiolo,2006-02,97.12258333333334,74.66908
KE011,Isiolo,2006-03,54.50087666666667,34.242836
KE011,Isiolo,2006-04,103.26625833333333,29.42338
KE011,Isiolo,2006-05,92.27316466666667,85.28849
KE011,Isiolo,2006-06,97.673468,95.23183
KE011,Isiolo,2006-07,96.89587,96.15706
KE011,Isiolo,2006-08,106.51795666666665,99.78348
KE011,Isiolo,2006-09,98.89520666666665,96.79231
KE011,Isiolo,2006-10,122.77473000000002,84.45554
KE011,Isiolo,2006-11,146.89547333333334,113.80366
KE011,Isiolo,2006-12,150.84275333333332,98.66503
KE011,Isiolo,2007-01,94.49406666666665,79.11294
KE011,Isiolo,2007-02,87.78206333333333,74.74149
KE011,Isiolo,2007-03,82.82175933333333,44.649757
KE011,Isiolo,2007-04,61.43977533333334,21.962456
KE011,Isiolo,2007-05,109.941325,96.54575
KE011,Isiolo,2007-06,104.64317999999999,101.37488
KE011,Isiolo,2007-07,104.79565666666667,96.41741
KE011,Isiolo,2007-08,100.45095666666667,98.70593
KE011,Isiolo,2007-09,101.27425166666667,99.92782
KE011,Isiolo,2007-10,88.89159966666666,73.410065
KE011,Isiolo,2007-11,74.66589266666666,51.602848
KE011,Isiolo,2007-12,62.927796666666666,58.538025
KE011,Isiolo,2008-01,136.15107666666668,61.42211
KE011,Isiolo,2008-02,80.40570000000001,73.85809
KE011,Isiolo,2008-03,79.43396266666667,47.152782
KE011,Isiolo,2008-04,94.34161266666666,18.820248
KE011,Isiolo,2008-05,71.752,49.0754
KE011,Isiolo,2008-06,97.39179999999999,95.83443
KE011,Isiolo,2008-07,97.79341333333333,95.40251
KE011,Isiolo,2008-08,96.423745,95.9155
KE011,Isiolo,2008-09,98.77212333333334,96.23055
KE011,Isiolo,2008-10,97.61819100000001,63.847363
KE011,Isiolo,2008-11,89.16571699999999,41.348297
KE011,Isiolo,2008-12,48.605459999999994,37.9078
KE011,Isiolo,2009-01,103.69729333333333,77.26997
KE011,Isiolo,2009-02,86.95902333333333,79.34676
KE011,Isiolo,2009-03,43.418227,35.167294
KE011,Isiolo,2009-04,53.07000966666667,24.358051
KE011,Isiolo,2009-05,99.28120366666667,83.014755
KE011,Isiolo,2009-06,96.36595333333332,95.12794
KE011,Isiolo,2009-07,94.89530466666668,94.32113
KE011,Isiolo,2009-08,96.97707533333333,96.501656
KE011,Isiolo,2009-09,97.428375,92.391815
KE011,Isiolo,2009-10,138.74058466666665,95.882324
KE011,Isiolo,2009-11,49.503032,33.02249
KE011,Isiolo,2009-12,115.700945,111.2988
KE011,Isiolo,2010-01,104.11071299999999,79.876495
KE011,Isiolo,2010-02,135.22074166666667,97.59671
KE011,Isiolo,2010-03,209.16171999999997,156.49573
KE011,Isiolo,2010-04,83.66001433333334,56.277363
KE011,Isiolo,2010-05,102.32359333333333,87.11778
KE011,Isiolo,2010-06,97.98122166666667,95.772095
KE011,Isiolo,2010-07,101.11751033333333,98.47795
KE011,Isiolo,2010-08,101.54897,98.67987
KE011,Isiolo,2010-09,97.88222333333333,93.60898
KE011,Isiolo,2010-10,77.04958233333333,56.025867
KE011,Isiolo,2010-11,60.66355266666667,45.83403
KE011,Isiolo,2010-12,47.734048,38.883034
KE011,Isiolo,2011-01,75.42281100000001,62.890373
KE011,Isiolo,2011-02,94.158112,81.2586
KE011,Isiolo,2011-03,52.306016,35.221355
KE011,Isiolo,2011-04,29.32763133333333,18.07596
KE011,Isiolo,2011-05,90.13833,87.72195
KE011,Isiolo,2011-06,102.62407,99.55394
KE011,Isiolo,2011-07,102.05393833333333,97.239235
KE011,Isiolo,2011-08,104.20993333333332,97.377144
KE011,Isiolo,2011-09,98.96911,96.43653
KE011,Isiolo,2011-10,192.78133000000003,72.62396
KE011,Isiolo,2011-11,154.88590133333335,112.38779
KE011,Isiolo,2011-12,86.70060166666667,42.02086
KE011,Isiolo,2012-01,69.01051166666667,63.17004
KE011,Isiolo,2012-02,87.54072466666666,83.27988
KE011,Isiolo,2012-03,42.350731,28.820423
KE011,Isiolo,2012-04,112.67852166666667,81.51138
KE011,Isiolo,2012-05,98.38858333333333,96.0964
KE011,Isiolo,2012-06,102.47850266666667,97.546814
KE011,Isiolo,2012-07,100.91046466666667,98.718094
KE011,Isiolo,2012-08,100.95537133333333,99.647964
KE011,Isiolo,2012-09,98.05165666666666,94.18947
KE011,Isiolo,2012-10,108.06575666666667,56.99721
KE011,Isiolo,2012-11,71.68787866666666,41.404026
KE011,Isiolo,2012-12,104.99717,72.20095
KE011,Isiolo,2013-01,97.65153666666667,93.07122
KE011,Isiolo,2013-02,81.75856,75.58145
KE011,Isiolo,2013-03,177.57354866666665,64.99658
KE011,Isiolo,2013-04,127.35097900000001,39.591297
KE011,Isiolo,2013-05,73.185502,52.100666
KE011,Isiolo,2013-06,99.67769,93.94351
KE011,Isiolo,2013-07,98.67294166666666,96.89752
KE011,Isiolo,2013-08,97.46344800000001,96.08361
KE011,Isiolo,2013-09,114.53192666666666,99.95188
KE011,Isiolo,2013-10,74.86507966666666,41.689476
KE011,Isiolo,2013-11,90.169742,43.13309
KE011,Isiolo,2013-12,62.18199233333333,54.108257
KE011,Isiolo,2014-01,69.08466299999999,64.381935
KE011,Isiolo,2014-02,108.76362,83.68802
KE011,Isiolo,2014-03,143.47589866666667,51.584846
KE011,Isiolo,2014-04,91.55046466666666,35.96759
KE011,Isiolo,2014-05,81.92708566666666,60.086967
KE011,Isiolo,2014-06,99.17526,98.41776
KE011,Isiolo,2014-07,97.06704466666667,94.6132
KE011,Isiolo,2014-08,106.81242333333334,97.71178
KE011,Isiolo,2014-09,99.51570333333332,98.0282
KE011,Isiolo,2014-10,78.05983433333334,48.153843
KE011,Isiolo,2014-11,94.48670800000001,55.28968
KE011,Isiolo,2014-12,88.00564666666666,64.29232
KE011,Isiolo,2015-01,76.95159333333334,72.02619
KE011,Isiolo,2015-02,97.31887333333333,82.17669
KE011,Isiolo,2015-03,87.577961,44.696083
KE011,Isiolo,2015-04,124.79757000000001,103.74366
KE011,Isiolo,2015-05,95.10972,86.01013
KE011,Isiolo,2015-06,96.96778033333334,95.21105
KE011,Isiolo,2015-07,100.03185,97.07503
KE011,Isiolo,2015-08,97.12334666666668,95.07394
KE011,Isiolo,2015-09,97.32226333333334,92.07348
KE011,Isiolo,2015-10,117.49503666666665,48.52973
KE011,Isiolo,2015-11,127.41483,114.36516
KE011,Isiolo,2015-12,110.57339200000001,41.842686
KE011,Isiolo,2016-01,127.77990466666665,107.095314
KE011,Isiolo,2016-02,102.49240666666667,95.27694
KE011,Isiolo,2016-03,54.95847733333333,31.772205
KE011,Isiolo,2016-04,89.94078133333335,52.22911
KE011,Isiolo,2016-05,121.94987333333334,82.82147
KE011,Isiolo,2016-06,99.37191333333332,96.04222
KE011,Isiolo,2016-07,96.61086499999999,96.261375
KE011,Isiolo,2016-08,96.55637133333333,95.89335
KE011,Isiolo,2016-09,98.53318,95.70623
KE011,Isiolo,2016-10,53.584011000000004,32.010235
KE011,Isiolo,2016-11,107.06208333333332,63.18252
KE011,Isiolo,2016-12,65.134441,46.17542
KE011,Isiolo,2017-01,73.33429666666667,69.06637
KE011,Isiolo,2017-02,111.67297666666667,96.60133
KE011,Isiolo,2017-03,44.51392166666667,31.236992
KE011,Isiolo,2017-04,46.224831333333334,30.918917
KE011,Isiolo,2017-05,115.97339666666666,91.066925
KE011,Isiolo,2017-06,96.00778666666668,93.13312
KE011,Isiolo,2017-07,98.57596333333333,97.11109
KE011,Isiolo,2017-08,102.17933333333333,99.40271
KE011,Isiolo,2017-09,99.35443533333334,98.121826
KE011,Isiolo,2017-10,101.87115466666667,81.25041
KE011,Isiolo,2017-11,80.21793533333333,40.572346
KE011,Isiolo,2017-12,43.90631666666667,35.379967
KE011,Isiolo,2018-01,69.61656833333333,61.946495
KE011,Isiolo,2018-02,84.62814133333333,81.82318
KE011,Isiolo,2018-03,324.6908133333333,183.43758
KE011,Isiolo,2018-04,205.79831000000001,131.36113
KE011,Isiolo,2018-05,108.38454533333334,78.19963
KE011,Isiolo,2018-06,121.21039333333333,103.98729
KE011,Isiolo,2018-07,102.49521066666667,98.180756
KE011,Isiolo,2018-08,97.92409466666668,96.45765
KE011,Isiolo,2018-09,103.31085333333333,99.98956
KE011,Isiolo,2018-10,66.35943,56.586193
KE011,Isiolo,2018-11,56.116887999999996,49.025856
KE011,Isiolo,2018-12,180.28569666666667,86.08262
KE011,Isiolo,2019-01,100.53878666666667,84.67577
KE011,Isiolo,2019-02,99.83821499999999,86.18225
KE011,Isiolo,2019-03,53.48091133333333,33.905094
KE011,Isiolo,2019-04,73.32842733333332,18.826698
KE011,Isiolo,2019-05,102.20791966666667,64.57136
KE011,Isiolo,2019-06,109.16931133333333,99.3804
KE011,Isiolo,2019-07,98.51501666666667,96.54406
KE011,Isiolo,2019-08,98.91072000000001,98.12602
KE011,Isiolo,2019-09,104.28441500000001,100.01364
KE011,Isiolo,2019-10,260.6358933333333,231.59444
KE011,Isiolo,2019-11,207.65778333333333,179.52596
KE011,Isiolo,2019-12,157.08163666666667,125.6354
KE011,Isiolo,2020-01,186.34222,130.02237
KE011,Isiolo,2020-02,124.47744666666667,92.75707
KE011,Isiolo,2020-03,148.30671866666668,101.219986
KE011,Isiolo,2020-04,188.85463833333333,41.133835
KE011,Isiolo,2020-05,95.15969666666666,89.68785
KE011,Isiolo,2020-06,110.68611499999999,105.2482
KE011,Isiolo,2020-07,100.71403666666667,99.47426
KE011,Isiolo,2020-08,107.00951333333335,99.65821
KE011,Isiolo,2020-09,101.40785366666667,99.98956
KE011,Isiolo,2020-10,98.36285099999999,59.668003
KE011,Isiolo,2020-11,60.671793666666666,32.448845
KE011,Isiolo,2020-12,84.45236266666667,39.309998
KE011,Isiolo,2021-01,88.800342,76.38905
KE011,Isiolo,2021-02,97.35474333333333,89.15106
KE011,Isiolo,2021-03,60.996658,51.758904
KE011,Isiolo,2021-04,57.066102666666666,35.39334
KE011,Isiolo,2021-05,128.680468,94.888054
KE011,Isiolo,2021-06,96.20978666666667,93.07078
KE011,Isiolo,2021-07,98.10016466666667,97.846954
KE011,Isiolo,2021-08,96.85554033333334,95.995605
KE011,Isiolo,2021-09,99.06730666666665,97.26046
KE011,Isiolo,2021-10,65.228505,45.66602
KE011,Isiolo,2021-11,69.69319333333333,34.99271
KE011,Isiolo,2021-12,188.60385,69.72648
KE011,Isiolo,2022-01,109.08816,91.24751
KE011,Isiolo,2022-02,93.45983,78.78197
KE011,Isiolo,2022-03,53.152202666666675,44.78854
KE011,Isiolo,2022-04,76.635157,23.454031
KE011,Isiolo,2022-05,94.449793,85.8086
KE011,Isiolo,2022-06,96.26362333333333,93.25779
KE011,Isiolo,2022-07,100.43934999999999,97.63832
KE011,Isiolo,2022-08,100.73116466666666,98.041534
KE011,Isiolo,2022-09,99.61295533333333,98.60869
KE011,Isiolo,2022-10,57.925356666666666,44.49383
KE011,Isiolo,2022-11,90.88556999999999,73.40001
KE011,Isiolo,2022-12,90.610052,75.582146
KE011,Isiolo,2023-01,90.57346333333334,82.9036
KE011,Isiolo,2023-02,82.72320466666667,80.21568
KE011,Isiolo,2023-03,158.43584,56.4904
KE011,Isiolo,2023-04,227.64960333333337,78.41719
KE011,Isiolo,2023-05,92.20263166666666,81.18061
KE011,Isiolo,2023-06,101.88409,100.64099
KE011,Isiolo,2023-07,103.37472833333334,100.42777
KE011,Isiolo,2023-08,98.77920533333334,96.978516
KE011,Isiolo,2023-09,100.44497,99.90375
KE011,Isiolo,2023-10,119.93756,84.01428
KE011,Isiolo,2023-11,233.79719,205.73926
KE011,Isiolo,2023-12,68.52464733333333,39.256626
KE011,Isiolo,2024-01,109.05067333333334,77.36141
KE011,Isiolo,2024-02,151.07854666666665,110.22235
KE011,Isiolo,2024-03,48.40076200000001,41.717667
KE011,Isiolo,2024-04,163.00050566666667,38.539757
KE011,Isiolo,2024-05,150.07076333333333,97.91768
KE011,Isiolo,2024-06,95.98217,92.59285
KE011,Isiolo,2024-07,101.85781666666666,99.73124
KE011,Isiolo,2024-08,102.18831,97.86436
KE011,Isiolo,2024-09,97.54697,92.7476
KE011,Isiolo,2024-10,63.07371933333334,37.124355
KE011,Isiolo,2024-11,129.65596000000002,100.55061
KE011,Isiolo,2024-12,46.284546,34.142735
KE011,Isiolo,2025-01,76.19261566666667,61.561947
KE011,Isiolo,2025-02,85.15512,78.43368
KE011,Isiolo,2025-03,174.86504,119.03822
KE011,Isiolo,2025-04,115.07663000000001,38.36977
KE011,Isiolo,2025-05,112.20719166666667,80.367805
KE011,Isiolo,2025-06,97.94051133333335,96.10456
KE011,Isiolo,2025-07,97.19691866666666,93.86214
KE011,Isiolo,2025-08,104.74171000000001,100.72123
KE011,Isiolo,2025-09,99.848415,99.507515
KE011,Isiolo,2025-10,95.634949,55.731697
KE011,Isiolo,2025-11,45.84220533333333,40.752403
KE011,Isiolo,2025-12,70.844901,43.807693
KE011,Isiolo,2026-01,69.626851,63.612843
KE011,Isiolo,2026-02,143.946425,84.723175
KE011,Isiolo,2026-03,224.61833000000001,201.16989
KE011,Isiolo,2026-04,89.015302,27.805706
KE011,Isiolo,2026-05,66.01103,66.01103
KE034,Kajiado,2006-01,45.102715666666676,38.899303
KE034,Kajiado,2006-02,92.98026566666665,34.69631
KE034,Kajiado,2006-03,133.33373033333334,55.152935
KE034,Kajiado,2006-04,128.20865666666666,107.82212
KE034,Kajiado,2006-05,92.36986866666666,65.44382
KE034,Kajiado,2006-06,84.95370333333334,72.94868
KE034,Kajiado,2006-07,96.51265166666667,95.184105
KE034,Kajiado,2006-08,101.46899666666667,94.85981
KE034,Kajiado,2006-09,101.85181,97.31915
KE034,Kajiado,2006-10,104.326422,90.15867
KE034,Kajiado,2006-11,177.37201333333334,110.74878
KE034,Kajiado,2006-12,194.339622,68.058876
KE034,Kajiado,2007-01,83.196252,67.71215
KE034,Kajiado,2007-02,154.18133,102.44616
KE034,Kajiado,2007-03,55.632686666666665,36.36333
KE034,Kajiado,2007-04,89.54816333333333,48.60738
KE034,Kajiado,2007-05,75.22761733333333,41.656662
KE034,Kajiado,2007-06,96.85362966666666,96.007904
KE034,Kajiado,2007-07,105.47224666666666,99.72053
KE034,Kajiado,2007-08,103.749912,96.90345
KE034,Kajiado,2007-09,104.71582666666666,92.96263
KE034,Kajiado,2007-10,77.57301166666666,69.51982
KE034,Kajiado,2007-11,65.45678333333333,53.88949
KE034,Kajiado,2007-12,79.25626433333333,62.499283
KE034,Kajiado,2008-01,89.48611433333333,37.405113
KE034,Kajiado,2008-02,89.798781,56.842358
KE034,Kajiado,2008-03,180.75624333333334,59.09032
KE034,Kajiado,2008-04,65.06668166666667,38.210575
KE034,Kajiado,2008-05,63.89338633333333,37.350525
KE034,Kajiado,2008-06,91.67592333333334,83.90264
KE034,Kajiado,2008-07,103.04780866666665,100.22865
KE034,Kajiado,2008-08,90.13857666666667,88.43042
KE034,Kajiado,2008-09,104.31647666666667,98.045135
KE034,Kajiado,2008-10,115.34743866666668,90.43876
KE034,Kajiado,2008-11,83.41257633333333,50.269012
KE034,Kajiado,2008-12,33.639697000000005,25.843445
KE034,Kajiado,2009-01,67.80219166666667,40.21065
KE034,Kajiado,2009-02,79.361299,39.692772
KE034,Kajiado,2009-03,37.943054,36.833168
KE034,Kajiado,2009-04,64.90198633333334,53.404163
KE034,Kajiado,2009-05,102.23478833333333,61.69068
KE034,Kajiado,2009-06,106.60702333333332,95.59197
KE034,Kajiado,2009-07,96.74372833333332,95.99158
KE034,Kajiado,2009-08,90.58618799999999,88.342834
KE034,Kajiado,2009-09,91.58207800000001,84.25539
KE034,Kajiado,2009-10,123.73178499999999,103.719795
KE034,Kajiado,2009-11,79.790981,51.784283
KE034,Kajiado,2009-12,162.02026666666669,76.73099
KE034,Kajiado,2010-01,127.45253333333334,41.10885
KE034,Kajiado,2010-02,145.67407466666666,91.38078
KE034,Kajiado,2010-03,149.23575666666667,39.88444
KE034,Kajiado,2010-04,73.48545333333333,63.658375
KE034,Kajiado,2010-05,134.14562833333335,78.17457
KE034,Kajiado,2010-06,100.558698,93.02122
KE034,Kajiado,2010-07,96.30295066666667,95.746506
KE034,Kajiado,2010-08,94.57281666666667,91.42657
KE034,Kajiado,2010-09,99.53660666666667,98.859314
KE034,Kajiado,2010-10,93.52853,87.17108
KE034,Kajiado,2010-11,74.23471133333334,55.33444
KE034,Kajiado,2010-12,84.77028666666668,34.133785
KE034,Kajiado,2011-01,44.313673333333334,38.193188
KE034,Kajiado,2011-02,118.37137233333334,53.146587
KE034,Kajiado,2011-03,96.84105333333332,36.7364
KE034,Kajiado,2011-04,33.96085433333334,24.81736
KE034,Kajiado,2011-05,76.56193133333333,65.373634
KE034,Kajiado,2011-06,109.96859333333333,88.40366
KE034,Kajiado,2011-07,100.09609466666666,95.615234
KE034,Kajiado,2011-08,107.29672333333333,95.1957
KE034,Kajiado,2011-09,102.38684,100.54387
KE034,Kajiado,2011-10,178.42828333333333,116.74801
KE034,Kajiado,2011-11,134.58275333333333,89.69849
KE034,Kajiado,2011-12,82.94385466666667,42.39125
KE034,Kajiado,2012-01,45.14154566666667,37.808605
KE034,Kajiado,2012-02,74.39672333333334,35.310017
KE034,Kajiado,2012-03,58.321989333333335,24.11609
KE034,Kajiado,2012-04,186.724385,100.833115
KE034,Kajiado,2012-05,120.95275666666667,94.351105
KE034,Kajiado,2012-06,105.79676666666667,88.36436
KE034,Kajiado,2012-07,97.93889166666666,96.84929
KE034,Kajiado,2012-08,105.33107333333334,104.1723
KE034,Kajiado,2012-09,96.51988666666666,93.32435
KE034,Kajiado,2012-10,118.92662666666666,103.46667
KE034,Kajiado,2012-11,117.610171,56.434113
KE034,Kajiado,2012-12,129.10769666666667,78.74447
KE034,Kajiado,2013-01,81.57762966666667,34.727192
KE034,Kajiado,2013-02,57.198207333333336,32.080288
KE034,Kajiado,2013-03,142.94006666666667,72.39313
KE034,Kajiado,2013-04,157.03637666666665,72.75771
KE034,Kajiado,2013-05,58.049662000000005,43.8838
KE034,Kajiado,2013-06,96.07742333333333,73.808105
KE034,Kajiado,2013-07,96.90064666666667,95.82002
KE034,Kajiado,2013-08,98.52036666666667,94.62646
KE034,Kajiado,2013-09,115.97474333333332,98.46547
KE034,Kajiado,2013-10,83.41584999999999,54.64647
KE034,Kajiado,2013-11,83.319375,52.27704
KE034,Kajiado,2013-12,145.12581466666668,30.813944
KE034,Kajiado,2014-01,40.608808,34.000637
KE034,Kajiado,2014-02,155.57901666666666,53.27226
KE034,Kajiado,2014-03,122.62319466666668,30.648474
KE034,Kajiado,2014-04,47.62688433333333,31.411993
KE034,Kajiado,2014-05,64.66638999999999,56.01046
KE034,Kajiado,2014-06,113.18003333333333,107.71238
KE034,Kajiado,2014-07,97.34649333333334,96.16312
KE034,Kajiado,2014-08,101.76520333333333,93.10305
KE034,Kajiado,2014-09,102.94581666666666,98.02544
KE034,Kajiado,2014-10,104.50634000000001,70.43848
KE034,Kajiado,2014-11,93.86366666666667,78.35053
KE034,Kajiado,2014-12,103.18218766666666,52.953373
KE034,Kajiado,2015-01,35.88058266666667,33.40801
KE034,Kajiado,2015-02,85.01372400000001,46.004906
KE034,Kajiado,2015-03,59.60012866666667,35.950836
KE034,Kajiado,2015-04,146.72206,134.90411
KE034,Kajiado,2015-05,117.49710466666666,91.56408
KE034,Kajiado,2015-06,98.83541833333334,93.136925
KE034,Kajiado,2015-07,104.33555133333334,100.76219
KE034,Kajiado,2015-08,94.47438333333334,91.977264
KE034,Kajiado,2015-09,93.948108,89.2
KE034,Kajiado,2015-10,104.52468533333332,98.83083
KE034,Kajiado,2015-11,151.25672,110.81786
KE034,Kajiado,2015-12,126.01442666666668,36.84747
KE034,Kajiado,2016-01,170.161485,59.565735
KE034,Kajiado,2016-02,76.09042366666667,50.497787
KE034,Kajiado,2016-03,64.08261466666667,25.951284
KE034,Kajiado,2016-04,119.97864,99.40602
KE034,Kajiado,2016-05,98.22553,82.83086
KE034,Kajiado,2016-06,100.03308666666668,96.12388
KE034,Kajiado,2016-07,95.22187333333333,94.12908
KE034,Kajiado,2016-08,98.91607499999999,95.84073
KE034,Kajiado,2016-09,95.29458166666666,93.435425
KE034,Kajiado,2016-10,86.39289500000001,70.97217
KE034,Kajiado,2016-11,115.42725,76.22761
KE034,Kajiado,2016-12,45.769405,35.6656
KE034,Kajiado,2017-01,55.951327666666664,41.174107
KE034,Kajiado,2017-02,83.06139,57.52346
KE034,Kajiado,2017-03,46.20124833333333,42.197598
KE034,Kajiado,2017-04,61.879784666666666,45.238304
KE034,Kajiado,2017-05,82.95591133333333,70.511024
KE034,Kajiado,2017-06,94.71068666666667,82.25663
KE034,Kajiado,2017-07,108.27018166666666,106.321655
KE034,Kajiado,2017-08,108.567695,103.79959
KE034,Kajiado,2017-09,103.85531666666667,94.87349
KE034,Kajiado,2017-10,99.96245666666665,75.1855
KE034,Kajiado,2017-11,98.15805033333334,69.30976
KE034,Kajiado,2017-12,40.76149733333333,31.40405
KE034,Kajiado,2018-01,122.33109333333334,52.54755
KE034,Kajiado,2018-02,68.80295566666668,50.008057
KE034,Kajiado,2018-03,261.61845666666665,37.92104
KE034,Kajiado,2018-04,213.70272333333332,102.78456
KE034,Kajiado,2018-05,152.14280666666664,113.09099
KE034,Kajiado,2018-06,113.86567500000001,111.84836
KE034,Kajiado,2018-07,106.56300333333333,104.2937
KE034,Kajiado,2018-08,109.98115666666666,101.28769
KE034,Kajiado,2018-09,104.24339200000001,100.712326
KE034,Kajiado,2018-10,99.61245333333333,79.791
KE034,Kajiado,2018-11,75.09667499999999,65.23704
KE034,Kajiado,2018-12,180.49809666666667,57.43292
KE034,Kajiado,2019-01,55.92254766666667,49.062298
KE034,Kajiado,2019-02,75.39931333333332,54.45901
KE034,Kajiado,2019-03,29.415577666666668,22.113775
KE034,Kajiado,2019-04,85.04112366666666,29.787886
KE034,Kajiado,2019-05,74.231,52.23046
KE034,Kajiado,2019-06,124.04388666666667,90.23919
KE034,Kajiado,2019-07,111.63088333333333,106.97044
KE034,Kajiado,2019-08,110.23617533333334,97.02229
KE034,Kajiado,2019-09,113.74955533333333,103.696396
KE034,Kajiado,2019-10,295.17805333333337,213.40477
KE034,Kajiado,2019-11,180.82428333333334,58.62143
KE034,Kajiado,2019-12,265.1617233333333,81.90227
KE034,Kajiado,2020-01,221.80178133333334,76.676384
KE034,Kajiado,2020-02,142.67378466666665,46.350594
KE034,Kajiado,2020-03,173.239568,58.422684
KE034,Kajiado,2020-04,172.65586,61.35347
KE034,Kajiado,2020-05,81.38707733333332,54.375862
KE034,Kajiado,2020-06,109.916815,99.22652
KE034,Kajiado,2020-07,105.27628333333332,101.1134
KE034,Kajiado,2020-08,96.539242,93.61932
KE034,Kajiado,2020-09,111.30185999999999,95.41801
KE034,Kajiado,2020-10,79.53338633333334,78.85505
KE034,Kajiado,2020-11,107.95328666666667,84.75675
KE034,Kajiado,2020-12,79.54968000000001,44.562393
KE034,Kajiado,2021-01,91.39724666666666,44.8217
KE034,Kajiado,2021-02,130.3939,103.17766
KE034,Kajiado,2021-03,45.362647333333335,33.182156
KE034,Kajiado,2021-04,84.28847800000001,61.979824
KE034,Kajiado,2021-05,165.40471666666667,88.64047
KE034,Kajiado,2021-06,85.03757,71.71053
KE034,Kajiado,2021-07,110.65955666666666,103.31899
KE034,Kajiado,2021-08,100.54620999999999,92.32757
KE034,Kajiado,2021-09,95.77432866666668,89.062096
KE034,Kajiado,2021-10,81.26673866666665,60.473316
KE034,Kajiado,2021-11,96.62781133333333,65.662384
KE034,Kajiado,2021-12,110.40953333333334,82.180664
KE034,Kajiado,2022-01,79.970355,32.386665
KE034,Kajiado,2022-02,145.37726166666667,95.788345
KE034,Kajiado,2022-03,41.47187266666666,30.412048
KE034,Kajiado,2022-04,86.73499600000001,29.593998
KE034,Kajiado,2022-05,73.60550733333334,41.748608
KE034,Kajiado,2022-06,85.55836333333333,71.65227
KE034,Kajiado,2022-07,98.231395,95.59946
KE034,Kajiado,2022-08,92.87985333333334,91.298546
KE034,Kajiado,2022-09,96.25797166666666,90.16528
KE034,Kajiado,2022-10,81.91700333333334,76.09543
KE034,Kajiado,2022-11,105.33878133333333,68.931854
KE034,Kajiado,2022-12,73.91411666666666,68.12772
KE034,Kajiado,2023-01,54.895176666666664,40.48243
KE034,Kajiado,2023-02,41.90883566666667,31.466583
KE034,Kajiado,2023-03,83.86205633333333,27.835024
KE034,Kajiado,2023-04,105.73103666666667,53.79445
KE034,Kajiado,2023-05,72.47820666666667,57.81904
KE034,Kajiado,2023-06,92.310562,79.57641
KE034,Kajiado,2023-07,96.045045,95.13385
KE034,Kajiado,2023-08,90.93789600000001,89.5539
KE034,Kajiado,2023-09,110.98008333333333,103.63983
KE034,Kajiado,2023-10,112.58135333333333,81.61099
KE034,Kajiado,2023-11,218.6138566666667,136.6964
KE034,Kajiado,2023-12,76.74598,51.56398
KE034,Kajiado,2024-01,210.4819,71.53768
KE034,Kajiado,2024-02,137.21819666666667,52.85344
KE034,Kajiado,2024-03,116.79821499999998,58.253635
KE034,Kajiado,2024-04,216.32224199999996,124.164856
KE034,Kajiado,2024-05,210.77428,119.29395
KE034,Kajiado,2024-06,111.142035,99.943
KE034,Kajiado,2024-07,118.17817133333334,102.10874
KE034,Kajiado,2024-08,90.53930666666668,88.82451
KE034,Kajiado,2024-09,110.34826500000001,96.84294
KE034,Kajiado,2024-10,67.09041733333333,55.678852
KE034,Kajiado,2024-11,181.4535,91.85139
KE034,Kajiado,2024-12,107.00183666666668,83.49266
KE034,Kajiado,2025-01,148.57558433333332,42.23771
KE034,Kajiado,2025-02,40.278027,30.022192
KE034,Kajiado,2025-03,192.93720333333331,139.12389
KE034,Kajiado,2025-04,109.67474833333334,91.548355
KE034,Kajiado,2025-05,115.28163,85.55594
KE034,Kajiado,2025-06,102.95796333333334,78.1052
KE034,Kajiado,2025-07,97.69464666666666,95.13385
KE034,Kajiado,2025-08,111.81225166666667,101.32606
KE034,Kajiado,2025-09,99.64099333333333,98.58655
KE034,Kajiado,2025-10,132.87982133333333,70.292854
KE034,Kajiado,2025-11,44.029002999999996,34.40052
KE034,Kajiado,2025-12,127.54173666666667,33.18155
KE034,Kajiado,2026-01,38.69061366666667,36.093758
KE034,Kajiado,2026-02,457.92124999999993,66.84059
KE034,Kajiado,2026-03,305.06272,144.4569
KE034,Kajiado,2026-04,114.91214533333334,32.827106
KE034,Kajiado,2026-05,129.04115,129.04115
KE037,Kakamega,2006-01,68.26732677777778,29.094055
KE037,Kakamega,2006-02,118.5397408888889,36.039864
KE037,Kakamega,2006-03,131.08273222222223,88.05094
KE037,Kakamega,2006-04,126.68155344444443,85.58275
KE037,Kakamega,2006-05,88.62775755555555,54.253654
KE037,Kakamega,2006-06,99.13099522222223,50.790375
KE037,Kakamega,2006-07,82.37565777777779,54.742577
KE037,Kakamega,2006-08,80.38037355555555,46.318142
KE037,Kakamega,2006-09,122.37183911111111,89.08881
KE037,Kakamega,2006-10,83.44092,21.819723
KE037,Kakamega,2006-11,214.33233622222224,61.583202
KE037,Kakamega,2006-12,194.837119,41.974655
KE037,Kakamega,2007-01,116.65109888888888,57.56147
KE037,Kakamega,2007-02,182.59051555555556,84.61872
KE037,Kakamega,2007-03,84.61716022222222,21.995079
KE037,Kakamega,2007-04,77.0955241111111,15.772621
KE037,Kakamega,2007-05,89.43900122222222,46.215717
KE037,Kakamega,2007-06,94.80370877777779,67.58126
KE037,Kakamega,2007-07,142.7746717777778,77.23496
KE037,Kakamega,2007-08,124.97787733333332,83.214
KE037,Kakamega,2007-09,160.83145666666667,97.72314
KE037,Kakamega,2007-10,82.51945277777777,41.52912
KE037,Kakamega,2007-11,65.74604455555556,30.679821
KE037,Kakamega,2007-12,61.517748,23.59709
KE037,Kakamega,2008-01,72.56867066666666,30.853424
KE037,Kakamega,2008-02,96.16504988888889,39.639057
KE037,Kakamega,2008-03,92.88874544444444,33.703777
KE037,Kakamega,2008-04,73.33785900000001,29.410604
KE037,Kakamega,2008-05,95.79926577777778,27.517757
KE037,Kakamega,2008-06,83.11714144444444,29.750765
KE037,Kakamega,2008-07,146.769716,89.05838
KE037,Kakamega,2008-08,139.76879622222225,113.437096
KE037,Kakamega,2008-09,109.08294111111111,68.53816
KE037,Kakamega,2008-10,127.19567944444445,67.66047
KE037,Kakamega,2008-11,97.30764588888889,17.732224
KE037,Kakamega,2008-12,41.44767588888889,31.352583
KE037,Kakamega,2009-01,93.48637033333334,33.259426
KE037,Kakamega,2009-02,56.72459855555556,26.613077
KE037,Kakamega,2009-03,57.08572544444444,30.25592
KE037,Kakamega,2009-04,115.12746444444444,79.30926
KE037,Kakamega,2009-05,87.49603922222222,29.162043
KE037,Kakamega,2009-06,66.941733,39.882095
KE037,Kakamega,2009-07,72.8958528888889,56.488228
KE037,Kakamega,2009-08,89.05200066666667,70.1178
KE037,Kakamega,2009-09,127.72459333333333,68.06873
KE037,Kakamega,2009-10,85.40784622222222,50.904827
KE037,Kakamega,2009-11,79.8055648888889,33.10097
KE037,Kakamega,2009-12,212.40038777777778,110.52892
KE037,Kakamega,2010-01,113.64492233333334,31.710535
KE037,Kakamega,2010-02,262.7768083333333,121.330345
KE037,Kakamega,2010-03,139.75471777777776,39.58383
KE037,Kakamega,2010-04,100.06794144444444,40.25599
KE037,Kakamega,2010-05,125.01842111111111,82.34491
KE037,Kakamega,2010-06,102.50602444444445,85.24673
KE037,Kakamega,2010-07,98.22047944444444,80.17661
KE037,Kakamega,2010-08,95.54772266666666,57.77461
KE037,Kakamega,2010-09,116.3404778888889,53.56583
KE037,Kakamega,2010-10,118.31669066666667,106.80797
KE037,Kakamega,2010-11,61.121013999999995,37.39042
KE037,Kakamega,2010-12,114.40135822222221,37.638096
KE037,Kakamega,2011-01,62.234255555555556,29.235264
KE037,Kakamega,2011-02,63.12190166666667,24.317724
KE037,Kakamega,2011-03,118.80857777777777,45.16579
KE037,Kakamega,2011-04,69.49159555555555,19.179062
KE037,Kakamega,2011-05,93.87935022222221,50.26096
KE037,Kakamega,2011-06,126.62483,112.07031
KE037,Kakamega,2011-07,106.33473266666667,64.30576
KE037,Kakamega,2011-08,154.46990333333332,91.010544
KE037,Kakamega,2011-09,107.97098211111111,90.50995
KE037,Kakamega,2011-10,120.21493666666667,63.87347
KE037,Kakamega,2011-11,180.3882221111111,34.72265
KE037,Kakamega,2011-12,90.16190944444445,34.44109
KE037,Kakamega,2012-01,37.37556844444444,28.199682
KE037,Kakamega,2012-02,48.09195522222222,26.537392
KE037,Kakamega,2012-03,50.74903177777778,14.530969
KE037,Kakamega,2012-04,135.29158877777778,71.866234
KE037,Kakamega,2012-05,118.33207377777778,91.85585
KE037,Kakamega,2012-06,146.79868166666668,77.77274
KE037,Kakamega,2012-07,100.81789111111111,67.85996
KE037,Kakamega,2012-08,115.85823555555557,96.47085
KE037,Kakamega,2012-09,187.62752444444445,131.34291
KE037,Kakamega,2012-10,131.29722988888886,83.30115
KE037,Kakamega,2012-11,133.52914055555556,69.4453
KE037,Kakamega,2012-12,182.20338788888887,39.2381
KE037,Kakamega,2013-01,105.78624777777776,33.185284
KE037,Kakamega,2013-02,60.14845455555556,27.860277
KE037,Kakamega,2013-03,145.47228288888888,72.71033
KE037,Kakamega,2013-04,135.61553944444444,78.116165
KE037,Kakamega,2013-05,77.39757144444444,29.98434
KE037,Kakamega,2013-06,85.02532888888888,64.74942
KE037,Kakamega,2013-07,84.91407,49.393276
KE037,Kakamega,2013-08,116.82179888888888,85.25223
KE037,Kakamega,2013-09,149.2994851111111,85.383156
KE037,Kakamega,2013-10,104.38818755555556,45.22826
KE037,Kakamega,2013-11,92.29050966666667,52.12416
KE037,Kakamega,2013-12,137.9210077777778,46.515198
KE037,Kakamega,2014-01,78.57745555555556,48.28646
KE037,Kakamega,2014-02,111.38832622222223,77.8279
KE037,Kakamega,2014-03,91.376446,15.146232
KE037,Kakamega,2014-04,60.005129,31.24058
KE037,Kakamega,2014-05,125.84269655555555,56.367428
KE037,Kakamega,2014-06,108.74438711111111,39.63676
KE037,Kakamega,2014-07,115.9845248888889,71.62236
KE037,Kakamega,2014-08,150.72828222222222,101.30848
KE037,Kakamega,2014-09,97.6885,56.857533
KE037,Kakamega,2014-10,138.96126188888888,63.465023
KE037,Kakamega,2014-11,88.96492533333334,51.459957
KE037,Kakamega,2014-12,94.47578277777778,47.631805
KE037,Kakamega,2015-01,32.92520844444444,23.129139
KE037,Kakamega,2015-02,56.23609833333333,23.640297
KE037,Kakamega,2015-03,48.909078666666666,9.762118
KE037,Kakamega,2015-04,127.17285022222222,76.10675
KE037,Kakamega,2015-05,115.23163444444445,67.40605
KE037,Kakamega,2015-06,125.96694677777776,59.22764
KE037,Kakamega,2015-07,85.47325144444444,51.897484
KE037,Kakamega,2015-08,50.976070444444446,33.177124
KE037,Kakamega,2015-09,114.19904166666667,61.121845
KE037,Kakamega,2015-10,130.64764622222222,42.544296
KE037,Kakamega,2015-11,128.535055,59.96306
KE037,Kakamega,2015-12,171.43105188888887,50.244522
KE037,Kakamega,2016-01,127.67664577777776,52.357872
KE037,Kakamega,2016-02,49.529181666666666,42.369884
KE037,Kakamega,2016-03,83.94189755555556,28.725315
KE037,Kakamega,2016-04,158.49856066666666,98.81894
KE037,Kakamega,2016-05,103.22419422222222,55.072803
KE037,Kakamega,2016-06,89.51752444444443,42.784264
KE037,Kakamega,2016-07,102.93846288888888,51.099003
KE037,Kakamega,2016-08,59.919229333333334,39.796146
KE037,Kakamega,2016-09,78.56426555555555,44.154377
KE037,Kakamega,2016-10,71.25019377777778,42.898
KE037,Kakamega,2016-11,74.66203833333333,33.55494
KE037,Kakamega,2016-12,36.93807588888889,21.660013
KE037,Kakamega,2017-01,94.6592001111111,23.757647
KE037,Kakamega,2017-02,185.86567155555556,55.116837
KE037,Kakamega,2017-03,69.1264288888889,33.976685
KE037,Kakamega,2017-04,77.47531377777779,36.54005
KE037,Kakamega,2017-05,117.295848,80.46925
KE037,Kakamega,2017-06,86.92317622222222,67.97326
KE037,Kakamega,2017-07,153.38048333333333,96.08042
KE037,Kakamega,2017-08,121.42101666666667,110.45797
KE037,Kakamega,2017-09,119.02283177777778,90.19633
KE037,Kakamega,2017-10,114.6608971111111,50.87065
KE037,Kakamega,2017-11,97.48916611111112,27.266193
KE037,Kakamega,2017-12,46.29370155555556,22.104588
KE037,Kakamega,2018-01,51.626871333333334,37.646835
KE037,Kakamega,2018-02,84.821526,31.303692
KE037,Kakamega,2018-03,162.43516722222225,42.862915
KE037,Kakamega,2018-04,158.15159,108.810005
KE037,Kakamega,2018-05,143.82835666666668,115.89141
KE037,Kakamega,2018-06,129.50681555555556,67.80334
KE037,Kakamega,2018-07,118.78072444444446,59.23765
KE037,Kakamega,2018-08,77.28214033333333,32.355915
KE037,Kakamega,2018-09,62.422920777777776,41.00303
KE037,Kakamega,2018-10,104.44132066666667,44.5107
KE037,Kakamega,2018-11,53.73646466666666,13.290083
KE037,Kakamega,2018-12,130.5461711111111,38.58779
KE037,Kakamega,2019-01,56.625549222222226,29.721186
KE037,Kakamega,2019-02,94.85871466666667,29.666254
KE037,Kakamega,2019-03,64.6097788888889,11.276931
KE037,Kakamega,2019-04,73.41217499999999,20.553013
KE037,Kakamega,2019-05,94.35866733333334,69.64109
KE037,Kakamega,2019-06,118.09559055555555,66.35357
KE037,Kakamega,2019-07,124.82512055555556,70.247765
KE037,Kakamega,2019-08,118.95401555555554,77.56306
KE037,Kakamega,2019-09,124.87573277777778,78.1033
KE037,Kakamega,2019-10,179.8260177777778,108.72112
KE037,Kakamega,2019-11,154.67297977777778,77.94127
KE037,Kakamega,2019-12,281.97937222222225,94.24498
KE037,Kakamega,2020-01,165.34924033333334,41.53736
KE037,Kakamega,2020-02,108.23217955555555,52.51695
KE037,Kakamega,2020-03,223.91986555555556,110.73907
KE037,Kakamega,2020-04,121.51387022222222,29.417837
KE037,Kakamega,2020-05,102.93770233333333,72.75836
KE037,Kakamega,2020-06,159.07502555555556,118.05577
KE037,Kakamega,2020-07,153.121933,106.165375
KE037,Kakamega,2020-08,162.67887122222223,75.201485
KE037,Kakamega,2020-09,163.2839211111111,129.43648
KE037,Kakamega,2020-10,151.78922722222222,106.124985
KE037,Kakamega,2020-11,196.59895222222224,116.87978
KE037,Kakamega,2020-12,70.70776622222223,40.396595
KE037,Kakamega,2021-01,98.51904933333333,54.248543
KE037,Kakamega,2021-02,123.13170999999998,64.19962
KE037,Kakamega,2021-03,68.342799,37.160576
KE037,Kakamega,2021-04,137.9795111111111,70.45573
KE037,Kakamega,2021-05,118.41993255555556,29.711723
KE037,Kakamega,2021-06,92.93723655555556,47.498974
KE037,Kakamega,2021-07,83.75861255555554,31.460518
KE037,Kakamega,2021-08,128.83029177777777,94.95834
KE037,Kakamega,2021-09,134.9333011111111,109.86824
KE037,Kakamega,2021-10,99.54425355555556,63.890957
KE037,Kakamega,2021-11,72.13027455555556,32.548416
KE037,Kakamega,2021-12,67.57108088888889,40.738506
KE037,Kakamega,2022-01,138.76175444444445,32.976364
KE037,Kakamega,2022-02,211.30447688888887,54.391617
KE037,Kakamega,2022-03,79.55485022222223,17.688185
KE037,Kakamega,2022-04,77.5249291111111,17.63055
KE037,Kakamega,2022-05,99.43785344444444,37.326897
KE037,Kakamega,2022-06,72.858968,58.722805
KE037,Kakamega,2022-07,105.85817933333334,68.87257
KE037,Kakamega,2022-08,171.39556444444443,93.366394
KE037,Kakamega,2022-09,120.76242333333332,94.965355
KE037,Kakamega,2022-10,81.444519,31.945478
KE037,Kakamega,2022-11,136.5904488888889,112.94649
KE037,Kakamega,2022-12,181.65676155555556,105.169914
KE037,Kakamega,2023-01,39.221654666666666,27.44181
KE037,Kakamega,2023-02,44.73416411111111,25.852707
KE037,Kakamega,2023-03,150.32176433333333,72.29084
KE037,Kakamega,2023-04,105.3134398888889,30.089611
KE037,Kakamega,2023-05,98.03743288888889,79.30585
KE037,Kakamega,2023-06,159.05789222222222,113.50466
KE037,Kakamega,2023-07,94.16697666666667,51.665314
KE037,Kakamega,2023-08,99.63705399999999,60.227566
KE037,Kakamega,2023-09,140.81064844444444,113.0417
KE037,Kakamega,2023-10,136.2831038888889,80.75432
KE037,Kakamega,2023-11,99.26839433333333,48.106834
KE037,Kakamega,2023-12,104.62115944444446,90.859215
KE037,Kakamega,2024-01,224.7460233333333,130.10136
KE037,Kakamega,2024-02,210.07058044444446,99.838844
KE037,Kakamega,2024-03,106.17641644444444,11.389138
KE037,Kakamega,2024-04,108.29691677777777,67.78708
KE037,Kakamega,2024-05,102.71262388888888,52.531315
KE037,Kakamega,2024-06,80.51600755555556,67.180244
KE037,Kakamega,2024-07,120.91239155555556,79.06132
KE037,Kakamega,2024-08,116.91450955555554,67.2295
KE037,Kakamega,2024-09,121.66608066666666,101.62813
KE037,Kakamega,2024-10,90.38391044444444,50.75659
KE037,Kakamega,2024-11,192.97398666666666,71.93081
KE037,Kakamega,2024-12,75.49777922222222,32.698803
KE037,Kakamega,2025-01,112.8034451111111,50.691128
KE037,Kakamega,2025-02,48.49803077777778,24.211533
KE037,Kakamega,2025-03,138.18242444444445,74.87765
KE037,Kakamega,2025-04,111.03186222222223,61.39038
KE037,Kakamega,2025-05,166.25613444444446,121.42484
KE037,Kakamega,2025-06,105.85447,71.315285
KE037,Kakamega,2025-07,220.5373011111111,81.64094
KE037,Kakamega,2025-08,80.48811266666667,59.10616
KE037,Kakamega,2025-09,105.85396444444444,88.61113
KE037,Kakamega,2025-10,159.1334538888889,75.80752
KE037,Kakamega,2025-11,49.90038911111112,12.684849
KE037,Kakamega,2025-12,175.19000277777778,31.274002
KE037,Kakamega,2026-01,47.75291055555555,35.608074
KE037,Kakamega,2026-02,450.17921666666666,213.94035
KE037,Kakamega,2026-03,218.12570444444447,139.30449
KE037,Kakamega,2026-04,78.27463366666667,28.77422
KE037,Kakamega,2026-05,130.95310833333335,118.717255
KE035,Kericho,2006-01,66.50624466666666,38.78355
KE035,Kericho,2006-02,86.26971533333334,31.324451
KE035,Kericho,2006-03,125.76152466666667,82.551674
KE035,Kericho,2006-04,122.44559666666667,94.32294
KE035,Kericho,2006-05,110.39093666666668,99.84522
KE035,Kericho,2006-06,93.64052500000001,74.36287
KE035,Kericho,2006-07,78.78088533333333,66.111626
KE035,Kericho,2006-08,78.46854,44.287945
KE035,Kericho,2006-09,84.23631266666668,69.229774
KE035,Kericho,2006-10,89.904815,35.12215
KE035,Kericho,2006-11,215.195078,122.466194
KE035,Kericho,2006-12,184.23040666666665,81.19896
KE035,Kericho,2007-01,165.04136666666668,68.02512
KE035,Kericho,2007-02,173.60595,86.06969
KE035,Kericho,2007-03,72.21331833333333,26.854935
KE035,Kericho,2007-04,84.00364166666667,23.50783
KE035,Kericho,2007-05,93.19903833333335,51.72008
KE035,Kericho,2007-06,123.36770833333333,90.72542
KE035,Kericho,2007-07,116.15290333333333,60.62892
KE035,Kericho,2007-08,123.473448,91.16405
KE035,Kericho,2007-09,143.92278000000002,114.78058
KE035,Kericho,2007-10,62.10452999999999,33.924026
KE035,Kericho,2007-11,57.27413833333333,46.658913
KE035,Kericho,2007-12,68.21140733333333,35.987167
KE035,Kericho,2008-01,66.57967333333333,33.42773
KE035,Kericho,2008-02,73.94750499999999,32.270435
KE035,Kericho,2008-03,113.55932333333334,32.42132
KE035,Kericho,2008-04,72.95312166666666,48.274242
KE035,Kericho,2008-05,73.280823,46.010468
KE035,Kericho,2008-06,79.018615,35.20688
KE035,Kericho,2008-07,99.99032,89.46208
KE035,Kericho,2008-08,100.56575333333335,96.10243
KE035,Kericho,2008-09,101.85208333333333,65.06703
KE035,Kericho,2008-10,133.64475000000002,77.60421
KE035,Kericho,2008-11,86.96143666666667,34.54102
KE035,Kericho,2008-12,52.34812433333334,49.30572
KE035,Kericho,2009-01,86.62954166666667,25.924215
KE035,Kericho,2009-02,49.62169433333333,25.931253
KE035,Kericho,2009-03,55.032701,40.499603
KE035,Kericho,2009-04,78.03697833333332,52.025692
KE035,Kericho,2009-05,102.89997799999999,32.119034
KE035,Kericho,2009-06,50.90910733333334,42.004128
KE035,Kericho,2009-07,57.43582266666666,39.19802
KE035,Kericho,2009-08,67.21664299999999,43.83897
KE035,Kericho,2009-09,114.94638666666667,80.78942
KE035,Kericho,2009-10,91.75141,48.1156
KE035,Kericho,2009-11,76.83826066666667,41.355236
KE035,Kericho,2009-12,215.77122999999997,118.82671
KE035,Kericho,2010-01,109.34010566666667,32.20887
KE035,Kericho,2010-02,243.85679166666668,123.806175
KE035,Kericho,2010-03,130.02256233333333,42.642807
KE035,Kericho,2010-04,113.03381333333333,69.26491
KE035,Kericho,2010-05,138.35923333333332,86.2917
KE035,Kericho,2010-06,95.50959999999999,81.95594
KE035,Kericho,2010-07,92.59803333333333,55.92945
KE035,Kericho,2010-08,115.82733,72.48798
KE035,Kericho,2010-09,108.65916800000001,69.485954
KE035,Kericho,2010-10,108.57840833333334,84.8973
KE035,Kericho,2010-11,58.895630000000004,47.06172
KE035,Kericho,2010-12,97.93332266666668,44.292458
KE035,Kericho,2011-01,66.36185066666667,36.897602
KE035,Kericho,2011-02,64.08557333333333,33.61237
KE035,Kericho,2011-03,96.80736333333334,39.12918
KE035,Kericho,2011-04,49.30375866666666,21.56662
KE035,Kericho,2011-05,89.53193133333332,41.921474
KE035,Kericho,2011-06,105.27864333333333,78.436
KE035,Kericho,2011-07,99.959345,66.981895
KE035,Kericho,2011-08,153.75841466666668,109.373604
KE035,Kericho,2011-09,126.78092166666666,112.266335
KE035,Kericho,2011-10,110.48510466666666,95.64453
KE035,Kericho,2011-11,158.40998533333334,57.612026
KE035,Kericho,2011-12,94.73662833333334,55.507595
KE035,Kericho,2012-01,34.33701966666666,34.011093
KE035,Kericho,2012-02,53.44768233333334,33.872677
KE035,Kericho,2012-03,63.597726,19.370972
KE035,Kericho,2012-04,158.82835666666668,120.54696
KE035,Kericho,2012-05,116.13390333333332,95.34128
KE035,Kericho,2012-06,136.69896,61.29929
KE035,Kericho,2012-07,115.991112,89.89905
KE035,Kericho,2012-08,118.49752333333333,100.88403
KE035,Kericho,2012-09,190.86865333333333,150.67229
KE035,Kericho,2012-10,143.69359,69.30818
KE035,Kericho,2012-11,112.60642466666665,50.46044
KE035,Kericho,2012-12,137.13530366666666,40.106125
KE035,Kericho,2013-01,96.15077666666666,46.07209
KE035,Kericho,2013-02,65.43491633333333,33.740173
KE035,Kericho,2013-03,154.44764666666666,111.7616
KE035,Kericho,2013-04,149.78880333333333,104.27364
KE035,Kericho,2013-05,83.20223800000001,49.021076
KE035,Kericho,2013-06,109.91989333333333,59.32294
KE035,Kericho,2013-07,96.95009966666667,80.544304
KE035,Kericho,2013-08,111.21940833333333,86.543915
KE035,Kericho,2013-09,145.22485666666668,114.31559
KE035,Kericho,2013-10,107.32964333333332,42.61898
KE035,Kericho,2013-11,113.30627499999999,80.127365
KE035,Kericho,2013-12,141.37027333333333,64.352
KE035,Kericho,2014-01,53.37198966666667,36.130047
KE035,Kericho,2014-02,161.40081,80.45243
KE035,Kericho,2014-03,99.13145666666667,24.27091
KE035,Kericho,2014-04,49.154549333333335,21.627504
KE035,Kericho,2014-05,100.78341,79.94381
KE035,Kericho,2014-06,91.60700833333334,49.77969
KE035,Kericho,2014-07,100.70672233333333,57.611977
KE035,Kericho,2014-08,151.63380533333333,116.012726
KE035,Kericho,2014-09,106.21304466666668,80.00288
KE035,Kericho,2014-10,104.96072666666667,52.27034
KE035,Kericho,2014-11,78.24510866666667,46.617912
KE035,Kericho,2014-12,84.466928,52.25166
KE035,Kericho,2015-01,31.046776000000005,27.402958
KE035,Kericho,2015-02,59.146008,27.843958
KE035,Kericho,2015-03,55.73339133333334,20.57124
KE035,Kericho,2015-04,135.75493833333334,108.271965
KE035,Kericho,2015-05,118.43196999999999,108.99584
KE035,Kericho,2015-06,120.54200833333334,59.38742
KE035,Kericho,2015-07,69.475051,63.384777
KE035,Kericho,2015-08,51.388887000000004,31.195349
KE035,Kericho,2015-09,105.56222333333334,90.08395
KE035,Kericho,2015-10,119.313062,54.23128
KE035,Kericho,2015-11,109.64191433333333,63.274853
KE035,Kericho,2015-12,139.96502,68.18621
KE035,Kericho,2016-01,145.23796133333335,67.65475
KE035,Kericho,2016-02,67.853544,49.655586
KE035,Kericho,2016-03,82.30872433333333,25.405645
KE035,Kericho,2016-04,153.96997,135.31384
KE035,Kericho,2016-05,125.22276333333333,59.08438
KE035,Kericho,2016-06,87.483129,57.674362
KE035,Kericho,2016-07,117.45156166666668,87.85763
KE035,Kericho,2016-08,71.15655733333334,36.22914
KE035,Kericho,2016-09,92.71056166666666,56.485355
KE035,Kericho,2016-10,77.145568,44.296356
KE035,Kericho,2016-11,87.33890333333333,67.19588
KE035,Kericho,2016-12,38.699438666666666,24.042984
KE035,Kericho,2017-01,52.81810033333333,25.554525
KE035,Kericho,2017-02,123.94283333333333,76.197975
KE035,Kericho,2017-03,57.97636966666666,31.591854
KE035,Kericho,2017-04,85.21183333333333,49.490166
KE035,Kericho,2017-05,109.10565333333334,78.88836
KE035,Kericho,2017-06,83.491176,57.981544
KE035,Kericho,2017-07,182.56723,117.70766
KE035,Kericho,2017-08,120.42743333333333,78.02117
KE035,Kericho,2017-09,131.55670466666666,93.209114
KE035,Kericho,2017-10,124.37543133333334,70.371544
KE035,Kericho,2017-11,107.18402666666668,47.22952
KE035,Kericho,2017-12,58.914809999999996,34.26593
KE035,Kericho,2018-01,44.51732766666667,31.608135
KE035,Kericho,2018-02,76.31005,33.624065
KE035,Kericho,2018-03,190.56119466666667,106.471924
KE035,Kericho,2018-04,175.68199,140.7754
KE035,Kericho,2018-05,150.86566666666667,114.78821
KE035,Kericho,2018-06,195.40818000000002,147.18149
KE035,Kericho,2018-07,106.803558,69.785484
KE035,Kericho,2018-08,89.10362966666666,44.393154
KE035,Kericho,2018-09,60.64073299999999,51.888107
KE035,Kericho,2018-10,129.87864533333334,91.526566
KE035,Kericho,2018-11,75.296485,39.74399
KE035,Kericho,2018-12,119.77283133333333,84.343704
KE035,Kericho,2019-01,40.42604166666666,34.86906
KE035,Kericho,2019-02,68.74704,33.0647
KE035,Kericho,2019-03,45.81985433333333,21.93821
KE035,Kericho,2019-04,72.66528799999999,26.269262
KE035,Kericho,2019-05,99.75988466666666,60.493134
KE035,Kericho,2019-06,152.23009,82.84883
KE035,Kericho,2019-07,114.78935533333333,102.501236
KE035,Kericho,2019-08,104.09449666666667,80.39631
KE035,Kericho,2019-09,113.553542,72.361336
KE035,Kericho,2019-10,175.57872666666665,142.33813
KE035,Kericho,2019-11,151.66147333333333,87.99244
KE035,Kericho,2019-12,225.47199,120.16332
KE035,Kericho,2020-01,170.01914,57.990646
KE035,Kericho,2020-02,116.10113333333334,65.75604
KE035,Kericho,2020-03,194.34512333333336,153.23405
KE035,Kericho,2020-04,143.93195466666668,41.213364
KE035,Kericho,2020-05,94.79895866666668,71.07763
KE035,Kericho,2020-06,136.10008666666667,109.00591
KE035,Kericho,2020-07,152.10726333333332,139.27377
KE035,Kericho,2020-08,135.09983,114.83482
KE035,Kericho,2020-09,136.73447,101.88707
KE035,Kericho,2020-10,185.11339333333333,138.0467
KE035,Kericho,2020-11,197.00601500000002,127.860245
KE035,Kericho,2020-12,87.52802133333334,48.27924
KE035,Kericho,2021-01,95.35185266666667,61.240154
KE035,Kericho,2021-02,152.87307333333334,142.20308
KE035,Kericho,2021-03,77.29425566666667,44.791187
KE035,Kericho,2021-04,136.49229666666665,83.2556
KE035,Kericho,2021-05,128.27639,63.77082
KE035,Kericho,2021-06,82.542388,52.52637
KE035,Kericho,2021-07,95.02811000000001,42.62722
KE035,Kericho,2021-08,129.25914666666668,86.94522
KE035,Kericho,2021-09,164.62987333333334,115.14815
KE035,Kericho,2021-10,95.22662000000001,67.23187
KE035,Kericho,2021-11,75.21402833333333,41.34852
KE035,Kericho,2021-12,75.858178,49.771244
KE035,Kericho,2022-01,132.38708133333333,74.489044
KE035,Kericho,2022-02,252.73113333333336,144.9999
KE035,Kericho,2022-03,77.68070666666667,23.261126
KE035,Kericho,2022-04,83.46842133333332,29.054142
KE035,Kericho,2022-05,112.63328333333334,76.87857
KE035,Kericho,2022-06,85.74909466666668,76.926384
KE035,Kericho,2022-07,81.69781,75.0169
KE035,Kericho,2022-08,182.33308666666667,131.80035
KE035,Kericho,2022-09,142.05447,134.16872
KE035,Kericho,2022-10,85.97724766666666,35.254223
KE035,Kericho,2022-11,186.32674166666666,112.417755
KE035,Kericho,2022-12,195.97686666666667,118.01429
KE035,Kericho,2023-01,33.177336333333336,24.35305
KE035,Kericho,2023-02,33.33780633333333,24.827793
KE035,Kericho,2023-03,157.01165333333333,70.57678
KE035,Kericho,2023-04,118.88753000000001,58.97011
KE035,Kericho,2023-05,104.58428833333333,82.85126
KE035,Kericho,2023-06,127.29325666666666,75.862
KE035,Kericho,2023-07,72.390362,50.386726
KE035,Kericho,2023-08,71.805031,39.44321
KE035,Kericho,2023-09,179.05472666666665,146.46487
KE035,Kericho,2023-10,147.84589000000003,80.62536
KE035,Kericho,2023-11,137.33279666666667,112.78701
KE035,Kericho,2023-12,100.335673,85.889885
KE035,Kericho,2024-01,241.84296666666668,162.50298
KE035,Kericho,2024-02,162.09743333333333,105.84433
KE035,Kericho,2024-03,100.99924800000001,24.972214
KE035,Kericho,2024-04,115.19565166666666,106.034615
KE035,Kericho,2024-05,113.55401,79.96634
KE035,Kericho,2024-06,69.70518,55.0438
KE035,Kericho,2024-07,132.93188333333333,93.32212
KE035,Kericho,2024-08,122.21005000000001,70.92216
KE035,Kericho,2024-09,97.78918800000001,87.161644
KE035,Kericho,2024-10,103.71884166666666,78.237495
KE035,Kericho,2024-11,170.20914733333333,59.390842
KE035,Kericho,2024-12,93.51573966666666,51.866425
KE035,Kericho,2025-01,87.83355333333334,37.10721
KE035,Kericho,2025-02,42.700938666666666,34.507
KE035,Kericho,2025-03,158.00996999999998,94.81163
KE035,Kericho,2025-04,121.484765,86.330475
KE035,Kericho,2025-05,162.05659,148.02591
KE035,Kericho,2025-06,93.52106466666667,77.572044
KE035,Kericho,2025-07,166.29330333333334,101.14892
KE035,Kericho,2025-08,78.04137833333333,64.75398
KE035,Kericho,2025-09,107.27819866666668,93.17268
KE035,Kericho,2025-10,157.89727666666667,86.77841
KE035,Kericho,2025-11,64.671,30.14367
KE035,Kericho,2025-12,159.05528666666666,32.49669
KE035,Kericho,2026-01,37.889180333333336,34.046673
KE035,Kericho,2026-02,307.89162,248.27795
KE035,Kericho,2026-03,214.91916333333333,158.96664
KE035,Kericho,2026-04,95.43361499999999,69.89127
KE035,Kericho,2026-05,195.89275,195.89275
KE022,Kiambu,2006-01,40.50908966666666,37.007095
KE022,Kiambu,2006-02,86.02196766666668,41.23999
KE022,Kiambu,2006-03,119.30407466666666,35.431747
KE022,Kiambu,2006-04,126.66710366666666,90.091415
KE022,Kiambu,2006-05,84.29991666666668,45.850845
KE022,Kiambu,2006-06,58.841973333333335,40.75369
KE022,Kiambu,2006-07,76.65323,75.14196
KE022,Kiambu,2006-08,129.79351333333332,81.38958
KE022,Kiambu,2006-09,109.60713300000002,90.741615
KE022,Kiambu,2006-10,67.79051666666668,66.11586
KE022,Kiambu,2006-11,178.38922,111.17139
KE022,Kiambu,2006-12,171.95500833333335,63.997715
KE022,Kiambu,2007-01,82.45993333333332,70.33144
KE022,Kiambu,2007-02,179.90099333333333,128.10585
KE022,Kiambu,2007-03,47.698273333333326,28.82107
KE022,Kiambu,2007-04,103.003762,53.388756
KE022,Kiambu,2007-05,78.41427666666668,42.73913
KE022,Kiambu,2007-06,103.55385000000001,91.51387
KE022,Kiambu,2007-07,144.810348,88.241684
KE022,Kiambu,2007-08,101.77366133333334,71.96401
KE022,Kiambu,2007-09,156.24870333333334,78.08441
KE022,Kiambu,2007-10,71.61483233333333,61.633797
KE022,Kiambu,2007-11,56.86740766666667,46.91606
KE022,Kiambu,2007-12,52.43084866666667,43.2192
KE022,Kiambu,2008-01,73.91443366666667,31.707537
KE022,Kiambu,2008-02,76.87768,48.31503
KE022,Kiambu,2008-03,147.54538,45.21926
KE022,Kiambu,2008-04,53.85750033333333,27.843758
KE022,Kiambu,2008-05,51.85500833333333,32.451813
KE022,Kiambu,2008-06,60.91082766666667,42.629383
KE022,Kiambu,2008-07,113.35439000000001,92.80591
KE022,Kiambu,2008-08,61.09707433333333,51.916893
KE022,Kiambu,2008-09,119.79884,91.3961
KE022,Kiambu,2008-10,142.39368666666667,108.26399
KE022,Kiambu,2008-11,75.166306,49.799564
KE022,Kiambu,2008-12,29.477851333333334,26.245802
KE022,Kiambu,2009-01,77.83885733333334,36.91727
KE022,Kiambu,2009-02,82.58672666666666,52.4111
KE022,Kiambu,2009-03,42.311447333333334,37.144394
KE022,Kiambu,2009-04,55.145935,44.91207
KE022,Kiambu,2009-05,95.578465,45.233025
KE022,Kiambu,2009-06,84.21406666666667,66.03926
KE022,Kiambu,2009-07,81.72413166666666,73.16634
KE022,Kiambu,2009-08,57.74204366666667,47.419147
KE022,Kiambu,2009-09,66.95680066666667,58.116882
KE022,Kiambu,2009-10,134.72619666666665,84.93929
KE022,Kiambu,2009-11,63.98356666666667,44.63273
KE022,Kiambu,2009-12,119.61781666666667,73.33757
KE022,Kiambu,2010-01,147.53953833333333,46.651695
KE022,Kiambu,2010-02,192.79008,109.01135
KE022,Kiambu,2010-03,164.25066333333334,45.11329
KE022,Kiambu,2010-04,83.77938999999999,68.08296
KE022,Kiambu,2010-05,133.60205666666667,86.35465
KE022,Kiambu,2010-06,116.86275333333333,103.84518
KE022,Kiambu,2010-07,76.31785333333333,70.59938
KE022,Kiambu,2010-08,90.75232866666666,80.56244
KE022,Kiambu,2010-09,101.36237999999999,90.60527
KE022,Kiambu,2010-10,114.64088,83.3869
KE022,Kiambu,2010-11,73.15284,62.14856
KE022,Kiambu,2010-12,80.91964833333333,38.015755
KE022,Kiambu,2011-01,42.817191333333334,34.33171
KE022,Kiambu,2011-02,125.10097066666667,52.498512
KE022,Kiambu,2011-03,91.75312966666667,27.889357
KE022,Kiambu,2011-04,34.203702666666665,21.866978
KE022,Kiambu,2011-05,53.18705,41.72973
KE022,Kiambu,2011-06,191.43268999999998,116.37821
KE022,Kiambu,2011-07,92.750692,77.15714
KE022,Kiambu,2011-08,183.78150000000002,80.95952
KE022,Kiambu,2011-09,139.31746333333334,101.93093
KE022,Kiambu,2011-10,160.62180666666669,74.99738
KE022,Kiambu,2011-11,141.38436,77.52428
KE022,Kiambu,2011-12,114.42131433333333,38.811573
KE022,Kiambu,2012-01,35.040944333333336,28.32135
KE022,Kiambu,2012-02,62.707968,37.050827
KE022,Kiambu,2012-03,32.905388333333335,18.511429
KE022,Kiambu,2012-04,192.01634133333332,80.715294
KE022,Kiambu,2012-05,156.12783000000002,80.03795
KE022,Kiambu,2012-06,128.76625433333334,52.663273
KE022,Kiambu,2012-07,118.67247666666667,103.34386
KE022,Kiambu,2012-08,125.03429333333334,97.27992
KE022,Kiambu,2012-09,86.490095,74.08095
KE022,Kiambu,2012-10,177.43039,156.90096
KE022,Kiambu,2012-11,118.75621000000001,84.26377
KE022,Kiambu,2012-12,175.80465866666668,104.493286
KE022,Kiambu,2013-01,77.937867,31.128511
KE022,Kiambu,2013-02,48.082710999999996,29.975796
KE022,Kiambu,2013-03,157.92986133333332,59.257114
KE022,Kiambu,2013-04,210.47542133333334,110.823654
KE022,Kiambu,2013-05,41.780521,28.960356
KE022,Kiambu,2013-06,105.70670666666666,51.07
KE022,Kiambu,2013-07,83.99522866666666,81.388016
KE022,Kiambu,2013-08,134.84346333333335,76.99734
KE022,Kiambu,2013-09,131.81893166666666,105.360115
KE022,Kiambu,2013-10,55.307373000000005,38.172997
KE022,Kiambu,2013-11,75.75898600000001,46.207863
KE022,Kiambu,2013-12,177.32512666666665,31.40432
KE022,Kiambu,2014-01,40.481979333333335,33.773468
KE022,Kiambu,2014-02,158.54608666666667,56.94235
KE022,Kiambu,2014-03,151.49080433333333,26.647068
KE022,Kiambu,2014-04,38.86973366666667,27.757555
KE022,Kiambu,2014-05,58.093376666666664,50.77917
KE022,Kiambu,2014-06,168.28251,132.24078
KE022,Kiambu,2014-07,87.961772,82.71294
KE022,Kiambu,2014-08,135.75327366666667,72.057236
KE022,Kiambu,2014-09,119.7176,69.80519
KE022,Kiambu,2014-10,112.32352633333335,73.598465
KE022,Kiambu,2014-11,85.58988333333333,60.22833
KE022,Kiambu,2014-12,121.76187133333333,61.240204
KE022,Kiambu,2015-01,34.51197533333333,31.86771
KE022,Kiambu,2015-02,78.36543233333333,39.34426
KE022,Kiambu,2015-03,58.345425,41.146545
KE022,Kiambu,2015-04,125.68696999999999,104.96724
KE022,Kiambu,2015-05,95.11312500000001,67.70926
KE022,Kiambu,2015-06,94.57821833333333,59.54892
KE022,Kiambu,2015-07,110.69564466666668,102.776024
KE022,Kiambu,2015-08,76.330646,55.258083
KE022,Kiambu,2015-09,65.90103333333333,63.14935
KE022,Kiambu,2015-10,114.51358499999999,102.47894
KE022,Kiambu,2015-11,151.5728533333333,115.17662
KE022,Kiambu,2015-12,135.52719566666664,39.974697
KE022,Kiambu,2016-01,173.09809333333337,83.17614
KE022,Kiambu,2016-02,76.800542,49.24595
KE022,Kiambu,2016-03,71.955421,28.775692
KE022,Kiambu,2016-04,104.41651933333333,55.765488
KE022,Kiambu,2016-05,99.12860866666665,45.583496
KE022,Kiambu,2016-06,90.80481333333334,73.91934
KE022,Kiambu,2016-07,69.31186966666667,61.840843
KE022,Kiambu,2016-08,87.89140666666667,73.11828
KE022,Kiambu,2016-09,78.04108000000001,71.30972
KE022,Kiambu,2016-10,81.74958500000001,62.19919
KE022,Kiambu,2016-11,117.25814666666668,75.79339
KE022,Kiambu,2016-12,37.79224,33.118393
KE022,Kiambu,2017-01,56.175391999999995,37.546036
KE022,Kiambu,2017-02,89.37865099999999,53.9206
KE022,Kiambu,2017-03,43.856929,35.297283
KE022,Kiambu,2017-04,46.2919,43.39347
KE022,Kiambu,2017-05,86.526393,50.235565
KE022,Kiambu,2017-06,82.20345233333335,57.720177
KE022,Kiambu,2017-07,124.12058000000002,105.04732
KE022,Kiambu,2017-08,137.84985666666668,100.24813
KE022,Kiambu,2017-09,105.11352866666665,67.92251
KE022,Kiambu,2017-10,116.8555,56.53649
KE022,Kiambu,2017-11,88.713579,60.874557
KE022,Kiambu,2017-12,32.91220833333333,26.69061
KE022,Kiambu,2018-01,87.28020533333331,62.33915
KE022,Kiambu,2018-02,79.71750666666667,53.6213
KE022,Kiambu,2018-03,255.48480866666668,36.517586
KE022,Kiambu,2018-04,198.76513999999997,83.96229
KE022,Kiambu,2018-05,229.63540333333333,111.8422
KE022,Kiambu,2018-06,157.46749333333332,133.81195
KE022,Kiambu,2018-07,138.82068333333333,128.23299
KE022,Kiambu,2018-08,157.97354833333333,83.30021
KE022,Kiambu,2018-09,104.44750166666665,91.53361
KE022,Kiambu,2018-10,81.162781,46.746033
KE022,Kiambu,2018-11,73.11037733333333,62.889908
KE022,Kiambu,2018-12,170.60714099999998,53.993393
KE022,Kiambu,2019-01,44.85145466666666,39.76242
KE022,Kiambu,2019-02,71.71890566666667,63.582207
KE022,Kiambu,2019-03,30.868024000000002,26.758703
KE022,Kiambu,2019-04,70.99643533333334,29.19428
KE022,Kiambu,2019-05,56.01688766666666,47.009926
KE022,Kiambu,2019-06,141.54868333333332,65.877
KE022,Kiambu,2019-07,175.73254666666665,155.50095
KE022,Kiambu,2019-08,141.33975333333333,64.84698
KE022,Kiambu,2019-09,152.82537166666665,110.657265
KE022,Kiambu,2019-10,274.55961,223.07527
KE022,Kiambu,2019-11,167.81088333333332,44.36781
KE022,Kiambu,2019-12,267.59439000000003,72.5084
KE022,Kiambu,2020-01,176.66668333333334,88.02659
KE022,Kiambu,2020-02,152.50519333333332,46.63936
KE022,Kiambu,2020-03,165.52622499999998,52.643375
KE022,Kiambu,2020-04,194.3461,65.28485
KE022,Kiambu,2020-05,84.83248833333333,77.809525
KE022,Kiambu,2020-06,178.80433333333335,91.56791
KE022,Kiambu,2020-07,105.93349466666666,88.446785
KE022,Kiambu,2020-08,96.55257466666666,62.3474
KE022,Kiambu,2020-09,137.86203333333333,74.26662
KE022,Kiambu,2020-10,96.62839133333334,86.220764
KE022,Kiambu,2020-11,85.60311333333334,68.24155
KE022,Kiambu,2020-12,68.313235,45.842667
KE022,Kiambu,2021-01,96.33774866666666,47.062366
KE022,Kiambu,2021-02,151.07771333333332,113.01434
KE022,Kiambu,2021-03,58.13275166666667,41.86509
KE022,Kiambu,2021-04,65.09806833333333,44.85037
KE022,Kiambu,2021-05,127.21138,75.03676
KE022,Kiambu,2021-06,55.469636333333334,39.645325
KE022,Kiambu,2021-07,186.4071,115.95158
KE022,Kiambu,2021-08,99.04606366666667,62.325977
KE022,Kiambu,2021-09,75.81710500000001,66.233765
KE022,Kiambu,2021-10,92.49976,51.9106
KE022,Kiambu,2021-11,85.74086,48.59147
KE022,Kiambu,2021-12,98.37239666666666,87.69598
KE022,Kiambu,2022-01,85.00985533333333,31.617716
KE022,Kiambu,2022-02,121.88177,55.85552
KE022,Kiambu,2022-03,43.646836,34.826653
KE022,Kiambu,2022-04,73.14317766666666,31.924063
KE022,Kiambu,2022-05,54.303030666666665,30.144957
KE022,Kiambu,2022-06,59.784536,41.094723
KE022,Kiambu,2022-07,87.95606,69.75072
KE022,Kiambu,2022-08,79.997733,78.646385
KE022,Kiambu,2022-09,92.00271,66.88311
KE022,Kiambu,2022-10,64.66194,50.62452
KE022,Kiambu,2022-11,122.368172,65.31199
KE022,Kiambu,2022-12,46.60867933333333,43.603024
KE022,Kiambu,2023-01,61.44372466666667,46.487434
KE022,Kiambu,2023-02,39.74261533333333,31.651459
KE022,Kiambu,2023-03,117.24368633333334,36.958054
KE022,Kiambu,2023-04,85.21932666666666,37.84739
KE022,Kiambu,2023-05,55.173019333333336,42.24136
KE022,Kiambu,2023-06,78.87056333333334,49.45008
KE022,Kiambu,2023-07,72.93572866666666,65.97555
KE022,Kiambu,2023-08,55.964542333333334,48.57571
KE022,Kiambu,2023-09,156.87629666666666,119.31818
KE022,Kiambu,2023-10,105.65328666666666,68.27881
KE022,Kiambu,2023-11,167.87285,119.09118
KE022,Kiambu,2023-12,83.00623666666667,49.218464
KE022,Kiambu,2024-01,216.83753666666667,82.61957
KE022,Kiambu,2024-02,102.655626,53.993668
KE022,Kiambu,2024-03,119.70565766666668,63.804043
KE022,Kiambu,2024-04,296.83477666666664,175.42432
KE022,Kiambu,2024-05,218.50671333333335,170.69218
KE022,Kiambu,2024-06,111.34030666666666,80.87077
KE022,Kiambu,2024-07,213.01831333333334,131.49316
KE022,Kiambu,2024-08,65.092091,46.77661
KE022,Kiambu,2024-09,124.10261000000001,79.33206
KE022,Kiambu,2024-10,68.85974166666666,58.340965
KE022,Kiambu,2024-11,165.10653666666667,83.03949
KE022,Kiambu,2024-12,103.51592833333332,48.080505
KE022,Kiambu,2025-01,166.10698166666666,40.409573
KE022,Kiambu,2025-02,36.944041666666664,28.579409
KE022,Kiambu,2025-03,148.06597133333332,113.411224
KE022,Kiambu,2025-04,127.14452666666666,104.94881
KE022,Kiambu,2025-05,103.77596166666667,65.45665
KE022,Kiambu,2025-06,102.50373499999999,44.07878
KE022,Kiambu,2025-07,75.82090699999999,59.144287
KE022,Kiambu,2025-08,147.32233,76.59028
KE022,Kiambu,2025-09,97.18476333333332,85.57167
KE022,Kiambu,2025-10,165.11090766666666,55.771263
KE022,Kiambu,2025-11,36.467975333333335,32.655994
KE022,Kiambu,2025-12,126.18897333333332,33.21567
KE022,Kiambu,2026-01,35.194862,32.336296
KE022,Kiambu,2026-02,405.5956283333333,60.319965
KE022,Kiambu,2026-03,262.92737,89.29583
KE022,Kiambu,2026-04,114.959356,40.228348
KE022,Kiambu,2026-05,177.47182,177.47182
KE003,Kilifi,2006-01,64.77977516666667,50.49682
KE003,Kilifi,2006-02,83.61789316666666,77.640945
KE003,Kilifi,2006-03,86.49797716666666,45.55762
KE003,Kilifi,2006-04,150.78404333333333,88.73665
KE003,Kilifi,2006-05,79.4981465,30.382105
KE003,Kilifi,2006-06,123.70380666666667,73.13817
KE003,Kilifi,2006-07,90.44319250000001,71.45554
KE003,Kilifi,2006-08,121.17526183333332,107.290825
KE003,Kilifi,2006-09,179.39161000000001,74.70763
KE003,Kilifi,2006-10,196.315289,76.638504
KE003,Kilifi,2006-11,174.91693583333333,91.27837
KE003,Kilifi,2006-12,143.18814433333333,41.428116
KE003,Kilifi,2007-01,81.06099416666667,61.87509
KE003,Kilifi,2007-02,84.451276,76.55859
KE003,Kilifi,2007-03,64.97610333333334,42.949844
KE003,Kilifi,2007-04,84.346906,37.246017
KE003,Kilifi,2007-05,190.07511799999997,56.042408
KE003,Kilifi,2007-06,113.02331016666666,66.570625
KE003,Kilifi,2007-07,85.80611983333334,71.56515
KE003,Kilifi,2007-08,161.49268166666667,141.42639
KE003,Kilifi,2007-09,222.9132033333333,99.64788
KE003,Kilifi,2007-10,81.62223999999999,42.54456
KE003,Kilifi,2007-11,66.57329233333333,30.397675
KE003,Kilifi,2007-12,74.74686116666666,56.22332
KE003,Kilifi,2008-01,124.786547,51.7707
KE003,Kilifi,2008-02,87.86226433333333,76.48544
KE003,Kilifi,2008-03,168.628465,62.07265
KE003,Kilifi,2008-04,68.92388,46.232914
KE003,Kilifi,2008-05,93.33779516666668,42.069836
KE003,Kilifi,2008-06,130.40615833333334,100.22894
KE003,Kilifi,2008-07,102.0017325,82.657715
KE003,Kilifi,2008-08,101.28804666666667,93.95532
KE003,Kilifi,2008-09,85.901819,72.17022
KE003,Kilifi,2008-10,58.11775,46.312542
KE003,Kilifi,2008-11,93.41529200000001,40.627277
KE003,Kilifi,2008-12,51.184994499999995,33.814766
KE003,Kilifi,2009-01,67.8656965,49.273884
KE003,Kilifi,2009-02,97.80933750000001,86.37292
KE003,Kilifi,2009-03,61.21379983333333,45.63205
KE003,Kilifi,2009-04,56.542487666666666,31.414366
KE003,Kilifi,2009-05,51.23642733333333,23.653557
KE003,Kilifi,2009-06,162.07506166666667,98.7332
KE003,Kilifi,2009-07,66.54800883333333,56.212044
KE003,Kilifi,2009-08,81.86228983333334,71.58862
KE003,Kilifi,2009-09,58.6022795,44.341213
KE003,Kilifi,2009-10,236.1872425,65.989815
KE003,Kilifi,2009-11,37.62297616666667,28.145996
KE003,Kilifi,2009-12,104.99568666666669,72.86367
KE003,Kilifi,2010-01,74.85750766666666,59.991306
KE003,Kilifi,2010-02,93.30159900000001,85.36175
KE003,Kilifi,2010-03,110.212801,39.953583
KE003,Kilifi,2010-04,123.31688416666667,93.37849
KE003,Kilifi,2010-05,117.32873883333333,40.981537
KE003,Kilifi,2010-06,93.85674766666666,82.10101
KE003,Kilifi,2010-07,83.93153,65.73804
KE003,Kilifi,2010-08,80.55340016666666,74.241425
KE003,Kilifi,2010-09,96.09020016666666,67.112785
KE003,Kilifi,2010-10,36.431061,25.710255
KE003,Kilifi,2010-11,100.41146099999999,55.11023
KE003,Kilifi,2010-12,53.60027333333333,35.948586
KE003,Kilifi,2011-01,63.262356166666656,48.688595
KE003,Kilifi,2011-02,134.586612,99.635086
KE003,Kilifi,2011-03,63.88031,44.666607
KE003,Kilifi,2011-04,62.78661433333334,30.42966
KE003,Kilifi,2011-05,75.796248,59.634964
KE003,Kilifi,2011-06,64.2664625,57.20042
KE003,Kilifi,2011-07,79.70854266666667,62.971516
KE003,Kilifi,2011-08,79.019182,69.16426
KE003,Kilifi,2011-09,104.40072350000001,101.90406
KE003,Kilifi,2011-10,113.36327733333333,57.62537
KE003,Kilifi,2011-11,111.87788833333333,77.74194
KE003,Kilifi,2011-12,71.4176865,57.47725
KE003,Kilifi,2012-01,68.750101,49.630577
KE003,Kilifi,2012-02,89.431851,81.39312
KE003,Kilifi,2012-03,50.33712516666666,22.028667
KE003,Kilifi,2012-04,59.484637666666664,39.313152
KE003,Kilifi,2012-05,95.43219866666668,31.622732
KE003,Kilifi,2012-06,60.19442,41.17382
KE003,Kilifi,2012-07,74.09811333333333,65.37077
KE003,Kilifi,2012-08,118.24020133333333,89.83212
KE003,Kilifi,2012-09,77.788735,45.77053
KE003,Kilifi,2012-10,126.82331533333333,24.360332
KE003,Kilifi,2012-11,128.24988833333333,47.050125
KE003,Kilifi,2012-12,113.7055775,55.100285
KE003,Kilifi,2013-01,68.972551,58.3949
KE003,Kilifi,2013-02,80.334345,74.82683
KE003,Kilifi,2013-03,209.06490599999998,93.444466
KE003,Kilifi,2013-04,76.52168916666666,39.315994
KE003,Kilifi,2013-05,104.3060555,55.336952
KE003,Kilifi,2013-06,75.5032,59.50633
KE003,Kilifi,2013-07,71.422364,58.263374
KE003,Kilifi,2013-08,108.383821,81.43428
KE003,Kilifi,2013-09,131.24813066666667,73.24104
KE003,Kilifi,2013-10,114.13602250000001,20.266455
KE003,Kilifi,2013-11,77.15617633333333,35.39853
KE003,Kilifi,2013-12,98.67161266666666,42.73985
KE003,Kilifi,2014-01,64.33505316666667,54.420383
KE003,Kilifi,2014-02,98.934911,79.1766
KE003,Kilifi,2014-03,174.42870833333333,120.08258
KE003,Kilifi,2014-04,66.60605083333333,31.378342
KE003,Kilifi,2014-05,102.65454083333333,49.636425
KE003,Kilifi,2014-06,98.74668000000001,74.4952
KE003,Kilifi,2014-07,98.57706,78.30601
KE003,Kilifi,2014-08,94.60354666666666,80.18073
KE003,Kilifi,2014-09,104.543098,59.131138
KE003,Kilifi,2014-10,71.53020583333334,32.94512
KE003,Kilifi,2014-11,123.61146983333333,43.900246
KE003,Kilifi,2014-12,169.016334,71.79676
KE003,Kilifi,2015-01,68.32391983333333,54.87898
KE003,Kilifi,2015-02,82.74962166666667,76.91036
KE003,Kilifi,2015-03,133.14092366666668,48.74092
KE003,Kilifi,2015-04,110.47771216666666,55.735535
KE003,Kilifi,2015-05,148.15731283333335,63.000763
KE003,Kilifi,2015-06,85.61657633333334,60.0546
KE003,Kilifi,2015-07,125.699681,100.00716
KE003,Kilifi,2015-08,103.395219,93.64369
KE003,Kilifi,2015-09,67.6711025,58.841385
KE003,Kilifi,2015-10,115.580608,32.972748
KE003,Kilifi,2015-11,160.50904733333334,73.98323
KE003,Kilifi,2015-12,75.50395283333334,50.37548
KE003,Kilifi,2016-01,99.8445,84.38754
KE003,Kilifi,2016-02,100.96871416666666,84.495865
KE003,Kilifi,2016-03,59.592255333333334,24.105211
KE003,Kilifi,2016-04,100.30477566666667,64.806114
KE003,Kilifi,2016-05,58.229670999999996,46.165344
KE003,Kilifi,2016-06,81.89129833333332,68.1762
KE003,Kilifi,2016-07,78.76273766666667,63.893692
KE003,Kilifi,2016-08,109.13103483333333,101.48146
KE003,Kilifi,2016-09,68.75621883333334,52.36487
KE003,Kilifi,2016-10,50.56717883333334,21.651669
KE003,Kilifi,2016-11,64.13427783333334,33.44146
KE003,Kilifi,2016-12,74.18510766666667,56.408154
KE003,Kilifi,2017-01,94.23844683333334,71.632126
KE003,Kilifi,2017-02,116.2256,92.14451
KE003,Kilifi,2017-03,65.08597033333334,47.71936
KE003,Kilifi,2017-04,86.10579233333333,60.34122
KE003,Kilifi,2017-05,138.70290333333332,88.55144
KE003,Kilifi,2017-06,86.21848066666666,80.61748
KE003,Kilifi,2017-07,77.1974175,68.13571
KE003,Kilifi,2017-08,118.81945400000001,106.7223
KE003,Kilifi,2017-09,127.0212525,62.98077
KE003,Kilifi,2017-10,56.64262216666666,30.271479
KE003,Kilifi,2017-11,131.66069683333333,74.94651
KE003,Kilifi,2017-12,66.58919833333333,35.42141
KE003,Kilifi,2018-01,64.37725833333333,50.620686
KE003,Kilifi,2018-02,96.98448666666667,84.48808
KE003,Kilifi,2018-03,189.32202600000002,85.46708
KE003,Kilifi,2018-04,168.90145333333334,97.47759
KE003,Kilifi,2018-05,128.26907666666668,64.01915
KE003,Kilifi,2018-06,124.63588666666665,82.1884
KE003,Kilifi,2018-07,182.36629833333333,161.26314
KE003,Kilifi,2018-08,105.87964099999999,84.65847
KE003,Kilifi,2018-09,146.06348583333332,72.09359
KE003,Kilifi,2018-10,155.02638583333334,58.36632
KE003,Kilifi,2018-11,60.605934,28.630226
KE003,Kilifi,2018-12,135.919071,54.24046
KE003,Kilifi,2019-01,120.48192233333333,87.66846
KE003,Kilifi,2019-02,87.37037166666666,81.60958
KE003,Kilifi,2019-03,41.25140316666667,38.32009
KE003,Kilifi,2019-04,53.109417,43.251
KE003,Kilifi,2019-05,151.56154899999999,69.52575
KE003,Kilifi,2019-06,86.61392283333333,55.91592
KE003,Kilifi,2019-07,134.09715500000001,105.98238
KE003,Kilifi,2019-08,96.78374016666668,74.24395
KE003,Kilifi,2019-09,140.99856916666667,82.787735
KE003,Kilifi,2019-10,321.39738500000004,156.4055
KE003,Kilifi,2019-11,153.17371166666666,64.54209
KE003,Kilifi,2019-12,190.85098166666668,105.53212
KE003,Kilifi,2020-01,194.0151,109.50319
KE003,Kilifi,2020-02,104.3947895,95.30322
KE003,Kilifi,2020-03,130.08265666666668,87.82076
KE003,Kilifi,2020-04,232.04405666666665,160.21204
KE003,Kilifi,2020-05,72.39772833333333,40.06871
KE003,Kilifi,2020-06,122.70816066666667,79.443954
KE003,Kilifi,2020-07,154.50066333333334,127.41665
KE003,Kilifi,2020-08,74.5353825,63.23416
KE003,Kilifi,2020-09,107.67833333333333,89.49454
KE003,Kilifi,2020-10,44.83900583333334,30.165873
KE003,Kilifi,2020-11,128.67878483333334,69.096375
KE003,Kilifi,2020-12,78.33270566666666,43.89393
KE003,Kilifi,2021-01,84.98932016666667,55.450905
KE003,Kilifi,2021-02,116.01681,87.38214
KE003,Kilifi,2021-03,39.478209666666665,33.56042
KE003,Kilifi,2021-04,61.256377333333326,34.19769
KE003,Kilifi,2021-05,55.824824166666666,30.663586
KE003,Kilifi,2021-06,78.083578,56.991226
KE003,Kilifi,2021-07,125.56432666666667,106.3306
KE003,Kilifi,2021-08,104.11169583333333,102.47661
KE003,Kilifi,2021-09,81.22847816666666,55.450882
KE003,Kilifi,2021-10,43.666446,25.869068
KE003,Kilifi,2021-11,47.824221333333334,27.935362
KE003,Kilifi,2021-12,246.00359333333333,134.14984
KE003,Kilifi,2022-01,74.53945716666666,53.132397
KE003,Kilifi,2022-02,103.93762483333335,89.76333
KE003,Kilifi,2022-03,50.02386416666667,46.916
KE003,Kilifi,2022-04,85.376269,42.258083
KE003,Kilifi,2022-05,76.96053450000001,34.824192
KE003,Kilifi,2022-06,98.50332300000001,78.66277
KE003,Kilifi,2022-07,167.45415,124.51053
KE003,Kilifi,2022-08,99.70142766666667,94.9681
KE003,Kilifi,2022-09,77.32810266666667,66.7683
KE003,Kilifi,2022-10,41.81172083333333,27.280748
KE003,Kilifi,2022-11,94.65505833333333,62.34848
KE003,Kilifi,2022-12,59.947231666666674,36.18789
KE003,Kilifi,2023-01,80.730615,56.75506
KE003,Kilifi,2023-02,81.95100233333334,77.12282
KE003,Kilifi,2023-03,77.45046283333333,51.663567
KE003,Kilifi,2023-04,213.83683266666665,62.009956
KE003,Kilifi,2023-05,64.57922766666667,41.41255
KE003,Kilifi,2023-06,85.86192333333334,74.41186
KE003,Kilifi,2023-07,144.09645666666668,125.59835
KE003,Kilifi,2023-08,110.1627325,97.63346
KE003,Kilifi,2023-09,85.6649365,70.491165
KE003,Kilifi,2023-10,107.87231516666667,83.137596
KE003,Kilifi,2023-11,310.29533166666664,158.11269
KE003,Kilifi,2023-12,216.92588833333335,138.08362
KE003,Kilifi,2024-01,87.25327550000002,63.847137
KE003,Kilifi,2024-02,97.20567899999999,89.2786
KE003,Kilifi,2024-03,122.38243266666666,112.04718
KE003,Kilifi,2024-04,109.89429166666667,63.88909
KE003,Kilifi,2024-05,55.67377033333333,20.204893
KE003,Kilifi,2024-06,84.24419133333333,39.959763
KE003,Kilifi,2024-07,69.60379383333333,54.035084
KE003,Kilifi,2024-08,96.38277899999999,75.068214
KE003,Kilifi,2024-09,65.60122266666666,46.907482
KE003,Kilifi,2024-10,54.61731366666666,27.174871
KE003,Kilifi,2024-11,96.77734533333334,40.552277
KE003,Kilifi,2024-12,154.20409833333335,122.94504
KE003,Kilifi,2025-01,68.727642,56.416946
KE003,Kilifi,2025-02,77.5731635,70.786026
KE003,Kilifi,2025-03,103.52987833333333,52.20661
KE003,Kilifi,2025-04,89.30396583333334,54.362915
KE003,Kilifi,2025-05,83.47468683333334,48.00769
KE003,Kilifi,2025-06,112.4680065,70.18364
KE003,Kilifi,2025-07,69.1747305,56.964195
KE003,Kilifi,2025-08,94.77572716666667,81.095215
KE003,Kilifi,2025-09,81.42532616666666,58.601868
KE003,Kilifi,2025-10,57.91597116666667,27.715725
KE003,Kilifi,2025-11,26.724430166666664,21.652336
KE003,Kilifi,2025-12,60.114654,23.360157
KE003,Kilifi,2026-01,59.51028,47.48104
KE003,Kilifi,2026-02,124.54621833333333,90.91784
KE003,Kilifi,2026-03,243.8252,173.348
KE003,Kilifi,2026-04,62.730063666666666,34.355515
KE003,Kilifi,2026-05,50.448595,38.14359
KE020,Kirinyaga,2006-01,60.97983333333334,57.20815
KE020,Kirinyaga,2006-02,103.21958233333334,54.874317
KE020,Kirinyaga,2006-03,130.72861,63.31924
KE020,Kirinyaga,2006-04,94.42963466666667,68.574234
KE020,Kirinyaga,2006-05,100.365208,61.342514
KE020,Kirinyaga,2006-06,80.57011833333333,57.5805
KE020,Kirinyaga,2006-07,84.89298333333333,84.21635
KE020,Kirinyaga,2006-08,83.44801866666667,69.34292
KE020,Kirinyaga,2006-09,147.30559333333335,116.30815
KE020,Kirinyaga,2006-10,127.77140333333334,84.62886
KE020,Kirinyaga,2006-11,177.94060333333334,137.7869
KE020,Kirinyaga,2006-12,273.49942333333337,91.48733
KE020,Kirinyaga,2007-01,95.17835000000001,71.09211
KE020,Kirinyaga,2007-02,102.90957166666665,75.650795
KE020,Kirinyaga,2007-03,67.33706866666667,44.37596
KE020,Kirinyaga,2007-04,83.915407,36.125305
KE020,Kirinyaga,2007-05,124.77295133333332,90.109344
KE020,Kirinyaga,2007-06,114.82977366666667,105.686966
KE020,Kirinyaga,2007-07,147.251527,96.149666
KE020,Kirinyaga,2007-08,135.246862,83.926216
KE020,Kirinyaga,2007-09,107.95096166666667,92.07933
KE020,Kirinyaga,2007-10,141.09586166666668,108.539375
KE020,Kirinyaga,2007-11,64.36228633333333,45.632214
KE020,Kirinyaga,2007-12,63.18947333333333,53.32328
KE020,Kirinyaga,2008-01,138.585352,48.441486
KE020,Kirinyaga,2008-02,81.78454166666667,55.607605
KE020,Kirinyaga,2008-03,129.04161333333334,74.83183
KE020,Kirinyaga,2008-04,77.76762433333333,37.957073
KE020,Kirinyaga,2008-05,37.478883333333336,25.010828
KE020,Kirinyaga,2008-06,76.25159833333333,57.245075
KE020,Kirinyaga,2008-07,101.08886633333334,76.136604
KE020,Kirinyaga,2008-08,72.07313,67.7977
KE020,Kirinyaga,2008-09,88.10950166666667,78.91446
KE020,Kirinyaga,2008-10,132.25960333333333,56.58118
KE020,Kirinyaga,2008-11,73.54712666666667,52.87784
KE020,Kirinyaga,2008-12,45.173789,29.188187
KE020,Kirinyaga,2009-01,87.01042233333334,59.006447
KE020,Kirinyaga,2009-02,95.19036,68.68456
KE020,Kirinyaga,2009-03,70.27424933333333,51.6773
KE020,Kirinyaga,2009-04,62.95785133333334,47.510105
KE020,Kirinyaga,2009-05,68.94712166666666,43.498264
KE020,Kirinyaga,2009-06,80.44972700000001,71.36521
KE020,Kirinyaga,2009-07,55.188892333333335,50.953655
KE020,Kirinyaga,2009-08,62.03489866666666,57.84503
KE020,Kirinyaga,2009-09,62.854831,54.719276
KE020,Kirinyaga,2009-10,119.02288166666666,96.81668
KE020,Kirinyaga,2009-11,73.534345,52.11577
KE020,Kirinyaga,2009-12,104.69862,45.61069
KE020,Kirinyaga,2010-01,86.60077333333334,55.38741
KE020,Kirinyaga,2010-02,257.83405,112.92622
KE020,Kirinyaga,2010-03,160.79279333333332,74.96119
KE020,Kirinyaga,2010-04,91.68371333333334,52.80236
KE020,Kirinyaga,2010-05,121.34888000000001,65.7697
KE020,Kirinyaga,2010-06,78.71175,65.071556
KE020,Kirinyaga,2010-07,103.24355833333334,81.24864
KE020,Kirinyaga,2010-08,102.07794333333334,83.09297
KE020,Kirinyaga,2010-09,64.72501666666666,58.7446
KE020,Kirinyaga,2010-10,74.52596266666667,42.158092
KE020,Kirinyaga,2010-11,79.47237333333332,54.62323
KE020,Kirinyaga,2010-12,55.287026,47.493404
KE020,Kirinyaga,2011-01,58.32205533333334,45.60129
KE020,Kirinyaga,2011-02,98.819801,57.95628
KE020,Kirinyaga,2011-03,72.86142066666667,42.693832
KE020,Kirinyaga,2011-04,68.95303733333334,35.592003
KE020,Kirinyaga,2011-05,84.5224,51.807415
KE020,Kirinyaga,2011-06,98.198696,72.786224
KE020,Kirinyaga,2011-07,81.66551833333334,72.438545
KE020,Kirinyaga,2011-08,139.4970966666667,79.29048
KE020,Kirinyaga,2011-09,173.56142,114.30717
KE020,Kirinyaga,2011-10,139.68461399999998,61.952072
KE020,Kirinyaga,2011-11,137.886268,111.753914
KE020,Kirinyaga,2011-12,74.53329366666667,37.426033
KE020,Kirinyaga,2012-01,50.63740733333333,46.090298
KE020,Kirinyaga,2012-02,75.099935,58.7986
KE020,Kirinyaga,2012-03,38.829721666666664,23.516603
KE020,Kirinyaga,2012-04,141.05650333333332,65.20177
KE020,Kirinyaga,2012-05,139.02597333333333,97.99646
KE020,Kirinyaga,2012-06,104.07021999999999,79.26522
KE020,Kirinyaga,2012-07,110.75094333333334,106.79076
KE020,Kirinyaga,2012-08,125.00941666666665,95.58875
KE020,Kirinyaga,2012-09,87.52334333333333,71.82692
KE020,Kirinyaga,2012-10,139.10627,50.80331
KE020,Kirinyaga,2012-11,91.51064000000001,63.8664
KE020,Kirinyaga,2012-12,140.07181,97.02692
KE020,Kirinyaga,2013-01,82.80316633333332,65.274414
KE020,Kirinyaga,2013-02,59.41402166666666,51.818954
KE020,Kirinyaga,2013-03,115.63379066666666,62.510372
KE020,Kirinyaga,2013-04,146.22803,65.27041
KE020,Kirinyaga,2013-05,47.359838,31.371807
KE020,Kirinyaga,2013-06,105.73037199999999,67.307686
KE020,Kirinyaga,2013-07,101.71706999999999,80.26974
KE020,Kirinyaga,2013-08,99.14214866666667,90.80932
KE020,Kirinyaga,2013-09,112.44017666666666,102.23827
KE020,Kirinyaga,2013-10,54.076053,34.697136
KE020,Kirinyaga,2013-11,80.62950333333333,51.9191
KE020,Kirinyaga,2013-12,100.291315,49.184105
KE020,Kirinyaga,2014-01,48.45029433333334,45.197742
KE020,Kirinyaga,2014-02,159.06312666666668,69.08998
KE020,Kirinyaga,2014-03,154.703163,43.878155
KE020,Kirinyaga,2014-04,68.16582333333334,48.06293
KE020,Kirinyaga,2014-05,63.466131,54.027718
KE020,Kirinyaga,2014-06,166.57500000000002,158.54204
KE020,Kirinyaga,2014-07,91.87894333333334,84.67704
KE020,Kirinyaga,2014-08,180.86873500000002,79.23246
KE020,Kirinyaga,2014-09,120.12629333333332,70.19162
KE020,Kirinyaga,2014-10,98.39094466666666,62.568604
KE020,Kirinyaga,2014-11,83.00404533333334,53.71793
KE020,Kirinyaga,2014-12,87.96892333333334,71.00906
KE020,Kirinyaga,2015-01,59.00368699999999,54.075867
KE020,Kirinyaga,2015-02,91.16275566666667,59.633957
KE020,Kirinyaga,2015-03,58.813153,45.921005
KE020,Kirinyaga,2015-04,144.53283666666667,117.31131
KE020,Kirinyaga,2015-05,86.96973666666668,75.70918
KE020,Kirinyaga,2015-06,80.31793666666667,76.62305
KE020,Kirinyaga,2015-07,114.83632999999999,93.70681
KE020,Kirinyaga,2015-08,84.46871333333333,65.96272
KE020,Kirinyaga,2015-09,63.78245933333333,57.612473
KE020,Kirinyaga,2015-10,125.12161333333334,116.59847
KE020,Kirinyaga,2015-11,128.50685466666667,110.033104
KE020,Kirinyaga,2015-12,131.201797,63.869785
KE020,Kirinyaga,2016-01,148.02445333333335,102.16545
KE020,Kirinyaga,2016-02,85.83453166666668,64.28484
KE020,Kirinyaga,2016-03,75.65982466666667,31.915388
KE020,Kirinyaga,2016-04,119.57574466666667,86.312904
KE020,Kirinyaga,2016-05,71.81804166666667,49.097942
KE020,Kirinyaga,2016-06,105.306153,97.048294
KE020,Kirinyaga,2016-07,71.46766633333333,66.80181
KE020,Kirinyaga,2016-08,95.48272666666666,93.14593
KE020,Kirinyaga,2016-09,95.31191666666666,85.04253
KE020,Kirinyaga,2016-10,42.29064266666666,28.3804
KE020,Kirinyaga,2016-11,122.57172333333334,82.64162
KE020,Kirinyaga,2016-12,51.564547000000005,49.932404
KE020,Kirinyaga,2017-01,51.50491566666667,48.55388
KE020,Kirinyaga,2017-02,130.44550866666665,94.87234
KE020,Kirinyaga,2017-03,45.153961,34.731804
KE020,Kirinyaga,2017-04,57.087468666666666,46.91524
KE020,Kirinyaga,2017-05,76.85473,56.94394
KE020,Kirinyaga,2017-06,70.048108,56.350624
KE020,Kirinyaga,2017-07,91.09149633333334,81.46617
KE020,Kirinyaga,2017-08,128.41831166666665,110.291985
KE020,Kirinyaga,2017-09,115.72635133333331,81.95383
KE020,Kirinyaga,2017-10,97.81568566666668,53.828167
KE020,Kirinyaga,2017-11,102.151776,54.894238
KE020,Kirinyaga,2017-12,37.778162,32.58447
KE020,Kirinyaga,2018-01,55.102288666666674,48.42615
KE020,Kirinyaga,2018-02,67.94867533333333,60.61841
KE020,Kirinyaga,2018-03,231.50266333333332,129.43463
KE020,Kirinyaga,2018-04,204.6851366666667,150.41388
KE020,Kirinyaga,2018-05,201.48997666666665,151.2424
KE020,Kirinyaga,2018-06,223.51961666666668,187.84776
KE020,Kirinyaga,2018-07,143.30766000000003,98.95882
KE020,Kirinyaga,2018-08,84.35948,69.886
KE020,Kirinyaga,2018-09,149.21480666666668,98.04902
KE020,Kirinyaga,2018-10,59.91062766666667,47.250717
KE020,Kirinyaga,2018-11,80.69498666666668,78.54098
KE020,Kirinyaga,2018-12,188.44400200000004,50.260006
KE020,Kirinyaga,2019-01,108.30008,75.54895
KE020,Kirinyaga,2019-02,91.517995,74.69011
KE020,Kirinyaga,2019-03,39.203857,27.293894
KE020,Kirinyaga,2019-04,76.454482,29.888006
KE020,Kirinyaga,2019-05,110.83502333333335,101.74393
KE020,Kirinyaga,2019-06,122.88135,104.38676
KE020,Kirinyaga,2019-07,81.39195333333333,80.0522
KE020,Kirinyaga,2019-08,98.58401133333332,82.974434
KE020,Kirinyaga,2019-09,163.04414333333332,120.3824
KE020,Kirinyaga,2019-10,325.37565333333333,216.02634
KE020,Kirinyaga,2019-11,166.48513533333332,94.520226
KE020,Kirinyaga,2019-12,255.66829833333335,90.024605
KE020,Kirinyaga,2020-01,196.80270333333337,146.38821
KE020,Kirinyaga,2020-02,174.83998333333332,87.5056
KE020,Kirinyaga,2020-03,154.94144500000002,62.284405
KE020,Kirinyaga,2020-04,201.4829566666667,69.97829
KE020,Kirinyaga,2020-05,138.48120333333335,92.13342
KE020,Kirinyaga,2020-06,159.80113666666668,122.53045
KE020,Kirinyaga,2020-07,105.06026333333334,85.87488
KE020,Kirinyaga,2020-08,125.93464,96.22601
KE020,Kirinyaga,2020-09,156.84470666666667,95.22412
KE020,Kirinyaga,2020-10,80.90645166666667,62.53652
KE020,Kirinyaga,2020-11,91.876784,43.708412
KE020,Kirinyaga,2020-12,86.75403666666666,56.98012
KE020,Kirinyaga,2021-01,123.22872666666666,66.417854
KE020,Kirinyaga,2021-02,136.87032666666667,93.98296
KE020,Kirinyaga,2021-03,72.35073333333334,58.10121
KE020,Kirinyaga,2021-04,79.09855933333334,63.992203
KE020,Kirinyaga,2021-05,130.74943466666667,81.44436
KE020,Kirinyaga,2021-06,66.384502,54.785336
KE020,Kirinyaga,2021-07,116.36286,107.25145
KE020,Kirinyaga,2021-08,84.96239,74.2406
KE020,Kirinyaga,2021-09,85.49972666666667,70.569
KE020,Kirinyaga,2021-10,75.24414466666667,66.37062
KE020,Kirinyaga,2021-11,61.105118,38.561
KE020,Kirinyaga,2021-12,165.09142799999998,122.850624
KE020,Kirinyaga,2022-01,87.06979333333334,58.44448
KE020,Kirinyaga,2022-02,90.22077666666667,57.56304
KE020,Kirinyaga,2022-03,54.883810000000004,35.96068
KE020,Kirinyaga,2022-04,85.54322333333334,38.21213
KE020,Kirinyaga,2022-05,42.301578666666664,22.033346
KE020,Kirinyaga,2022-06,71.59938766666666,61.270123
KE020,Kirinyaga,2022-07,106.98965133333333,83.01852
KE020,Kirinyaga,2022-08,120.58478666666667,94.06691
KE020,Kirinyaga,2022-09,100.12226333333332,72.70744
KE020,Kirinyaga,2022-10,47.49664533333333,37.37545
KE020,Kirinyaga,2022-11,121.76087133333334,91.66131
KE020,Kirinyaga,2022-12,69.74460766666667,59.482033
KE020,Kirinyaga,2023-01,88.44826466666666,75.262314
KE020,Kirinyaga,2023-02,55.796481,48.396954
KE020,Kirinyaga,2023-03,98.91717833333333,47.860615
KE020,Kirinyaga,2023-04,136.23339,90.58215
KE020,Kirinyaga,2023-05,63.254290000000005,46.194664
KE020,Kirinyaga,2023-06,141.41713333333334,129.46652
KE020,Kirinyaga,2023-07,108.91374833333333,93.6593
KE020,Kirinyaga,2023-08,89.37110666666666,77.16622
KE020,Kirinyaga,2023-09,108.98494133333334,102.80141
KE020,Kirinyaga,2023-10,107.86461800000001,100.17533
KE020,Kirinyaga,2023-11,175.13955499999997,123.578285
KE020,Kirinyaga,2023-12,78.02843666666666,44.69005
KE020,Kirinyaga,2024-01,155.00444666666667,81.63635
KE020,Kirinyaga,2024-02,180.78684666666666,103.51569
KE020,Kirinyaga,2024-03,54.57694433333334,37.96567
KE020,Kirinyaga,2024-04,222.26637000000002,147.54402
KE020,Kirinyaga,2024-05,150.09675666666666,95.51886
KE020,Kirinyaga,2024-06,90.176766,55.903393
KE020,Kirinyaga,2024-07,137.29109333333335,100.06451
KE020,Kirinyaga,2024-08,101.91382866666667,94.94646
KE020,Kirinyaga,2024-09,79.30545533333333,67.927376
KE020,Kirinyaga,2024-10,57.23890133333333,43.70821
KE020,Kirinyaga,2024-11,137.72798333333333,119.13859
KE020,Kirinyaga,2024-12,99.71465666666667,49.89239
KE020,Kirinyaga,2025-01,96.11684600000001,55.891846
KE020,Kirinyaga,2025-02,60.733954000000004,50.107956
KE020,Kirinyaga,2025-03,146.76479333333333,93.80111
KE020,Kirinyaga,2025-04,124.12040333333334,77.50246
KE020,Kirinyaga,2025-05,84.73881,61.98067
KE020,Kirinyaga,2025-06,112.22155,81.28354
KE020,Kirinyaga,2025-07,82.87776233333334,58.601307
KE020,Kirinyaga,2025-08,128.73017333333334,115.13134
KE020,Kirinyaga,2025-09,107.90916666666665,86.29293
KE020,Kirinyaga,2025-10,135.30988666666667,56.77172
KE020,Kirinyaga,2025-11,42.79097166666667,37.6116
KE020,Kirinyaga,2025-12,144.76899333333333,64.7473
KE020,Kirinyaga,2026-01,49.339729999999996,43.608574
KE020,Kirinyaga,2026-02,331.12591,87.72116
KE020,Kirinyaga,2026-03,213.96011666666666,184.8482
KE020,Kirinyaga,2026-04,103.50596233333334,41.319187
KE020,Kirinyaga,2026-05,177.99913,177.99913
KE045,Kisii,2006-01,86.1198195,39.060955
KE045,Kisii,2006-02,91.504497,29.96116
KE045,Kisii,2006-03,133.39698833333333,71.20364
KE045,Kisii,2006-04,108.11008166666666,91.6654
KE045,Kisii,2006-05,146.65701666666666,129.43108
KE045,Kisii,2006-06,86.26301516666666,58.007397
KE045,Kisii,2006-07,69.81289783333334,49.328705
KE045,Kisii,2006-08,66.43256233333334,28.954908
KE045,Kisii,2006-09,87.09714600000001,54.56861
KE045,Kisii,2006-10,76.5081115,24.941996
KE045,Kisii,2006-11,184.78868816666667,93.06601
KE045,Kisii,2006-12,204.07652099999999,84.107086
KE045,Kisii,2007-01,144.71503666666666,80.47073
KE045,Kisii,2007-02,164.66437733333333,78.56347
KE045,Kisii,2007-03,113.07268499999999,66.044075
KE045,Kisii,2007-04,68.89590199999999,23.054361
KE045,Kisii,2007-05,81.81887483333334,55.959435
KE045,Kisii,2007-06,108.18151916666666,68.370255
KE045,Kisii,2007-07,127.40408033333334,55.09606
KE045,Kisii,2007-08,70.62063166666667,54.804344
KE045,Kisii,2007-09,99.99817300000001,44.086056
KE045,Kisii,2007-10,67.777986,29.064148
KE045,Kisii,2007-11,72.85494200000001,63.327682
KE045,Kisii,2007-12,72.7183295,37.82017
KE045,Kisii,2008-01,58.34877633333334,26.04064
KE045,Kisii,2008-02,103.9553555,40.25058
KE045,Kisii,2008-03,112.90810933333334,39.39684
KE045,Kisii,2008-04,70.57080866666666,34.517925
KE045,Kisii,2008-05,84.79687916666667,63.07086
KE045,Kisii,2008-06,94.55442466666666,32.060738
KE045,Kisii,2008-07,152.60317333333333,116.8349
KE045,Kisii,2008-08,103.72361633333333,48.295883
KE045,Kisii,2008-09,103.46013900000001,61.622364
KE045,Kisii,2008-10,122.25476833333335,68.52662
KE045,Kisii,2008-11,88.99446083333333,22.32558
KE045,Kisii,2008-12,53.831352333333335,39.18176
KE045,Kisii,2009-01,109.99177716666668,27.56629
KE045,Kisii,2009-02,76.42274866666666,28.40298
KE045,Kisii,2009-03,63.983034833333335,53.193237
KE045,Kisii,2009-04,105.95479783333333,55.513252
KE045,Kisii,2009-05,95.52317783333332,37.57102
KE045,Kisii,2009-06,63.32309216666667,50.28103
KE045,Kisii,2009-07,68.18951116666666,54.70531
KE045,Kisii,2009-08,108.46388583333334,57.57017
KE045,Kisii,2009-09,137.04218666666665,99.37134
KE045,Kisii,2009-10,64.38081116666667,40.763454
KE045,Kisii,2009-11,96.28888916666666,34.246212
KE045,Kisii,2009-12,158.47629733333335,102.584984
KE045,Kisii,2010-01,100.61737083333333,31.76385
KE045,Kisii,2010-02,220.96326333333332,76.75236
KE045,Kisii,2010-03,118.30748933333332,26.559206
KE045,Kisii,2010-04,103.19414933333333,58.77982
KE045,Kisii,2010-05,137.512465,75.58214
KE045,Kisii,2010-06,107.84961316666666,71.354034
KE045,Kisii,2010-07,84.03639600000001,60.491776
KE045,Kisii,2010-08,79.8208475,47.164833
KE045,Kisii,2010-09,108.7618695,59.307472
KE045,Kisii,2010-10,111.8195,86.681816
KE045,Kisii,2010-11,69.7241605,55.699753
KE045,Kisii,2010-12,89.46414583333335,25.831171
KE045,Kisii,2011-01,76.25207933333333,37.68087
KE045,Kisii,2011-02,88.75713766666667,22.483393
KE045,Kisii,2011-03,71.35135666666666,29.663504
KE045,Kisii,2011-04,65.94719766666667,31.677744
KE045,Kisii,2011-05,108.2908175,57.16966
KE045,Kisii,2011-06,104.92467749999999,64.41873
KE045,Kisii,2011-07,104.1291275,45.255695
KE045,Kisii,2011-08,167.8246965,85.44191
KE045,Kisii,2011-09,130.6390235,98.707756
KE045,Kisii,2011-10,124.45017566666667,106.45233
KE045,Kisii,2011-11,147.64370083333333,64.26195
KE045,Kisii,2011-12,111.73375566666665,79.7719
KE045,Kisii,2012-01,32.9783755,29.580153
KE045,Kisii,2012-02,70.49457983333333,26.447197
KE045,Kisii,2012-03,87.55060866666668,32.102867
KE045,Kisii,2012-04,159.55077666666668,117.97026
KE045,Kisii,2012-05,102.948165,89.78886
KE045,Kisii,2012-06,188.18960583333333,64.91032
KE045,Kisii,2012-07,137.01080833333333,107.26148
KE045,Kisii,2012-08,113.60996166666666,59.7195
KE045,Kisii,2012-09,174.17144933333336,120.801926
KE045,Kisii,2012-10,111.53574416666667,59.18314
KE045,Kisii,2012-11,129.48775166666667,86.42993
KE045,Kisii,2012-12,147.8255,33.78663
KE045,Kisii,2013-01,85.34087716666666,51.85088
KE045,Kisii,2013-02,77.25894116666667,47.692047
KE045,Kisii,2013-03,123.36323333333333,109.24314
KE045,Kisii,2013-04,159.37652933333334,102.987656
KE045,Kisii,2013-05,71.59840833333332,37.924515
KE045,Kisii,2013-06,82.273126,49.874573
KE045,Kisii,2013-07,89.84845316666667,50.68638
KE045,Kisii,2013-08,111.261485,83.89275
KE045,Kisii,2013-09,108.02282616666666,51.158302
KE045,Kisii,2013-10,86.8301955,29.405079
KE045,Kisii,2013-11,110.55182333333335,75.55415
KE045,Kisii,2013-12,99.6658025,40.38583
KE045,Kisii,2014-01,91.33721783333334,45.12924
KE045,Kisii,2014-02,157.33490333333333,64.55459
KE045,Kisii,2014-03,89.34829233333333,21.227945
KE045,Kisii,2014-04,58.376785000000005,36.175602
KE045,Kisii,2014-05,100.62669433333333,75.370705
KE045,Kisii,2014-06,96.81906500000001,37.24227
KE045,Kisii,2014-07,98.146325,75.426155
KE045,Kisii,2014-08,232.23544833333335,136.51787
KE045,Kisii,2014-09,103.97634733333332,70.28581
KE045,Kisii,2014-10,106.8125975,79.36151
KE045,Kisii,2014-11,78.79238566666668,50.196934
KE045,Kisii,2014-12,84.52791233333333,41.945988
KE045,Kisii,2015-01,29.4721905,23.42035
KE045,Kisii,2015-02,57.08360833333333,25.88235
KE045,Kisii,2015-03,57.309582166666665,14.653357
KE045,Kisii,2015-04,148.84874,102.24632
KE045,Kisii,2015-05,122.54151666666667,91.33117
KE045,Kisii,2015-06,139.067465,67.575836
KE045,Kisii,2015-07,72.550584,55.65511
KE045,Kisii,2015-08,69.53068449999999,28.13477
KE045,Kisii,2015-09,89.80335666666667,72.9822
KE045,Kisii,2015-10,149.44783833333335,63.148506
KE045,Kisii,2015-11,116.37300083333332,69.128075
KE045,Kisii,2015-12,181.17675333333332,75.64034
KE045,Kisii,2016-01,106.04451499999999,78.26987
KE045,Kisii,2016-02,57.5620125,48.475338
KE045,Kisii,2016-03,83.3944005,45.39888
KE045,Kisii,2016-04,150.07419166666668,139.30118
KE045,Kisii,2016-05,113.4802625,82.05164
KE045,Kisii,2016-06,62.81558916666666,35.31327
KE045,Kisii,2016-07,83.81706833333334,67.32684
KE045,Kisii,2016-08,70.030694,38.468216
KE045,Kisii,2016-09,103.27988316666666,58.781265
KE045,Kisii,2016-10,73.59674866666667,36.564575
KE045,Kisii,2016-11,106.73171833333333,90.17685
KE045,Kisii,2016-12,41.96863966666667,19.710514
KE045,Kisii,2017-01,45.23650133333333,24.80966
KE045,Kisii,2017-02,119.10872333333333,54.74385
KE045,Kisii,2017-03,94.42930866666666,52.74542
KE045,Kisii,2017-04,93.78957133333334,48.748535
KE045,Kisii,2017-05,88.429194,50.207584
KE045,Kisii,2017-06,107.71688583333332,52.21101
KE045,Kisii,2017-07,147.7429525,108.05128
KE045,Kisii,2017-08,123.88976933333333,101.681496
KE045,Kisii,2017-09,121.82284766666668,73.033516
KE045,Kisii,2017-10,106.285274,73.43766
KE045,Kisii,2017-11,90.34981049999999,35.474968
KE045,Kisii,2017-12,79.83207516666666,35.050755
KE045,Kisii,2018-01,63.91321816666667,54.596565
KE045,Kisii,2018-02,75.85400333333332,27.741817
KE045,Kisii,2018-03,148.82294166666665,113.77648
KE045,Kisii,2018-04,137.48085416666666,98.004875
KE045,Kisii,2018-05,136.14672583333333,119.7749
KE045,Kisii,2018-06,102.53103933333334,77.9148
KE045,Kisii,2018-07,77.11222249999999,50.016285
KE045,Kisii,2018-08,103.53924783333333,44.32379
KE045,Kisii,2018-09,58.070952166666665,44.49521
KE045,Kisii,2018-10,153.14460833333334,103.33616
KE045,Kisii,2018-11,88.43889066666667,47.43617
KE045,Kisii,2018-12,145.79241066666665,98.22516
KE045,Kisii,2019-01,47.44267883333333,30.375317
KE045,Kisii,2019-02,80.91389133333332,29.490196
KE045,Kisii,2019-03,73.00725849999999,17.309277
KE045,Kisii,2019-04,101.96642933333334,43.77782
KE045,Kisii,2019-05,111.67059666666667,95.597115
KE045,Kisii,2019-06,140.12823616666665,55.04484
KE045,Kisii,2019-07,101.91447766666666,52.63441
KE045,Kisii,2019-08,100.38704833333334,56.41769
KE045,Kisii,2019-09,116.80543166666666,58.691353
KE045,Kisii,2019-10,194.71551833333334,128.03506
KE045,Kisii,2019-11,177.47597333333331,85.73674
KE045,Kisii,2019-12,211.56716733333334,114.23099
KE045,Kisii,2020-01,201.18395666666666,88.7749
KE045,Kisii,2020-02,141.61021516666668,124.599205
KE045,Kisii,2020-03,181.07870833333334,157.56804
KE045,Kisii,2020-04,119.83484866666667,38.247948
KE045,Kisii,2020-05,100.54836499999999,88.75406
KE045,Kisii,2020-06,114.64384666666666,87.59387
KE045,Kisii,2020-07,105.72274916666667,79.92035
KE045,Kisii,2020-08,99.74666166666667,64.53952
KE045,Kisii,2020-09,128.04807566666668,55.694984
KE045,Kisii,2020-10,204.823085,163.57147
KE045,Kisii,2020-11,271.62230833333336,164.9944
KE045,Kisii,2020-12,89.01238483333333,74.4397
KE045,Kisii,2021-01,100.52841433333333,57.163696
KE045,Kisii,2021-02,140.286911,84.33512
KE045,Kisii,2021-03,87.27187383333334,47.440243
KE045,Kisii,2021-04,141.84218933333332,82.274376
KE045,Kisii,2021-05,96.26143616666667,58.13461
KE045,Kisii,2021-06,75.20641266666667,46.95104
KE045,Kisii,2021-07,100.90700416666668,40.353622
KE045,Kisii,2021-08,129.24637583333333,74.677315
KE045,Kisii,2021-09,146.40169333333333,107.532814
KE045,Kisii,2021-10,110.89502,66.02515
KE045,Kisii,2021-11,100.69491666666666,62.248295
KE045,Kisii,2021-12,98.41726666666666,64.63535
KE045,Kisii,2022-01,178.24813166666664,88.7749
KE045,Kisii,2022-02,355.90125166666667,224.66359
KE045,Kisii,2022-03,76.87941533333333,26.697153
KE045,Kisii,2022-04,110.07015000000001,48.45522
KE045,Kisii,2022-05,126.3820725,64.84344
KE045,Kisii,2022-06,112.3760535,82.90453
KE045,Kisii,2022-07,81.03009300000001,46.927376
KE045,Kisii,2022-08,175.01627999999997,133.46648
KE045,Kisii,2022-09,129.99070833333334,123.41457
KE045,Kisii,2022-10,83.81188166666666,36.798138
KE045,Kisii,2022-11,139.3281025,94.07776
KE045,Kisii,2022-12,206.23501833333333,120.59841
KE045,Kisii,2023-01,50.443727333333335,44.831326
KE045,Kisii,2023-02,43.418073,23.367905
KE045,Kisii,2023-03,142.20095166666667,89.08321
KE045,Kisii,2023-04,129.08260166666665,83.02803
KE045,Kisii,2023-05,95.88265150000001,59.44924
KE045,Kisii,2023-06,152.04958166666668,80.9252
KE045,Kisii,2023-07,72.01912066666667,52.16542
KE045,Kisii,2023-08,98.59001766666667,63.45197
KE045,Kisii,2023-09,178.90252166666667,162.63766
KE045,Kisii,2023-10,171.53646,75.34201
KE045,Kisii,2023-11,185.28952166666667,134.1599
KE045,Kisii,2023-12,150.25840166666666,101.47481
KE045,Kisii,2024-01,232.45526833333335,198.29514
KE045,Kisii,2024-02,139.55956666666665,90.06842
KE045,Kisii,2024-03,97.10470049999999,17.67561
KE045,Kisii,2024-04,117.338641,75.72623
KE045,Kisii,2024-05,103.12774666666667,61.889164
KE045,Kisii,2024-06,64.9662845,55.10438
KE045,Kisii,2024-07,147.76592000000002,67.7955
KE045,Kisii,2024-08,83.55760783333334,43.85203
KE045,Kisii,2024-09,96.38821,87.680595
KE045,Kisii,2024-10,105.95185333333332,71.375694
KE045,Kisii,2024-11,152.48401083333331,70.81045
KE045,Kisii,2024-12,124.29551333333335,106.35673
KE045,Kisii,2025-01,121.54578199999999,47.13345
KE045,Kisii,2025-02,46.64380283333333,22.994379
KE045,Kisii,2025-03,119.15177899999999,73.38696
KE045,Kisii,2025-04,136.87791316666667,79.443344
KE045,Kisii,2025-05,162.90372333333332,145.27481
KE045,Kisii,2025-06,84.414146,69.518906
KE045,Kisii,2025-07,156.358805,54.57188
KE045,Kisii,2025-08,80.78518366666667,49.784878
KE045,Kisii,2025-09,92.82032500000001,75.30965
KE045,Kisii,2025-10,120.67306833333333,74.14926
KE045,Kisii,2025-11,58.41797916666667,25.744253
KE045,Kisii,2025-12,149.77562450000002,26.503199
KE045,Kisii,2026-01,50.71450516666667,44.370228
KE045,Kisii,2026-02,294.13111333333336,244.78204
KE045,Kisii,2026-03,171.96324166666668,142.05048
KE045,Kisii,2026-04,95.024089,77.94799
KE045,Kisii,2026-05,175.78166499999998,171.03918
KE042,Kisumu,2006-01,82.06662466666667,35.379295
KE042,Kisumu,2006-02,88.83336066666668,32.655178
KE042,Kisumu,2006-03,126.85823766666668,77.40847
KE042,Kisumu,2006-04,116.16047833333334,95.51025
KE042,Kisumu,2006-05,123.66660066666667,85.72689
KE042,Kisumu,2006-06,111.2360935,89.261696
KE042,Kisumu,2006-07,76.43103466666666,60.825134
KE042,Kisumu,2006-08,74.0595395,45.766838
KE042,Kisumu,2006-09,92.51409266666667,69.26009
KE042,Kisumu,2006-10,85.13779333333333,27.429733
KE042,Kisumu,2006-11,226.16098166666666,127.18481
KE042,Kisumu,2006-12,203.05352249999999,104.43384
KE042,Kisumu,2007-01,136.53147166666668,81.87993
KE042,Kisumu,2007-02,152.42886733333333,74.96313
KE042,Kisumu,2007-03,105.04757316666667,30.942436
KE042,Kisumu,2007-04,68.16248616666667,17.770405
KE042,Kisumu,2007-05,83.89960716666667,45.89816
KE042,Kisumu,2007-06,106.75641,67.65846
KE042,Kisumu,2007-07,153.4479276666667,81.676956
KE042,Kisumu,2007-08,102.29147833333333,75.83669
KE042,Kisumu,2007-09,119.35063666666667,70.36372
KE042,Kisumu,2007-10,61.105622833333335,28.298506
KE042,Kisumu,2007-11,70.943226,54.880066
KE042,Kisumu,2007-12,68.03268116666666,33.174435
KE042,Kisumu,2008-01,72.85925183333333,32.393696
KE042,Kisumu,2008-02,87.98764266666666,42.551506
KE042,Kisumu,2008-03,97.77243783333331,28.357769
KE042,Kisumu,2008-04,77.78687016666667,50.82255
KE042,Kisumu,2008-05,86.28243983333334,50.068016
KE042,Kisumu,2008-06,87.7114945,31.83432
KE042,Kisumu,2008-07,142.23030416666666,103.365875
KE042,Kisumu,2008-08,106.091811,88.57415
KE042,Kisumu,2008-09,109.54771633333333,52.580482
KE042,Kisumu,2008-10,124.269476,82.285706
KE042,Kisumu,2008-11,87.653915,16.233856
KE042,Kisumu,2008-12,56.28404766666667,52.501793
KE042,Kisumu,2009-01,112.54926166666667,28.681389
KE042,Kisumu,2009-02,73.05869366666667,30.851368
KE042,Kisumu,2009-03,58.483224166666666,47.325752
KE042,Kisumu,2009-04,101.93067566666667,67.22463
KE042,Kisumu,2009-05,87.05645633333334,26.180714
KE042,Kisumu,2009-06,52.146754166666675,29.999998
KE042,Kisumu,2009-07,69.93279083333333,52.68197
KE042,Kisumu,2009-08,90.89297766666668,58.78867
KE042,Kisumu,2009-09,136.592604,92.346794
KE042,Kisumu,2009-10,77.55727116666667,46.012127
KE042,Kisumu,2009-11,88.61044766666667,39.606884
KE042,Kisumu,2009-12,160.92211166666667,110.21258
KE042,Kisumu,2010-01,106.86338166666667,33.481876
KE042,Kisumu,2010-02,198.99145083333335,90.00466
KE042,Kisumu,2010-03,122.02857066666667,43.25162
KE042,Kisumu,2010-04,95.51158616666667,56.272953
KE042,Kisumu,2010-05,109.6051565,81.392204
KE042,Kisumu,2010-06,105.25716083333334,67.65846
KE042,Kisumu,2010-07,97.58033066666667,60.645294
KE042,Kisumu,2010-08,99.750339,53.512024
KE042,Kisumu,2010-09,109.17465266666666,55.390636
KE042,Kisumu,2010-10,96.79761216666667,85.37124
KE042,Kisumu,2010-11,57.18944716666667,37.823215
KE042,Kisumu,2010-12,104.35828483333334,29.711237
KE042,Kisumu,2011-01,74.57867216666666,39.635693
KE042,Kisumu,2011-02,70.71358416666668,36.45008
KE042,Kisumu,2011-03,82.02756083333333,37.12629
KE042,Kisumu,2011-04,54.9433665,18.1859
KE042,Kisumu,2011-05,89.37194716666666,44.127567
KE042,Kisumu,2011-06,111.78772016666666,79.00743
KE042,Kisumu,2011-07,97.6398675,57.17389
KE042,Kisumu,2011-08,181.75474416666665,119.012245
KE042,Kisumu,2011-09,104.62086316666667,91.76367
KE042,Kisumu,2011-10,118.13079933333334,105.391266
KE042,Kisumu,2011-11,168.6477656666667,58.103664
KE042,Kisumu,2011-12,85.56673316666667,56.620293
KE042,Kisumu,2012-01,37.479678666666665,33.23881
KE042,Kisumu,2012-02,65.042315,34.13243
KE042,Kisumu,2012-03,71.34937183333334,16.91381
KE042,Kisumu,2012-04,135.21597933333334,81.743866
KE042,Kisumu,2012-05,88.11179666666668,69.03606
KE042,Kisumu,2012-06,153.90479833333333,77.05988
KE042,Kisumu,2012-07,111.40817066666666,77.169945
KE042,Kisumu,2012-08,122.18316416666666,94.1761
KE042,Kisumu,2012-09,177.53635666666665,129.3145
KE042,Kisumu,2012-10,120.84000716666667,62.326313
KE042,Kisumu,2012-11,117.46628083333333,57.19342
KE042,Kisumu,2012-12,164.733572,37.669582
KE042,Kisumu,2013-01,91.74177316666668,43.386673
KE042,Kisumu,2013-02,67.09918933333334,34.31062
KE042,Kisumu,2013-03,140.84213566666668,86.32343
KE042,Kisumu,2013-04,134.5645675,93.44022
KE042,Kisumu,2013-05,73.9173125,27.903757
KE042,Kisumu,2013-06,88.676534,58.31546
KE042,Kisumu,2013-07,79.68725583333334,52.58221
KE042,Kisumu,2013-08,110.36500083333333,95.66781
KE042,Kisumu,2013-09,142.427084,77.61897
KE042,Kisumu,2013-10,98.7722835,39.198296
KE042,Kisumu,2013-11,100.71346416666665,58.575775
KE042,Kisumu,2013-12,117.65167416666668,70.44954
KE042,Kisumu,2014-01,69.67746433333333,40.1199
KE042,Kisumu,2014-02,138.32958666666667,91.8822
KE042,Kisumu,2014-03,90.26237266666668,19.915733
KE042,Kisumu,2014-04,58.42404666666667,22.190166
KE042,Kisumu,2014-05,127.08766666666666,96.70433
KE042,Kisumu,2014-06,105.53416666666668,36.321915
KE042,Kisumu,2014-07,108.812725,66.2617
KE042,Kisumu,2014-08,185.0117875,101.527115
KE042,Kisumu,2014-09,108.57765666666667,79.91749
KE042,Kisumu,2014-10,126.64587999999999,64.252
KE042,Kisumu,2014-11,90.54837416666668,50.667717
KE042,Kisumu,2014-12,94.3917275,63.14993
KE042,Kisumu,2015-01,29.072400666666667,23.455542
KE042,Kisumu,2015-02,63.454344666666664,24.957886
KE042,Kisumu,2015-03,59.60153583333332,12.864563
KE042,Kisumu,2015-04,129.51764333333333,92.65107
KE042,Kisumu,2015-05,126.13644833333335,116.30081
KE042,Kisumu,2015-06,133.1926785,78.475296
KE042,Kisumu,2015-07,79.36503533333332,62.292767
KE042,Kisumu,2015-08,54.914623000000006,29.965284
KE042,Kisumu,2015-09,123.83905566666668,101.19101
KE042,Kisumu,2015-10,152.713112,57.554096
KE042,Kisumu,2015-11,120.78737716666666,51.96508
KE042,Kisumu,2015-12,162.23477766666667,76.758446
KE042,Kisumu,2016-01,112.10144333333334,46.95912
KE042,Kisumu,2016-02,59.406878500000005,45.406242
KE042,Kisumu,2016-03,78.424737,24.03325
KE042,Kisumu,2016-04,162.11989,114.44762
KE042,Kisumu,2016-05,105.44445866666668,35.582058
KE042,Kisumu,2016-06,83.63892650000001,51.10714
KE042,Kisumu,2016-07,98.68054233333334,68.97864
KE042,Kisumu,2016-08,63.34538083333334,31.518364
KE042,Kisumu,2016-09,82.9227915,49.509323
KE042,Kisumu,2016-10,70.09706583333333,41.55224
KE042,Kisumu,2016-11,85.56314666666667,45.613144
KE042,Kisumu,2016-12,31.771874666666665,22.764862
KE042,Kisumu,2017-01,76.40103616666666,24.367025
KE042,Kisumu,2017-02,194.82470166666667,94.77776
KE042,Kisumu,2017-03,62.760031166666664,30.606443
KE042,Kisumu,2017-04,95.76718466666667,57.75382
KE042,Kisumu,2017-05,124.06190066666666,69.872574
KE042,Kisumu,2017-06,92.6984825,63.580025
KE042,Kisumu,2017-07,157.273294,101.816414
KE042,Kisumu,2017-08,117.093,89.67878
KE042,Kisumu,2017-09,113.98400916666667,91.30647
KE042,Kisumu,2017-10,112.21472999999999,73.94062
KE042,Kisumu,2017-11,101.18231250000001,39.89886
KE042,Kisumu,2017-12,56.94564283333333,31.381746
KE042,Kisumu,2018-01,47.088424833333335,37.83649
KE042,Kisumu,2018-02,88.30478066666667,30.633667
KE042,Kisumu,2018-03,168.09183666666667,111.5775
KE042,Kisumu,2018-04,145.76744499999998,110.81514
KE042,Kisumu,2018-05,134.2090825,104.86953
KE042,Kisumu,2018-06,124.98766916666666,75.12725
KE042,Kisumu,2018-07,95.29093916666666,71.09706
KE042,Kisumu,2018-08,92.09945816666668,51.68587
KE042,Kisumu,2018-09,59.78452716666667,45.1583
KE042,Kisumu,2018-10,164.420755,122.77539
KE042,Kisumu,2018-11,68.7439695,13.890825
KE042,Kisumu,2018-12,143.26662166666668,103.7066
KE042,Kisumu,2019-01,40.5738675,32.44178
KE042,Kisumu,2019-02,102.93639466666667,29.389658
KE042,Kisumu,2019-03,60.22757016666667,15.181783
KE042,Kisumu,2019-04,72.73220450000001,29.547232
KE042,Kisumu,2019-05,102.24262433333332,61.38098
KE042,Kisumu,2019-06,133.76978166666666,68.51035
KE042,Kisumu,2019-07,131.03392,67.40083
KE042,Kisumu,2019-08,99.50768416666666,75.04492
KE042,Kisumu,2019-09,105.31397,56.66716
KE042,Kisumu,2019-10,226.10519666666667,166.40442
KE042,Kisumu,2019-11,142.54111733333335,76.47208
KE042,Kisumu,2019-12,204.52935166666668,133.04869
KE042,Kisumu,2020-01,170.64711200000002,51.053665
KE042,Kisumu,2020-02,125.5425375,75.224815
KE042,Kisumu,2020-03,194.40787166666667,146.98427
KE042,Kisumu,2020-04,128.39864333333333,40.10695
KE042,Kisumu,2020-05,87.66978983333333,70.15104
KE042,Kisumu,2020-06,132.05636666666666,105.87038
KE042,Kisumu,2020-07,164.42197000000002,153.49063
KE042,Kisumu,2020-08,137.32942833333334,84.32042
KE042,Kisumu,2020-09,156.3193666666667,96.36069
KE042,Kisumu,2020-10,173.93465500000002,150.63263
KE042,Kisumu,2020-11,268.80594333333335,140.24802
KE042,Kisumu,2020-12,94.46678966666667,77.42848
KE042,Kisumu,2021-01,102.41356066666667,70.279
KE042,Kisumu,2021-02,139.29922333333334,88.29472
KE042,Kisumu,2021-03,82.90706966666666,46.267937
KE042,Kisumu,2021-04,146.44503333333333,99.62167
KE042,Kisumu,2021-05,123.381797,43.718784
KE042,Kisumu,2021-06,83.56196166666668,49.607143
KE042,Kisumu,2021-07,85.774293,40.03055
KE042,Kisumu,2021-08,129.6583075,82.130455
KE042,Kisumu,2021-09,149.36204666666666,137.87595
KE042,Kisumu,2021-10,102.53115600000001,64.55685
KE042,Kisumu,2021-11,72.3936595,39.3426
KE042,Kisumu,2021-12,79.67914766666667,49.4577
KE042,Kisumu,2022-01,148.06291733333333,52.941174
KE042,Kisumu,2022-02,266.79330166666665,150.60257
KE042,Kisumu,2022-03,86.50169166666666,19.869095
KE042,Kisumu,2022-04,83.43137166666666,16.28954
KE042,Kisumu,2022-05,116.82272966666666,61.28748
KE042,Kisumu,2022-06,87.68510666666667,74.46429
KE042,Kisumu,2022-07,93.131624,80.39354
KE042,Kisumu,2022-08,171.83583583333333,109.61654
KE042,Kisumu,2022-09,124.14728333333333,103.77561
KE042,Kisumu,2022-10,78.55921066666667,38.72534
KE042,Kisumu,2022-11,143.147775,105.84348
KE042,Kisumu,2022-12,216.48788666666667,141.65726
KE042,Kisumu,2023-01,39.13504433333333,28.012964
KE042,Kisumu,2023-02,45.60608933333333,24.549809
KE042,Kisumu,2023-03,154.52100499999997,74.09981
KE042,Kisumu,2023-04,125.12577283333333,62.024517
KE042,Kisumu,2023-05,105.68232666666667,61.53943
KE042,Kisumu,2023-06,144.949479,89.200294
KE042,Kisumu,2023-07,81.12427283333334,51.989735
KE042,Kisumu,2023-08,86.1023285,42.99193
KE042,Kisumu,2023-09,158.77595666666664,133.7286
KE042,Kisumu,2023-10,164.69286,68.76593
KE042,Kisumu,2023-11,158.46575666666666,137.90138
KE042,Kisumu,2023-12,112.96666599999999,72.30928
KE042,Kisumu,2024-01,187.14484666666667,139.63701
KE042,Kisumu,2024-02,203.50519666666665,149.20305
KE042,Kisumu,2024-03,109.980796,16.859768
KE042,Kisumu,2024-04,129.86868833333332,81.90052
KE042,Kisumu,2024-05,92.15008733333333,58.442394
KE042,Kisumu,2024-06,71.49720333333333,60.44727
KE042,Kisumu,2024-07,138.42460416666668,99.980255
KE042,Kisumu,2024-08,115.20304333333333,69.61446
KE042,Kisumu,2024-09,93.06041666666665,73.9944
KE042,Kisumu,2024-10,101.26878916666668,75.296745
KE042,Kisumu,2024-11,188.0604258333333,72.71806
KE042,Kisumu,2024-12,105.48885733333333,76.76832
KE042,Kisumu,2025-01,100.78414333333335,39.43691
KE042,Kisumu,2025-02,56.124745499999996,34.0729
KE042,Kisumu,2025-03,132.63263416666666,95.89387
KE042,Kisumu,2025-04,122.67919733333333,93.072624
KE042,Kisumu,2025-05,172.31570333333335,140.1326
KE042,Kisumu,2025-06,80.06534016666666,58.534103
KE042,Kisumu,2025-07,185.14220166666667,87.53668
KE042,Kisumu,2025-08,82.303049,58.12366
KE042,Kisumu,2025-09,89.73963816666667,76.235535
KE042,Kisumu,2025-10,139.6737875,55.505955
KE042,Kisumu,2025-11,51.606091666666664,13.723467
KE042,Kisumu,2025-12,169.22198433333332,28.010061
KE042,Kisumu,2026-01,51.512789166666664,38.667282
KE042,Kisumu,2026-02,366.8450883333333,291.3813
KE042,Kisumu,2026-03,193.61433333333332,164.22581
KE042,Kisumu,2026-04,114.279825,76.02706
KE042,Kisumu,2026-05,127.7904,112.9123
KE015,Kitui,2006-01,69.82299,52.621494
KE015,Kitui,2006-02,88.00652666666667,68.80019
KE015,Kitui,2006-03,113.06009233333333,68.67578
KE015,Kitui,2006-04,100.45039566666668,51.99814
KE015,Kitui,2006-05,137.9688835,62.134735
KE015,Kitui,2006-06,96.04750333333334,90.10826
KE015,Kitui,2006-07,92.60076833333333,89.49829
KE015,Kitui,2006-08,95.64462133333332,89.98763
KE015,Kitui,2006-09,109.32811250000002,92.72825
KE015,Kitui,2006-10,124.33779433333332,94.671936
KE015,Kitui,2006-11,191.1788633333333,102.59012
KE015,Kitui,2006-12,271.1165716666667,82.02366
KE015,Kitui,2007-01,101.40900183333333,72.739265
KE015,Kitui,2007-02,96.40148533333333,65.41363
KE015,Kitui,2007-03,75.69025733333334,54.8236
KE015,Kitui,2007-04,67.44104483333334,30.186848
KE015,Kitui,2007-05,124.65447316666666,59.068497
KE015,Kitui,2007-06,98.15040499999999,94.22898
KE015,Kitui,2007-07,94.83820333333334,89.86838
KE015,Kitui,2007-08,93.11489433333334,88.54393
KE015,Kitui,2007-09,92.07195766666666,83.23112
KE015,Kitui,2007-10,90.28499699999999,59.942238
KE015,Kitui,2007-11,76.39475649999999,31.725416
KE015,Kitui,2007-12,58.76728483333333,36.212585
KE015,Kitui,2008-01,167.89340666666666,60.24077
KE015,Kitui,2008-02,76.62438033333333,67.55334
KE015,Kitui,2008-03,152.04034233333334,57.448864
KE015,Kitui,2008-04,69.04044266666666,25.003551
KE015,Kitui,2008-05,54.75904549999999,29.13775
KE015,Kitui,2008-06,96.064411,89.79336
KE015,Kitui,2008-07,96.25459583333333,87.12996
KE015,Kitui,2008-08,87.4318735,85.797745
KE015,Kitui,2008-09,91.50175633333333,81.62377
KE015,Kitui,2008-10,109.98409250000002,33.276222
KE015,Kitui,2008-11,81.051751,30.796394
KE015,Kitui,2008-12,34.66830766666667,20.873835
KE015,Kitui,2009-01,101.57343333333334,60.63708
KE015,Kitui,2009-02,85.87733250000001,62.683765
KE015,Kitui,2009-03,43.43520433333333,33.23597
KE015,Kitui,2009-04,57.09271016666667,42.422302
KE015,Kitui,2009-05,80.4783855,51.406975
KE015,Kitui,2009-06,98.688901,93.11448
KE015,Kitui,2009-07,87.86196066666668,84.55997
KE015,Kitui,2009-08,89.07470666666667,83.42659
KE015,Kitui,2009-09,91.841609,81.18898
KE015,Kitui,2009-10,175.27798266666665,91.30032
KE015,Kitui,2009-11,56.807845166666674,27.35225
KE015,Kitui,2009-12,124.81858416666667,48.20527
KE015,Kitui,2010-01,78.4554555,56.623543
KE015,Kitui,2010-02,136.256599,70.91198
KE015,Kitui,2010-03,237.561,88.24759
KE015,Kitui,2010-04,97.08024333333333,38.18988
KE015,Kitui,2010-05,84.24927166666667,73.27217
KE015,Kitui,2010-06,97.55563833333333,93.8115
KE015,Kitui,2010-07,98.32072483333333,91.172264
KE015,Kitui,2010-08,93.151145,88.61088
KE015,Kitui,2010-09,103.76662666666668,88.73868
KE015,Kitui,2010-10,64.58174966666667,42.272743
KE015,Kitui,2010-11,77.81968450000001,39.307896
KE015,Kitui,2010-12,53.26378583333334,34.936398
KE015,Kitui,2011-01,84.753159,58.021362
KE015,Kitui,2011-02,110.8752775,74.325455
KE015,Kitui,2011-03,81.79379516666667,50.179966
KE015,Kitui,2011-04,58.0437935,26.359013
KE015,Kitui,2011-05,96.34769233333333,51.98931
KE015,Kitui,2011-06,98.02212250000001,94.62448
KE015,Kitui,2011-07,90.9878815,86.3295
KE015,Kitui,2011-08,92.0316045,89.149925
KE015,Kitui,2011-09,102.23175683333334,92.92857
KE015,Kitui,2011-10,155.17569333333333,68.50901
KE015,Kitui,2011-11,116.417139,87.31295
KE015,Kitui,2011-12,67.1230225,29.40318
KE015,Kitui,2012-01,62.191744666666665,52.26481
KE015,Kitui,2012-02,97.73255833333333,73.307045
KE015,Kitui,2012-03,58.0957835,24.863543
KE015,Kitui,2012-04,113.94486833333333,41.12585
KE015,Kitui,2012-05,89.57995816666666,81.027756
KE015,Kitui,2012-06,99.00146833333334,95.4297
KE015,Kitui,2012-07,95.00900416666667,89.78458
KE015,Kitui,2012-08,104.41420433333333,90.414856
KE015,Kitui,2012-09,92.48954916666666,82.21668
KE015,Kitui,2012-10,91.87317316666667,40.876873
KE015,Kitui,2012-11,96.697071,37.226624
KE015,Kitui,2012-12,120.8840745,43.99126
KE015,Kitui,2013-01,79.09379433333334,60.151596
KE015,Kitui,2013-02,80.31511266666666,67.782936
KE015,Kitui,2013-03,148.81803833333333,53.7771
KE015,Kitui,2013-04,106.7678475,33.089725
KE015,Kitui,2013-05,61.92762183333334,32.71461
KE015,Kitui,2013-06,96.89699266666666,90.53139
KE015,Kitui,2013-07,99.69062650000001,90.05163
KE015,Kitui,2013-08,97.00243333333333,94.111626
KE015,Kitui,2013-09,121.07575033333335,97.574326
KE015,Kitui,2013-10,74.576582,30.176777
KE015,Kitui,2013-11,77.217106,23.550934
KE015,Kitui,2013-12,83.7878185,39.632004
KE015,Kitui,2014-01,57.328202000000005,46.458706
KE015,Kitui,2014-02,107.34236233333333,69.79589
KE015,Kitui,2014-03,150.21955466666668,40.771
KE015,Kitui,2014-04,72.87503383333333,49.296173
KE015,Kitui,2014-05,70.48318033333334,40.272366
KE015,Kitui,2014-06,106.83658166666667,102.2603
KE015,Kitui,2014-07,101.178521,91.35912
KE015,Kitui,2014-08,106.567725,99.70449
KE015,Kitui,2014-09,101.23821183333332,89.001755
KE015,Kitui,2014-10,76.43338433333334,43.010666
KE015,Kitui,2014-11,82.935315,53.88173
KE015,Kitui,2014-12,74.78793383333334,46.05534
KE015,Kitui,2015-01,61.943271833333334,46.508247
KE015,Kitui,2015-02,80.00406916666667,70.23275
KE015,Kitui,2015-03,58.7205145,34.18191
KE015,Kitui,2015-04,140.00693333333334,85.51427
KE015,Kitui,2015-05,126.23524916666666,70.70837
KE015,Kitui,2015-06,96.58265133333333,92.74546
KE015,Kitui,2015-07,113.90705916666667,105.99519
KE015,Kitui,2015-08,99.66558416666668,89.90708
KE015,Kitui,2015-09,98.92157916666667,85.53697
KE015,Kitui,2015-10,109.859561,57.635696
KE015,Kitui,2015-11,139.97832566666668,97.605774
KE015,Kitui,2015-12,140.85988533333332,42.474957
KE015,Kitui,2016-01,126.66911,99.52338
KE015,Kitui,2016-02,90.41564266666667,69.04485
KE015,Kitui,2016-03,65.203513,22.637526
KE015,Kitui,2016-04,124.17755666666666,71.53333
KE015,Kitui,2016-05,91.60452616666667,54.736362
KE015,Kitui,2016-06,99.29639166666668,97.50164
KE015,Kitui,2016-07,98.05530900000001,96.215164
KE015,Kitui,2016-08,103.36144833333333,93.886925
KE015,Kitui,2016-09,98.6486,94.03533
KE015,Kitui,2016-10,70.98261783333334,26.392025
KE015,Kitui,2016-11,109.05128733333333,64.52035
KE015,Kitui,2016-12,49.821006000000004,33.00879
KE015,Kitui,2017-01,68.26767483333333,56.840904
KE015,Kitui,2017-02,109.45024233333334,78.77964
KE015,Kitui,2017-03,33.22290316666667,24.390982
KE015,Kitui,2017-04,82.39881,44.10542
KE015,Kitui,2017-05,115.39971416666667,84.39172
KE015,Kitui,2017-06,97.289305,88.72731
KE015,Kitui,2017-07,106.42773816666666,95.12919
KE015,Kitui,2017-08,116.67339249999999,106.19577
KE015,Kitui,2017-09,102.697337,98.28497
KE015,Kitui,2017-10,106.97465249999999,78.87236
KE015,Kitui,2017-11,78.61037850000001,31.286451
KE015,Kitui,2017-12,33.4787665,22.468325
KE015,Kitui,2018-01,64.84131983333333,53.428753
KE015,Kitui,2018-02,75.0514615,68.521225
KE015,Kitui,2018-03,271.084975,75.67607
KE015,Kitui,2018-04,227.632595,154.32744
KE015,Kitui,2018-05,115.55299266666667,66.261055
KE015,Kitui,2018-06,116.34536750000001,104.64781
KE015,Kitui,2018-07,128.24517,106.13832
KE015,Kitui,2018-08,103.71533833333332,95.12277
KE015,Kitui,2018-09,110.12200833333333,99.78058
KE015,Kitui,2018-10,82.70138283333334,45.40451
KE015,Kitui,2018-11,59.86177783333333,43.093597
KE015,Kitui,2018-12,167.01539583333332,44.019955
KE015,Kitui,2019-01,94.36405,73.16985
KE015,Kitui,2019-02,104.00372983333334,78.07142
KE015,Kitui,2019-03,32.292936166666664,23.925144
KE015,Kitui,2019-04,80.32315366666666,20.526945
KE015,Kitui,2019-05,86.27645000000001,53.01122
KE015,Kitui,2019-06,106.98419799999999,99.468124
KE015,Kitui,2019-07,117.30729833333334,99.53707
KE015,Kitui,2019-08,116.413585,101.93113
KE015,Kitui,2019-09,110.65218233333333,103.47616
KE015,Kitui,2019-10,339.61571,221.54417
KE015,Kitui,2019-11,175.88562083333332,48.839725
KE015,Kitui,2019-12,221.94765833333335,83.41233
KE015,Kitui,2020-01,225.98952999999997,144.36977
KE015,Kitui,2020-02,162.94522833333335,81.32922
KE015,Kitui,2020-03,193.57873583333333,74.671455
KE015,Kitui,2020-04,162.085066,32.788116
KE015,Kitui,2020-05,83.817479,61.03242
KE015,Kitui,2020-06,110.96007850000001,103.42848
KE015,Kitui,2020-07,136.445795,107.42658
KE015,Kitui,2020-08,110.59866733333332,103.47898
KE015,Kitui,2020-09,105.099601,98.85766
KE015,Kitui,2020-10,68.62343083333333,58.89728
KE015,Kitui,2020-11,90.43658366666666,24.083502
KE015,Kitui,2020-12,90.77285266666667,39.42167
KE015,Kitui,2021-01,76.435886,53.360046
KE015,Kitui,2021-02,108.00718433333334,74.517456
KE015,Kitui,2021-03,44.32851483333334,34.836094
KE015,Kitui,2021-04,94.8995795,51.148617
KE015,Kitui,2021-05,146.28460066666668,81.96005
KE015,Kitui,2021-06,95.14229833333333,86.75924
KE015,Kitui,2021-07,114.66075683333334,105.189445
KE015,Kitui,2021-08,100.814994,89.95469
KE015,Kitui,2021-09,97.427326,89.53701
KE015,Kitui,2021-10,71.63062633333334,43.166424
KE015,Kitui,2021-11,66.77801699999999,21.296295
KE015,Kitui,2021-12,225.46595266666668,76.41276
KE015,Kitui,2022-01,82.90593116666666,54.920155
KE015,Kitui,2022-02,103.83564000000001,70.06064
KE015,Kitui,2022-03,38.04712933333334,30.71545
KE015,Kitui,2022-04,99.95189316666666,18.486626
KE015,Kitui,2022-05,64.99091266666666,36.778687
KE015,Kitui,2022-06,99.60318166666667,89.09633
KE015,Kitui,2022-07,107.58872833333334,102.28357
KE015,Kitui,2022-08,106.50263666666666,98.47523
KE015,Kitui,2022-09,98.41772333333334,93.28432
KE015,Kitui,2022-10,60.523400333333335,37.166866
KE015,Kitui,2022-11,88.90511,70.47208
KE015,Kitui,2022-12,64.49312733333333,43.857933
KE015,Kitui,2023-01,81.106004,59.658234
KE015,Kitui,2023-02,68.33662166666666,58.20268
KE015,Kitui,2023-03,88.94492733333334,33.229904
KE015,Kitui,2023-04,186.28219833333333,112.48985
KE015,Kitui,2023-05,84.52006866666666,56.768173
KE015,Kitui,2023-06,108.87980499999999,100.60959
KE015,Kitui,2023-07,115.94934933333333,109.31376
KE015,Kitui,2023-08,98.33205733333334,91.156334
KE015,Kitui,2023-09,96.61910999999999,91.527466
KE015,Kitui,2023-10,140.45558166666666,97.59157
KE015,Kitui,2023-11,214.06557999999998,132.5953
KE015,Kitui,2023-12,84.64613083333333,27.907377
KE015,Kitui,2024-01,110.46836833333333,74.37262
KE015,Kitui,2024-02,152.654075,79.56512
KE015,Kitui,2024-03,97.0291715,31.209093
KE015,Kitui,2024-04,180.15665666666666,70.97121
KE015,Kitui,2024-05,170.3004625,87.37629
KE015,Kitui,2024-06,97.86724249999999,86.47223
KE015,Kitui,2024-07,104.2222015,89.82036
KE015,Kitui,2024-08,101.73797833333333,96.19298
KE015,Kitui,2024-09,93.67076750000001,83.71872
KE015,Kitui,2024-10,66.46944216666667,35.38665
KE015,Kitui,2024-11,136.843245,77.24573
KE015,Kitui,2024-12,69.809675,30.792654
KE015,Kitui,2025-01,91.6081855,58.027733
KE015,Kitui,2025-02,64.86857533333334,54.57145
KE015,Kitui,2025-03,180.47238216666665,56.002743
KE015,Kitui,2025-04,124.17741333333333,82.02937
KE015,Kitui,2025-05,91.64250399999999,57.66489
KE015,Kitui,2025-06,103.02776666666666,98.89569
KE015,Kitui,2025-07,99.37253933333334,88.42475
KE015,Kitui,2025-08,109.40261500000001,100.47811
KE015,Kitui,2025-09,99.85787166666667,88.65963
KE015,Kitui,2025-10,141.11280333333335,51.52181
KE015,Kitui,2025-11,40.588055833333335,33.775883
KE015,Kitui,2025-12,100.99685683333333,27.785933
KE015,Kitui,2026-01,56.50380583333333,45.844414
KE015,Kitui,2026-02,287.62781250000006,79.475555
KE015,Kitui,2026-03,273.92259333333334,134.76515
KE015,Kitui,2026-04,115.9523605,29.068333
KE015,Kitui,2026-05,55.878311499999995,53.671253
KE002,Kwale,2006-01,54.835473666666665,46.41964
KE002,Kwale,2006-02,83.24191333333333,66.71437
KE002,Kwale,2006-03,119.25807666666667,85.74814
KE002,Kwale,2006-04,158.69602666666665,77.02975
KE002,Kwale,2006-05,97.86656633333332,38.122444
KE002,Kwale,2006-06,118.26069866666667,76.773346
KE002,Kwale,2006-07,89.71599333333334,75.19388
KE002,Kwale,2006-08,107.25693866666666,98.843346
KE002,Kwale,2006-09,133.67805533333333,93.153946
KE002,Kwale,2006-10,203.19300666666666,69.95395
KE002,Kwale,2006-11,194.42748133333336,81.732124
KE002,Kwale,2006-12,175.27519333333336,70.69499
KE002,Kwale,2007-01,55.753227333333335,44.885975
KE002,Kwale,2007-02,82.11002,68.56846
KE002,Kwale,2007-03,67.92075966666667,35.140972
KE002,Kwale,2007-04,84.08152,44.505497
KE002,Kwale,2007-05,186.80979333333335,100.56317
KE002,Kwale,2007-06,106.3406,61.56501
KE002,Kwale,2007-07,88.09230000000001,73.00554
KE002,Kwale,2007-08,139.05252166666668,119.634155
KE002,Kwale,2007-09,113.53595666666666,90.37933
KE002,Kwale,2007-10,89.91360866666666,81.682816
KE002,Kwale,2007-11,73.18365666666666,36.052044
KE002,Kwale,2007-12,73.28015333333333,45.20128
KE002,Kwale,2008-01,122.119589,46.095547
KE002,Kwale,2008-02,86.860135,75.45967
KE002,Kwale,2008-03,128.22878533333332,47.87705
KE002,Kwale,2008-04,76.32333833333333,58.76857
KE002,Kwale,2008-05,96.08219000000001,63.8207
KE002,Kwale,2008-06,136.890468,103.524864
KE002,Kwale,2008-07,105.57673466666667,84.747314
KE002,Kwale,2008-08,86.91503666666667,79.774
KE002,Kwale,2008-09,85.18876833333333,66.091835
KE002,Kwale,2008-10,72.44893866666666,64.137886
KE002,Kwale,2008-11,94.82505566666667,40.084007
KE002,Kwale,2008-12,47.34111466666667,36.64017
KE002,Kwale,2009-01,62.645311666666665,40.01691
KE002,Kwale,2009-02,116.81528466666667,103.50324
KE002,Kwale,2009-03,64.52897133333333,56.163754
KE002,Kwale,2009-04,53.402324333333326,44.389683
KE002,Kwale,2009-05,43.92467666666667,32.21566
KE002,Kwale,2009-06,126.98296333333333,85.11448
KE002,Kwale,2009-07,76.940345,69.32434
KE002,Kwale,2009-08,80.54723333333334,75.17742
KE002,Kwale,2009-09,56.584735333333334,48.53636
KE002,Kwale,2009-10,129.22668,69.38417
KE002,Kwale,2009-11,38.345151333333334,33.56
KE002,Kwale,2009-12,159.01087166666665,104.690865
KE002,Kwale,2010-01,93.41523000000001,43.75363
KE002,Kwale,2010-02,103.16406833333333,88.215195
KE002,Kwale,2010-03,91.85317466666667,33.889034
KE002,Kwale,2010-04,110.46809333333333,95.09776
KE002,Kwale,2010-05,116.416808,47.75368
KE002,Kwale,2010-06,109.98079666666666,73.78249
KE002,Kwale,2010-07,76.77245666666667,65.58564
KE002,Kwale,2010-08,83.32411533333334,82.243996
KE002,Kwale,2010-09,93.83800166666667,78.96817
KE002,Kwale,2010-10,42.15158666666667,30.992517
KE002,Kwale,2010-11,85.83827699999999,52.103657
KE002,Kwale,2010-12,54.01769166666666,29.355625
KE002,Kwale,2011-01,52.88495,45.248325
KE002,Kwale,2011-02,131.21839,83.48878
KE002,Kwale,2011-03,57.771707,35.36282
KE002,Kwale,2011-04,73.96935666666667,53.96928
KE002,Kwale,2011-05,84.11253166666667,74.40775
KE002,Kwale,2011-06,73.46702900000001,58.437347
KE002,Kwale,2011-07,81.08278266666667,69.424
KE002,Kwale,2011-08,73.97398133333333,69.233444
KE002,Kwale,2011-09,112.38797999999998,98.83394
KE002,Kwale,2011-10,133.92763333333335,76.81616
KE002,Kwale,2011-11,87.11630266666667,76.36493
KE002,Kwale,2011-12,99.68139766666667,52.006573
KE002,Kwale,2012-01,52.04791733333334,42.70507
KE002,Kwale,2012-02,78.72796366666667,71.59352
KE002,Kwale,2012-03,42.98646733333333,24.132261
KE002,Kwale,2012-04,75.28511333333334,58.84434
KE002,Kwale,2012-05,79.11190666666667,34.52957
KE002,Kwale,2012-06,70.99289766666666,50.720573
KE002,Kwale,2012-07,80.95233633333334,75.806114
KE002,Kwale,2012-08,99.42343533333333,80.45737
KE002,Kwale,2012-09,95.62900133333333,61.127014
KE002,Kwale,2012-10,75.81401666666666,31.892794
KE002,Kwale,2012-11,106.44493533333333,44.78372
KE002,Kwale,2012-12,105.10238666666667,65.1792
KE002,Kwale,2013-01,59.099670333333336,49.981506
KE002,Kwale,2013-02,83.33332333333334,67.13723
KE002,Kwale,2013-03,167.93871333333334,89.80793
KE002,Kwale,2013-04,82.38777766666666,52.174423
KE002,Kwale,2013-05,98.87180533333333,59.759186
KE002,Kwale,2013-06,84.54314666666666,68.26378
KE002,Kwale,2013-07,72.34951166666667,63.645775
KE002,Kwale,2013-08,130.22964666666667,111.53577
KE002,Kwale,2013-09,155.51007,113.09715
KE002,Kwale,2013-10,119.63303666666667,36.74243
KE002,Kwale,2013-11,96.63556866666666,33.51032
KE002,Kwale,2013-12,110.926835,42.754745
KE002,Kwale,2014-01,46.565918333333336,42.480698
KE002,Kwale,2014-02,109.35258800000001,66.804924
KE002,Kwale,2014-03,198.24112333333332,147.20638
KE002,Kwale,2014-04,63.690224,35.760582
KE002,Kwale,2014-05,110.46182566666666,58.677547
KE002,Kwale,2014-06,119.05351,98.51018
KE002,Kwale,2014-07,96.6949,83.17152
KE002,Kwale,2014-08,90.06540333333334,84.684975
KE002,Kwale,2014-09,154.98172333333332,104.39532
KE002,Kwale,2014-10,105.28008,74.82192
KE002,Kwale,2014-11,125.607942,44.068806
KE002,Kwale,2014-12,167.6782433333333,87.87668
KE002,Kwale,2015-01,50.245902,42.15661
KE002,Kwale,2015-02,72.51766666666667,67.36105
KE002,Kwale,2015-03,132.60490333333334,74.47252
KE002,Kwale,2015-04,85.64531,57.30316
KE002,Kwale,2015-05,127.80525333333333,72.65724
KE002,Kwale,2015-06,95.81365333333333,73.98277
KE002,Kwale,2015-07,129.25599,108.26447
KE002,Kwale,2015-08,94.21206500000001,91.05011
KE002,Kwale,2015-09,100.43805466666667,87.68843
KE002,Kwale,2015-10,136.64529666666667,50.80789
KE002,Kwale,2015-11,170.75035,68.03932
KE002,Kwale,2015-12,71.56204433333333,41.617443
KE002,Kwale,2016-01,110.32813333333333,78.95328
KE002,Kwale,2016-02,92.33469333333333,75.49686
KE002,Kwale,2016-03,58.94140133333334,21.428368
KE002,Kwale,2016-04,133.24446333333333,75.56609
KE002,Kwale,2016-05,60.56058133333334,53.29684
KE002,Kwale,2016-06,105.38067333333333,89.48781
KE002,Kwale,2016-07,79.10199166666666,70.27742
KE002,Kwale,2016-08,113.09450333333332,109.43165
KE002,Kwale,2016-09,100.38036199999999,82.688576
KE002,Kwale,2016-10,85.44926733333334,52.620842
KE002,Kwale,2016-11,70.5181,40.72953
KE002,Kwale,2016-12,90.61574666666667,70.58578
KE002,Kwale,2017-01,66.847014,50.207977
KE002,Kwale,2017-02,95.79083800000001,83.85648
KE002,Kwale,2017-03,61.83785366666666,39.945297
KE002,Kwale,2017-04,82.90576666666668,74.19473
KE002,Kwale,2017-05,145.34727333333333,75.99404
KE002,Kwale,2017-06,93.57364666666666,85.23302
KE002,Kwale,2017-07,80.11021833333332,73.9323
KE002,Kwale,2017-08,133.48109666666667,119.68784
KE002,Kwale,2017-09,185.49653,107.78028
KE002,Kwale,2017-10,77.333521,39.523663
KE002,Kwale,2017-11,159.38273333333333,89.99925
KE002,Kwale,2017-12,71.48602,33.885815
KE002,Kwale,2018-01,64.10171799999999,36.98224
KE002,Kwale,2018-02,79.09952533333333,74.13887
KE002,Kwale,2018-03,214.809788,71.469734
KE002,Kwale,2018-04,142.07434,78.64207
KE002,Kwale,2018-05,132.01827,66.55147
KE002,Kwale,2018-06,119.99787466666668,98.084724
KE002,Kwale,2018-07,148.58138,128.61168
KE002,Kwale,2018-08,103.87199,85.03618
KE002,Kwale,2018-09,197.80520333333334,102.21926
KE002,Kwale,2018-10,196.74575333333334,80.98622
KE002,Kwale,2018-11,68.365003,32.978264
KE002,Kwale,2018-12,149.76167,42.99279
KE002,Kwale,2019-01,85.79856533333333,69.08099
KE002,Kwale,2019-02,94.83239166666665,80.278435
KE002,Kwale,2019-03,35.927501,27.55926
KE002,Kwale,2019-04,50.031915,43.266014
KE002,Kwale,2019-05,179.38366,95.77467
KE002,Kwale,2019-06,87.45834166666667,71.707535
KE002,Kwale,2019-07,124.57734166666667,111.801865
KE002,Kwale,2019-08,141.87134666666665,123.3138
KE002,Kwale,2019-09,176.29276333333334,152.89656
KE002,Kwale,2019-10,358.85841,327.3506
KE002,Kwale,2019-11,119.43649,93.43972
KE002,Kwale,2019-12,210.98241833333336,124.314705
KE002,Kwale,2020-01,223.92567999999997,102.08831
KE002,Kwale,2020-02,108.71342,98.98187
KE002,Kwale,2020-03,143.69178,110.43241
KE002,Kwale,2020-04,283.5466066666667,168.79532
KE002,Kwale,2020-05,78.74891933333333,43.724052
KE002,Kwale,2020-06,132.09758,114.68717
KE002,Kwale,2020-07,149.90062666666668,137.2879
KE002,Kwale,2020-08,99.72989666666668,83.5327
KE002,Kwale,2020-09,141.44730866666666,127.347946
KE002,Kwale,2020-10,60.52019466666667,50.07325
KE002,Kwale,2020-11,143.73617466666667,96.09055
KE002,Kwale,2020-12,97.100975,41.40585
KE002,Kwale,2021-01,130.05593833333333,42.893055
KE002,Kwale,2021-02,114.14536333333335,78.7171
KE002,Kwale,2021-03,41.45950033333333,30.307371
KE002,Kwale,2021-04,73.23243433333333,51.185955
KE002,Kwale,2021-05,79.409424,38.250782
KE002,Kwale,2021-06,82.17508333333333,63.26034
KE002,Kwale,2021-07,125.27799333333333,108.75562
KE002,Kwale,2021-08,104.20919666666667,101.41338
KE002,Kwale,2021-09,112.19603833333333,85.55324
KE002,Kwale,2021-10,60.98695866666666,47.89962
KE002,Kwale,2021-11,45.10690233333333,31.233047
KE002,Kwale,2021-12,203.1697333333333,114.37534
KE002,Kwale,2022-01,80.193085,46.39471
KE002,Kwale,2022-02,105.10976333333333,89.48378
KE002,Kwale,2022-03,44.18557033333334,32.261005
KE002,Kwale,2022-04,99.77521166666666,52.63835
KE002,Kwale,2022-05,65.88643533333332,39.318325
KE002,Kwale,2022-06,106.545322,92.60942
KE002,Kwale,2022-07,214.90649,195.46272
KE002,Kwale,2022-08,97.35818033333334,94.70141
KE002,Kwale,2022-09,105.67125333333333,101.403305
KE002,Kwale,2022-10,50.81736166666667,42.496635
KE002,Kwale,2022-11,96.00037166666668,63.346565
KE002,Kwale,2022-12,85.98502466666666,33.96855
KE002,Kwale,2023-01,82.81915333333333,54.6694
KE002,Kwale,2023-02,69.172602,67.104706
KE002,Kwale,2023-03,67.08828,33.00718
KE002,Kwale,2023-04,199.63918866666666,45.477066
KE002,Kwale,2023-05,62.82646033333333,43.956024
KE002,Kwale,2023-06,96.53142666666668,86.97059
KE002,Kwale,2023-07,169.10169666666664,159.54234
KE002,Kwale,2023-08,102.11362333333334,91.74285
KE002,Kwale,2023-09,89.550425,84.476715
KE002,Kwale,2023-10,140.00993000000003,75.58714
KE002,Kwale,2023-11,368.2158133333333,266.17023
KE002,Kwale,2023-12,155.92495,145.13869
KE002,Kwale,2024-01,105.48371133333335,75.864204
KE002,Kwale,2024-02,101.776363,87.467064
KE002,Kwale,2024-03,126.53642,94.39489
KE002,Kwale,2024-04,98.64686266666666,75.637634
KE002,Kwale,2024-05,39.34303633333334,22.75096
KE002,Kwale,2024-06,93.31064500000001,48.824005
KE002,Kwale,2024-07,54.72811633333333,50.357574
KE002,Kwale,2024-08,122.52991866666666,112.36732
KE002,Kwale,2024-09,80.528128,64.66827
KE002,Kwale,2024-10,63.526777,40.738476
KE002,Kwale,2024-11,90.14711466666667,51.984524
KE002,Kwale,2024-12,136.82413533333332,102.119446
KE002,Kwale,2025-01,68.38954033333333,48.577408
KE002,Kwale,2025-02,63.92758333333334,62.51829
KE002,Kwale,2025-03,104.91563133333334,74.491844
KE002,Kwale,2025-04,96.28710466666666,62.640984
KE002,Kwale,2025-05,83.82928,54.636215
KE002,Kwale,2025-06,131.24642,78.38512
KE002,Kwale,2025-07,61.51313366666667,60.916393
KE002,Kwale,2025-08,84.55552666666667,82.02922
KE002,Kwale,2025-09,97.103745,80.074455
KE002,Kwale,2025-10,75.05657533333333,34.830536
KE002,Kwale,2025-11,29.27503466666667,21.27485
KE002,Kwale,2025-12,59.30643466666667,29.526789
KE002,Kwale,2026-01,45.38880866666667,36.82371
KE002,Kwale,2026-02,153.39900333333335,78.587
KE002,Kwale,2026-03,249.01520666666667,154.37308
KE002,Kwale,2026-04,88.72775433333334,57.399673
KE002,Kwale,2026-05,46.53985,46.53985
KE031,Laikipia,2006-01,70.76596666666667,67.29727
KE031,Laikipia,2006-02,93.40308433333333,43.55266
KE031,Laikipia,2006-03,108.50872766666667,46.428505
KE031,Laikipia,2006-04,101.72134100000001,60.147263
KE031,Laikipia,2006-05,68.28137866666667,59.40607
KE031,Laikipia,2006-06,75.67438333333332,54.6868
KE031,Laikipia,2006-07,75.46918833333334,68.344345
KE031,Laikipia,2006-08,139.04781533333332,83.431816
KE031,Laikipia,2006-09,83.85451466666667,66.61686
KE031,Laikipia,2006-10,108.82001466666667,76.44653
KE031,Laikipia,2006-11,170.83621333333335,124.67685
KE031,Laikipia,2006-12,189.97420333333335,69.86628
KE031,Laikipia,2007-01,104.67725666666666,97.8809
KE031,Laikipia,2007-02,139.96540833333333,80.260445
KE031,Laikipia,2007-03,73.58840333333333,49.95513
KE031,Laikipia,2007-04,96.01349666666665,34.58576
KE031,Laikipia,2007-05,91.80528666666667,74.29946
KE031,Laikipia,2007-06,167.80034333333333,122.9827
KE031,Laikipia,2007-07,138.62476266666667,54.630608
KE031,Laikipia,2007-08,119.83894199999999,91.218666
KE031,Laikipia,2007-09,213.85609,130.53745
KE031,Laikipia,2007-10,89.104015,65.94103
KE031,Laikipia,2007-11,67.736127,53.685795
KE031,Laikipia,2007-12,59.534146666666665,52.175312
KE031,Laikipia,2008-01,103.52965666666667,57.15549
KE031,Laikipia,2008-02,71.68423533333333,49.72975
KE031,Laikipia,2008-03,109.82725666666668,65.66827
KE031,Laikipia,2008-04,51.512738333333324,33.327675
KE031,Laikipia,2008-05,48.730045,30.234081
KE031,Laikipia,2008-06,57.870677,51.622635
KE031,Laikipia,2008-07,84.39527866666667,57.796566
KE031,Laikipia,2008-08,61.48561333333333,47.43214
KE031,Laikipia,2008-09,147.48723666666666,116.39528
KE031,Laikipia,2008-10,133.84408,109.22262
KE031,Laikipia,2008-11,122.09544466666667,60.65658
KE031,Laikipia,2008-12,60.027606666666664,45.71016
KE031,Laikipia,2009-01,102.12707666666665,69.07395
KE031,Laikipia,2009-02,71.11798266666666,53.360878
KE031,Laikipia,2009-03,45.20946933333334,39.81271
KE031,Laikipia,2009-04,66.810004,53.93294
KE031,Laikipia,2009-05,102.33392333333335,38.76865
KE031,Laikipia,2009-06,56.598932999999995,49.119175
KE031,Laikipia,2009-07,49.98711,39.192726
KE031,Laikipia,2009-08,52.90474566666666,50.685604
KE031,Laikipia,2009-09,66.81758500000001,59.072685
KE031,Laikipia,2009-10,112.56259733333333,92.88801
KE031,Laikipia,2009-11,75.31316666666667,64.15766
KE031,Laikipia,2009-12,177.20051333333336,100.69972
KE031,Laikipia,2010-01,125.29116666666668,61.27245
KE031,Laikipia,2010-02,276.1676333333333,173.22287
KE031,Laikipia,2010-03,185.77475333333334,77.77146
KE031,Laikipia,2010-04,110.43062666666667,104.13113
KE031,Laikipia,2010-05,125.23021666666666,67.25362
KE031,Laikipia,2010-06,81.227965,64.38998
KE031,Laikipia,2010-07,86.64799966666668,53.831337
KE031,Laikipia,2010-08,112.37854,72.03728
KE031,Laikipia,2010-09,94.30911333333331,83.94832
KE031,Laikipia,2010-10,82.071432,58.86703
KE031,Laikipia,2010-11,65.29172333333334,55.97411
KE031,Laikipia,2010-12,51.625104666666665,47.011204
KE031,Laikipia,2011-01,60.48851500000001,54.645138
KE031,Laikipia,2011-02,78.63957066666667,50.3366
KE031,Laikipia,2011-03,99.89488533333333,46.228283
KE031,Laikipia,2011-04,51.424687000000006,29.522547
KE031,Laikipia,2011-05,77.42387599999999,45.247032
KE031,Laikipia,2011-06,133.21820333333332,86.70446
KE031,Laikipia,2011-07,144.52818666666667,103.41394
KE031,Laikipia,2011-08,154.93538333333333,102.55979
KE031,Laikipia,2011-09,140.66008533333334,95.48355
KE031,Laikipia,2011-10,126.37619433333334,53.505413
KE031,Laikipia,2011-11,173.11046333333334,86.10406
KE031,Laikipia,2011-12,100.57039633333333,37.093964
KE031,Laikipia,2012-01,54.08044166666667,49.81837
KE031,Laikipia,2012-02,74.92098233333333,61.042297
KE031,Laikipia,2012-03,43.747612333333336,33.002724
KE031,Laikipia,2012-04,138.64068533333332,79.707016
KE031,Laikipia,2012-05,152.94766666666666,93.09753
KE031,Laikipia,2012-06,115.03546133333333,55.430054
KE031,Laikipia,2012-07,136.84582,96.03825
KE031,Laikipia,2012-08,115.85806000000001,102.61016
KE031,Laikipia,2012-09,119.63233000000001,87.12732
KE031,Laikipia,2012-10,124.12318,75.53653
KE031,Laikipia,2012-11,65.90352066666667,53.531586
KE031,Laikipia,2012-12,105.29723999999999,84.64715
KE031,Laikipia,2013-01,96.60954,78.30261
KE031,Laikipia,2013-02,60.24319166666666,45.80647
KE031,Laikipia,2013-03,123.83331300000002,53.237854
KE031,Laikipia,2013-04,174.16895,89.2775
KE031,Laikipia,2013-05,69.66995533333333,65.014496
KE031,Laikipia,2013-06,110.66271666666667,55.9255
KE031,Laikipia,2013-07,128.46004666666667,89.82197
KE031,Laikipia,2013-08,119.68781233333333,61.996967
KE031,Laikipia,2013-09,127.85756666666667,82.12544
KE031,Laikipia,2013-10,82.83487266666667,59.229218
KE031,Laikipia,2013-11,98.29388266666666,92.670204
KE031,Laikipia,2013-12,120.042582,61.97012
KE031,Laikipia,2014-01,57.41450866666667,53.86191
KE031,Laikipia,2014-02,166.455001,59.973343
KE031,Laikipia,2014-03,134.28603,40.258034
KE031,Laikipia,2014-04,76.76146,39.68282
KE031,Laikipia,2014-05,68.455901,59.67365
KE031,Laikipia,2014-06,77.41273633333333,73.569954
KE031,Laikipia,2014-07,71.61588333333333,68.13402
KE031,Laikipia,2014-08,137.26828333333336,72.38361
KE031,Laikipia,2014-09,104.27665233333333,62.305717
KE031,Laikipia,2014-10,101.16721833333334,65.674225
KE031,Laikipia,2014-11,103.102815,69.333015
KE031,Laikipia,2014-12,91.86523,74.55006
KE031,Laikipia,2015-01,63.68890666666667,56.47267
KE031,Laikipia,2015-02,96.01357733333334,51.566822
KE031,Laikipia,2015-03,57.783009666666665,44.296204
KE031,Laikipia,2015-04,147.04668,135.82782
KE031,Laikipia,2015-05,80.70565866666666,74.82059
KE031,Laikipia,2015-06,73.36073466666666,57.22726
KE031,Laikipia,2015-07,70.04961533333334,66.49201
KE031,Laikipia,2015-08,52.66635300000001,35.475895
KE031,Laikipia,2015-09,59.82486666666666,55.170525
KE031,Laikipia,2015-10,112.116425,100.21317
KE031,Laikipia,2015-11,129.36594,118.38124
KE031,Laikipia,2015-12,151.050235,64.793015
KE031,Laikipia,2016-01,167.69347,91.14961
KE031,Laikipia,2016-02,81.87526333333334,55.09297
KE031,Laikipia,2016-03,75.53567299999999,36.228474
KE031,Laikipia,2016-04,105.82769333333333,63.56892
KE031,Laikipia,2016-05,101.00093466666665,62.314964
KE031,Laikipia,2016-06,86.57688833333333,64.659515
KE031,Laikipia,2016-07,69.46939333333334,55.73836
KE031,Laikipia,2016-08,77.61581133333333,60.57046
KE031,Laikipia,2016-09,81.80911733333333,56.631332
KE031,Laikipia,2016-10,63.44032066666667,45.27893
KE031,Laikipia,2016-11,104.43389666666667,69.19256
KE031,Laikipia,2016-12,58.376295,55.12107
KE031,Laikipia,2017-01,59.39145266666666,51.873726
KE031,Laikipia,2017-02,126.50252333333333,77.61411
KE031,Laikipia,2017-03,47.005928000000004,41.08477
KE031,Laikipia,2017-04,54.322539000000006,43.064163
KE031,Laikipia,2017-05,95.03905633333333,76.000175
KE031,Laikipia,2017-06,56.793198,48.402424
KE031,Laikipia,2017-07,132.589078,109.323204
KE031,Laikipia,2017-08,132.11671166666667,71.816055
KE031,Laikipia,2017-09,123.28281866666667,113.535736
KE031,Laikipia,2017-10,149.51465866666666,65.88588
KE031,Laikipia,2017-11,106.30991166666666,55.834465
KE031,Laikipia,2017-12,51.94353,41.660954
KE031,Laikipia,2018-01,57.42559,47.63626
KE031,Laikipia,2018-02,60.25049333333334,47.47595
KE031,Laikipia,2018-03,248.34951999999998,91.82254
KE031,Laikipia,2018-04,196.00474666666665,151.02422
KE031,Laikipia,2018-05,191.23207666666667,137.93375
KE031,Laikipia,2018-06,314.43629000000004,215.45596
KE031,Laikipia,2018-07,96.84902666666666,75.15127
KE031,Laikipia,2018-08,75.28735,52.756786
KE031,Laikipia,2018-09,97.90695466666666,71.95895
KE031,Laikipia,2018-10,74.20075633333333,63.22064
KE031,Laikipia,2018-11,74.23510533333332,67.53956
KE031,Laikipia,2018-12,177.72514533333333,59.517746
KE031,Laikipia,2019-01,95.53040399999999,72.03052
KE031,Laikipia,2019-02,76.058852,48.122875
KE031,Laikipia,2019-03,47.80786533333333,32.248024
KE031,Laikipia,2019-04,73.06055400000001,32.401474
KE031,Laikipia,2019-05,86.75695033333334,55.376465
KE031,Laikipia,2019-06,174.32377666666665,83.19172
KE031,Laikipia,2019-07,92.62167333333333,64.89488
KE031,Laikipia,2019-08,106.61525,81.35489
KE031,Laikipia,2019-09,132.04921833333333,89.670525
KE031,Laikipia,2019-10,188.61622333333332,112.19991
KE031,Laikipia,2019-11,184.00408666666667,114.633575
KE031,Laikipia,2019-12,209.26092833333337,90.090355
KE031,Laikipia,2020-01,154.6338966666667,80.59204
KE031,Laikipia,2020-02,151.22126,67.73931
KE031,Laikipia,2020-03,180.80761666666663,68.2987
KE031,Laikipia,2020-04,202.08477666666667,71.23231
KE031,Laikipia,2020-05,127.32991666666668,82.62551
KE031,Laikipia,2020-06,170.86676,129.85864
KE031,Laikipia,2020-07,115.92469333333334,90.34522
KE031,Laikipia,2020-08,169.65883666666667,103.25481
KE031,Laikipia,2020-09,130.31112666666667,87.39981
KE031,Laikipia,2020-10,97.12165499999999,95.017235
KE031,Laikipia,2020-11,75.96050666666667,48.62702
KE031,Laikipia,2020-12,66.74299866666667,52.652996
KE031,Laikipia,2021-01,104.78719000000001,75.25381
KE031,Laikipia,2021-02,129.34839333333335,96.02722
KE031,Laikipia,2021-03,71.92934266666667,53.993298
KE031,Laikipia,2021-04,54.430621,52.09089
KE031,Laikipia,2021-05,158.29245,81.5783
KE031,Laikipia,2021-06,55.74441133333334,45.52268
KE031,Laikipia,2021-07,84.02770666666667,49.41692
KE031,Laikipia,2021-08,83.70148333333333,66.53962
KE031,Laikipia,2021-09,126.36516,99.77414
KE031,Laikipia,2021-10,94.61084666666666,68.63206
KE031,Laikipia,2021-11,63.764228,42.669304
KE031,Laikipia,2021-12,115.42801000000001,106.49802
KE031,Laikipia,2022-01,94.08051333333333,61.73951
KE031,Laikipia,2022-02,87.72860166666665,62.083935
KE031,Laikipia,2022-03,62.24628366666667,44.914474
KE031,Laikipia,2022-04,81.64015833333333,38.522095
KE031,Laikipia,2022-05,61.75926233333333,45.833805
KE031,Laikipia,2022-06,62.70221,53.53774
KE031,Laikipia,2022-07,66.38038333333333,52.37289
KE031,Laikipia,2022-08,111.75423166666667,93.162
KE031,Laikipia,2022-09,139.007985,88.15822
KE031,Laikipia,2022-10,61.59103666666667,50.22299
KE031,Laikipia,2022-11,104.25168000000001,78.76042
KE031,Laikipia,2022-12,88.03150866666665,79.34231
KE031,Laikipia,2023-01,81.31769,65.79106
KE031,Laikipia,2023-02,50.179124,43.07269
KE031,Laikipia,2023-03,131.37760933333334,48.581608
KE031,Laikipia,2023-04,146.240483,80.656364
KE031,Laikipia,2023-05,72.01141433333333,56.131508
KE031,Laikipia,2023-06,114.24285166666668,94.946495
KE031,Laikipia,2023-07,70.19619333333334,58.87934
KE031,Laikipia,2023-08,62.80877666666667,42.969955
KE031,Laikipia,2023-09,112.21370999999999,89.20936
KE031,Laikipia,2023-10,115.07933333333334,88.59775
KE031,Laikipia,2023-11,156.93011666666666,114.46529
KE031,Laikipia,2023-12,72.05965133333333,51.97316
KE031,Laikipia,2024-01,152.238428,77.753494
KE031,Laikipia,2024-02,197.74067466666668,81.199524
KE031,Laikipia,2024-03,51.465137666666664,39.000763
KE031,Laikipia,2024-04,174.83402533333333,90.388626
KE031,Laikipia,2024-05,157.84420533333335,79.845726
KE031,Laikipia,2024-06,52.460510666666664,46.740932
KE031,Laikipia,2024-07,117.96868666666667,73.44844
KE031,Laikipia,2024-08,127.646025,62.208725
KE031,Laikipia,2024-09,71.03454699999999,64.4883
KE031,Laikipia,2024-10,81.46706433333334,60.033703
KE031,Laikipia,2024-11,111.12102333333333,80.88694
KE031,Laikipia,2024-12,56.618314999999996,49.83651
KE031,Laikipia,2025-01,106.12988,57.67763
KE031,Laikipia,2025-02,57.252912,47.53856
KE031,Laikipia,2025-03,152.306045,112.958755
KE031,Laikipia,2025-04,98.21763499999999,72.99208
KE031,Laikipia,2025-05,106.02871666666665,66.66741
KE031,Laikipia,2025-06,92.605502,69.92249
KE031,Laikipia,2025-07,86.42548533333333,49.625576
KE031,Laikipia,2025-08,146.60367499999998,81.538155
KE031,Laikipia,2025-09,180.71528666666669,130.01804
KE031,Laikipia,2025-10,130.79416933333334,63.383068
KE031,Laikipia,2025-11,60.383649999999996,54.46713
KE031,Laikipia,2025-12,138.37725133333333,81.20632
KE031,Laikipia,2026-01,56.785330666666674,51.210987
KE031,Laikipia,2026-02,310.015295,77.195625
KE031,Laikipia,2026-03,197.62785,180.67517
KE031,Laikipia,2026-04,75.35104566666666,51.936523
KE031,Laikipia,2026-05,152.23828,152.23828
KE005,Lamu,2006-01,81.72473866666667,66.38002
KE005,Lamu,2006-02,94.78511533333334,94.45597
KE005,Lamu,2006-03,81.697622,55.33889
KE005,Lamu,2006-04,144.46804666666665,81.64593
KE005,Lamu,2006-05,72.036051,32.373283
KE005,Lamu,2006-06,123.88517333333334,74.6092
KE005,Lamu,2006-07,104.25770299999999,75.763054
KE005,Lamu,2006-08,127.00238333333334,117.08719
KE005,Lamu,2006-09,163.75002166666664,122.004875
KE005,Lamu,2006-10,151.46559333333335,85.70127
KE005,Lamu,2006-11,166.28147,161.25108
KE005,Lamu,2006-12,115.322183,29.766699
KE005,Lamu,2007-01,88.42862333333333,78.41205
KE005,Lamu,2007-02,105.12160333333333,92.81895
KE005,Lamu,2007-03,69.726495,40.729755
KE005,Lamu,2007-04,77.100845,41.271755
KE005,Lamu,2007-05,176.06065666666666,75.65535
KE005,Lamu,2007-06,73.63219533333333,71.2045
KE005,Lamu,2007-07,72.98614,53.940796
KE005,Lamu,2007-08,181.51133333333334,163.97795
KE005,Lamu,2007-09,273.3120833333333,149.81638
KE005,Lamu,2007-10,50.839400000000005,37.65156
KE005,Lamu,2007-11,88.99460199999999,29.795786
KE005,Lamu,2007-12,67.26679933333334,48.44404
KE005,Lamu,2008-01,116.41173333333332,78.41205
KE005,Lamu,2008-02,101.12900833333333,91.51732
KE005,Lamu,2008-03,144.25196466666668,78.22926
KE005,Lamu,2008-04,99.92615466666666,67.61355
KE005,Lamu,2008-05,115.05444266666666,45.399048
KE005,Lamu,2008-06,94.59653166666668,89.125465
KE005,Lamu,2008-07,76.50670333333333,64.01684
KE005,Lamu,2008-08,111.25548666666667,98.97103
KE005,Lamu,2008-09,68.666972,62.383896
KE005,Lamu,2008-10,48.83074766666667,36.34224
KE005,Lamu,2008-11,82.30060399999999,26.579308
KE005,Lamu,2008-12,39.58127066666667,30.441559
KE005,Lamu,2009-01,96.36123633333334,75.455025
KE005,Lamu,2009-02,94.62721499999999,91.80716
KE005,Lamu,2009-03,52.36703866666667,31.478703
KE005,Lamu,2009-04,59.999527666666665,29.939783
KE005,Lamu,2009-05,65.99496133333334,33.54704
KE005,Lamu,2009-06,122.106012,78.816986
KE005,Lamu,2009-07,69.40038533333333,62.402706
KE005,Lamu,2009-08,95.31335200000001,74.53843
KE005,Lamu,2009-09,66.06176,54.0573
KE005,Lamu,2009-10,287.16889,78.69478
KE005,Lamu,2009-11,43.61285866666666,26.86381
KE005,Lamu,2009-12,83.075402,59.219646
KE005,Lamu,2010-01,83.187522,73.7216
KE005,Lamu,2010-02,100.03259133333334,96.42039
KE005,Lamu,2010-03,136.702488,111.950134
KE005,Lamu,2010-04,160.75716,113.32347
KE005,Lamu,2010-05,127.82403933333335,45.019444
KE005,Lamu,2010-06,133.426865,94.290825
KE005,Lamu,2010-07,119.74023799999999,79.727394
KE005,Lamu,2010-08,132.91278666666668,132.38425
KE005,Lamu,2010-09,104.18210666666666,73.7592
KE005,Lamu,2010-10,37.765341666666664,25.157728
KE005,Lamu,2010-11,94.00694833333334,65.39502
KE005,Lamu,2010-12,56.836329666666664,39.393795
KE005,Lamu,2011-01,87.21385333333335,74.23143
KE005,Lamu,2011-02,96.64002699999999,95.06787
KE005,Lamu,2011-03,64.14530133333334,53.68542
KE005,Lamu,2011-04,72.24935466666666,60.71236
KE005,Lamu,2011-05,72.92362433333334,55.296753
KE005,Lamu,2011-06,54.59747433333334,48.38965
KE005,Lamu,2011-07,91.593375,59.72213
KE005,Lamu,2011-08,114.10244133333333,101.88967
KE005,Lamu,2011-09,131.96871000000002,99.83225
KE005,Lamu,2011-10,205.0701333333333,108.0477
KE005,Lamu,2011-11,110.97588666666667,69.32623
KE005,Lamu,2011-12,148.02183333333332,114.11805
KE005,Lamu,2012-01,81.37223466666667,66.58396
KE005,Lamu,2012-02,98.703458,95.20493
KE005,Lamu,2012-03,57.56228933333333,32.127533
KE005,Lamu,2012-04,32.757654,28.379137
KE005,Lamu,2012-05,81.319394,33.646755
KE005,Lamu,2012-06,65.869129,46.87162
KE005,Lamu,2012-07,65.59821733333332,50.912476
KE005,Lamu,2012-08,84.61911500000001,77.77798
KE005,Lamu,2012-09,79.907964,54.876846
KE005,Lamu,2012-10,111.20684166666668,23.748539
KE005,Lamu,2012-11,123.12619,44.89977
KE005,Lamu,2012-12,127.27774666666666,49.20184
KE005,Lamu,2013-01,92.00737199999999,75.8119
KE005,Lamu,2013-02,98.43871,92.31438
KE005,Lamu,2013-03,210.58168,169.66525
KE005,Lamu,2013-04,81.23206533333332,44.09822
KE005,Lamu,2013-05,124.30306,53.85668
KE005,Lamu,2013-06,58.96454,48.93029
KE005,Lamu,2013-07,81.68836399999999,61.098637
KE005,Lamu,2013-08,73.71481200000001,68.5716
KE005,Lamu,2013-09,86.92846800000001,61.537544
KE005,Lamu,2013-10,83.30983433333333,25.676903
KE005,Lamu,2013-11,94.88674333333334,84.61149
KE005,Lamu,2013-12,75.16161333333334,68.88628
KE005,Lamu,2014-01,83.39997533333333,70.81556
KE005,Lamu,2014-02,97.69353366666667,91.734695
KE005,Lamu,2014-03,115.44562933333334,75.397484
KE005,Lamu,2014-04,85.69496133333332,41.57992
KE005,Lamu,2014-05,165.76067666666665,156.08136
KE005,Lamu,2014-06,105.05044133333332,69.36518
KE005,Lamu,2014-07,89.96162333333332,63.0074
KE005,Lamu,2014-08,68.34997233333333,61.528217
KE005,Lamu,2014-09,65.08288666666667,49.79566
KE005,Lamu,2014-10,59.940894333333326,38.389267
KE005,Lamu,2014-11,135.68445266666666,53.480618
KE005,Lamu,2014-12,102.48458666666666,70.69762
KE005,Lamu,2015-01,83.956615,71.47834
KE005,Lamu,2015-02,95.41731166666666,92.53176
KE005,Lamu,2015-03,147.12985233333333,66.962326
KE005,Lamu,2015-04,96.97582333333332,49.41733
KE005,Lamu,2015-05,109.431259,50.059097
KE005,Lamu,2015-06,74.32198533333333,48.73491
KE005,Lamu,2015-07,90.50828666666666,82.47282
KE005,Lamu,2015-08,105.607782,102.997986
KE005,Lamu,2015-09,78.522262,71.235
KE005,Lamu,2015-10,140.97485666666668,90.15842
KE005,Lamu,2015-11,156.64631,94.95928
KE005,Lamu,2015-12,56.80770266666667,40.514812
KE005,Lamu,2016-01,86.46454999999999,77.23943
KE005,Lamu,2016-02,108.17241000000001,100.05294
KE005,Lamu,2016-03,63.543362,31.813583
KE005,Lamu,2016-04,80.03442333333334,54.50199
KE005,Lamu,2016-05,80.32219333333335,38.400238
KE005,Lamu,2016-06,76.46672366666667,64.216736
KE005,Lamu,2016-07,60.13361633333333,44.140045
KE005,Lamu,2016-08,78.9775,68.75904
KE005,Lamu,2016-09,65.14469233333334,55.303013
KE005,Lamu,2016-10,38.599911,23.095863
KE005,Lamu,2016-11,63.23792266666666,49.898254
KE005,Lamu,2016-12,62.03841966666667,51.419807
KE005,Lamu,2017-01,107.82340166666667,97.12285
KE005,Lamu,2017-02,95.65371333333333,92.67669
KE005,Lamu,2017-03,68.53930799999999,48.536644
KE005,Lamu,2017-04,115.520195,74.128685
KE005,Lamu,2017-05,107.90748,66.79684
KE005,Lamu,2017-06,89.04354466666666,73.81627
KE005,Lamu,2017-07,63.973147000000004,54.105972
KE005,Lamu,2017-08,90.79962333333333,79.85522
KE005,Lamu,2017-09,72.22529566666667,60.71202
KE005,Lamu,2017-10,70.38594333333333,34.32937
KE005,Lamu,2017-11,79.11624933333333,45.041256
KE005,Lamu,2017-12,36.84816166666667,26.084509
KE005,Lamu,2018-01,87.36810666666668,72.34505
KE005,Lamu,2018-02,103.92715500000001,96.806915
KE005,Lamu,2018-03,186.69147666666666,140.06348
KE005,Lamu,2018-04,160.160232,99.825386
KE005,Lamu,2018-05,152.66171,72.70159
KE005,Lamu,2018-06,168.5945616666667,78.82076
KE005,Lamu,2018-07,114.30054,109.42309
KE005,Lamu,2018-08,80.21686466666667,69.23239
KE005,Lamu,2018-09,78.45667666666667,76.44731
KE005,Lamu,2018-10,106.19711933333333,56.158268
KE005,Lamu,2018-11,44.33729400000001,26.508362
KE005,Lamu,2018-12,89.19440366666667,74.378815
KE005,Lamu,2019-01,133.14106999999998,120.26919
KE005,Lamu,2019-02,102.79521,98.96632
KE005,Lamu,2019-03,59.33593,41.81812
KE005,Lamu,2019-04,54.86520766666666,31.336329
KE005,Lamu,2019-05,110.721624,60.318027
KE005,Lamu,2019-06,63.485871,42.94765
KE005,Lamu,2019-07,136.50282333333334,85.41697
KE005,Lamu,2019-08,80.66642666666667,70.57339
KE005,Lamu,2019-09,116.95359166666667,84.80301
KE005,Lamu,2019-10,231.573885,115.909485
KE005,Lamu,2019-11,174.38893666666664,64.28591
KE005,Lamu,2019-12,139.046972,105.855896
KE005,Lamu,2020-01,231.33960666666667,191.79852
KE005,Lamu,2020-02,101.34714333333334,97.96328
KE005,Lamu,2020-03,141.6116233333333,86.8992
KE005,Lamu,2020-04,200.38430666666667,160.9932
KE005,Lamu,2020-05,81.12264333333333,61.93851
KE005,Lamu,2020-06,85.68358,54.1008
KE005,Lamu,2020-07,140.76206,129.4262
KE005,Lamu,2020-08,87.49421166666667,76.01627
KE005,Lamu,2020-09,88.57415199999998,78.80373
KE005,Lamu,2020-10,56.865333,34.066593
KE005,Lamu,2020-11,82.06637433333333,43.16286
KE005,Lamu,2020-12,53.92871566666667,33.750023
KE005,Lamu,2021-01,90.87974866666667,85.804596
KE005,Lamu,2021-02,102.002205,99.053185
KE005,Lamu,2021-03,65.817592,58.93885
KE005,Lamu,2021-04,53.787009000000005,31.663422
KE005,Lamu,2021-05,29.04945066666667,22.513311
KE005,Lamu,2021-06,86.80357,64.45559
KE005,Lamu,2021-07,93.28826666666667,71.5234
KE005,Lamu,2021-08,64.46483166666667,58.39922
KE005,Lamu,2021-09,78.47186333333333,69.26809
KE005,Lamu,2021-10,42.256481666666666,30.186308
KE005,Lamu,2021-11,45.396102000000006,26.67552
KE005,Lamu,2021-12,266.34974,104.26778
KE005,Lamu,2022-01,93.51961999999999,74.63929
KE005,Lamu,2022-02,108.81353833333333,99.448875
KE005,Lamu,2022-03,54.45739,40.66697
KE005,Lamu,2022-04,66.06585199999999,38.375275
KE005,Lamu,2022-05,88.69880033333334,37.370148
KE005,Lamu,2022-06,81.09761533333334,77.496086
KE005,Lamu,2022-07,110.85964999999999,86.81183
KE005,Lamu,2022-08,64.54764533333334,61.13651
KE005,Lamu,2022-09,61.665495666666665,56.909325
KE005,Lamu,2022-10,51.35496333333333,30.853817
KE005,Lamu,2022-11,97.91735899999999,54.521137
KE005,Lamu,2022-12,44.20980166666667,37.046753
KE005,Lamu,2023-01,92.28318666666667,88.61717
KE005,Lamu,2023-02,95.36274333333334,92.53176
KE005,Lamu,2023-03,110.74325333333333,89.33054
KE005,Lamu,2023-04,280.750795,93.77291
KE005,Lamu,2023-05,34.608787,30.503468
KE005,Lamu,2023-06,60.625146666666666,59.378315
KE005,Lamu,2023-07,108.62022999999999,99.0672
KE005,Lamu,2023-08,129.62973466666668,118.206474
KE005,Lamu,2023-09,106.09318,105.78709
KE005,Lamu,2023-10,106.12644133333333,70.68194
KE005,Lamu,2023-11,229.53527999999997,160.205
KE005,Lamu,2023-12,305.49523,144.18158
KE005,Lamu,2024-01,105.50234166666667,84.020195
KE005,Lamu,2024-02,96.56202333333333,95.35633
KE005,Lamu,2024-03,108.41337533333332,87.405846
KE005,Lamu,2024-04,114.55057333333333,100.16274
KE005,Lamu,2024-05,82.83854766666667,34.525238
KE005,Lamu,2024-06,57.12425033333333,42.151474
KE005,Lamu,2024-07,84.18998133333334,81.01214
KE005,Lamu,2024-08,78.03268333333334,69.07144
KE005,Lamu,2024-09,79.14785533333334,62.318336
KE005,Lamu,2024-10,60.295562999999994,32.633846
KE005,Lamu,2024-11,147.28191433333333,54.604713
KE005,Lamu,2024-12,97.98818,81.86137
KE005,Lamu,2025-01,81.65085866666666,69.23508
KE005,Lamu,2025-02,92.94928666666665,88.76383
KE005,Lamu,2025-03,121.10282666666667,72.46861
KE005,Lamu,2025-04,81.49459333333333,61.0212
KE005,Lamu,2025-05,73.23548866666667,44.67646
KE005,Lamu,2025-06,164.22666999999998,144.3455
KE005,Lamu,2025-07,77.24519199999999,57.795017
KE005,Lamu,2025-08,97.92656800000002,88.374504
KE005,Lamu,2025-09,80.96193333333333,63.62961
KE005,Lamu,2025-10,69.84244466666667,41.968544
KE005,Lamu,2025-11,51.19518933333333,31.396051
KE005,Lamu,2025-12,75.861052,34.081326
KE005,Lamu,2026-01,83.82963166666667,69.948845
KE005,Lamu,2026-02,103.66676833333334,99.96935
KE005,Lamu,2026-03,231.56247,110.92894
KE005,Lamu,2026-04,86.014956,30.685038
KE005,Lamu,2026-05,90.40408,90.40408
KE016,Machakos,2006-01,45.73873833333334,40.62691
KE016,Machakos,2006-02,96.26310833333332,52.584995
KE016,Machakos,2006-03,121.11734266666667,48.659508
KE016,Machakos,2006-04,119.45718333333333,72.97087
KE016,Machakos,2006-05,98.75875933333333,62.443268
KE016,Machakos,2006-06,84.74846000000001,69.03776
KE016,Machakos,2006-07,91.10589133333333,90.472694
KE016,Machakos,2006-08,101.06024533333334,91.726746
KE016,Machakos,2006-09,105.283748,98.77744
KE016,Machakos,2006-10,90.47169466666666,79.61893
KE016,Machakos,2006-11,186.92043,149.6605
KE016,Machakos,2006-12,243.18664,104.27308
KE016,Machakos,2007-01,81.01151066666667,62.957172
KE016,Machakos,2007-02,153.26764166666666,77.443825
KE016,Machakos,2007-03,54.891160000000006,34.842194
KE016,Machakos,2007-04,100.43260333333332,58.0531
KE016,Machakos,2007-05,100.84002833333334,57.989555
KE016,Machakos,2007-06,93.61720866666667,89.987816
KE016,Machakos,2007-07,114.46862533333332,90.403786
KE016,Machakos,2007-08,97.741382,91.65832
KE016,Machakos,2007-09,104.55481333333334,92.55472
KE016,Machakos,2007-10,95.550185,70.736015
KE016,Machakos,2007-11,65.148691,40.95321
KE016,Machakos,2007-12,58.52399233333333,46.39488
KE016,Machakos,2008-01,129.91074333333333,38.37394
KE016,Machakos,2008-02,82.28821599999999,50.683
KE016,Machakos,2008-03,147.35213333333334,56.53146
KE016,Machakos,2008-04,71.64693633333333,40.956604
KE016,Machakos,2008-05,53.44554766666667,33.951973
KE016,Machakos,2008-06,87.70605666666665,74.10475
KE016,Machakos,2008-07,102.50412866666666,94.33138
KE016,Machakos,2008-08,87.40253633333333,85.306435
KE016,Machakos,2008-09,104.62866333333334,92.43443
KE016,Machakos,2008-10,134.53474666666668,74.58478
KE016,Machakos,2008-11,75.77536500000001,49.052315
KE016,Machakos,2008-12,43.877810333333336,26.08028
KE016,Machakos,2009-01,96.15853533333332,39.9902
KE016,Machakos,2009-02,76.86485833333334,49.31528
KE016,Machakos,2009-03,52.87287633333333,46.412704
KE016,Machakos,2009-04,59.323959333333335,41.766438
KE016,Machakos,2009-05,89.27374666666667,52.19505
KE016,Machakos,2009-06,91.769065,88.32933
KE016,Machakos,2009-07,88.738852,85.79424
KE016,Machakos,2009-08,84.73030866666666,84.41853
KE016,Machakos,2009-09,88.55977166666666,75.956215
KE016,Machakos,2009-10,137.51163666666665,106.86838
KE016,Machakos,2009-11,63.53746166666667,47.995995
KE016,Machakos,2009-12,136.65435666666667,87.16701
KE016,Machakos,2010-01,90.43472799999999,46.31196
KE016,Machakos,2010-02,183.2486733333333,69.26332
KE016,Machakos,2010-03,181.95355833333335,63.852585
KE016,Machakos,2010-04,69.733092,47.2646
KE016,Machakos,2010-05,118.88528866666667,49.305206
KE016,Machakos,2010-06,95.852262,87.21072
KE016,Machakos,2010-07,93.26787866666666,90.81722
KE016,Machakos,2010-08,93.28535,86.865654
KE016,Machakos,2010-09,95.16007466666667,90.028854
KE016,Machakos,2010-10,87.35355666666668,64.68107
KE016,Machakos,2010-11,79.78802866666666,58.983456
KE016,Machakos,2010-12,65.063652,44.048416
KE016,Machakos,2011-01,49.263641,38.349453
KE016,Machakos,2011-02,122.959851,58.033146
KE016,Machakos,2011-03,101.75736166666667,38.050575
KE016,Machakos,2011-04,43.72981766666667,24.992378
KE016,Machakos,2011-05,88.30990666666666,67.82594
KE016,Machakos,2011-06,101.26097333333333,84.53105
KE016,Machakos,2011-07,90.33071333333334,87.83751
KE016,Machakos,2011-08,103.39327200000001,96.4393
KE016,Machakos,2011-09,100.326442,99.4391
KE016,Machakos,2011-10,168.23661666666666,75.42671
KE016,Machakos,2011-11,136.07062333333334,97.59936
KE016,Machakos,2011-12,61.95373733333333,45.276768
KE016,Machakos,2012-01,47.33126766666667,36.61075
KE016,Machakos,2012-02,75.947976,43.792793
KE016,Machakos,2012-03,53.36236233333333,26.427227
KE016,Machakos,2012-04,170.17165866666667,83.690346
KE016,Machakos,2012-05,111.25525866666668,80.51002
KE016,Machakos,2012-06,112.60497333333335,89.78655
KE016,Machakos,2012-07,96.49192999999998,91.93703
KE016,Machakos,2012-08,104.93443833333333,96.985695
KE016,Machakos,2012-09,98.88934333333333,95.10975
KE016,Machakos,2012-10,120.35996,67.02484
KE016,Machakos,2012-11,87.03386333333333,54.09088
KE016,Machakos,2012-12,144.91108,86.71845
KE016,Machakos,2013-01,79.73503733333334,39.074932
KE016,Machakos,2013-02,57.11345433333333,41.212193
KE016,Machakos,2013-03,142.46178833333332,51.290615
KE016,Machakos,2013-04,143.290718,57.650024
KE016,Machakos,2013-05,49.61597333333333,33.56666
KE016,Machakos,2013-06,97.71616999999999,76.19975
KE016,Machakos,2013-07,95.97171666666667,92.95328
KE016,Machakos,2013-08,101.68827533333335,99.444496
KE016,Machakos,2013-09,135.09440333333333,103.11197
KE016,Machakos,2013-10,63.56847066666666,38.86328
KE016,Machakos,2013-11,60.90756100000001,34.881737
KE016,Machakos,2013-12,114.34737833333332,37.757805
KE016,Machakos,2014-01,40.794857,36.24342
KE016,Machakos,2014-02,157.660764,57.160442
KE016,Machakos,2014-03,161.02433299999998,31.866089
KE016,Machakos,2014-04,50.49178499999999,36.98242
KE016,Machakos,2014-05,66.14491533333333,53.14351
KE016,Machakos,2014-06,119.50916466666666,113.81242
KE016,Machakos,2014-07,95.63214333333333,90.64022
KE016,Machakos,2014-08,107.44337800000001,90.538284
KE016,Machakos,2014-09,101.22139333333332,92.79528
KE016,Machakos,2014-10,95.69594666666667,59.57946
KE016,Machakos,2014-11,78.60587199999999,69.34146
KE016,Machakos,2014-12,77.69014800000001,56.579124
KE016,Machakos,2015-01,40.50793166666667,36.880127
KE016,Machakos,2015-02,77.33453466666667,50.964344
KE016,Machakos,2015-03,54.78399733333333,37.484188
KE016,Machakos,2015-04,144.92874666666668,111.68211
KE016,Machakos,2015-05,117.51688,86.38035
KE016,Machakos,2015-06,89.44920666666667,89.22154
KE016,Machakos,2015-07,107.08343333333333,106.4067
KE016,Machakos,2015-08,93.23109,86.94563
KE016,Machakos,2015-09,89.27173533333333,78.421936
KE016,Machakos,2015-10,109.38099666666666,103.27504
KE016,Machakos,2015-11,160.28828000000001,139.18369
KE016,Machakos,2015-12,133.31404666666666,46.7767
KE016,Machakos,2016-01,142.86666333333332,66.24219
KE016,Machakos,2016-02,84.90606333333334,51.94749
KE016,Machakos,2016-03,64.735377,27.707111
KE016,Machakos,2016-04,117.27168,102.14418
KE016,Machakos,2016-05,84.62133666666666,64.01765
KE016,Machakos,2016-06,99.221062,92.2777
KE016,Machakos,2016-07,87.82291666666667,84.156166
KE016,Machakos,2016-08,98.34621666666668,96.09468
KE016,Machakos,2016-09,92.99982999999999,87.74355
KE016,Machakos,2016-10,71.15680066666667,45.899582
KE016,Machakos,2016-11,103.39399666666667,68.16421
KE016,Machakos,2016-12,40.33307666666666,34.575848
KE016,Machakos,2017-01,48.077338,39.67185
KE016,Machakos,2017-02,116.51478466666667,60.171024
KE016,Machakos,2017-03,40.139700999999995,37.82644
KE016,Machakos,2017-04,72.05931,49.541286
KE016,Machakos,2017-05,88.29098633333332,67.92268
KE016,Machakos,2017-06,91.25680366666666,77.710106
KE016,Machakos,2017-07,113.82716,104.66719
KE016,Machakos,2017-08,107.54430333333335,102.71706
KE016,Machakos,2017-09,100.22729333333332,87.98412
KE016,Machakos,2017-10,105.70945666666667,69.37128
KE016,Machakos,2017-11,91.39729166666666,52.643795
KE016,Machakos,2017-12,31.808044666666664,30.09598
KE016,Machakos,2018-01,71.43129233333333,56.614677
KE016,Machakos,2018-02,75.70802566666667,62.244087
KE016,Machakos,2018-03,239.60412,55.53273
KE016,Machakos,2018-04,214.35613333333333,117.14098
KE016,Machakos,2018-05,172.72074666666666,91.37838
KE016,Machakos,2018-06,133.00249,119.92862
KE016,Machakos,2018-07,123.6323,117.53197
KE016,Machakos,2018-08,117.19385466666667,99.662834
KE016,Machakos,2018-09,105.89693,100.02779
KE016,Machakos,2018-10,77.639401,51.835083
KE016,Machakos,2018-11,74.43627500000001,58.672905
KE016,Machakos,2018-12,175.99479499999998,54.410255
KE016,Machakos,2019-01,60.126924333333335,51.107765
KE016,Machakos,2019-02,78.42389166666668,67.8698
KE016,Machakos,2019-03,31.715418999999997,25.847572
KE016,Machakos,2019-04,84.252785,23.537676
KE016,Machakos,2019-05,69.228435,48.371555
KE016,Machakos,2019-06,111.08270833333334,90.336815
KE016,Machakos,2019-07,136.903005,126.746155
KE016,Machakos,2019-08,107.64859,95.46063
KE016,Machakos,2019-09,115.56135333333333,104.44569
KE016,Machakos,2019-10,417.1040233333333,239.79959
KE016,Machakos,2019-11,175.74660400000002,47.651802
KE016,Machakos,2019-12,225.01668166666664,80.665665
KE016,Machakos,2020-01,262.42894666666666,129.76613
KE016,Machakos,2020-02,178.55620466666664,51.715244
KE016,Machakos,2020-03,181.6439366666667,63.74842
KE016,Machakos,2020-04,174.25485833333335,47.352795
KE016,Machakos,2020-05,86.17532466666667,57.633884
KE016,Machakos,2020-06,124.16650833333334,117.921135
KE016,Machakos,2020-07,114.62504833333332,96.23698
KE016,Machakos,2020-08,97.42957333333334,90.75048
KE016,Machakos,2020-09,106.86041999999999,95.52653
KE016,Machakos,2020-10,74.67260333333333,72.78479
KE016,Machakos,2020-11,81.43320333333332,51.269825
KE016,Machakos,2020-12,75.95903,42.39393
KE016,Machakos,2021-01,78.10726833333332,36.33592
KE016,Machakos,2021-02,135.954332,101.520836
KE016,Machakos,2021-03,60.40391333333333,43.5237
KE016,Machakos,2021-04,86.02159866666666,77.06406
KE016,Machakos,2021-05,179.73874166666667,86.633385
KE016,Machakos,2021-06,80.67345333333333,67.42996
KE016,Machakos,2021-07,130.1538153333333,116.303406
KE016,Machakos,2021-08,102.97354866666667,91.111916
KE016,Machakos,2021-09,89.70232333333333,79.68487
KE016,Machakos,2021-10,80.32965666666666,51.3159
KE016,Machakos,2021-11,83.162652,37.144966
KE016,Machakos,2021-12,151.23525166666667,85.21516
KE016,Machakos,2022-01,69.02351900000001,41.973797
KE016,Machakos,2022-02,110.61992400000001,48.592712
KE016,Machakos,2022-03,51.56430833333334,31.799805
KE016,Machakos,2022-04,94.30648500000001,27.099445
KE016,Machakos,2022-05,54.73577733333334,29.639435
KE016,Machakos,2022-06,82.65891666666666,69.183914
KE016,Machakos,2022-07,98.61776000000002,88.66088
KE016,Machakos,2022-08,94.38545666666666,86.05774
KE016,Machakos,2022-09,95.718375,80.22612
KE016,Machakos,2022-10,62.320143333333334,47.53726
KE016,Machakos,2022-11,104.42517,71.93139
KE016,Machakos,2022-12,48.268375999999996,33.955166
KE016,Machakos,2023-01,70.53899066666666,51.764862
KE016,Machakos,2023-02,45.776735,37.77999
KE016,Machakos,2023-03,99.31145666666667,30.54499
KE016,Machakos,2023-04,106.06124333333332,67.88246
KE016,Machakos,2023-05,72.84883166666667,55.862175
KE016,Machakos,2023-06,89.64694833333333,77.85627
KE016,Machakos,2023-07,92.21511666666667,88.456116
KE016,Machakos,2023-08,85.52173866666665,82.28636
KE016,Machakos,2023-09,99.78730333333333,91.291794
KE016,Machakos,2023-10,109.69244333333332,76.84294
KE016,Machakos,2023-11,189.23145333333332,103.49362
KE016,Machakos,2023-12,69.10077933333334,48.72382
KE016,Machakos,2024-01,182.79358333333334,71.44158
KE016,Machakos,2024-02,115.26798666666667,57.72804
KE016,Machakos,2024-03,119.28568333333334,65.19183
KE016,Machakos,2024-04,291.77036,207.26501
KE016,Machakos,2024-05,207.54401666666664,101.26313
KE016,Machakos,2024-06,103.32193333333333,95.70805
KE016,Machakos,2024-07,134.78375,107.29399
KE016,Machakos,2024-08,90.10932333333334,86.865654
KE016,Machakos,2024-09,106.30722200000001,98.00163
KE016,Machakos,2024-10,61.865341666666666,42.79052
KE016,Machakos,2024-11,132.19942166666667,97.998665
KE016,Machakos,2024-12,87.57573666666667,45.59599
KE016,Machakos,2025-01,152.83707266666667,39.401608
KE016,Machakos,2025-02,42.171309,34.52844
KE016,Machakos,2025-03,211.18248333333335,104.77337
KE016,Machakos,2025-04,108.28523466666667,92.7905
KE016,Machakos,2025-05,107.83376833333334,62.33689
KE016,Machakos,2025-06,97.89038833333332,76.638245
KE016,Machakos,2025-07,90.858032,82.17682
KE016,Machakos,2025-08,116.03872000000001,105.39222
KE016,Machakos,2025-09,102.77643666666667,99.651184
KE016,Machakos,2025-10,178.42958266666665,57.795048
KE016,Machakos,2025-11,42.72416833333333,39.889725
KE016,Machakos,2025-12,152.18558833333333,33.702965
KE016,Machakos,2026-01,37.92770766666666,34.455734
KE016,Machakos,2026-02,391.2198486666666,61.895126
KE016,Machakos,2026-03,286.7641966666667,187.44371
KE016,Machakos,2026-04,130.621669,28.809097
KE016,Machakos,2026-05,100.50733,100.50733
KE017,Makueni,2006-01,43.482427666666666,34.544468
KE017,Makueni,2006-02,76.97824766666666,42.32228
KE017,Makueni,2006-03,118.01421833333332,73.711845
KE017,Makueni,2006-04,125.19374800000001,80.166824
KE017,Makueni,2006-05,116.09281,77.55521
KE017,Makueni,2006-06,89.61475466666667,82.053314
KE017,Makueni,2006-07,94.31171166666667,92.55096
KE017,Makueni,2006-08,95.48802333333333,90.53343
KE017,Makueni,2006-09,104.03037533333334,94.43816
KE017,Makueni,2006-10,117.91772200000001,94.014946
KE017,Makueni,2006-11,180.97088999999997,128.68355
KE017,Makueni,2006-12,233.67479333333333,64.75573
KE017,Makueni,2007-01,76.12517833333334,57.41715
KE017,Makueni,2007-02,99.98309666666667,51.72956
KE017,Makueni,2007-03,53.45022600000001,41.59534
KE017,Makueni,2007-04,64.43369133333333,39.100044
KE017,Makueni,2007-05,104.98405433333335,48.117943
KE017,Makueni,2007-06,95.76154333333334,94.26085
KE017,Makueni,2007-07,100.26222333333334,92.49567
KE017,Makueni,2007-08,93.83598333333333,91.2662
KE017,Makueni,2007-09,93.73913366666666,87.430275
KE017,Makueni,2007-10,76.96968666666668,71.53717
KE017,Makueni,2007-11,73.25961633333333,56.037964
KE017,Makueni,2007-12,72.45619666666666,62.72562
KE017,Makueni,2008-01,146.53079666666667,39.32071
KE017,Makueni,2008-02,72.599056,57.355648
KE017,Makueni,2008-03,189.06348866666667,67.7549
KE017,Makueni,2008-04,50.576800999999996,32.514843
KE017,Makueni,2008-05,63.421884666666664,40.720524
KE017,Makueni,2008-06,94.54129499999999,89.77167
KE017,Makueni,2008-07,100.52648166666667,95.14946
KE017,Makueni,2008-08,87.301768,86.445564
KE017,Makueni,2008-09,94.974115,92.99225
KE017,Makueni,2008-10,113.560188,70.14137
KE017,Makueni,2008-11,77.69289199999999,38.779366
KE017,Makueni,2008-12,40.708642000000005,22.453913
KE017,Makueni,2009-01,89.57381566666668,36.840027
KE017,Makueni,2009-02,77.16161333333334,45.00409
KE017,Makueni,2009-03,35.66089466666667,33.688324
KE017,Makueni,2009-04,61.86219833333333,53.396065
KE017,Makueni,2009-05,84.83909133333333,60.22123
KE017,Makueni,2009-06,102.90569666666666,98.14183
KE017,Makueni,2009-07,93.16667666666666,91.64817
KE017,Makueni,2009-08,89.74828000000001,88.10326
KE017,Makueni,2009-09,91.12999666666667,83.62472
KE017,Makueni,2009-10,136.82271333333333,116.14319
KE017,Makueni,2009-11,63.89530033333333,58.436226
KE017,Makueni,2009-12,146.82147,90.52375
KE017,Makueni,2010-01,73.18712933333333,40.824715
KE017,Makueni,2010-02,119.58599166666666,53.384735
KE017,Makueni,2010-03,196.25221766666664,38.632263
KE017,Makueni,2010-04,67.63622133333332,56.738438
KE017,Makueni,2010-05,101.14081800000001,91.76663
KE017,Makueni,2010-06,94.61149666666665,91.60936
KE017,Makueni,2010-07,98.10458333333334,93.906586
KE017,Makueni,2010-08,89.169548,85.38948
KE017,Makueni,2010-09,96.59610533333334,94.26076
KE017,Makueni,2010-10,78.315512,69.8879
KE017,Makueni,2010-11,90.68851000000001,54.396713
KE017,Makueni,2010-12,74.82484566666666,37.790997
KE017,Makueni,2011-01,53.39376433333334,38.8579
KE017,Makueni,2011-02,132.23392933333335,60.663425
KE017,Makueni,2011-03,130.64230899999998,41.417877
KE017,Makueni,2011-04,39.60747,31.173538
KE017,Makueni,2011-05,90.26212399999999,56.956642
KE017,Makueni,2011-06,94.99305133333333,85.728714
KE017,Makueni,2011-07,92.87081,91.54167
KE017,Makueni,2011-08,92.97955333333334,91.2662
KE017,Makueni,2011-09,96.29076466666667,92.320724
KE017,Makueni,2011-10,161.24754333333334,98.22414
KE017,Makueni,2011-11,128.11711533333335,104.2717
KE017,Makueni,2011-12,52.90420666666666,36.81569
KE017,Makueni,2012-01,60.022023333333344,33.61884
KE017,Makueni,2012-02,87.47916433333334,41.672783
KE017,Makueni,2012-03,75.70307066666668,21.695446
KE017,Makueni,2012-04,163.82082466666665,95.198944
KE017,Makueni,2012-05,104.01857333333334,82.4264
KE017,Makueni,2012-06,104.656702,95.33971
KE017,Makueni,2012-07,94.067618,92.553474
KE017,Makueni,2012-08,109.39065666666666,107.43802
KE017,Makueni,2012-09,91.296732,90.146286
KE017,Makueni,2012-10,89.88155333333333,64.66032
KE017,Makueni,2012-11,82.95561666666667,38.30901
KE017,Makueni,2012-12,111.337085,54.91689
KE017,Makueni,2013-01,65.70718633333333,38.855957
KE017,Makueni,2013-02,70.74387666666667,44.10317
KE017,Makueni,2013-03,127.22559333333334,43.65701
KE017,Makueni,2013-04,119.59329433333335,41.131203
KE017,Makueni,2013-05,70.53732266666667,55.793198
KE017,Makueni,2013-06,95.08615333333334,85.54495
KE017,Makueni,2013-07,96.64056999999998,95.481186
KE017,Makueni,2013-08,96.62902666666668,94.95722
KE017,Makueni,2013-09,118.29701,98.4356
KE017,Makueni,2013-10,88.71236466666666,47.691284
KE017,Makueni,2013-11,84.481248,38.101044
KE017,Makueni,2013-12,105.153139,34.264347
KE017,Makueni,2014-01,41.345409,32.84131
KE017,Makueni,2014-02,141.81261133333334,55.857784
KE017,Makueni,2014-03,131.47665866666668,30.778976
KE017,Makueni,2014-04,52.374396999999995,47.075977
KE017,Makueni,2014-05,68.05237100000001,58.415287
KE017,Makueni,2014-06,106.68945033333334,105.16239
KE017,Makueni,2014-07,98.93952999999999,96.75279
KE017,Makueni,2014-08,97.75651866666668,93.743576
KE017,Makueni,2014-09,102.24651666666666,96.94417
KE017,Makueni,2014-10,93.10849233333333,59.866917
KE017,Makueni,2014-11,88.49362,79.84765
KE017,Makueni,2014-12,86.577735,51.37218
KE017,Makueni,2015-01,38.474235666666665,32.28593
KE017,Makueni,2015-02,79.619899,57.01239
KE017,Makueni,2015-03,67.54789466666666,39.15398
KE017,Makueni,2015-04,165.69840333333335,143.8162
KE017,Makueni,2015-05,156.93273166666665,80.34239
KE017,Makueni,2015-06,94.90052333333334,92.733864
KE017,Makueni,2015-07,111.25909999999999,108.9713
KE017,Makueni,2015-08,97.24794000000001,92.02517
KE017,Makueni,2015-09,103.15187666666667,96.94417
KE017,Makueni,2015-10,111.86113666666665,92.36899
KE017,Makueni,2015-11,136.36477666666667,97.94716
KE017,Makueni,2015-12,117.47776199999998,44.198696
KE017,Makueni,2016-01,138.27199533333334,80.52972
KE017,Makueni,2016-02,76.99329133333333,50.975304
KE017,Makueni,2016-03,59.62578266666666,20.392973
KE017,Makueni,2016-04,139.83130333333332,129.9697
KE017,Makueni,2016-05,84.21954466666666,75.311264
KE017,Makueni,2016-06,99.64648166666666,99.23582
KE017,Makueni,2016-07,94.82874333333332,93.77829
KE017,Makueni,2016-08,108.41512366666666,104.524956
KE017,Makueni,2016-09,99.66369533333334,97.57843
KE017,Makueni,2016-10,85.98975166666666,59.482635
KE017,Makueni,2016-11,114.62933333333335,67.40478
KE017,Makueni,2016-12,47.81989333333333,35.88109
KE017,Makueni,2017-01,50.54408833333334,42.05789
KE017,Makueni,2017-02,121.976788,61.870148
KE017,Makueni,2017-03,31.938495,30.682499
KE017,Makueni,2017-04,85.84535233333334,51.77569
KE017,Makueni,2017-05,111.01215333333334,100.44726
KE017,Makueni,2017-06,97.12290333333333,90.00137
KE017,Makueni,2017-07,114.34028333333333,107.36796
KE017,Makueni,2017-08,121.23585466666667,118.77369
KE017,Makueni,2017-09,107.31582666666667,99.28606
KE017,Makueni,2017-10,101.03522133333333,78.80179
KE017,Makueni,2017-11,93.71703533333334,61.534256
KE017,Makueni,2017-12,40.83164333333334,33.419956
KE017,Makueni,2018-01,72.29473066666667,45.346367
KE017,Makueni,2018-02,67.36130133333334,55.4799
KE017,Makueni,2018-03,257.90673,41.4744
KE017,Makueni,2018-04,227.4504866666667,112.7033
KE017,Makueni,2018-05,119.897065,82.23984
KE017,Makueni,2018-06,116.85343,113.75052
KE017,Makueni,2018-07,124.122275,120.085205
KE017,Makueni,2018-08,112.27449133333334,104.33085
KE017,Makueni,2018-09,116.42327633333333,111.235275
KE017,Makueni,2018-10,110.98836833333333,86.89601
KE017,Makueni,2018-11,75.79103333333335,53.19289
KE017,Makueni,2018-12,173.58596333333332,64.94424
KE017,Makueni,2019-01,54.08071133333333,49.835857
KE017,Makueni,2019-02,74.790938,61.702538
KE017,Makueni,2019-03,28.241555666666667,20.272032
KE017,Makueni,2019-04,88.358591,27.722546
KE017,Makueni,2019-05,91.47085833333334,74.1131
KE017,Makueni,2019-06,104.92199666666666,100.14112
KE017,Makueni,2019-07,131.9165,126.95482
KE017,Makueni,2019-08,125.39524133333333,108.485794
KE017,Makueni,2019-09,115.72415666666666,114.11798
KE017,Makueni,2019-10,364.66927000000004,250.66357
KE017,Makueni,2019-11,162.01942766666664,45.261513
KE017,Makueni,2019-12,232.98541666666665,82.11293
KE017,Makueni,2020-01,272.06751133333336,115.000114
KE017,Makueni,2020-02,185.914851,52.525723
KE017,Makueni,2020-03,171.38299666666668,72.97895
KE017,Makueni,2020-04,161.656292,37.030796
KE017,Makueni,2020-05,70.93991266666667,50.670578
KE017,Makueni,2020-06,109.62329166666666,107.22982
KE017,Makueni,2020-07,125.94648166666666,114.65341
KE017,Makueni,2020-08,100.76529666666666,99.39697
KE017,Makueni,2020-09,111.67993333333334,108.18774
KE017,Makueni,2020-10,73.71925666666667,71.43409
KE017,Makueni,2020-11,109.40330733333333,104.582146
KE017,Makueni,2020-12,95.024616,38.217598
KE017,Makueni,2021-01,61.072522,35.04825
KE017,Makueni,2021-02,126.78312666666666,82.84272
KE017,Makueni,2021-03,49.45445333333333,31.226803
KE017,Makueni,2021-04,77.82214166666667,67.67715
KE017,Makueni,2021-05,167.91175333333334,86.68227
KE017,Makueni,2021-06,89.04537833333332,81.22636
KE017,Makueni,2021-07,129.93296999999998,125.88976
KE017,Makueni,2021-08,102.51916833333333,100.3469
KE017,Makueni,2021-09,97.12563666666667,90.9431
KE017,Makueni,2021-10,81.78580033333334,54.709457
KE017,Makueni,2021-11,90.31119333333334,39.076706
KE017,Makueni,2021-12,152.26799866666667,84.955696
KE017,Makueni,2022-01,61.74145033333334,34.600006
KE017,Makueni,2022-02,121.28469,79.69998
KE017,Makueni,2022-03,37.86560266666667,26.843828
KE017,Makueni,2022-04,102.47373766666668,22.229263
KE017,Makueni,2022-05,64.66114333333333,45.860516
KE017,Makueni,2022-06,95.71187466666667,88.48527
KE017,Makueni,2022-07,101.34580666666666,96.70719
KE017,Makueni,2022-08,94.67354333333333,92.23549
KE017,Makueni,2022-09,98.51570466666665,95.23655
KE017,Makueni,2022-10,73.84324166666666,61.849
KE017,Makueni,2022-11,83.42160533333333,61.45155
KE017,Makueni,2022-12,62.180378999999995,40.845497
KE017,Makueni,2023-01,56.05911433333333,40.824715
KE017,Makueni,2023-02,49.30710933333333,37.419598
KE017,Makueni,2023-03,67.27382233333333,24.109997
KE017,Makueni,2023-04,130.32507166666667,59.758835
KE017,Makueni,2023-05,87.234395,69.730675
KE017,Makueni,2023-06,108.026504,104.28948
KE017,Makueni,2023-07,106.81262866666667,105.9732
KE017,Makueni,2023-08,94.95449,90.79063
KE017,Makueni,2023-09,99.97235833333333,96.7978
KE017,Makueni,2023-10,127.77658000000001,85.79577
KE017,Makueni,2023-11,223.83252666666667,119.66137
KE017,Makueni,2023-12,78.01011799999999,59.88826
KE017,Makueni,2024-01,137.96876,59.32669
KE017,Makueni,2024-02,163.468339,54.893257
KE017,Makueni,2024-03,132.04605033333334,88.456696
KE017,Makueni,2024-04,228.51536666666667,130.01894
KE017,Makueni,2024-05,168.04688,85.51649
KE017,Makueni,2024-06,103.85188333333333,98.22878
KE017,Makueni,2024-07,112.52495333333333,101.95734
KE017,Makueni,2024-08,92.06604,91.04782
KE017,Makueni,2024-09,97.195612,91.62615
KE017,Makueni,2024-10,61.084149000000004,49.89584
KE017,Makueni,2024-11,147.59582666666668,77.73471
KE017,Makueni,2024-12,91.13698833333335,86.847176
KE017,Makueni,2025-01,161.38444333333334,39.591537
KE017,Makueni,2025-02,45.99426033333333,35.57586
KE017,Makueni,2025-03,187.17744666666667,81.15338
KE017,Makueni,2025-04,129.72817999999998,116.90178
KE017,Makueni,2025-05,112.01763666666666,67.9073
KE017,Makueni,2025-06,105.70584666666667,95.88202
KE017,Makueni,2025-07,100.00510666666666,96.44093
KE017,Makueni,2025-08,123.09616666666666,116.62076
KE017,Makueni,2025-09,104.58753666666667,103.55547
KE017,Makueni,2025-10,137.27266666666665,67.10475
KE017,Makueni,2025-11,41.469545333333336,30.34409
KE017,Makueni,2025-12,152.80904766666666,29.716343
KE017,Makueni,2026-01,39.975617666666665,33.470737
KE017,Makueni,2026-02,465.90416000000005,74.43301
KE017,Makueni,2026-03,299.82110666666665,171.4517
KE017,Makueni,2026-04,104.94062133333334,34.93459
KE017,Makueni,2026-05,63.207985,63.207985
KE009,Mandera,2006-01,96.71979666666668,95.55747
KE009,Mandera,2006-02,88.03461333333333,86.43906
KE009,Mandera,2006-03,70.88364466666667,66.632164
KE009,Mandera,2006-04,134.73047666666668,68.61906
KE009,Mandera,2006-05,98.83157333333334,65.91038
KE009,Mandera,2006-06,97.13277866666665,93.95959
KE009,Mandera,2006-07,95.88694133333333,95.21293
KE009,Mandera,2006-08,98.59234,96.32785
KE009,Mandera,2006-09,106.520572,98.48579
KE009,Mandera,2006-10,214.37313666666668,98.17358
KE009,Mandera,2006-11,168.49765666666667,136.21375
KE009,Mandera,2006-12,136.21365666666665,81.48925
KE009,Mandera,2007-01,96.18556333333333,94.54967
KE009,Mandera,2007-02,96.41481333333333,88.24466
KE009,Mandera,2007-03,79.72969166666667,51.06429
KE009,Mandera,2007-04,79.42750333333333,45.3767
KE009,Mandera,2007-05,106.75518466666666,77.15571
KE009,Mandera,2007-06,110.91259666666667,100.76424
KE009,Mandera,2007-07,96.343858,95.590454
KE009,Mandera,2007-08,107.18433966666667,105.50368
KE009,Mandera,2007-09,98.88917166666666,98.44473
KE009,Mandera,2007-10,127.34066033333333,105.459305
KE009,Mandera,2007-11,76.49157333333333,58.06334
KE009,Mandera,2007-12,60.83094,40.89686
KE009,Mandera,2008-01,97.47218333333335,94.72064
KE009,Mandera,2008-02,88.77371333333333,82.09901
KE009,Mandera,2008-03,58.284041333333334,55.35045
KE009,Mandera,2008-04,103.77595133333334,64.39303
KE009,Mandera,2008-05,67.76134266666666,49.84184
KE009,Mandera,2008-06,108.77721000000001,103.64956
KE009,Mandera,2008-07,96.59946666666667,95.74147
KE009,Mandera,2008-08,98.14098133333334,97.128914
KE009,Mandera,2008-09,97.64295,94.43383
KE009,Mandera,2008-10,94.51863666666667,44.23405
KE009,Mandera,2008-11,77.08738833333332,33.534897
KE009,Mandera,2008-12,59.224758333333334,39.044205
KE009,Mandera,2009-01,96.78443333333333,95.32856
KE009,Mandera,2009-02,110.72260466666667,87.11173
KE009,Mandera,2009-03,53.21930566666666,38.915207
KE009,Mandera,2009-04,63.254986,36.606686
KE009,Mandera,2009-05,98.97546,84.82626
KE009,Mandera,2009-06,97.23268,94.63193
KE009,Mandera,2009-07,95.93907,95.57159
KE009,Mandera,2009-08,96.70935033333335,96.619156
KE009,Mandera,2009-09,96.43812133333334,92.46386
KE009,Mandera,2009-10,124.68493666666666,73.33542
KE009,Mandera,2009-11,51.22782533333333,35.353836
KE009,Mandera,2009-12,100.542155,85.992226
KE009,Mandera,2010-01,100.648075,95.492775
KE009,Mandera,2010-02,115.787778,94.24633
KE009,Mandera,2010-03,251.22407666666666,196.47171
KE009,Mandera,2010-04,96.36737333333333,75.10752
KE009,Mandera,2010-05,63.92055,48.27365
KE009,Mandera,2010-06,96.950588,93.304054
KE009,Mandera,2010-07,98.15112333333333,95.57159
KE009,Mandera,2010-08,97.06100333333332,96.46721
KE009,Mandera,2010-09,96.92455866666667,94.575806
KE009,Mandera,2010-10,66.45969266666667,49.831738
KE009,Mandera,2010-11,43.025984666666666,29.343704
KE009,Mandera,2010-12,61.303873333333335,39.59854
KE009,Mandera,2011-01,96.078367,93.69478
KE009,Mandera,2011-02,88.76666666666667,83.18318
KE009,Mandera,2011-03,48.940133,35.24306
KE009,Mandera,2011-04,45.07947066666667,24.882658
KE009,Mandera,2011-05,76.42270666666667,58.48993
KE009,Mandera,2011-06,100.01565799999999,97.701355
KE009,Mandera,2011-07,96.21991333333334,94.72214
KE009,Mandera,2011-08,96.95345466666667,96.87404
KE009,Mandera,2011-09,97.87344999999999,94.71779
KE009,Mandera,2011-10,198.42787666666666,111.60732
KE009,Mandera,2011-11,269.9351633333333,133.68587
KE009,Mandera,2011-12,127.96897333333334,83.00186
KE009,Mandera,2012-01,94.94094866666667,93.96075
KE009,Mandera,2012-02,100.75807166666668,92.108635
KE009,Mandera,2012-03,53.29577666666666,36.351856
KE009,Mandera,2012-04,85.93517333333334,77.5232
KE009,Mandera,2012-05,95.83552466666667,60.09847
KE009,Mandera,2012-06,96.74288133333334,92.2115
KE009,Mandera,2012-07,95.62194666666666,94.92977
KE009,Mandera,2012-08,99.62553833333334,99.327675
KE009,Mandera,2012-09,100.20692466666667,96.7055
KE009,Mandera,2012-10,111.22454666666668,72.91383
KE009,Mandera,2012-11,86.63704233333333,40.969807
KE009,Mandera,2012-12,77.139015,67.949905
KE009,Mandera,2013-01,102.238555,98.57627
KE009,Mandera,2013-02,91.90026999999999,82.02045
KE009,Mandera,2013-03,228.911578,63.839764
KE009,Mandera,2013-04,151.96144666666666,119.84035
KE009,Mandera,2013-05,81.31614,66.69985
KE009,Mandera,2013-06,99.72492466666665,94.968094
KE009,Mandera,2013-07,103.201122,100.957016
KE009,Mandera,2013-08,99.91654999999999,96.14111
KE009,Mandera,2013-09,117.63105300000001,98.354935
KE009,Mandera,2013-10,89.26410133333333,49.47219
KE009,Mandera,2013-11,151.211285,46.632935
KE009,Mandera,2013-12,64.45463033333334,39.511017
KE009,Mandera,2014-01,96.770418,96.297424
KE009,Mandera,2014-02,100.90870533333333,83.16747
KE009,Mandera,2014-03,109.54150399999999,60.995262
KE009,Mandera,2014-04,89.58382333333334,67.98647
KE009,Mandera,2014-05,125.31884666666667,95.00218
KE009,Mandera,2014-06,97.91917533333333,96.3464
KE009,Mandera,2014-07,105.16096666666668,103.95319
KE009,Mandera,2014-08,104.37827133333333,103.26997
KE009,Mandera,2014-09,98.19958000000001,94.82427
KE009,Mandera,2014-10,65.69839333333333,42.08862
KE009,Mandera,2014-11,114.39543533333334,102.9664
KE009,Mandera,2014-12,74.616012,44.93767
KE009,Mandera,2015-01,97.45126166666667,96.79135
KE009,Mandera,2015-02,91.287942,82.09901
KE009,Mandera,2015-03,92.43418000000001,59.51269
KE009,Mandera,2015-04,121.64030133333334,55.352314
KE009,Mandera,2015-05,85.82729666666667,58.30327
KE009,Mandera,2015-06,98.96647166666666,97.1532
KE009,Mandera,2015-07,101.31152200000001,99.67721
KE009,Mandera,2015-08,100.43364333333334,99.65955
KE009,Mandera,2015-09,98.34427733333332,94.575806
KE009,Mandera,2015-10,127.79928433333333,41.043983
KE009,Mandera,2015-11,96.724035,57.17373
KE009,Mandera,2015-12,84.53441833333333,49.350475
KE009,Mandera,2016-01,97.04090533333333,96.61419
KE009,Mandera,2016-02,107.03699,100.77771
KE009,Mandera,2016-03,58.482889666666665,32.465107
KE009,Mandera,2016-04,141.85551,89.07303
KE009,Mandera,2016-05,88.25774000000001,58.45448
KE009,Mandera,2016-06,100.82983533333334,99.80986
KE009,Mandera,2016-07,100.45040999999999,99.8389
KE009,Mandera,2016-08,97.68646999999999,97.18354
KE009,Mandera,2016-09,97.46289333333334,94.59355
KE009,Mandera,2016-10,49.735711,37.5881
KE009,Mandera,2016-11,78.621967,43.067535
KE009,Mandera,2016-12,121.81470666666667,91.08117
KE009,Mandera,2017-01,97.591752,96.71536
KE009,Mandera,2017-02,118.14395333333334,84.91158
KE009,Mandera,2017-03,50.697202000000004,42.46813
KE009,Mandera,2017-04,87.30944133333333,64.114334
KE009,Mandera,2017-05,112.45688833333332,83.610985
KE009,Mandera,2017-06,98.45545666666668,96.01022
KE009,Mandera,2017-07,99.50122866666668,98.742966
KE009,Mandera,2017-08,101.45369333333333,100.80653
KE009,Mandera,2017-09,102.34740866666665,101.47953
KE009,Mandera,2017-10,85.66082966666666,60.083275
KE009,Mandera,2017-11,124.338595,39.980385
KE009,Mandera,2017-12,59.03912166666667,37.855305
KE009,Mandera,2018-01,96.78971,96.14545
KE009,Mandera,2018-02,119.77115166666668,100.509415
KE009,Mandera,2018-03,232.257705,109.365555
KE009,Mandera,2018-04,159.03097133333333,103.368484
KE009,Mandera,2018-05,130.21576666666667,95.54064
KE009,Mandera,2018-06,98.93349,97.3381
KE009,Mandera,2018-07,106.82056666666666,105.31184
KE009,Mandera,2018-08,102.68761666666667,101.42553
KE009,Mandera,2018-09,103.28458,98.7911
KE009,Mandera,2018-10,99.73131000000001,66.26135
KE009,Mandera,2018-11,75.86796766666667,29.128653
KE009,Mandera,2018-12,283.14634333333333,233.53925
KE009,Mandera,2019-01,96.69100666666667,96.441666
KE009,Mandera,2019-02,92.31808000000001,82.50754
KE009,Mandera,2019-03,63.02503933333333,52.802094
KE009,Mandera,2019-04,66.39879366666666,31.507841
KE009,Mandera,2019-05,152.94915733333335,60.525112
KE009,Mandera,2019-06,97.22583466666667,93.57299
KE009,Mandera,2019-07,109.76960333333334,105.73186
KE009,Mandera,2019-08,99.88418,98.53921
KE009,Mandera,2019-09,105.93663333333335,102.34583
KE009,Mandera,2019-10,292.45926000000003,105.18223
KE009,Mandera,2019-11,194.46566199999998,96.658936
KE009,Mandera,2019-12,174.160348,125.68001
KE009,Mandera,2020-01,99.58054499999999,96.58238
KE009,Mandera,2020-02,89.83624666666667,80.46489
KE009,Mandera,2020-03,128.8015,74.76974
KE009,Mandera,2020-04,159.42201733333334,37.908382
KE009,Mandera,2020-05,76.52241166666666,59.61418
KE009,Mandera,2020-06,99.94424866666667,98.17852
KE009,Mandera,2020-07,132.52840666666665,128.8508
KE009,Mandera,2020-08,101.73697333333332,101.2728
KE009,Mandera,2020-09,101.01442200000001,100.1214
KE009,Mandera,2020-10,82.48387466666667,49.850784
KE009,Mandera,2020-11,57.176118333333335,37.42799
KE009,Mandera,2020-12,74.1792,47.118546
KE009,Mandera,2021-01,100.934905,96.012665
KE009,Mandera,2021-02,95.76624866666667,89.731636
KE009,Mandera,2021-03,61.39409499999999,38.152164
KE009,Mandera,2021-04,122.23362333333334,84.9937
KE009,Mandera,2021-05,101.77908666666667,85.89506
KE009,Mandera,2021-06,97.66602333333333,94.64873
KE009,Mandera,2021-07,98.31327,97.42147
KE009,Mandera,2021-08,98.63193000000001,98.46586
KE009,Mandera,2021-09,99.027318,96.244064
KE009,Mandera,2021-10,53.38509833333333,39.51635
KE009,Mandera,2021-11,85.328329,36.48339
KE009,Mandera,2021-12,98.77886899999999,46.950787
KE009,Mandera,2022-01,99.41679466666666,97.26628
KE009,Mandera,2022-02,91.49558,82.61753
KE009,Mandera,2022-03,66.223834,53.846962
KE009,Mandera,2022-04,93.666097,49.174515
KE009,Mandera,2022-05,88.53852666666667,67.36789
KE009,Mandera,2022-06,98.92188666666668,96.93469
KE009,Mandera,2022-07,110.08701333333333,108.49867
KE009,Mandera,2022-08,100.82306,100.57453
KE009,Mandera,2022-09,98.12843500000001,94.345085
KE009,Mandera,2022-10,69.74496133333334,52.93933
KE009,Mandera,2022-11,56.888395,48.89183
KE009,Mandera,2022-12,74.68220166666667,56.600605
KE009,Mandera,2023-01,105.44050333333333,95.40651
KE009,Mandera,2023-02,90.133148,80.433464
KE009,Mandera,2023-03,292.08577800000006,84.876564
KE009,Mandera,2023-04,112.09733,83.188095
KE009,Mandera,2023-05,87.39847533333334,61.35134
KE009,Mandera,2023-06,96.49174,94.7832
KE009,Mandera,2023-07,98.94647333333334,98.54533
KE009,Mandera,2023-08,100.05166666666666,97.87537
KE009,Mandera,2023-09,96.93566500000001,92.197655
KE009,Mandera,2023-10,241.13203133333332,96.687294
KE009,Mandera,2023-11,385.32823866666666,59.339176
KE009,Mandera,2023-12,70.09663133333333,40.626984
KE009,Mandera,2024-01,97.95057666666666,96.18344
KE009,Mandera,2024-02,96.09326666666668,88.41552
KE009,Mandera,2024-03,64.39302833333333,56.396095
KE009,Mandera,2024-04,209.4468466666667,70.33651
KE009,Mandera,2024-05,107.84393,54.27631
KE009,Mandera,2024-06,97.09707033333332,91.942566
KE009,Mandera,2024-07,102.76766199999999,98.49143
KE009,Mandera,2024-08,139.21865666666667,121.24778
KE009,Mandera,2024-09,97.684828,95.71164
KE009,Mandera,2024-10,46.963225,33.930725
KE009,Mandera,2024-11,86.639745,76.16388
KE009,Mandera,2024-12,57.85870166666667,37.118618
KE009,Mandera,2025-01,95.68616033333335,95.233986
KE009,Mandera,2025-02,89.45767833333333,80.307755
KE009,Mandera,2025-03,155.63673666666668,82.50094
KE009,Mandera,2025-04,122.52797666666667,80.01466
KE009,Mandera,2025-05,99.22496133333334,59.58457
KE009,Mandera,2025-06,97.16599333333333,93.5898
KE009,Mandera,2025-07,96.21221333333334,93.44289
KE009,Mandera,2025-08,96.34886,94.871376
KE009,Mandera,2025-09,96.01397333333334,91.09732
KE009,Mandera,2025-10,66.252162,50.258476
KE009,Mandera,2025-11,33.446132999999996,29.440475
KE009,Mandera,2025-12,78.47809133333332,45.222134
KE009,Mandera,2026-01,95.52261833333334,95.061455
KE009,Mandera,2026-02,98.80313000000001,91.55495
KE009,Mandera,2026-03,270.9149,184.6112
KE009,Mandera,2026-04,103.80646866666666,98.158066
KE009,Mandera,2026-05,115.054214,115.054214
KE010,Marsabit,2006-01,73.95096111111111,65.39765
KE010,Marsabit,2006-02,94.17582033333333,60.889633
KE010,Marsabit,2006-03,86.93260333333333,65.40391
KE010,Marsabit,2006-04,137.25620511111111,40.947006
KE010,Marsabit,2006-05,89.472893,62.508457
KE010,Marsabit,2006-06,90.80281822222223,76.38543
KE010,Marsabit,2006-07,91.09835144444445,80.26489
KE010,Marsabit,2006-08,131.73462777777777,96.01152
KE010,Marsabit,2006-09,101.19109277777778,86.34939
KE010,Marsabit,2006-10,167.5989943333333,60.199593
KE010,Marsabit,2006-11,154.1513737777778,57.569294
KE010,Marsabit,2006-12,178.6353811111111,48.38266
KE010,Marsabit,2007-01,84.60147766666667,65.98744
KE010,Marsabit,2007-02,93.28782622222222,63.966156
KE010,Marsabit,2007-03,88.83147011111112,33.45012
KE010,Marsabit,2007-04,104.44813444444445,28.08689
KE010,Marsabit,2007-05,99.64605355555555,63.84822
KE010,Marsabit,2007-06,148.44470666666666,96.63226
KE010,Marsabit,2007-07,134.25472611111113,96.328384
KE010,Marsabit,2007-08,128.92807333333334,98.97127
KE010,Marsabit,2007-09,112.2252961111111,93.98221
KE010,Marsabit,2007-10,94.071349,68.24767
KE010,Marsabit,2007-11,83.543633,35.01281
KE010,Marsabit,2007-12,54.59796055555555,36.19542
KE010,Marsabit,2008-01,104.67133855555556,71.989456
KE010,Marsabit,2008-02,76.27206755555557,59.105873
KE010,Marsabit,2008-03,94.44399766666668,64.33424
KE010,Marsabit,2008-04,96.34095766666667,31.25142
KE010,Marsabit,2008-05,55.696661999999996,30.335129
KE010,Marsabit,2008-06,99.034576,82.92115
KE010,Marsabit,2008-07,91.78728755555557,74.70198
KE010,Marsabit,2008-08,95.19299266666667,88.35617
KE010,Marsabit,2008-09,104.24151222222223,88.5857
KE010,Marsabit,2008-10,98.91642666666667,73.07651
KE010,Marsabit,2008-11,76.75882633333333,27.702847
KE010,Marsabit,2008-12,50.774400666666665,33.253384
KE010,Marsabit,2009-01,97.80256944444444,64.73847
KE010,Marsabit,2009-02,80.75945777777777,69.22189
KE010,Marsabit,2009-03,65.25987544444445,47.19459
KE010,Marsabit,2009-04,61.182616,32.605946
KE010,Marsabit,2009-05,95.70411777777777,41.086884
KE010,Marsabit,2009-06,96.16497444444445,93.39539
KE010,Marsabit,2009-07,88.30348322222223,77.88079
KE010,Marsabit,2009-08,93.72902500000001,88.35617
KE010,Marsabit,2009-09,96.18472722222222,83.97792
KE010,Marsabit,2009-10,118.20904622222221,70.34933
KE010,Marsabit,2009-11,61.39930799999999,29.732758
KE010,Marsabit,2009-12,109.86546222222222,57.35816
KE010,Marsabit,2010-01,121.76365277777778,70.427666
KE010,Marsabit,2010-02,124.892375,75.69399
KE010,Marsabit,2010-03,174.09347666666667,112.64032
KE010,Marsabit,2010-04,71.980182,46.769978
KE010,Marsabit,2010-05,101.61653866666667,54.048573
KE010,Marsabit,2010-06,95.03907466666666,82.92115
KE010,Marsabit,2010-07,97.236181,80.82658
KE010,Marsabit,2010-08,95.67406155555555,91.438354
KE010,Marsabit,2010-09,95.56060577777777,84.393036
KE010,Marsabit,2010-10,76.236648,61.517982
KE010,Marsabit,2010-11,47.82456977777778,36.689
KE010,Marsabit,2010-12,54.28447933333334,33.018024
KE010,Marsabit,2011-01,76.6807888888889,64.98132
KE010,Marsabit,2011-02,96.2616488888889,66.6513
KE010,Marsabit,2011-03,65.17493966666667,29.021477
KE010,Marsabit,2011-04,44.690651111111116,20.314861
KE010,Marsabit,2011-05,67.64861555555555,29.84876
KE010,Marsabit,2011-06,103.428034,82.92115
KE010,Marsabit,2011-07,108.81780255555556,86.181305
KE010,Marsabit,2011-08,97.26016,90.60779
KE010,Marsabit,2011-09,102.96657444444445,92.49493
KE010,Marsabit,2011-10,195.283785,85.95343
KE010,Marsabit,2011-11,318.25958444444444,110.51911
KE010,Marsabit,2011-12,91.18901422222223,46.43452
KE010,Marsabit,2012-01,70.91031266666667,64.73847
KE010,Marsabit,2012-02,76.03147733333333,70.0153
KE010,Marsabit,2012-03,62.68011355555556,28.806242
KE010,Marsabit,2012-04,132.996603,51.399117
KE010,Marsabit,2012-05,135.6276988888889,74.7315
KE010,Marsabit,2012-06,90.279786,81.25
KE010,Marsabit,2012-07,108.00713266666666,88.79842
KE010,Marsabit,2012-08,105.98148011111113,94.520546
KE010,Marsabit,2012-09,106.73867844444445,96.98138
KE010,Marsabit,2012-10,137.06290666666666,69.07527
KE010,Marsabit,2012-11,81.15138266666666,35.422043
KE010,Marsabit,2012-12,146.1213141111111,61.697803
KE010,Marsabit,2013-01,102.14680433333334,79.93732
KE010,Marsabit,2013-02,75.11305155555556,63.79032
KE010,Marsabit,2013-03,163.73482311111113,56.31645
KE010,Marsabit,2013-04,169.04341333333335,66.23778
KE010,Marsabit,2013-05,78.09101055555556,51.040394
KE010,Marsabit,2013-06,94.4452411111111,67.3989
KE010,Marsabit,2013-07,108.4139088888889,87.10437
KE010,Marsabit,2013-08,95.7483318888889,82.19178
KE010,Marsabit,2013-09,112.79742066666667,93.038925
KE010,Marsabit,2013-10,91.59768388888888,48.69346
KE010,Marsabit,2013-11,142.94438577777777,49.410618
KE010,Marsabit,2013-12,56.427680111111115,36.61571
KE010,Marsabit,2014-01,72.194005,68.31192
KE010,Marsabit,2014-02,116.46572177777779,70.078186
KE010,Marsabit,2014-03,117.36499244444445,47.362206
KE010,Marsabit,2014-04,67.80399666666666,23.001095
KE010,Marsabit,2014-05,97.8095301111111,56.625576
KE010,Marsabit,2014-06,90.737835,79.38093
KE010,Marsabit,2014-07,107.18026,71.52318
KE010,Marsabit,2014-08,109.59041822222223,84.246574
KE010,Marsabit,2014-09,95.41232933333333,79.509834
KE010,Marsabit,2014-10,85.45508311111111,47.41427
KE010,Marsabit,2014-11,84.99502244444446,39.65885
KE010,Marsabit,2014-12,83.03835944444444,61.28623
KE010,Marsabit,2015-01,74.69813644444444,72.03947
KE010,Marsabit,2015-02,76.41171233333334,64.702065
KE010,Marsabit,2015-03,60.552081111111114,46.40137
KE010,Marsabit,2015-04,149.25232122222224,43.727356
KE010,Marsabit,2015-05,84.41064522222223,45.899628
KE010,Marsabit,2015-06,91.61599844444444,77.1343
KE010,Marsabit,2015-07,92.21335400000001,71.40989
KE010,Marsabit,2015-08,96.2843971111111,83.21917
KE010,Marsabit,2015-09,95.20154222222222,83.78455
KE010,Marsabit,2015-10,92.93589688888888,38.990112
KE010,Marsabit,2015-11,131.894481,61.912895
KE010,Marsabit,2015-12,128.2290018888889,53.242397
KE010,Marsabit,2016-01,86.3113348888889,77.96052
KE010,Marsabit,2016-02,89.11057511111112,77.36188
KE010,Marsabit,2016-03,66.20439244444444,28.007835
KE010,Marsabit,2016-04,148.61600055555556,102.764145
KE010,Marsabit,2016-05,80.00198655555556,46.266834
KE010,Marsabit,2016-06,101.37348822222222,88.25677
KE010,Marsabit,2016-07,90.08271177777777,72.19461
KE010,Marsabit,2016-08,90.65961044444445,81.943954
KE010,Marsabit,2016-09,92.83420766666667,81.21973
KE010,Marsabit,2016-10,68.87897011111112,45.067207
KE010,Marsabit,2016-11,82.34635766666666,41.577824
KE010,Marsabit,2016-12,66.31113355555556,53.284454
KE010,Marsabit,2017-01,85.07605933333333,72.01556
KE010,Marsabit,2017-02,116.55545544444446,63.727444
KE010,Marsabit,2017-03,57.612508444444444,39.531956
KE010,Marsabit,2017-04,71.05141311111112,26.325617
KE010,Marsabit,2017-05,113.56511444444445,53.977966
KE010,Marsabit,2017-06,89.40570488888889,70.3944
KE010,Marsabit,2017-07,121.76045544444443,94.95095
KE010,Marsabit,2017-08,102.320879,96.01786
KE010,Marsabit,2017-09,109.64703166666666,82.07467
KE010,Marsabit,2017-10,169.33718122222223,66.913536
KE010,Marsabit,2017-11,108.27071666666667,35.657143
KE010,Marsabit,2017-12,50.708067444444445,33.572803
KE010,Marsabit,2018-01,69.56053988888888,65.74458
KE010,Marsabit,2018-02,120.29529377777777,87.44414
KE010,Marsabit,2018-03,219.95038333333335,52.94522
KE010,Marsabit,2018-04,198.673856,109.05236
KE010,Marsabit,2018-05,126.66593400000001,69.91525
KE010,Marsabit,2018-06,111.86328177777779,99.283585
KE010,Marsabit,2018-07,100.39482955555555,69.93377
KE010,Marsabit,2018-08,98.14335566666666,83.21917
KE010,Marsabit,2018-09,108.24089333333333,88.84381
KE010,Marsabit,2018-10,90.09999488888889,57.849483
KE010,Marsabit,2018-11,61.47194066666667,27.85587
KE010,Marsabit,2018-12,164.55674444444446,63.19149
KE010,Marsabit,2019-01,75.23039511111111,69.59248
KE010,Marsabit,2019-02,84.56941499999999,73.64441
KE010,Marsabit,2019-03,67.98216244444444,40.436394
KE010,Marsabit,2019-04,82.39241966666667,28.168423
KE010,Marsabit,2019-05,90.65254844444445,31.779661
KE010,Marsabit,2019-06,113.84770222222222,83.63302
KE010,Marsabit,2019-07,112.2422671111111,92.59743
KE010,Marsabit,2019-08,99.53610155555556,86.30138
KE010,Marsabit,2019-09,103.850214,80.36477
KE010,Marsabit,2019-10,261.8347266666667,107.62887
KE010,Marsabit,2019-11,169.5222588888889,46.055435
KE010,Marsabit,2019-12,158.5011188888889,75.48723
KE010,Marsabit,2020-01,112.95160166666668,77.43637
KE010,Marsabit,2020-02,96.21889233333334,72.31037
KE010,Marsabit,2020-03,153.57503444444444,98.23683
KE010,Marsabit,2020-04,156.1993,35.00747
KE010,Marsabit,2020-05,86.417671,59.85312
KE010,Marsabit,2020-06,106.93356322222222,95.07071
KE010,Marsabit,2020-07,118.58104322222223,87.10437
KE010,Marsabit,2020-08,110.16342222222221,94.20222
KE010,Marsabit,2020-09,116.94079655555555,100.92886
KE010,Marsabit,2020-10,142.5595952222222,55.999557
KE010,Marsabit,2020-11,61.61927744444444,38.909386
KE010,Marsabit,2020-12,109.74746588888888,50.9224
KE010,Marsabit,2021-01,77.85736211111112,68.94146
KE010,Marsabit,2021-02,97.51104655555555,68.67709
KE010,Marsabit,2021-03,66.6221691111111,33.812134
KE010,Marsabit,2021-04,70.83181477777778,37.747807
KE010,Marsabit,2021-05,129.378494,53.984577
KE010,Marsabit,2021-06,88.673406,70.3944
KE010,Marsabit,2021-07,97.24038622222221,79.257126
KE010,Marsabit,2021-08,92.48966866666666,85.136566
KE010,Marsabit,2021-09,109.89868666666666,100.47598
KE010,Marsabit,2021-10,64.95124522222221,43.82916
KE010,Marsabit,2021-11,64.83522944444445,41.141945
KE010,Marsabit,2021-12,73.548766,40.835426
KE010,Marsabit,2022-01,119.30482266666667,78.23433
KE010,Marsabit,2022-02,78.89369288888889,63.88464
KE010,Marsabit,2022-03,63.046593666666666,54.046448
KE010,Marsabit,2022-04,99.33104377777778,27.725914
KE010,Marsabit,2022-05,79.33152733333333,45.532436
KE010,Marsabit,2022-06,91.04169555555556,77.1343
KE010,Marsabit,2022-07,90.84018888888889,69.13908
KE010,Marsabit,2022-08,99.57860355555556,91.7846
KE010,Marsabit,2022-09,106.05624277777777,91.491516
KE010,Marsabit,2022-10,102.8609461111111,60.399754
KE010,Marsabit,2022-11,57.331044777777784,46.910534
KE010,Marsabit,2022-12,83.8603711111111,62.248844
KE010,Marsabit,2023-01,76.24911066666667,70.7196
KE010,Marsabit,2023-02,73.14910066666667,62.72139
KE010,Marsabit,2023-03,197.1567958888889,58.493793
KE010,Marsabit,2023-04,181.27092022222223,37.747807
KE010,Marsabit,2023-05,84.26514744444445,37.086903
KE010,Marsabit,2023-06,90.7874591111111,77.68403
KE010,Marsabit,2023-07,88.42810222222222,72.97934
KE010,Marsabit,2023-08,93.174474,85.969475
KE010,Marsabit,2023-09,95.73366222222222,82.92961
KE010,Marsabit,2023-10,223.96941222222222,84.72313
KE010,Marsabit,2023-11,225.54167044444446,44.406494
KE010,Marsabit,2023-12,73.55179166666667,34.34614
KE010,Marsabit,2024-01,98.61773866666667,68.79764
KE010,Marsabit,2024-02,142.49910888888888,75.53519
KE010,Marsabit,2024-03,72.00274666666667,46.52621
KE010,Marsabit,2024-04,215.93912,41.98526
KE010,Marsabit,2024-05,113.72833177777778,44.430843
KE010,Marsabit,2024-06,89.174719,73.389915
KE010,Marsabit,2024-07,112.41163733333333,89.44123
KE010,Marsabit,2024-08,121.22108833333333,96.56897
KE010,Marsabit,2024-09,106.39643,88.46117
KE010,Marsabit,2024-10,109.13904644444445,43.70293
KE010,Marsabit,2024-11,144.08262355555556,66.923676
KE010,Marsabit,2024-12,45.633164111111114,31.387297
KE010,Marsabit,2025-01,72.12993444444444,64.73847
KE010,Marsabit,2025-02,66.93639066666667,58.980106
KE010,Marsabit,2025-03,146.81645444444445,77.35502
KE010,Marsabit,2025-04,115.69318133333334,37.84254
KE010,Marsabit,2025-05,97.99952044444444,49.901627
KE010,Marsabit,2025-06,85.43599644444446,71.14329
KE010,Marsabit,2025-07,82.54774911111112,70.62516
KE010,Marsabit,2025-08,122.93587777777778,85.174095
KE010,Marsabit,2025-09,115.67689433333334,78.49839
KE010,Marsabit,2025-10,171.47687155555553,76.35922
KE010,Marsabit,2025-11,35.32228766666666,25.653574
KE010,Marsabit,2025-12,121.63410444444445,41.860935
KE010,Marsabit,2026-01,69.46545222222223,64.73847
KE010,Marsabit,2026-02,124.9742138888889,68.45276
KE010,Marsabit,2026-03,250.4401533333333,174.65048
KE010,Marsabit,2026-04,88.19006822222222,40.89649
KE010,Marsabit,2026-05,78.68929666666666,69.19412
KE012,Meru,2006-01,71.5329335,57.46687
KE012,Meru,2006-02,100.18574766666666,48.794643
KE012,Meru,2006-03,71.40250433333334,31.816956
KE012,Meru,2006-04,120.93378733333333,46.51933
KE012,Meru,2006-05,115.85772333333334,57.873066
KE012,Meru,2006-06,88.6136675,67.37716
KE012,Meru,2006-07,81.27378933333334,70.694336
KE012,Meru,2006-08,147.72223333333332,96.90259
KE012,Meru,2006-09,110.78919983333333,97.017265
KE012,Meru,2006-10,122.23815833333333,81.8799
KE012,Meru,2006-11,148.45009566666667,106.45873
KE012,Meru,2006-12,223.60613916666662,77.65669
KE012,Meru,2007-01,103.672421,72.74066
KE012,Meru,2007-02,82.92579066666667,58.29493
KE012,Meru,2007-03,89.806899,52.764267
KE012,Meru,2007-04,80.057665,25.157598
KE012,Meru,2007-05,119.12761166666667,63.56391
KE012,Meru,2007-06,130.7987775,106.127205
KE012,Meru,2007-07,124.90292749999999,89.7663
KE012,Meru,2007-08,107.21032000000001,72.96296
KE012,Meru,2007-09,115.17021066666666,96.95948
KE012,Meru,2007-10,103.04019616666666,61.121147
KE012,Meru,2007-11,68.7966035,46.68726
KE012,Meru,2007-12,64.06874366666666,53.292686
KE012,Meru,2008-01,140.78604466666667,38.406883
KE012,Meru,2008-02,59.48011866666667,50.137615
KE012,Meru,2008-03,102.18094066666667,49.332684
KE012,Meru,2008-04,73.70017316666666,19.024345
KE012,Meru,2008-05,40.30849,25.125563
KE012,Meru,2008-06,83.80473383333333,62.934708
KE012,Meru,2008-07,90.85698500000001,72.84529
KE012,Meru,2008-08,74.25448116666666,65.8824
KE012,Meru,2008-09,103.29220166666666,89.94121
KE012,Meru,2008-10,139.9622225,65.033295
KE012,Meru,2008-11,83.286548,44.93016
KE012,Meru,2008-12,41.754692166666665,27.717173
KE012,Meru,2009-01,143.93061833333334,76.89575
KE012,Meru,2009-02,76.166904,53.072254
KE012,Meru,2009-03,47.469321666666666,28.230711
KE012,Meru,2009-04,53.16353016666667,21.559921
KE012,Meru,2009-05,124.4939185,58.991272
KE012,Meru,2009-06,78.86579933333333,64.53581
KE012,Meru,2009-07,74.0568225,63.25282
KE012,Meru,2009-08,77.301206,65.00166
KE012,Meru,2009-09,83.8896925,68.11484
KE012,Meru,2009-10,153.60438166666668,98.55486
KE012,Meru,2009-11,60.791688,33.39619
KE012,Meru,2009-12,110.21171833333334,79.743286
KE012,Meru,2010-01,118.5937705,62.801933
KE012,Meru,2010-02,228.07451166666667,98.56764
KE012,Meru,2010-03,195.44015666666667,79.45841
KE012,Meru,2010-04,89.61961533333333,43.308422
KE012,Meru,2010-05,96.6646875,69.823654
KE012,Meru,2010-06,85.76703400000001,67.579094
KE012,Meru,2010-07,111.61063850000001,87.48648
KE012,Meru,2010-08,111.398395,94.46328
KE012,Meru,2010-09,81.65461833333333,68.65065
KE012,Meru,2010-10,68.5392935,38.018726
KE012,Meru,2010-11,68.43141533333333,41.927235
KE012,Meru,2010-12,40.482219666666666,32.532448
KE012,Meru,2011-01,60.866982,44.26834
KE012,Meru,2011-02,90.96148216666666,55.764103
KE012,Meru,2011-03,70.67532200000001,37.762142
KE012,Meru,2011-04,65.2217335,15.420162
KE012,Meru,2011-05,98.504615,65.57249
KE012,Meru,2011-06,115.689528,99.753204
KE012,Meru,2011-07,103.537415,87.93104
KE012,Meru,2011-08,146.60058666666666,90.66436
KE012,Meru,2011-09,126.00439916666666,97.017265
KE012,Meru,2011-10,141.27952333333334,46.36075
KE012,Meru,2011-11,145.12825,92.33243
KE012,Meru,2011-12,91.10343133333333,30.06528
KE012,Meru,2012-01,46.6292885,41.128014
KE012,Meru,2012-02,77.369494,56.29496
KE012,Meru,2012-03,34.68819633333333,20.333462
KE012,Meru,2012-04,121.54803133333333,59.888798
KE012,Meru,2012-05,125.93025833333333,91.47569
KE012,Meru,2012-06,119.46522333333333,86.08484
KE012,Meru,2012-07,103.41497183333333,91.4862
KE012,Meru,2012-08,108.29560233333332,79.672874
KE012,Meru,2012-09,97.11190133333334,76.15199
KE012,Meru,2012-10,149.30107283333334,63.061047
KE012,Meru,2012-11,82.17942683333334,40.960316
KE012,Meru,2012-12,130.46296933333335,59.371716
KE012,Meru,2013-01,91.30138766666668,68.902855
KE012,Meru,2013-02,56.45838333333333,43.373016
KE012,Meru,2013-03,129.344132,51.894062
KE012,Meru,2013-04,142.352037,29.139507
KE012,Meru,2013-05,38.666771000000004,22.773628
KE012,Meru,2013-06,99.33346566666667,67.98295
KE012,Meru,2013-07,94.43230266666667,82.726295
KE012,Meru,2013-08,79.950513,62.27258
KE012,Meru,2013-09,110.81600050000002,85.003624
KE012,Meru,2013-10,49.54359516666667,28.029469
KE012,Meru,2013-11,87.25195783333334,46.53779
KE012,Meru,2013-12,74.725882,38.12777
KE012,Meru,2014-01,43.320579333333335,39.267662
KE012,Meru,2014-02,134.621105,60.31261
KE012,Meru,2014-03,139.66979533333333,38.695232
KE012,Meru,2014-04,71.30659316666667,18.555605
KE012,Meru,2014-05,57.92064466666667,34.322975
KE012,Meru,2014-06,110.04501749999999,103.541885
KE012,Meru,2014-07,87.6801625,66.15375
KE012,Meru,2014-08,166.73985083333332,72.94079
KE012,Meru,2014-09,100.10819066666666,75.48222
KE012,Meru,2014-10,79.70236433333334,40.485756
KE012,Meru,2014-11,85.66659,49.81217
KE012,Meru,2014-12,78.594865,59.56355
KE012,Meru,2015-01,55.940712166666664,49.596943
KE012,Meru,2015-02,80.34777466666667,57.156693
KE012,Meru,2015-03,66.38057783333333,31.510813
KE012,Meru,2015-04,166.47947,122.32715
KE012,Meru,2015-05,84.73991983333333,57.100975
KE012,Meru,2015-06,82.12139333333333,70.34483
KE012,Meru,2015-07,106.54091833333332,84.25301
KE012,Meru,2015-08,80.40963683333332,57.529556
KE012,Meru,2015-09,75.79753783333334,59.876762
KE012,Meru,2015-10,107.09854233333334,43.63653
KE012,Meru,2015-11,139.05917666666667,121.82528
KE012,Meru,2015-12,131.9222215,43.366917
KE012,Meru,2016-01,113.80388333333333,91.5289
KE012,Meru,2016-02,89.01379966666667,65.45744
KE012,Meru,2016-03,70.30980966666667,22.38806
KE012,Meru,2016-04,107.428275,70.54438
KE012,Meru,2016-05,70.1554185,46.325306
KE012,Meru,2016-06,92.81225599999999,86.49316
KE012,Meru,2016-07,83.21165883333333,72.39705
KE012,Meru,2016-08,78.13520166666667,68.72312
KE012,Meru,2016-09,89.277866,78.49468
KE012,Meru,2016-10,33.643643000000004,18.204475
KE012,Meru,2016-11,113.18441233333334,60.216568
KE012,Meru,2016-12,48.267846999999996,38.472523
KE012,Meru,2017-01,42.943429,36.78589
KE012,Meru,2017-02,108.623215,87.57043
KE012,Meru,2017-03,36.331623666666665,25.45225
KE012,Meru,2017-04,48.384975499999996,38.23929
KE012,Meru,2017-05,86.01441,49.02618
KE012,Meru,2017-06,77.85121583333334,58.49226
KE012,Meru,2017-07,89.320065,76.51612
KE012,Meru,2017-08,98.52620433333334,92.2359
KE012,Meru,2017-09,94.77043366666668,73.22553
KE012,Meru,2017-10,115.28088600000001,51.32921
KE012,Meru,2017-11,93.84354983333333,34.94638
KE012,Meru,2017-12,33.15191866666667,27.672544
KE012,Meru,2018-01,45.00637633333333,38.868942
KE012,Meru,2018-02,56.18419633333334,46.8548
KE012,Meru,2018-03,295.43785166666663,103.94287
KE012,Meru,2018-04,203.949895,131.71095
KE012,Meru,2018-05,174.32913666666664,111.36322
KE012,Meru,2018-06,174.91448,108.87504
KE012,Meru,2018-07,119.37459916666666,81.22595
KE012,Meru,2018-08,78.39137916666667,64.195335
KE012,Meru,2018-09,127.16542333333332,99.12267
KE012,Meru,2018-10,50.41980083333333,40.23731
KE012,Meru,2018-11,63.40178933333333,53.217716
KE012,Meru,2018-12,166.05435916666667,45.95619
KE012,Meru,2019-01,104.58776166666667,68.59179
KE012,Meru,2019-02,107.3513615,60.32074
KE012,Meru,2019-03,36.32003983333333,21.801722
KE012,Meru,2019-04,64.54130200000002,12.285874
KE012,Meru,2019-05,102.45654666666667,79.73841
KE012,Meru,2019-06,136.92520900000002,98.97325
KE012,Meru,2019-07,87.90400916666665,74.768845
KE012,Meru,2019-08,88.27979016666666,75.284805
KE012,Meru,2019-09,125.35485083333333,109.53128
KE012,Meru,2019-10,272.74004833333333,173.09001
KE012,Meru,2019-11,178.15239333333332,118.42991
KE012,Meru,2019-12,207.80360916666666,79.314445
KE012,Meru,2020-01,215.64197166666668,103.09872
KE012,Meru,2020-02,191.75309333333334,84.35853
KE012,Meru,2020-03,149.65738583333334,53.071995
KE012,Meru,2020-04,209.00064333333333,56.31534
KE012,Meru,2020-05,105.31372833333334,73.919075
KE012,Meru,2020-06,132.85618666666667,107.42705
KE012,Meru,2020-07,111.67879633333332,91.06388
KE012,Meru,2020-08,130.66471483333333,90.30764
KE012,Meru,2020-09,136.274347,94.889946
KE012,Meru,2020-10,76.56384233333334,50.807274
KE012,Meru,2020-11,83.53894066666668,26.821598
KE012,Meru,2020-12,74.09696516666666,34.856194
KE012,Meru,2021-01,86.35520383333333,58.219593
KE012,Meru,2021-02,100.45097166666666,66.64307
KE012,Meru,2021-03,62.77391016666667,47.446
KE012,Meru,2021-04,75.856477,38.75617
KE012,Meru,2021-05,181.0274883333333,80.43147
KE012,Meru,2021-06,76.8941105,58.290333
KE012,Meru,2021-07,96.08691666666668,87.4062
KE012,Meru,2021-08,75.70863766666666,62.176163
KE012,Meru,2021-09,91.99778500000001,77.29059
KE012,Meru,2021-10,57.92771366666667,36.92843
KE012,Meru,2021-11,63.911729666666666,29.75873
KE012,Meru,2021-12,175.35184733333335,73.90965
KE012,Meru,2022-01,98.87327599999999,61.647766
KE012,Meru,2022-02,87.93583216666667,55.459763
KE012,Meru,2022-03,46.444522166666665,26.437595
KE012,Meru,2022-04,68.96796833333333,16.259775
KE012,Meru,2022-05,45.1011095,25.748688
KE012,Meru,2022-06,79.801085,62.194305
KE012,Meru,2022-07,102.27109266666668,80.72145
KE012,Meru,2022-08,124.84721266666666,116.87332
KE012,Meru,2022-09,105.88400166666668,75.21432
KE012,Meru,2022-10,39.309160166666665,25.877836
KE012,Meru,2022-11,100.31279599999999,69.76499
KE012,Meru,2022-12,87.50972816666666,59.204857
KE012,Meru,2023-01,77.59305566666667,67.72149
KE012,Meru,2023-02,54.24856283333333,44.31807
KE012,Meru,2023-03,117.20046416666666,41.864117
KE012,Meru,2023-04,191.35716749999997,86.708
KE012,Meru,2023-05,55.30993833333333,45.40721
KE012,Meru,2023-06,122.80798233333333,104.328064
KE012,Meru,2023-07,118.87153,99.37632
KE012,Meru,2023-08,93.36202099999998,78.826546
KE012,Meru,2023-09,101.59947,86.08844
KE012,Meru,2023-10,138.81095266666668,64.97216
KE012,Meru,2023-11,175.87038166666665,126.39891
KE012,Meru,2023-12,79.54702383333334,33.897648
KE012,Meru,2024-01,137.27530549999997,63.135113
KE012,Meru,2024-02,240.31424166666667,121.81252
KE012,Meru,2024-03,44.741914666666666,26.284521
KE012,Meru,2024-04,190.51984166666668,54.76955
KE012,Meru,2024-05,127.0308425,69.16248
KE012,Meru,2024-06,77.70609933333333,54.38636
KE012,Meru,2024-07,105.275775,94.12873
KE012,Meru,2024-08,97.22119733333334,88.06446
KE012,Meru,2024-09,79.01118066666668,60.814434
KE012,Meru,2024-10,48.32411083333333,26.24516
KE012,Meru,2024-11,131.40737633333333,106.579544
KE012,Meru,2024-12,56.807167,32.634113
KE012,Meru,2025-01,74.81858316666667,41.153164
KE012,Meru,2025-02,67.4651815,54.79535
KE012,Meru,2025-03,162.303195,47.09713
KE012,Meru,2025-04,131.94349166666666,87.54889
KE012,Meru,2025-05,77.26436033333333,43.5204
KE012,Meru,2025-06,96.35881666666667,84.137314
KE012,Meru,2025-07,89.59321833333333,60.1627
KE012,Meru,2025-08,122.77490999999999,105.3916
KE012,Meru,2025-09,104.89097933333333,91.28862
KE012,Meru,2025-10,91.66744249999999,34.667496
KE012,Meru,2025-11,39.908364,33.219753
KE012,Meru,2025-12,94.62667866666668,48.450108
KE012,Meru,2026-01,46.12624483333334,37.464134
KE012,Meru,2026-02,308.28259099999997,69.85269
KE012,Meru,2026-03,228.91910166666665,148.85225
KE012,Meru,2026-04,79.49073633333333,21.338394
KE012,Meru,2026-05,125.69442,100.76996
KE044,Migori,2006-01,88.1786095,43.935753
KE044,Migori,2006-02,87.89574633333332,32.444508
KE044,Migori,2006-03,122.00553666666667,71.26812
KE044,Migori,2006-04,101.012919,79.113754
KE044,Migori,2006-05,157.37808166666665,116.74107
KE044,Migori,2006-06,77.63003400000001,49.893326
KE044,Migori,2006-07,89.86686000000002,56.28518
KE044,Migori,2006-08,76.86709950000001,32.440865
KE044,Migori,2006-09,78.89468366666667,54.08536
KE044,Migori,2006-10,71.0145085,30.90284
KE044,Migori,2006-11,204.16827,101.13093
KE044,Migori,2006-12,210.0639441666667,124.204865
KE044,Migori,2007-01,148.2389975,74.76587
KE044,Migori,2007-02,150.272904,74.50331
KE044,Migori,2007-03,125.01629000000001,67.22899
KE044,Migori,2007-04,90.83858083333332,52.01791
KE044,Migori,2007-05,81.87386,51.732468
KE044,Migori,2007-06,118.28173883333334,57.04534
KE044,Migori,2007-07,138.08366166666667,67.98367
KE044,Migori,2007-08,80.806127,49.42656
KE044,Migori,2007-09,114.94230366666666,49.729618
KE044,Migori,2007-10,78.55665016666666,25.674238
KE044,Migori,2007-11,83.8987585,52.111835
KE044,Migori,2007-12,84.4251175,43.29336
KE044,Migori,2008-01,64.545116,30.760405
KE044,Migori,2008-02,122.82266650000001,48.495564
KE044,Migori,2008-03,108.76426500000001,50.474686
KE044,Migori,2008-04,69.82715933333333,33.604298
KE044,Migori,2008-05,90.90624566666668,49.54795
KE044,Migori,2008-06,100.33999216666666,40.236984
KE044,Migori,2008-07,130.402385,108.71927
KE044,Migori,2008-08,116.86245833333332,59.745415
KE044,Migori,2008-09,101.93869616666666,53.152687
KE044,Migori,2008-10,125.85184550000001,55.095528
KE044,Migori,2008-11,88.59673183333332,20.262665
KE044,Migori,2008-12,53.9881565,37.48053
KE044,Migori,2009-01,107.587463,35.49097
KE044,Migori,2009-02,72.79318,25.475328
KE044,Migori,2009-03,66.85248216666666,53.231983
KE044,Migori,2009-04,106.9264605,49.51024
KE044,Migori,2009-05,106.46080283333333,41.026535
KE044,Migori,2009-06,75.72192,65.15394
KE044,Migori,2009-07,68.87010616666667,60.019363
KE044,Migori,2009-08,102.4492245,45.933514
KE044,Migori,2009-09,134.14685666666665,109.01097
KE044,Migori,2009-10,68.90479466666666,41.07878
KE044,Migori,2009-11,103.5028135,47.51228
KE044,Migori,2009-12,153.78756333333334,99.66923
KE044,Migori,2010-01,109.00527083333333,42.68358
KE044,Migori,2010-02,211.08614666666668,75.93895
KE044,Migori,2010-03,135.55730733333334,48.907494
KE044,Migori,2010-04,102.70646416666666,51.803047
KE044,Migori,2010-05,111.639497,42.37448
KE044,Migori,2010-06,110.70736116666666,61.368637
KE044,Migori,2010-07,75.79688933333334,65.10851
KE044,Migori,2010-08,75.94374666666666,51.21676
KE044,Migori,2010-09,118.061307,53.519493
KE044,Migori,2010-10,125.97506666666668,91.74912
KE044,Migori,2010-11,73.44969433333334,39.48199
KE044,Migori,2010-12,73.26231766666666,20.739477
KE044,Migori,2011-01,74.88031166666667,49.22359
KE044,Migori,2011-02,96.70869549999999,27.097475
KE044,Migori,2011-03,104.5931395,54.205143
KE044,Migori,2011-04,77.197279,36.881924
KE044,Migori,2011-05,95.513038,42.274864
KE044,Migori,2011-06,127.03148750000001,61.274
KE044,Migori,2011-07,127.86403666666666,62.14061
KE044,Migori,2011-08,177.59480500000004,101.647545
KE044,Migori,2011-09,148.62491666666668,86.13812
KE044,Migori,2011-10,117.37639583333333,92.69005
KE044,Migori,2011-11,172.4838041666667,88.86472
KE044,Migori,2011-12,103.63805333333333,80.34244
KE044,Migori,2012-01,45.561318166666666,31.761759
KE044,Migori,2012-02,86.5994845,31.72965
KE044,Migori,2012-03,79.51442966666667,40.37856
KE044,Migori,2012-04,134.95979166666666,104.07338
KE044,Migori,2012-05,109.00724666666667,84.09515
KE044,Migori,2012-06,182.781511,55.0053
KE044,Migori,2012-07,114.68446999999999,85.51146
KE044,Migori,2012-08,108.84071,73.29592
KE044,Migori,2012-09,166.12797833333335,132.21973
KE044,Migori,2012-10,123.45928716666667,50.118233
KE044,Migori,2012-11,106.84715583333333,74.217255
KE044,Migori,2012-12,140.09963033333332,55.45914
KE044,Migori,2013-01,91.81097666666666,57.39103
KE044,Migori,2013-02,69.003878,34.73569
KE044,Migori,2013-03,112.43774733333333,83.95148
KE044,Migori,2013-04,152.43727833333332,74.52058
KE044,Migori,2013-05,74.67850616666666,37.12309
KE044,Migori,2013-06,86.376573,58.126522
KE044,Migori,2013-07,93.96023066666667,68.44741
KE044,Migori,2013-08,106.50828333333334,76.73992
KE044,Migori,2013-09,117.44567216666667,58.908833
KE044,Migori,2013-10,78.20647816666667,27.478376
KE044,Migori,2013-11,105.26428233333333,75.89577
KE044,Migori,2013-12,91.27766700000001,57.032703
KE044,Migori,2014-01,104.32718333333332,61.48952
KE044,Migori,2014-02,144.93173233333331,83.26803
KE044,Migori,2014-03,92.40282333333333,27.313423
KE044,Migori,2014-04,54.22644016666667,34.044853
KE044,Migori,2014-05,83.93278183333334,51.74504
KE044,Migori,2014-06,88.24078516666667,43.073837
KE044,Migori,2014-07,93.93242683333334,72.5726
KE044,Migori,2014-08,221.19028833333334,118.14285
KE044,Migori,2014-09,104.58617499999998,57.87114
KE044,Migori,2014-10,119.85549666666667,84.02158
KE044,Migori,2014-11,73.21545116666667,41.44969
KE044,Migori,2014-12,90.32988016666667,63.645966
KE044,Migori,2015-01,33.416847,29.096205
KE044,Migori,2015-02,54.92078333333333,31.342707
KE044,Migori,2015-03,62.26928425,14.4126625
KE044,Migori,2015-04,133.05711166666666,93.59147
KE044,Migori,2015-05,126.24302516666667,62.244946
KE044,Migori,2015-06,154.95365066666668,90.269554
KE044,Migori,2015-07,69.5637795,54.071598
KE044,Migori,2015-08,63.10814533333333,33.591816
KE044,Migori,2015-09,85.69952033333334,60.191036
KE044,Migori,2015-10,159.404325,59.7915
KE044,Migori,2015-11,117.98386433333333,74.90213
KE044,Migori,2015-12,153.17503000000002,63.76971
KE044,Migori,2016-01,106.70833916666668,93.81448
KE044,Migori,2016-02,52.765949,37.652214
KE044,Migori,2016-03,72.1642425,43.353523
KE044,Migori,2016-04,129.44217733333332,87.706024
KE044,Migori,2016-05,79.80290933333333,68.71559
KE044,Migori,2016-06,55.44796016666666,34.171234
KE044,Migori,2016-07,73.99708233333332,59.521164
KE044,Migori,2016-08,71.48034866666667,35.86023
KE044,Migori,2016-09,92.79578616666667,54.716003
KE044,Migori,2016-10,76.06171450000001,36.268814
KE044,Migori,2016-11,104.2692125,65.34273
KE044,Migori,2016-12,42.550208833333336,17.56832
KE044,Migori,2017-01,42.76721816666667,28.295856
KE044,Migori,2017-02,112.12468533333333,37.920807
KE044,Migori,2017-03,97.3133095,56.03892
KE044,Migori,2017-04,72.04074666666666,48.36982
KE044,Migori,2017-05,94.47293166666667,49.924503
KE044,Migori,2017-06,118.53538533333334,55.712772
KE044,Migori,2017-07,145.22596333333334,92.67578
KE044,Migori,2017-08,131.31634833333334,121.57998
KE044,Migori,2017-09,95.58810249999999,61.858795
KE044,Migori,2017-10,99.26709833333332,68.81184
KE044,Migori,2017-11,91.00389116666668,37.028755
KE044,Migori,2017-12,80.89543516666667,36.585365
KE044,Migori,2018-01,73.47642783333333,53.478146
KE044,Migori,2018-02,95.22924716666667,30.152231
KE044,Migori,2018-03,126.46702666666665,87.8624
KE044,Migori,2018-04,124.71870999999999,76.27057
KE044,Migori,2018-05,137.71989183333332,106.52053
KE044,Migori,2018-06,90.19809583333334,68.74695
KE044,Migori,2018-07,71.88591533333333,54.62808
KE044,Migori,2018-08,116.92613483333332,47.935013
KE044,Migori,2018-09,64.0626945,52.91352
KE044,Migori,2018-10,127.61769233333332,95.91954
KE044,Migori,2018-11,73.63937066666666,46.016563
KE044,Migori,2018-12,147.10951566666668,101.74986
KE044,Migori,2019-01,58.43917866666666,35.815437
KE044,Migori,2019-02,89.138401,34.438286
KE044,Migori,2019-03,86.272004,23.626368
KE044,Migori,2019-04,81.42088283333334,42.162098
KE044,Migori,2019-05,126.08593566666667,85.32868
KE044,Migori,2019-06,142.059905,51.82172
KE044,Migori,2019-07,108.43744716666667,63.977783
KE044,Migori,2019-08,133.65719583333333,53.79911
KE044,Migori,2019-09,128.00348333333332,67.25025
KE044,Migori,2019-10,173.923495,80.96022
KE044,Migori,2019-11,161.8183075,70.391205
KE044,Migori,2019-12,216.69993166666666,153.3615
KE044,Migori,2020-01,210.00880516666666,98.100426
KE044,Migori,2020-02,133.61015166666667,97.25487
KE044,Migori,2020-03,174.38891833333332,124.80035
KE044,Migori,2020-04,102.20035933333334,32.14324
KE044,Migori,2020-05,106.17646416666666,72.98926
KE044,Migori,2020-06,116.05380166666667,65.74864
KE044,Migori,2020-07,86.65410033333335,69.30058
KE044,Migori,2020-08,92.22346850000001,64.02929
KE044,Migori,2020-09,117.26902833333332,48.74074
KE044,Migori,2020-10,216.15744500000002,128.4569
KE044,Migori,2020-11,264.5691933333333,154.70853
KE044,Migori,2020-12,98.63336866666667,78.39734
KE044,Migori,2021-01,99.03118083333334,71.190155
KE044,Migori,2021-02,118.17642699999999,65.28856
KE044,Migori,2021-03,76.604982,42.284843
KE044,Migori,2021-04,133.01597583333333,82.03188
KE044,Migori,2021-05,94.87440516666668,47.844032
KE044,Migori,2021-06,74.02110616666666,51.988792
KE044,Migori,2021-07,99.91556116666668,51.900734
KE044,Migori,2021-08,91.68262666666668,56.9366
KE044,Migori,2021-09,116.43191083333333,94.82797
KE044,Migori,2021-10,101.77836366666666,61.354797
KE044,Migori,2021-11,113.98588333333333,52.45759
KE044,Migori,2021-12,97.70174433333334,70.91807
KE044,Migori,2022-01,218.70273166666666,101.4233
KE044,Migori,2022-02,259.4389566666667,119.84724
KE044,Migori,2022-03,76.2252725,29.05639
KE044,Migori,2022-04,114.06442733333334,42.263203
KE044,Migori,2022-05,137.25643333333332,55.07797
KE044,Migori,2022-06,111.06257999999998,83.37396
KE044,Migori,2022-07,85.29677983333333,50.37685
KE044,Migori,2022-08,170.58128833333333,109.30523
KE044,Migori,2022-09,138.75776416666668,105.18578
KE044,Migori,2022-10,79.52503883333334,33.117996
KE044,Migori,2022-11,125.16875433333333,69.07976
KE044,Migori,2022-12,165.61628166666665,84.72975
KE044,Migori,2023-01,58.57212116666667,41.5895
KE044,Migori,2023-02,46.50790066666667,24.353773
KE044,Migori,2023-03,141.404901,81.18186
KE044,Migori,2023-04,115.69771666666668,88.27344
KE044,Migori,2023-05,80.62656466666667,61.261314
KE044,Migori,2023-06,159.150025,85.24049
KE044,Migori,2023-07,75.33453666666666,60.007416
KE044,Migori,2023-08,84.47772216666667,57.281685
KE044,Migori,2023-09,175.57847166666667,147.47162
KE044,Migori,2023-10,143.25208999999998,67.53456
KE044,Migori,2023-11,169.5740125,96.433235
KE044,Migori,2023-12,149.37176666666667,105.67419
KE044,Migori,2024-01,166.654555,146.7067
KE044,Migori,2024-02,113.02422,92.48033
KE044,Migori,2024-03,75.26139416666666,19.322788
KE044,Migori,2024-04,103.78709683333334,64.00803
KE044,Migori,2024-05,83.16352583333334,36.39375
KE044,Migori,2024-06,70.5866395,60.094948
KE044,Migori,2024-07,145.92779833333333,80.67119
KE044,Migori,2024-08,81.83605166666666,48.203995
KE044,Migori,2024-09,94.13306999999999,78.866455
KE044,Migori,2024-10,113.73540166666668,75.43545
KE044,Migori,2024-11,146.6519945,59.269917
KE044,Migori,2024-12,110.83416166666666,74.8887
KE044,Migori,2025-01,126.79007666666666,49.55947
KE044,Migori,2025-02,47.554430333333336,23.72838
KE044,Migori,2025-03,106.30966783333334,54.97354
KE044,Migori,2025-04,112.43938833333334,56.801884
KE044,Migori,2025-05,165.40056766666666,114.754906
KE044,Migori,2025-06,96.16508083333333,84.35293
KE044,Migori,2025-07,126.47592266666668,55.11109
KE044,Migori,2025-08,97.18898883333333,53.138775
KE044,Migori,2025-09,73.305485,64.73948
KE044,Migori,2025-10,118.50818,64.52099
KE044,Migori,2025-11,63.3980965,23.200476
KE044,Migori,2025-12,141.74477249999998,26.080618
KE044,Migori,2026-01,56.1299305,44.74241
KE044,Migori,2026-02,280.807995,229.07262
KE044,Migori,2026-03,157.73737500000001,117.91276
KE044,Migori,2026-04,75.31835866666667,61.68603
KE044,Migori,2026-05,186.60111999999998,155.19742
KE001,Mombasa,2006-01,59.854524,53.517586
KE001,Mombasa,2006-02,82.36341333333333,76.66942
KE001,Mombasa,2006-03,106.07475833333332,55.32994
KE001,Mombasa,2006-04,192.410528,61.579514
KE001,Mombasa,2006-05,98.31245866666666,24.25496
KE001,Mombasa,2006-06,142.07743000000002,62.18818
KE001,Mombasa,2006-07,85.24075533333333,69.648346
KE001,Mombasa,2006-08,114.77323533333333,102.37755
KE001,Mombasa,2006-09,142.74363666666667,86.82545
KE001,Mombasa,2006-10,225.3994733333333,84.45642
KE001,Mombasa,2006-11,197.02741,129.93103
KE001,Mombasa,2006-12,147.070965,99.844795
KE001,Mombasa,2007-01,74.25756,64.82412
KE001,Mombasa,2007-02,84.81716666666667,75.432816
KE001,Mombasa,2007-03,56.79396533333334,31.920416
KE001,Mombasa,2007-04,105.21366366666666,37.634407
KE001,Mombasa,2007-05,214.7087,87.96624
KE001,Mombasa,2007-06,123.04740566666668,44.975014
KE001,Mombasa,2007-07,86.340034,69.585106
KE001,Mombasa,2007-08,150.34321,131.06061
KE001,Mombasa,2007-09,189.83599,96.64153
KE001,Mombasa,2007-10,83.27684666666666,76.70739
KE001,Mombasa,2007-11,64.32336566666667,28.074602
KE001,Mombasa,2007-12,79.07784199999999,52.47238
KE001,Mombasa,2008-01,119.26074566666666,60.949867
KE001,Mombasa,2008-02,83.07809333333334,71.88319
KE001,Mombasa,2008-03,123.13483666666666,46.77661
KE001,Mombasa,2008-04,65.24442966666668,53.274685
KE001,Mombasa,2008-05,77.41147966666666,43.324474
KE001,Mombasa,2008-06,134.33442,97.39301
KE001,Mombasa,2008-07,103.18521333333335,78.3163
KE001,Mombasa,2008-08,96.17166133333335,90.530304
KE001,Mombasa,2008-09,100.15465999999999,66.20973
KE001,Mombasa,2008-10,59.42368066666666,48.165905
KE001,Mombasa,2008-11,86.45307333333334,32.68966
KE001,Mombasa,2008-12,50.68234266666667,37.480274
KE001,Mombasa,2009-01,65.82807933333333,53.034298
KE001,Mombasa,2009-02,98.56998800000001,89.03545
KE001,Mombasa,2009-03,69.92650133333333,52.941174
KE001,Mombasa,2009-04,36.027052,23.460411
KE001,Mombasa,2009-05,46.65905433333334,22.394068
KE001,Mombasa,2009-06,137.29814666666667,90.30437
KE001,Mombasa,2009-07,68.681518,56.10912
KE001,Mombasa,2009-08,74.52212266666668,64.393936
KE001,Mombasa,2009-09,49.71270466666667,38.49127
KE001,Mombasa,2009-10,166.40492333333336,62.66846
KE001,Mombasa,2009-11,31.089544999999998,24.888832
KE001,Mombasa,2009-12,94.31908966666667,47.077084
KE001,Mombasa,2010-01,72.77577666666666,64.07036
KE001,Mombasa,2010-02,95.29280833333333,85.325645
KE001,Mombasa,2010-03,95.20176666666667,40.929535
KE001,Mombasa,2010-04,105.49992666666667,66.09019
KE001,Mombasa,2010-05,129.466314,35.348312
KE001,Mombasa,2010-06,110.43651299999999,70.238754
KE001,Mombasa,2010-07,76.99093133333334,62.479584
KE001,Mombasa,2010-08,67.03678666666667,66.28788
KE001,Mombasa,2010-09,86.30954666666666,62.14252
KE001,Mombasa,2010-10,34.928819,27.638695
KE001,Mombasa,2010-11,75.734534,52.37809
KE001,Mombasa,2010-12,56.00077100000001,39.05839
KE001,Mombasa,2011-01,58.986859,52.01005
KE001,Mombasa,2011-02,129.38214833333333,94.820015
KE001,Mombasa,2011-03,43.669824000000006,41.52249
KE001,Mombasa,2011-04,53.860981333333335,52.419357
KE001,Mombasa,2011-05,66.08044466666666,55.546074
KE001,Mombasa,2011-06,59.31679066666666,52.005642
KE001,Mombasa,2011-07,78.480497,64.18573
KE001,Mombasa,2011-08,67.86992566666667,60.565697
KE001,Mombasa,2011-09,106.45117166666667,99.70629
KE001,Mombasa,2011-10,166.2514176666667,50.005573
KE001,Mombasa,2011-11,64.78394133333333,44.701984
KE001,Mombasa,2011-12,72.04804866666666,50.27717
KE001,Mombasa,2012-01,67.50036233333333,51.451187
KE001,Mombasa,2012-02,79.18814533333334,75.432816
KE001,Mombasa,2012-03,42.552852,21.799307
KE001,Mombasa,2012-04,48.93524233333333,45.41489
KE001,Mombasa,2012-05,82.48702133333333,39.372578
KE001,Mombasa,2012-06,58.68433433333333,37.31291
KE001,Mombasa,2012-07,76.758042,69.98975
KE001,Mombasa,2012-08,94.18481933333334,71.018654
KE001,Mombasa,2012-09,99.74297233333334,42.201267
KE001,Mombasa,2012-10,114.65632433333333,30.939903
KE001,Mombasa,2012-11,94.57495266666668,42.206898
KE001,Mombasa,2012-12,79.500958,42.421104
KE001,Mombasa,2013-01,69.78752,68.86543
KE001,Mombasa,2013-02,82.144982,75.432816
KE001,Mombasa,2013-03,284.0616733333333,196.45328
KE001,Mombasa,2013-04,78.12119333333332,27.49267
KE001,Mombasa,2013-05,108.08959399999999,48.69794
KE001,Mombasa,2013-06,72.074045,55.65315
KE001,Mombasa,2013-07,62.85023433333333,52.514416
KE001,Mombasa,2013-08,156.81167333333335,134.29752
KE001,Mombasa,2013-09,152.16444666666666,98.130844
KE001,Mombasa,2013-10,98.58927666666666,32.94682
KE001,Mombasa,2013-11,86.68720333333333,34.75862
KE001,Mombasa,2013-12,106.49291899999999,50.499737
KE001,Mombasa,2014-01,61.19725333333333,55.778896
KE001,Mombasa,2014-02,102.47150666666668,78.62223
KE001,Mombasa,2014-03,206.79222000000001,196.55173
KE001,Mombasa,2014-04,39.110393,18.695017
KE001,Mombasa,2014-05,96.07570833333334,47.416225
KE001,Mombasa,2014-06,95.39871666666666,73.29261
KE001,Mombasa,2014-07,95.29373333333335,77.15944
KE001,Mombasa,2014-08,91.27723300000001,82.954544
KE001,Mombasa,2014-09,112.84179333333334,60.28752
KE001,Mombasa,2014-10,90.15342333333332,80.10927
KE001,Mombasa,2014-11,126.24090533333333,44.25045
KE001,Mombasa,2014-12,201.91518333333332,132.95634
KE001,Mombasa,2015-01,73.52140666666666,62.532986
KE001,Mombasa,2015-02,78.51497666666667,77.90602
KE001,Mombasa,2015-03,141.50002666666668,74.21289
KE001,Mombasa,2015-04,92.94895266666667,51.729465
KE001,Mombasa,2015-05,159.40516666666667,78.40556
KE001,Mombasa,2015-06,80.54163,56.357574
KE001,Mombasa,2015-07,132.02923,104.8677
KE001,Mombasa,2015-08,108.37372333333333,98.86364
KE001,Mombasa,2015-09,70.488332,61.678772
KE001,Mombasa,2015-10,128.09372666666667,33.95027
KE001,Mombasa,2015-11,221.73331799999997,82.405174
KE001,Mombasa,2015-12,70.49818633333332,56.023144
KE001,Mombasa,2016-01,102.8568,84.69656
KE001,Mombasa,2016-02,97.17742466666668,86.56225
KE001,Mombasa,2016-03,57.05879866666667,20.242216
KE001,Mombasa,2016-04,176.80174333333335,99.70674
KE001,Mombasa,2016-05,49.494170999999994,40.129543
KE001,Mombasa,2016-06,85.332538,70.62047
KE001,Mombasa,2016-07,74.89562566666667,61.795837
KE001,Mombasa,2016-08,116.43801466666666,111.742424
KE001,Mombasa,2016-09,68.88221,51.47627
KE001,Mombasa,2016-10,63.27773766666667,51.009033
KE001,Mombasa,2016-11,81.01307266666667,34.247032
KE001,Mombasa,2016-12,65.93033866666667,51.474392
KE001,Mombasa,2017-01,90.37076066666667,79.899506
KE001,Mombasa,2017-02,113.94519333333334,89.03545
KE001,Mombasa,2017-03,76.20082466666666,51.77665
KE001,Mombasa,2017-04,91.26085866666666,53.519066
KE001,Mombasa,2017-05,148.65437866666667,72.952896
KE001,Mombasa,2017-06,79.376333,72.939354
KE001,Mombasa,2017-07,77.33390200000001,69.648346
KE001,Mombasa,2017-08,128.81076,107.57576
KE001,Mombasa,2017-09,183.28987333333336,68.17127
KE001,Mombasa,2017-10,62.48178366666667,29.441217
KE001,Mombasa,2017-11,174.84689233333333,56.667667
KE001,Mombasa,2017-12,95.31734999999999,47.18319
KE001,Mombasa,2018-01,65.31303233333334,52.01005
KE001,Mombasa,2018-02,87.79134166666667,81.99176
KE001,Mombasa,2018-03,177.04199333333335,68.77162
KE001,Mombasa,2018-04,134.61988866666664,74.04692
KE001,Mombasa,2018-05,133.77379866666666,59.771896
KE001,Mombasa,2018-06,105.33640666666666,80.95004
KE001,Mombasa,2018-07,180.02565333333334,156.32147
KE001,Mombasa,2018-08,112.34715,83.333336
KE001,Mombasa,2018-09,228.19502333333335,69.49966
KE001,Mombasa,2018-10,177.61779333333334,62.2872
KE001,Mombasa,2018-11,69.779358,29.070154
KE001,Mombasa,2018-12,156.34076666666667,53.26144
KE001,Mombasa,2019-01,94.17682666666667,83.66834
KE001,Mombasa,2019-02,90.69510466666668,87.79885
KE001,Mombasa,2019-03,36.79331066666666,34.18291
KE001,Mombasa,2019-04,28.70024666666667,23.09232
KE001,Mombasa,2019-05,186.29903,72.0123
KE001,Mombasa,2019-06,66.62883733333332,50.172157
KE001,Mombasa,2019-07,115.12415333333335,91.15739
KE001,Mombasa,2019-08,108.04613466666667,85.606064
KE001,Mombasa,2019-09,152.06095333333334,93.21379
KE001,Mombasa,2019-10,296.17609999999996,228.8859
KE001,Mombasa,2019-11,140.94780666666665,65.50741
KE001,Mombasa,2019-12,206.88422333333332,142.52457
KE001,Mombasa,2020-01,201.597035,108.443275
KE001,Mombasa,2020-02,102.293918,93.50307
KE001,Mombasa,2020-03,156.73374666666666,117.25888
KE001,Mombasa,2020-04,301.99370666666664,180.66708
KE001,Mombasa,2020-05,91.92805800000001,34.63813
KE001,Mombasa,2020-06,149.76191666666668,92.17102
KE001,Mombasa,2020-07,146.34978666666666,127.18811
KE001,Mombasa,2020-08,85.11389933333334,62.878788
KE001,Mombasa,2020-09,106.41478666666666,86.72129
KE001,Mombasa,2020-10,51.003572999999996,39.655514
KE001,Mombasa,2020-11,113.66587433333332,52.965523
KE001,Mombasa,2020-12,69.39534733333333,46.94897
KE001,Mombasa,2021-01,119.17372,64.07036
KE001,Mombasa,2021-02,113.04535666666668,86.56225
KE001,Mombasa,2021-03,41.134041333333336,33.73313
KE001,Mombasa,2021-04,49.149911333333336,27.859238
KE001,Mombasa,2021-05,61.243935666666665,26.605246
KE001,Mombasa,2021-06,68.20584433333333,49.961353
KE001,Mombasa,2021-07,132.45905000000002,111.98361
KE001,Mombasa,2021-08,112.59605033333332,104.54546
KE001,Mombasa,2021-09,86.06292333333333,52.40377
KE001,Mombasa,2021-10,51.543967,48.165905
KE001,Mombasa,2021-11,42.90537866666667,26.680828
KE001,Mombasa,2021-12,182.75366999999997,95.96482
KE001,Mombasa,2022-01,73.112882,58.793976
KE001,Mombasa,2022-02,98.67075666666666,91.50866
KE001,Mombasa,2022-03,40.221289000000006,34.775085
KE001,Mombasa,2022-04,85.166614,34.280426
KE001,Mombasa,2022-05,66.80410033333334,27.827394
KE001,Mombasa,2022-06,88.68762,74.40311
KE001,Mombasa,2022-07,252.56046,233.0121
KE001,Mombasa,2022-08,107.45388200000001,97.72727
KE001,Mombasa,2022-09,80.76231133333333,70.95378
KE001,Mombasa,2022-10,42.92753966666667,33.647106
KE001,Mombasa,2022-11,81.57454733333333,56.348312
KE001,Mombasa,2022-12,80.86851733333333,36.213142
KE001,Mombasa,2023-01,89.45104666666667,64.82412
KE001,Mombasa,2023-02,78.10277666666667,76.66942
KE001,Mombasa,2023-03,100.87582533333334,45.685276
KE001,Mombasa,2023-04,198.48476333333335,66.55343
KE001,Mombasa,2023-05,62.35002566666666,33.092037
KE001,Mombasa,2023-06,83.44189999999999,73.57024
KE001,Mombasa,2023-07,182.17961333333332,163.42699
KE001,Mombasa,2023-08,104.48931,99.5179
KE001,Mombasa,2023-09,72.30972666666666,63.07003
KE001,Mombasa,2023-10,106.95552666666667,56.07851
KE001,Mombasa,2023-11,413.99443,284.01566
KE001,Mombasa,2023-12,150.16544133333332,121.514984
KE001,Mombasa,2024-01,89.85489333333334,70.44855
KE001,Mombasa,2024-02,96.03898,89.03545
KE001,Mombasa,2024-03,126.41913,118.74063
KE001,Mombasa,2024-04,126.84499,117.81966
KE001,Mombasa,2024-05,38.92658,15.699916
KE001,Mombasa,2024-06,81.097498,35.204834
KE001,Mombasa,2024-07,49.755132333333336,45.08331
KE001,Mombasa,2024-08,140.37712466666667,125.378784
KE001,Mombasa,2024-09,62.015116666666664,43.12877
KE001,Mombasa,2024-10,52.917790333333336,42.312412
KE001,Mombasa,2024-11,90.794976,40.817684
KE001,Mombasa,2024-12,204.22712666666666,177.53815
KE001,Mombasa,2025-01,70.17102333333332,64.07036
KE001,Mombasa,2025-02,74.28323999999999,69.63683
KE001,Mombasa,2025-03,106.34818333333334,82.30884
KE001,Mombasa,2025-04,84.86734700000001,42.489864
KE001,Mombasa,2025-05,99.05167999999999,46.677
KE001,Mombasa,2025-06,92.07315,64.30155
KE001,Mombasa,2025-07,57.14352466666667,54.62615
KE001,Mombasa,2025-08,82.04106466666667,71.590904
KE001,Mombasa,2025-09,79.98815333333333,55.18627
KE001,Mombasa,2025-10,65.86994933333334,27.638695
KE001,Mombasa,2025-11,29.028633666666668,24.834436
KE001,Mombasa,2025-12,51.328050999999995,31.557163
KE001,Mombasa,2026-01,58.75049333333334,52.01005
KE001,Mombasa,2026-02,121.32851000000001,81.650566
KE001,Mombasa,2026-03,242.24526,172.83737
KE001,Mombasa,2026-04,94.63342466666666,68.91496
KE001,Mombasa,2026-05,38.128464,38.128464
KE021,Murang'a,2006-01,51.351312,41.349136
KE021,Murang'a,2006-02,94.33379944444444,43.75034
KE021,Murang'a,2006-03,116.51459055555557,38.19924
KE021,Murang'a,2006-04,106.33169944444445,65.818375
KE021,Murang'a,2006-05,76.75435211111112,52.49766
KE021,Murang'a,2006-06,67.90632622222222,45.31465
KE021,Murang'a,2006-07,89.87788611111111,82.996445
KE021,Murang'a,2006-08,112.97786455555556,71.595955
KE021,Murang'a,2006-09,111.75999866666666,97.010994
KE021,Murang'a,2006-10,85.86230366666666,66.99237
KE021,Murang'a,2006-11,179.9733138888889,119.72665
KE021,Murang'a,2006-12,207.04323666666667,72.52842
KE021,Murang'a,2007-01,79.52668277777778,66.97827
KE021,Murang'a,2007-02,145.5210051111111,71.502426
KE021,Murang'a,2007-03,48.77821077777778,30.097685
KE021,Murang'a,2007-04,86.5552531111111,31.281301
KE021,Murang'a,2007-05,115.59842288888889,51.05824
KE021,Murang'a,2007-06,130.2627877777778,100.6503
KE021,Murang'a,2007-07,152.88037111111112,91.61756
KE021,Murang'a,2007-08,132.62506177777777,81.48974
KE021,Murang'a,2007-09,125.13784555555556,86.97056
KE021,Murang'a,2007-10,103.61985777777778,72.72669
KE021,Murang'a,2007-11,55.99947733333333,41.58736
KE021,Murang'a,2007-12,54.94995933333333,48.263718
KE021,Murang'a,2008-01,111.99375577777778,37.468246
KE021,Murang'a,2008-02,94.21635411111112,46.1035
KE021,Murang'a,2008-03,138.27753844444445,47.918682
KE021,Murang'a,2008-04,61.631863111111116,29.070107
KE021,Murang'a,2008-05,46.204472555555554,27.928188
KE021,Murang'a,2008-06,72.70790622222222,50.538593
KE021,Murang'a,2008-07,98.50463777777776,71.992775
KE021,Murang'a,2008-08,73.38166444444444,61.19342
KE021,Murang'a,2008-09,120.24082877777778,89.6354
KE021,Murang'a,2008-10,115.31177288888891,76.807686
KE021,Murang'a,2008-11,83.20636944444445,54.917114
KE021,Murang'a,2008-12,49.52309511111111,33.366886
KE021,Murang'a,2009-01,71.9730001111111,39.796783
KE021,Murang'a,2009-02,85.79935877777777,54.611565
KE021,Murang'a,2009-03,50.604415333333336,40.012604
KE021,Murang'a,2009-04,60.49439255555555,43.92514
KE021,Murang'a,2009-05,67.14564088888889,29.11469
KE021,Murang'a,2009-06,89.28968511111111,64.26175
KE021,Murang'a,2009-07,65.81832422222222,49.48516
KE021,Murang'a,2009-08,65.18526855555555,56.3223
KE021,Murang'a,2009-09,67.78855522222221,56.661446
KE021,Murang'a,2009-10,137.22403844444443,91.35448
KE021,Murang'a,2009-11,64.76514733333333,48.019928
KE021,Murang'a,2009-12,123.23992222222222,68.87403
KE021,Murang'a,2010-01,120.75376355555555,52.65547
KE021,Murang'a,2010-02,222.34774222222222,105.45792
KE021,Murang'a,2010-03,169.20184400000002,49.779106
KE021,Murang'a,2010-04,88.149311,55.694508
KE021,Murang'a,2010-05,126.37525177777778,77.67969
KE021,Murang'a,2010-06,101.47378955555556,70.09801
KE021,Murang'a,2010-07,84.73705733333333,74.9389
KE021,Murang'a,2010-08,92.97155611111111,74.926
KE021,Murang'a,2010-09,89.20577177777778,80.52709
KE021,Murang'a,2010-10,90.17122122222223,62.789227
KE021,Murang'a,2010-11,73.30352822222223,56.018997
KE021,Murang'a,2010-12,75.13131788888889,45.25842
KE021,Murang'a,2011-01,53.63433188888889,37.546204
KE021,Murang'a,2011-02,120.59534388888889,51.602318
KE021,Murang'a,2011-03,80.37321055555554,29.61563
KE021,Murang'a,2011-04,47.44113344444444,24.241247
KE021,Murang'a,2011-05,64.289552,39.249783
KE021,Murang'a,2011-06,137.05267111111112,92.81607
KE021,Murang'a,2011-07,90.73570055555555,75.84723
KE021,Murang'a,2011-08,143.92857555555554,77.45093
KE021,Murang'a,2011-09,160.94400888888887,106.91081
KE021,Murang'a,2011-10,148.2843938888889,59.169285
KE021,Murang'a,2011-11,147.3088177777778,82.05741
KE021,Murang'a,2011-12,88.52797311111112,49.280365
KE021,Murang'a,2012-01,43.18469622222222,34.504658
KE021,Murang'a,2012-02,71.26273922222222,38.68622
KE021,Murang'a,2012-03,34.201936777777775,18.941826
KE021,Murang'a,2012-04,150.9281,71.91627
KE021,Murang'a,2012-05,152.59806155555555,75.1266
KE021,Murang'a,2012-06,118.18072111111113,67.11132
KE021,Murang'a,2012-07,113.42327822222222,102.97121
KE021,Murang'a,2012-08,144.3011811111111,121.90901
KE021,Murang'a,2012-09,97.56111600000001,83.28411
KE021,Murang'a,2012-10,156.42207711111112,71.50716
KE021,Murang'a,2012-11,99.61690255555555,70.203674
KE021,Murang'a,2012-12,164.97926833333335,114.94715
KE021,Murang'a,2013-01,102.66669277777777,38.778286
KE021,Murang'a,2013-02,51.24417744444444,34.395832
KE021,Murang'a,2013-03,151.81338555555556,60.7674
KE021,Murang'a,2013-04,195.73389111111112,96.54815
KE021,Murang'a,2013-05,48.584048555555555,32.367496
KE021,Murang'a,2013-06,104.22464722222223,50.29562
KE021,Murang'a,2013-07,86.26652,76.15315
KE021,Murang'a,2013-08,102.07801888888889,78.47548
KE021,Murang'a,2013-09,129.33279844444445,106.8814
KE021,Murang'a,2013-10,53.46269133333333,38.0038
KE021,Murang'a,2013-11,86.57704722222222,47.19748
KE021,Murang'a,2013-12,137.4171587777778,39.572224
KE021,Murang'a,2014-01,45.701919333333336,38.385548
KE021,Murang'a,2014-02,166.60138277777776,53.159245
KE021,Murang'a,2014-03,151.83798877777778,30.889729
KE021,Murang'a,2014-04,45.53047533333333,32.444485
KE021,Murang'a,2014-05,62.49422577777778,50.863434
KE021,Murang'a,2014-06,140.94699333333335,133.54391
KE021,Murang'a,2014-07,88.35515277777777,78.866455
KE021,Murang'a,2014-08,161.64552711111114,74.03681
KE021,Murang'a,2014-09,114.44745222222224,68.05258
KE021,Murang'a,2014-10,92.87215544444445,70.00701
KE021,Murang'a,2014-11,86.68285677777777,54.48277
KE021,Murang'a,2014-12,94.96332866666665,63.13858
KE021,Murang'a,2015-01,45.324923222222225,36.18442
KE021,Murang'a,2015-02,80.83263233333334,42.59967
KE021,Murang'a,2015-03,56.60877422222222,40.205036
KE021,Murang'a,2015-04,141.11378833333333,115.050995
KE021,Murang'a,2015-05,96.10577755555556,80.22528
KE021,Murang'a,2015-06,86.74408466666667,54.361935
KE021,Murang'a,2015-07,105.07982733333333,91.0227
KE021,Murang'a,2015-08,79.29786922222223,60.598064
KE021,Murang'a,2015-09,64.8917031111111,55.920643
KE021,Murang'a,2015-10,131.05114444444445,101.27485
KE021,Murang'a,2015-11,150.5850243333333,106.966805
KE021,Murang'a,2015-12,126.08409777777777,44.380062
KE021,Murang'a,2016-01,157.48731855555556,74.372
KE021,Murang'a,2016-02,78.56841577777777,47.557877
KE021,Murang'a,2016-03,72.15106966666667,27.00013
KE021,Murang'a,2016-04,119.90771444444444,66.67584
KE021,Murang'a,2016-05,95.58641955555555,48.17192
KE021,Murang'a,2016-06,96.88710344444445,81.72531
KE021,Murang'a,2016-07,69.75391333333333,62.981106
KE021,Murang'a,2016-08,88.96167666666666,80.29107
KE021,Murang'a,2016-09,82.048096,73.74414
KE021,Murang'a,2016-10,70.86804322222223,50.405045
KE021,Murang'a,2016-11,113.72701011111111,69.67633
KE021,Murang'a,2016-12,42.55358377777778,36.480843
KE021,Murang'a,2017-01,54.67583344444444,41.701946
KE021,Murang'a,2017-02,120.97659966666667,53.977787
KE021,Murang'a,2017-03,44.976594444444444,33.117897
KE021,Murang'a,2017-04,54.11981566666666,42.326733
KE021,Murang'a,2017-05,92.21028255555555,59.438248
KE021,Murang'a,2017-06,78.23775233333333,51.14603
KE021,Murang'a,2017-07,112.95923222222223,96.593315
KE021,Murang'a,2017-08,119.34979000000001,95.44604
KE021,Murang'a,2017-09,115.60828444444445,77.28025
KE021,Murang'a,2017-10,101.83683477777778,49.224167
KE021,Murang'a,2017-11,96.61173511111112,60.590702
KE021,Murang'a,2017-12,36.23332533333333,29.864088
KE021,Murang'a,2018-01,82.87013622222223,66.27327
KE021,Murang'a,2018-02,81.01310222222223,56.647682
KE021,Murang'a,2018-03,249.87681155555552,52.13818
KE021,Murang'a,2018-04,207.95958166666665,93.84272
KE021,Murang'a,2018-05,234.5689577777778,137.02382
KE021,Murang'a,2018-06,202.44928888888887,143.02283
KE021,Murang'a,2018-07,144.77377,125.81749
KE021,Murang'a,2018-08,135.62821566666668,76.167366
KE021,Murang'a,2018-09,109.10497333333333,75.716385
KE021,Murang'a,2018-10,75.91932255555555,46.780174
KE021,Murang'a,2018-11,80.72905833333333,63.13215
KE021,Murang'a,2018-12,177.11645422222222,58.479977
KE021,Murang'a,2019-01,64.77357933333333,48.480934
KE021,Murang'a,2019-02,73.11120933333333,62.878895
KE021,Murang'a,2019-03,36.36969144444444,25.317583
KE021,Murang'a,2019-04,78.11147177777778,27.285948
KE021,Murang'a,2019-05,68.00692333333333,57.21401
KE021,Murang'a,2019-06,132.07791311111112,70.30975
KE021,Murang'a,2019-07,139.57795222222222,89.07327
KE021,Murang'a,2019-08,120.43112177777779,72.33597
KE021,Murang'a,2019-09,131.33570722222223,99.56077
KE021,Murang'a,2019-10,378.01825222222226,258.8259
KE021,Murang'a,2019-11,175.193869,49.160652
KE021,Murang'a,2019-12,240.04105944444441,64.64959
KE021,Murang'a,2020-01,229.20867444444443,113.39146
KE021,Murang'a,2020-02,173.73303466666664,48.212337
KE021,Murang'a,2020-03,180.5418722222222,54.29017
KE021,Murang'a,2020-04,202.166288,57.42267
KE021,Murang'a,2020-05,105.19286555555556,85.22634
KE021,Murang'a,2020-06,206.14121444444447,103.63717
KE021,Murang'a,2020-07,102.47771066666667,76.177155
KE021,Murang'a,2020-08,96.12574933333333,73.336754
KE021,Murang'a,2020-09,128.00658144444444,76.762184
KE021,Murang'a,2020-10,93.68651955555555,64.35078
KE021,Murang'a,2020-11,84.6835198888889,55.176533
KE021,Murang'a,2020-12,74.2771251111111,46.800385
KE021,Murang'a,2021-01,129.70941244444444,53.693016
KE021,Murang'a,2021-02,154.4719511111111,118.67652
KE021,Murang'a,2021-03,64.94960444444445,46.906628
KE021,Murang'a,2021-04,68.24802222222223,59.296886
KE021,Murang'a,2021-05,120.95253444444444,74.95744
KE021,Murang'a,2021-06,58.38376488888889,40.94112
KE021,Murang'a,2021-07,161.14475222222222,105.56834
KE021,Murang'a,2021-08,103.56734888888889,70.32677
KE021,Murang'a,2021-09,74.97136366666666,62.744858
KE021,Murang'a,2021-10,86.5628551111111,53.737934
KE021,Murang'a,2021-11,69.31840833333334,36.956554
KE021,Murang'a,2021-12,131.70469166666666,97.44341
KE021,Murang'a,2022-01,80.5472338888889,38.526672
KE021,Murang'a,2022-02,111.39355577777778,43.09735
KE021,Murang'a,2022-03,50.253542,33.251614
KE021,Murang'a,2022-04,82.80969622222223,31.49423
KE021,Murang'a,2022-05,51.88762555555556,30.70444
KE021,Murang'a,2022-06,63.69973888888889,46.408035
KE021,Murang'a,2022-07,91.58197444444444,64.93052
KE021,Murang'a,2022-08,87.80519866666666,72.3564
KE021,Murang'a,2022-09,98.30857166666667,66.742035
KE021,Murang'a,2022-10,55.82749688888889,45.90459
KE021,Murang'a,2022-11,132.16896777777777,75.494064
KE021,Murang'a,2022-12,50.29504677777778,39.71091
KE021,Murang'a,2023-01,79.00051533333334,53.88755
KE021,Murang'a,2023-02,42.79917922222222,34.323112
KE021,Murang'a,2023-03,106.6850268888889,37.534103
KE021,Murang'a,2023-04,105.75833077777777,47.27173
KE021,Murang'a,2023-05,62.17262777777777,43.624252
KE021,Murang'a,2023-06,102.9033708888889,61.590088
KE021,Murang'a,2023-07,78.88929122222223,69.478615
KE021,Murang'a,2023-08,65.466954,57.540077
KE021,Murang'a,2023-09,109.19081333333332,76.41066
KE021,Murang'a,2023-10,110.07974944444445,80.82043
KE021,Murang'a,2023-11,203.34982155555556,122.015274
KE021,Murang'a,2023-12,81.37595011111111,46.669052
KE021,Murang'a,2024-01,195.6449897777778,84.431404
KE021,Murang'a,2024-02,111.03630144444443,53.1572
KE021,Murang'a,2024-03,97.79250499999999,52.302563
KE021,Murang'a,2024-04,296.3896611111111,199.4376
KE021,Murang'a,2024-05,197.20614666666668,132.31993
KE021,Murang'a,2024-06,97.55855155555555,77.94038
KE021,Murang'a,2024-07,190.59347444444447,117.26482
KE021,Murang'a,2024-08,76.00718433333333,60.280083
KE021,Murang'a,2024-09,105.43062555555555,83.97574
KE021,Murang'a,2024-10,68.51800044444445,49.05491
KE021,Murang'a,2024-11,145.86889888888888,94.58501
KE021,Murang'a,2024-12,96.20003033333333,43.42539
KE021,Murang'a,2025-01,143.97790477777778,41.307304
KE021,Murang'a,2025-02,42.03277588888889,30.614471
KE021,Murang'a,2025-03,139.43987777777778,119.18435
KE021,Murang'a,2025-04,137.21333288888889,101.092186
KE021,Murang'a,2025-05,91.47669422222222,57.110428
KE021,Murang'a,2025-06,99.04299577777778,58.62903
KE021,Murang'a,2025-07,73.7997538888889,48.585426
KE021,Murang'a,2025-08,162.9015811111111,82.381676
KE021,Murang'a,2025-09,102.52982922222222,94.22682
KE021,Murang'a,2025-10,153.0107528888889,54.903393
KE021,Murang'a,2025-11,43.14724688888889,38.24924
KE021,Murang'a,2025-12,131.37807499999997,35.206215
KE021,Murang'a,2026-01,45.48197722222223,35.704205
KE021,Murang'a,2026-02,374.95345688888887,58.529037
KE021,Murang'a,2026-03,249.31017666666665,119.9756
KE021,Murang'a,2026-04,104.99338811111112,37.83574
KE021,Murang'a,2026-05,197.13942,181.64517
KE047,Nairobi,2006-01,35.766236,34.18124
KE047,Nairobi,2006-02,91.11305566666665,39.03478
KE047,Nairobi,2006-03,121.13160866666668,37.385036
KE047,Nairobi,2006-04,129.04623,92.31958
KE047,Nairobi,2006-05,84.97558333333333,46.435764
KE047,Nairobi,2006-06,66.06233533333334,47.537476
KE047,Nairobi,2006-07,78.31906833333333,77.34237
KE047,Nairobi,2006-08,121.26076666666667,84.87613
KE047,Nairobi,2006-09,104.97495333333332,92.82179
KE047,Nairobi,2006-10,70.91569199999999,68.55824
KE047,Nairobi,2006-11,183.99450333333334,127.38927
KE047,Nairobi,2006-12,179.4581466666667,61.07676
KE047,Nairobi,2007-01,79.288788,66.66013
KE047,Nairobi,2007-02,167.966588,107.52307
KE047,Nairobi,2007-03,48.327786333333336,28.774303
KE047,Nairobi,2007-04,105.03383666666667,61.24204
KE047,Nairobi,2007-05,67.68722100000001,39.565613
KE047,Nairobi,2007-06,108.064102,85.924706
KE047,Nairobi,2007-07,138.37992,85.99509
KE047,Nairobi,2007-08,99.72113533333334,77.990746
KE047,Nairobi,2007-09,128.22045333333332,81.5011
KE047,Nairobi,2007-10,75.11643500000001,59.98935
KE047,Nairobi,2007-11,58.66271066666667,43.951015
KE047,Nairobi,2007-12,61.998761,47.479717
KE047,Nairobi,2008-01,84.35785700000001,28.775831
KE047,Nairobi,2008-02,74.83715933333333,45.067425
KE047,Nairobi,2008-03,147.45190599999998,44.388268
KE047,Nairobi,2008-04,60.29900433333333,31.327423
KE047,Nairobi,2008-05,54.520799000000004,33.566223
KE047,Nairobi,2008-06,69.90899333333333,50.53533
KE047,Nairobi,2008-07,114.34746833333334,88.94348
KE047,Nairobi,2008-08,68.248288,59.154
KE047,Nairobi,2008-09,115.39120333333334,95.31484
KE047,Nairobi,2008-10,130.57160466666667,74.395874
KE047,Nairobi,2008-11,77.45915000000001,48.62891
KE047,Nairobi,2008-12,29.265439,25.532923
KE047,Nairobi,2009-01,87.37331400000001,32.43243
KE047,Nairobi,2009-02,81.39550766666666,48.616043
KE047,Nairobi,2009-03,41.32651933333333,40.439873
KE047,Nairobi,2009-04,53.41935833333333,39.312847
KE047,Nairobi,2009-05,87.226254,49.741802
KE047,Nairobi,2009-06,101.04011666666666,75.40331
KE047,Nairobi,2009-07,82.57605333333333,78.22628
KE047,Nairobi,2009-08,66.463616,57.501648
KE047,Nairobi,2009-09,71.71828,60.78048
KE047,Nairobi,2009-10,135.81647333333333,78.74016
KE047,Nairobi,2009-11,60.32614533333333,42.958126
KE047,Nairobi,2009-12,122.51976633333334,68.767914
KE047,Nairobi,2010-01,132.179154,39.14259
KE047,Nairobi,2010-02,187.232995,94.748055
KE047,Nairobi,2010-03,179.43073166666667,53.509575
KE047,Nairobi,2010-04,72.34242333333333,56.12117
KE047,Nairobi,2010-05,145.72468666666666,77.38457
KE047,Nairobi,2010-06,110.59612766666667,109.126724
KE047,Nairobi,2010-07,78.600845,77.67575
KE047,Nairobi,2010-08,91.74349133333334,80.573654
KE047,Nairobi,2010-09,97.7008,92.82179
KE047,Nairobi,2010-10,109.62310833333333,80.399925
KE047,Nairobi,2010-11,69.366216,56.417633
KE047,Nairobi,2010-12,84.20338533333333,37.305492
KE047,Nairobi,2011-01,39.284956666666666,30.754894
KE047,Nairobi,2011-02,122.738966,51.142628
KE047,Nairobi,2011-03,104.567477,29.443476
KE047,Nairobi,2011-04,34.20379533333333,21.37636
KE047,Nairobi,2011-05,62.15402333333333,48.51808
KE047,Nairobi,2011-06,161.58671,95.50322
KE047,Nairobi,2011-07,96.71743666666667,77.64128
KE047,Nairobi,2011-08,139.73462,88.23529
KE047,Nairobi,2011-09,122.71550666666667,97.35975
KE047,Nairobi,2011-10,159.93129,82.85327
KE047,Nairobi,2011-11,144.29560666666666,103.62719
KE047,Nairobi,2011-12,103.94880666666666,42.99109
KE047,Nairobi,2012-01,34.963771333333334,26.596033
KE047,Nairobi,2012-02,60.88686033333334,36.373318
KE047,Nairobi,2012-03,36.571725,18.623625
KE047,Nairobi,2012-04,202.9194733333333,98.89637
KE047,Nairobi,2012-05,150.40977333333333,68.88026
KE047,Nairobi,2012-06,112.880328,63.829784
KE047,Nairobi,2012-07,108.31913833333333,93.481865
KE047,Nairobi,2012-08,123.069475,85.922005
KE047,Nairobi,2012-09,101.30987666666668,74.25743
KE047,Nairobi,2012-10,151.15492666666668,146.4237
KE047,Nairobi,2012-11,115.67475999999999,79.21853
KE047,Nairobi,2012-12,183.82472466666664,110.760864
KE047,Nairobi,2013-01,73.73059566666667,29.136217
KE047,Nairobi,2013-02,50.475111,32.292408
KE047,Nairobi,2013-03,150.64752133333332,57.771664
KE047,Nairobi,2013-04,190.75250000000003,82.44962
KE047,Nairobi,2013-05,40.71313433333333,27.490887
KE047,Nairobi,2013-06,111.48352766666666,59.100647
KE047,Nairobi,2013-07,90.15182666666665,89.71715
KE047,Nairobi,2013-08,131.38533133333334,89.251434
KE047,Nairobi,2013-09,143.34698333333333,113.8614
KE047,Nairobi,2013-10,60.840539666666665,40.863426
KE047,Nairobi,2013-11,70.82999333333333,43.4825
KE047,Nairobi,2013-12,159.37203633333334,31.121159
KE047,Nairobi,2014-01,37.643887666666664,32.27345
KE047,Nairobi,2014-02,154.81195,56.58867
KE047,Nairobi,2014-03,153.858054,27.882078
KE047,Nairobi,2014-04,39.45584,26.413319
KE047,Nairobi,2014-05,54.19614333333333,46.24848
KE047,Nairobi,2014-06,155.85268,126.12421
KE047,Nairobi,2014-07,90.00592533333334,86.62345
KE047,Nairobi,2014-08,115.36968666666667,76.91253
KE047,Nairobi,2014-09,101.68874166666667,83.918495
KE047,Nairobi,2014-10,123.00466333333333,74.12435
KE047,Nairobi,2014-11,83.53245,72.39959
KE047,Nairobi,2014-12,102.37169999999999,62.41381
KE047,Nairobi,2015-01,31.71086,29.28337
KE047,Nairobi,2015-02,80.45825033333334,40.561398
KE047,Nairobi,2015-03,57.19578766666666,39.893295
KE047,Nairobi,2015-04,135.83683,99.51064
KE047,Nairobi,2015-05,89.83501333333334,75.106316
KE047,Nairobi,2015-06,89.36066799999999,67.68762
KE047,Nairobi,2015-07,113.98553,100.24569
KE047,Nairobi,2015-08,81.04885999999999,70.38995
KE047,Nairobi,2015-09,74.86984,67.34201
KE047,Nairobi,2015-10,110.44809333333335,101.69792
KE047,Nairobi,2015-11,145.31609799999998,109.4005
KE047,Nairobi,2015-12,138.531008,36.70701
KE047,Nairobi,2016-01,156.29638433333335,57.869633
KE047,Nairobi,2016-02,80.24352233333333,45.422287
KE047,Nairobi,2016-03,66.374261,30.457458
KE047,Nairobi,2016-04,107.42953233333333,62.833477
KE047,Nairobi,2016-05,93.51269500000001,47.060455
KE047,Nairobi,2016-06,94.79280333333334,78.80086
KE047,Nairobi,2016-07,77.828682,72.922806
KE047,Nairobi,2016-08,96.80824,79.009125
KE047,Nairobi,2016-09,82.396675,81.7993
KE047,Nairobi,2016-10,79.71087466666667,60.955738
KE047,Nairobi,2016-11,111.40160800000001,67.574684
KE047,Nairobi,2016-12,38.51847033333333,33.116104
KE047,Nairobi,2017-01,45.47626399999999,34.658184
KE047,Nairobi,2017-02,93.37149433333333,53.567493
KE047,Nairobi,2017-03,46.712637,39.654415
KE047,Nairobi,2017-04,50.03230833333333,45.959312
KE047,Nairobi,2017-05,79.76591333333333,50.7839
KE047,Nairobi,2017-06,86.25791599999998,62.098503
KE047,Nairobi,2017-07,133.41364866666666,108.384766
KE047,Nairobi,2017-08,135.72255800000002,99.34811
KE047,Nairobi,2017-09,108.65343,68.03269
KE047,Nairobi,2017-10,109.27433333333333,62.52118
KE047,Nairobi,2017-11,85.45928466666668,61.757164
KE047,Nairobi,2017-12,33.245641,26.33329
KE047,Nairobi,2018-01,74.41828366666667,55.476536
KE047,Nairobi,2018-02,87.74210666666666,51.8098
KE047,Nairobi,2018-03,247.09856466666668,33.699894
KE047,Nairobi,2018-04,186.60497866666665,71.131676
KE047,Nairobi,2018-05,195.52724666666666,107.55189
KE047,Nairobi,2018-06,142.83162000000002,131.86812
KE047,Nairobi,2018-07,146.86800000000002,117.93611
KE047,Nairobi,2018-08,147.61468,94.5983
KE047,Nairobi,2018-09,108.97585833333333,100.66007
KE047,Nairobi,2018-10,83.04352999999999,48.09797
KE047,Nairobi,2018-11,74.128025,62.218155
KE047,Nairobi,2018-12,176.31826999999998,51.96835
KE047,Nairobi,2019-01,40.03148633333333,36.001945
KE047,Nairobi,2019-02,69.45779566666666,61.036198
KE047,Nairobi,2019-03,31.364743333333337,26.161757
KE047,Nairobi,2019-04,76.39006766666667,27.518993
KE047,Nairobi,2019-05,55.93412000000001,44.881535
KE047,Nairobi,2019-06,141.98863666666668,73.67038
KE047,Nairobi,2019-07,156.50809,142.7519
KE047,Nairobi,2019-08,133.93516333333335,75.48891
KE047,Nairobi,2019-09,157.115515,110.973595
KE047,Nairobi,2019-10,315.58965333333333,237.82759
KE047,Nairobi,2019-11,163.44469333333333,41.753464
KE047,Nairobi,2019-12,280.92564,67.26034
KE047,Nairobi,2020-01,212.53230333333332,110.49285
KE047,Nairobi,2020-02,151.08433233333332,44.535137
KE047,Nairobi,2020-03,167.61916133333332,50.284664
KE047,Nairobi,2020-04,176.94209333333333,56.0208
KE047,Nairobi,2020-05,73.65440533333333,56.728436
KE047,Nairobi,2020-06,168.45136666666664,96.57387
KE047,Nairobi,2020-07,106.00300866666667,91.926926
KE047,Nairobi,2020-08,87.65695333333333,75.016525
KE047,Nairobi,2020-09,142.86913666666666,80.03301
KE047,Nairobi,2020-10,86.15943666666665,79.041
KE047,Nairobi,2020-11,82.14722466666666,68.1104
KE047,Nairobi,2020-12,59.27697733333333,46.928566
KE047,Nairobi,2021-01,83.147335,32.520725
KE047,Nairobi,2021-02,142.51786333333334,108.94252
KE047,Nairobi,2021-03,56.00477333333333,42.9384
KE047,Nairobi,2021-04,72.68607733333333,48.903942
KE047,Nairobi,2021-05,147.809582,71.319496
KE047,Nairobi,2021-06,64.22069833333333,47.537476
KE047,Nairobi,2021-07,184.83389,119.77018
KE047,Nairobi,2021-08,109.64503333333334,68.7376
KE047,Nairobi,2021-09,74.60108000000001,67.34201
KE047,Nairobi,2021-10,84.670457,52.131416
KE047,Nairobi,2021-11,96.51752266666666,52.878563
KE047,Nairobi,2021-12,96.52775833333334,81.32709
KE047,Nairobi,2022-01,79.73963533333334,32.27345
KE047,Nairobi,2022-02,119.21576733333335,55.358418
KE047,Nairobi,2022-03,51.292664333333335,30.218578
KE047,Nairobi,2022-04,73.47218033333333,30.713161
KE047,Nairobi,2022-05,52.754282666666676,27.490887
KE047,Nairobi,2022-06,67.07792266666667,47.96574
KE047,Nairobi,2022-07,90.95695866666667,78.22628
KE047,Nairobi,2022-08,75.643257,60.806347
KE047,Nairobi,2022-09,96.10989,66.65131
KE047,Nairobi,2022-10,64.85493933333333,54.30356
KE047,Nairobi,2022-11,106.94164166666667,62.533985
KE047,Nairobi,2022-12,47.897661,41.594627
KE047,Nairobi,2023-01,53.693800333333336,42.085644
KE047,Nairobi,2023-02,40.240597,32.64727
KE047,Nairobi,2023-03,111.85332533333333,35.13142
KE047,Nairobi,2023-04,83.97066233333334,39.17439
KE047,Nairobi,2023-05,54.236826,41.817245
KE047,Nairobi,2023-06,81.19674533333334,53.747326
KE047,Nairobi,2023-07,80.09031666666667,74.24867
KE047,Nairobi,2023-08,66.12851266666667,59.814938
KE047,Nairobi,2023-09,138.05019333333334,122.25164
KE047,Nairobi,2023-10,106.08021666666667,70.32311
KE047,Nairobi,2023-11,160.669115,115.173805
KE047,Nairobi,2023-12,73.91267566666666,56.326347
KE047,Nairobi,2024-01,209.038406,63.084488
KE047,Nairobi,2024-02,101.51698066666667,51.987232
KE047,Nairobi,2024-03,127.78402666666666,66.17032
KE047,Nairobi,2024-04,295.9621666666667,178.19775
KE047,Nairobi,2024-05,203.51596666666669,125.61475
KE047,Nairobi,2024-06,107.34588166666667,81.71615
KE047,Nairobi,2024-07,207.72509666666667,117.93611
KE047,Nairobi,2024-08,68.33571266666667,58.823524
KE047,Nairobi,2024-09,145.07498333333334,90.93425
KE047,Nairobi,2024-10,73.54181766666666,56.339943
KE047,Nairobi,2024-11,156.46829,85.42978
KE047,Nairobi,2024-12,105.42604,46.71241
KE047,Nairobi,2025-01,160.49146266666665,34.728016
KE047,Nairobi,2025-02,37.96197466666667,30.163237
KE047,Nairobi,2025-03,163.44108333333332,129.1238
KE047,Nairobi,2025-04,115.95327999999999,101.96501
KE047,Nairobi,2025-05,93.03009866666666,64.551956
KE047,Nairobi,2025-06,110.00034366666667,51.177727
KE047,Nairobi,2025-07,83.941525,72.48085
KE047,Nairobi,2025-08,134.92432666666667,86.58295
KE047,Nairobi,2025-09,105.84707666666667,95.70957
KE047,Nairobi,2025-10,205.7089,54.66485
KE047,Nairobi,2025-11,39.838962333333335,35.023464
KE047,Nairobi,2025-12,136.45198333333335,34.72327
KE047,Nairobi,2026-01,32.282888,30.166283
KE047,Nairobi,2026-02,398.83878599999997,57.755898
KE047,Nairobi,2026-03,248.11026,103.67152
KE047,Nairobi,2026-04,118.69417,32.86308
KE047,Nairobi,2026-05,186.13306,186.13306
KE032,Nakuru,2006-01,65.88082133333333,58.887474
KE032,Nakuru,2006-02,79.99907333333333,41.64949
KE032,Nakuru,2006-03,124.55307166666667,53.103275
KE032,Nakuru,2006-04,109.07031466666666,81.62168
KE032,Nakuru,2006-05,96.61860466666667,75.71093
KE032,Nakuru,2006-06,76.12086466666666,54.39152
KE032,Nakuru,2006-07,73.02781599999999,58.745853
KE032,Nakuru,2006-08,97.37132533333333,72.089836
KE032,Nakuru,2006-09,80.05313333333334,66.00444
KE032,Nakuru,2006-10,74.63703666666667,60.22042
KE032,Nakuru,2006-11,193.97037,98.76232
KE032,Nakuru,2006-12,170.34881700000003,72.237816
KE032,Nakuru,2007-01,127.56329000000001,82.38058
KE032,Nakuru,2007-02,196.18407200000001,121.908676
KE032,Nakuru,2007-03,58.37387166666667,42.393185
KE032,Nakuru,2007-04,95.37833666666666,35.119526
KE032,Nakuru,2007-05,96.99336966666665,56.179775
KE032,Nakuru,2007-06,120.04248533333333,100.47803
KE032,Nakuru,2007-07,127.46462266666667,57.201218
KE032,Nakuru,2007-08,122.15679,86.49951
KE032,Nakuru,2007-09,162.51634133333332,109.920074
KE032,Nakuru,2007-10,87.76811833333333,66.12772
KE032,Nakuru,2007-11,63.053567333333326,58.284832
KE032,Nakuru,2007-12,55.449704,40.307182
KE032,Nakuru,2008-01,65.09501433333334,46.676773
KE032,Nakuru,2008-02,76.72814033333334,46.748005
KE032,Nakuru,2008-03,119.41655800000001,43.59155
KE032,Nakuru,2008-04,51.192003666666665,35.488804
KE032,Nakuru,2008-05,54.59076100000001,36.394398
KE032,Nakuru,2008-06,58.41338366666667,46.497677
KE032,Nakuru,2008-07,78.27489,60.58371
KE032,Nakuru,2008-08,79.46159866666666,69.17154
KE032,Nakuru,2008-09,122.40924999999999,105.641106
KE032,Nakuru,2008-10,151.58034,104.34806
KE032,Nakuru,2008-11,96.70694633333333,55.965702
KE032,Nakuru,2008-12,46.091416,42.94499
KE032,Nakuru,2009-01,68.36431566666666,42.925217
KE032,Nakuru,2009-02,56.81108433333333,41.39773
KE032,Nakuru,2009-03,47.35201633333333,34.697193
KE032,Nakuru,2009-04,71.16027566666666,55.555557
KE032,Nakuru,2009-05,132.48994666666667,54.36896
KE032,Nakuru,2009-06,46.36825033333333,42.41328
KE032,Nakuru,2009-07,47.406595333333335,35.67968
KE032,Nakuru,2009-08,51.095178000000004,42.119446
KE032,Nakuru,2009-09,77.21655133333333,70.146
KE032,Nakuru,2009-10,91.926268,65.25088
KE032,Nakuru,2009-11,83.36415666666667,54.59141
KE032,Nakuru,2009-12,227.9419366666667,122.15888
KE032,Nakuru,2010-01,111.95654833333333,47.558655
KE032,Nakuru,2010-02,259.65829333333335,133.88503
KE032,Nakuru,2010-03,176.00883766666666,55.724953
KE032,Nakuru,2010-04,107.65806533333334,95.64974
KE032,Nakuru,2010-05,138.25230666666667,95.11228
KE032,Nakuru,2010-06,84.75254,76.10454
KE032,Nakuru,2010-07,86.55736766666666,57.612293
KE032,Nakuru,2010-08,121.90071666666667,83.35309
KE032,Nakuru,2010-09,136.63025333333334,104.14247
KE032,Nakuru,2010-10,108.89782333333333,99.79345
KE032,Nakuru,2010-11,65.88288033333333,56.628315
KE032,Nakuru,2010-12,60.58514533333334,43.412872
KE032,Nakuru,2011-01,54.279656666666675,53.07965
KE032,Nakuru,2011-02,79.088096,48.15941
KE032,Nakuru,2011-03,118.55385666666666,45.99579
KE032,Nakuru,2011-04,46.08032533333333,27.764812
KE032,Nakuru,2011-05,80.8868,39.46043
KE032,Nakuru,2011-06,133.28717833333334,85.664925
KE032,Nakuru,2011-07,126.89187333333332,85.01705
KE032,Nakuru,2011-08,151.67339333333334,124.69902
KE032,Nakuru,2011-09,156.79488533333333,121.339836
KE032,Nakuru,2011-10,115.57902333333334,66.9461
KE032,Nakuru,2011-11,144.9706623333333,60.128437
KE032,Nakuru,2011-12,114.609619,45.810017
KE032,Nakuru,2012-01,43.89274066666667,41.027264
KE032,Nakuru,2012-02,79.38845333333335,52.19394
KE032,Nakuru,2012-03,54.798274666666664,33.640144
KE032,Nakuru,2012-04,173.42165866666664,106.351006
KE032,Nakuru,2012-05,150.07269666666664,98.8228
KE032,Nakuru,2012-06,107.63055933333332,51.885628
KE032,Nakuru,2012-07,132.39763,97.29938
KE032,Nakuru,2012-08,112.51805966666666,108.615364
KE032,Nakuru,2012-09,122.94788166666666,75.292915
KE032,Nakuru,2012-10,128.56724666666665,96.66064
KE032,Nakuru,2012-11,86.89405333333333,58.681435
KE032,Nakuru,2012-12,124.373588,66.004944
KE032,Nakuru,2013-01,92.19649700000001,49.084297
KE032,Nakuru,2013-02,57.853071666666665,33.899345
KE032,Nakuru,2013-03,128.03401799999997,63.377224
KE032,Nakuru,2013-04,190.48739999999998,126.40902
KE032,Nakuru,2013-05,76.832845,58.940895
KE032,Nakuru,2013-06,110.18071266666665,56.130608
KE032,Nakuru,2013-07,130.66904466666665,102.091324
KE032,Nakuru,2013-08,109.31901333333333,69.4921
KE032,Nakuru,2013-09,124.97972333333333,96.9016
KE032,Nakuru,2013-10,83.01648566666667,50.672417
KE032,Nakuru,2013-11,96.54357666666665,84.38417
KE032,Nakuru,2013-12,155.46083433333334,57.660103
KE032,Nakuru,2014-01,58.96876866666667,50.715786
KE032,Nakuru,2014-02,162.56259333333335,60.20812
KE032,Nakuru,2014-03,120.60884466666666,30.571894
KE032,Nakuru,2014-04,46.16911666666667,32.163742
KE032,Nakuru,2014-05,78.01531,65.31586
KE032,Nakuru,2014-06,105.10303,85.23591
KE032,Nakuru,2014-07,82.088903,59.094643
KE032,Nakuru,2014-08,124.17809933333335,95.080284
KE032,Nakuru,2014-09,98.53998666666666,69.43446
KE032,Nakuru,2014-10,107.30137666666667,65.88992
KE032,Nakuru,2014-11,80.859058,69.584564
KE032,Nakuru,2014-12,87.10880000000002,64.33394
KE032,Nakuru,2015-01,45.29631966666667,40.815685
KE032,Nakuru,2015-02,72.93955933333335,41.626156
KE032,Nakuru,2015-03,50.923906666666674,44.01288
KE032,Nakuru,2015-04,118.082315,111.407745
KE032,Nakuru,2015-05,117.61659866666668,109.59138
KE032,Nakuru,2015-06,107.28549133333333,59.110474
KE032,Nakuru,2015-07,75.28485133333334,67.029564
KE032,Nakuru,2015-08,49.762896666666656,33.17592
KE032,Nakuru,2015-09,70.523286,56.701134
KE032,Nakuru,2015-10,101.17852,76.67673
KE032,Nakuru,2015-11,135.5235,99.20692
KE032,Nakuru,2015-12,136.16866666666667,55.1409
KE032,Nakuru,2016-01,155.52666466666668,86.64123
KE032,Nakuru,2016-02,74.67317866666667,52.41502
KE032,Nakuru,2016-03,81.03791733333334,34.580532
KE032,Nakuru,2016-04,127.30678666666667,94.41369
KE032,Nakuru,2016-05,131.73613333333333,76.17166
KE032,Nakuru,2016-06,102.00132,73.662384
KE032,Nakuru,2016-07,97.54591,68.06536
KE032,Nakuru,2016-08,74.23770833333333,54.29414
KE032,Nakuru,2016-09,97.07182999999999,62.72685
KE032,Nakuru,2016-10,96.18535333333334,70.7884
KE032,Nakuru,2016-11,102.09254833333334,83.468155
KE032,Nakuru,2016-12,43.717069333333335,34.860645
KE032,Nakuru,2017-01,61.25814066666666,46.503887
KE032,Nakuru,2017-02,90.69006133333333,66.195854
KE032,Nakuru,2017-03,48.99298833333333,41.305557
KE032,Nakuru,2017-04,61.71869133333333,48.90577
KE032,Nakuru,2017-05,83.89394166666666,70.20925
KE032,Nakuru,2017-06,73.09748433333334,60.203773
KE032,Nakuru,2017-07,193.59419333333332,150.48119
KE032,Nakuru,2017-08,129.23989666666668,77.27156
KE032,Nakuru,2017-09,143.17180333333332,97.06672
KE032,Nakuru,2017-10,130.02502666666666,66.17749
KE032,Nakuru,2017-11,115.00696833333332,79.169205
KE032,Nakuru,2017-12,48.03105933333333,36.83097
KE032,Nakuru,2018-01,80.54757,56.29815
KE032,Nakuru,2018-02,70.73904966666667,56.155003
KE032,Nakuru,2018-03,224.66985,69.92777
KE032,Nakuru,2018-04,224.98311,199.24657
KE032,Nakuru,2018-05,202.23796666666667,176.68799
KE032,Nakuru,2018-06,235.62847,220.45093
KE032,Nakuru,2018-07,102.19562,78.45237
KE032,Nakuru,2018-08,91.6762,43.03775
KE032,Nakuru,2018-09,77.81954166666667,64.532455
KE032,Nakuru,2018-10,83.93315833333334,74.893585
KE032,Nakuru,2018-11,70.942753,64.853035
KE032,Nakuru,2018-12,144.42324666666667,57.23789
KE032,Nakuru,2019-01,58.58092966666666,51.55443
KE032,Nakuru,2019-02,57.722432999999995,46.427364
KE032,Nakuru,2019-03,39.828271,33.497665
KE032,Nakuru,2019-04,83.14714000000001,36.48546
KE032,Nakuru,2019-05,80.17128433333333,60.358013
KE032,Nakuru,2019-06,153.49000666666666,78.777
KE032,Nakuru,2019-07,115.24166333333334,91.49667
KE032,Nakuru,2019-08,114.01647333333334,76.74074
KE032,Nakuru,2019-09,122.71301833333332,77.235565
KE032,Nakuru,2019-10,166.97664666666665,141.80891
KE032,Nakuru,2019-11,164.49285333333333,82.20197
KE032,Nakuru,2019-12,243.26123666666663,125.50966
KE032,Nakuru,2020-01,166.34958466666666,84.71322
KE032,Nakuru,2020-02,129.62301,71.59395
KE032,Nakuru,2020-03,186.43358333333333,83.35233
KE032,Nakuru,2020-04,183.35162333333335,56.13739
KE032,Nakuru,2020-05,106.71287133333333,86.790054
KE032,Nakuru,2020-06,144.76531333333332,132.30434
KE032,Nakuru,2020-07,122.038225,99.09315
KE032,Nakuru,2020-08,128.53940666666665,80.28396
KE032,Nakuru,2020-09,131.29771466666668,93.186554
KE032,Nakuru,2020-10,131.19314666666665,98.5668
KE032,Nakuru,2020-11,149.34291,129.17294
KE032,Nakuru,2020-12,63.270073333333336,48.329216
KE032,Nakuru,2021-01,121.33281299999999,70.710785
KE032,Nakuru,2021-02,124.21804333333334,117.28437
KE032,Nakuru,2021-03,66.65599533333334,53.484386
KE032,Nakuru,2021-04,80.01925666666666,70.19645
KE032,Nakuru,2021-05,143.79677166666667,94.676155
KE032,Nakuru,2021-06,75.44901,51.41968
KE032,Nakuru,2021-07,114.59528999999999,53.84369
KE032,Nakuru,2021-08,107.72633333333333,80.17432
KE032,Nakuru,2021-09,145.03189333333333,125.13828
KE032,Nakuru,2021-10,94.03374633333333,68.571625
KE032,Nakuru,2021-11,60.72414766666666,47.58374
KE032,Nakuru,2021-12,90.80177666666667,75.44617
KE032,Nakuru,2022-01,105.24073333333332,59.1255
KE032,Nakuru,2022-02,179.24414333333334,118.60188
KE032,Nakuru,2022-03,56.34987,39.78156
KE032,Nakuru,2022-04,91.43760333333334,35.88885
KE032,Nakuru,2022-05,94.744341,61.463783
KE032,Nakuru,2022-06,74.35507100000001,61.521633
KE032,Nakuru,2022-07,69.77833966666667,62.930923
KE032,Nakuru,2022-08,129.89568,90.5461
KE032,Nakuru,2022-09,145.23953333333333,115.68022
KE032,Nakuru,2022-10,77.71164333333333,42.86154
KE032,Nakuru,2022-11,173.77817666666667,86.24928
KE032,Nakuru,2022-12,87.784428,79.1391
KE032,Nakuru,2023-01,57.822808,43.84814
KE032,Nakuru,2023-02,40.82849266666667,33.844078
KE032,Nakuru,2023-03,132.290988,53.760284
KE032,Nakuru,2023-04,110.04954666666667,54.99827
KE032,Nakuru,2023-05,82.20599299999999,64.892555
KE032,Nakuru,2023-06,104.40658499999999,59.091175
KE032,Nakuru,2023-07,57.9309,48.740616
KE032,Nakuru,2023-08,60.03980466666667,41.644894
KE032,Nakuru,2023-09,161.39101666666667,148.36945
KE032,Nakuru,2023-10,113.20841333333334,72.85094
KE032,Nakuru,2023-11,184.03117333333333,130.46962
KE032,Nakuru,2023-12,75.37326866666668,61.05187
KE032,Nakuru,2024-01,233.19527000000002,127.12052
KE032,Nakuru,2024-02,125.44866666666667,67.68815
KE032,Nakuru,2024-03,89.04208866666666,42.901516
KE032,Nakuru,2024-04,179.39633,159.33418
KE032,Nakuru,2024-05,199.62321333333333,113.21697
KE032,Nakuru,2024-06,70.215255,58.12092
KE032,Nakuru,2024-07,147.17836333333335,86.28764
KE032,Nakuru,2024-08,101.73547666666667,61.19552
KE032,Nakuru,2024-09,96.46604833333333,86.02369
KE032,Nakuru,2024-10,98.70463666666666,65.39923
KE032,Nakuru,2024-11,158.48739333333333,88.12195
KE032,Nakuru,2024-12,83.30027033333333,51.680065
KE032,Nakuru,2025-01,130.85557533333335,58.935062
KE032,Nakuru,2025-02,47.423184,38.52366
KE032,Nakuru,2025-03,147.87586,121.97226
KE032,Nakuru,2025-04,126.73050666666666,102.24737
KE032,Nakuru,2025-05,124.79346,99.92522
KE032,Nakuru,2025-06,89.51630333333333,74.86034
KE032,Nakuru,2025-07,115.16243333333334,71.81947
KE032,Nakuru,2025-08,118.59315,61.75749
KE032,Nakuru,2025-09,136.76995333333335,122.55948
KE032,Nakuru,2025-10,147.01494466666665,69.031784
KE032,Nakuru,2025-11,58.053307,46.885548
KE032,Nakuru,2025-12,113.55195466666667,51.383244
KE032,Nakuru,2026-01,49.46470300000001,44.526203
KE032,Nakuru,2026-02,297.416758,95.968834
KE032,Nakuru,2026-03,245.18188333333333,130.29608
KE032,Nakuru,2026-04,107.55016,79.85389
KE032,Nakuru,2026-05,193.72003,193.72003
KE029,Nandi,2006-01,66.2882865,37.81747
KE029,Nandi,2006-02,96.56219133333333,32.967033
KE029,Nandi,2006-03,118.8786865,92.92882
KE029,Nandi,2006-04,128.247995,92.80412
KE029,Nandi,2006-05,102.16106500000001,70.08592
KE029,Nandi,2006-06,108.73183333333334,74.107315
KE029,Nandi,2006-07,82.66701083333334,74.205765
KE029,Nandi,2006-08,76.90314833333333,37.8249
KE029,Nandi,2006-09,95.587532,72.862434
KE029,Nandi,2006-10,88.28140466666666,23.736658
KE029,Nandi,2006-11,213.12203833333334,73.26362
KE029,Nandi,2006-12,171.8847795,67.032166
KE029,Nandi,2007-01,133.73882,66.7909
KE029,Nandi,2007-02,183.74025500000002,90.48977
KE029,Nandi,2007-03,74.128104,20.231594
KE029,Nandi,2007-04,82.13337833333333,17.156973
KE029,Nandi,2007-05,79.4285125,40.339252
KE029,Nandi,2007-06,107.79659600000001,84.644806
KE029,Nandi,2007-07,120.1007085,73.226105
KE029,Nandi,2007-08,116.86541799999999,88.845314
KE029,Nandi,2007-09,159.02158333333333,105.20836
KE029,Nandi,2007-10,70.75039533333333,29.180527
KE029,Nandi,2007-11,62.39627133333334,27.822802
KE029,Nandi,2007-12,64.714991,27.902588
KE029,Nandi,2008-01,69.72710133333334,37.363422
KE029,Nandi,2008-02,93.21066083333334,41.13924
KE029,Nandi,2008-03,105.05413333333333,34.315563
KE029,Nandi,2008-04,77.0440445,48.18075
KE029,Nandi,2008-05,93.2187195,25.169357
KE029,Nandi,2008-06,81.056738,33.617798
KE029,Nandi,2008-07,130.02586066666666,116.67273
KE029,Nandi,2008-08,123.29279366666667,100.169876
KE029,Nandi,2008-09,100.32959383333333,53.142006
KE029,Nandi,2008-10,134.81802333333334,71.13533
KE029,Nandi,2008-11,96.68795316666667,25.769854
KE029,Nandi,2008-12,55.74665983333333,44.2128
KE029,Nandi,2009-01,78.55265916666667,30.698353
KE029,Nandi,2009-02,55.405668,28.136349
KE029,Nandi,2009-03,56.7715615,32.1548
KE029,Nandi,2009-04,93.050777,58.799118
KE029,Nandi,2009-05,97.67938500000001,26.632019
KE029,Nandi,2009-06,62.53779716666667,48.43349
KE029,Nandi,2009-07,70.57527633333333,52.020992
KE029,Nandi,2009-08,82.915453,54.748554
KE029,Nandi,2009-09,123.893759,77.444954
KE029,Nandi,2009-10,85.641009,42.180153
KE029,Nandi,2009-11,77.61644933333334,26.850351
KE029,Nandi,2009-12,196.34698666666668,112.88096
KE029,Nandi,2010-01,115.40288983333335,30.98933
KE029,Nandi,2010-02,248.830156,127.979256
KE029,Nandi,2010-03,131.22601166666666,40.30283
KE029,Nandi,2010-04,98.81923,38.352554
KE029,Nandi,2010-05,131.4665875,78.88179
KE029,Nandi,2010-06,96.06786166666666,70.30127
KE029,Nandi,2010-07,102.26922016666667,60.126625
KE029,Nandi,2010-08,98.39308083333333,63.15834
KE029,Nandi,2010-09,109.47455666666666,61.06508
KE029,Nandi,2010-10,119.5361125,102.12574
KE029,Nandi,2010-11,51.98484066666666,39.85187
KE029,Nandi,2010-12,112.9078295,40.25755
KE029,Nandi,2011-01,65.16222116666667,33.757065
KE029,Nandi,2011-02,62.26249833333333,32.576324
KE029,Nandi,2011-03,105.07175000000001,33.248463
KE029,Nandi,2011-04,59.692962666666666,16.126146
KE029,Nandi,2011-05,83.36933216666667,34.578793
KE029,Nandi,2011-06,122.18243749999999,98.97574
KE029,Nandi,2011-07,103.21808633333335,67.287674
KE029,Nandi,2011-08,161.71968433333333,100.15206
KE029,Nandi,2011-09,112.60737333333333,99.34476
KE029,Nandi,2011-10,116.89584,87.94312
KE029,Nandi,2011-11,188.12584583333333,41.056515
KE029,Nandi,2011-12,87.4797215,45.56075
KE029,Nandi,2012-01,33.50257666666666,30.8909
KE029,Nandi,2012-02,48.054966666666665,33.1438
KE029,Nandi,2012-03,51.95296666666667,16.196846
KE029,Nandi,2012-04,144.66275666666667,105.22948
KE029,Nandi,2012-05,109.00774100000001,83.04854
KE029,Nandi,2012-06,141.587175,84.02178
KE029,Nandi,2012-07,89.645099,60.650604
KE029,Nandi,2012-08,123.98761583333334,94.49102
KE029,Nandi,2012-09,192.49734,150.56752
KE029,Nandi,2012-10,130.36204183333334,66.629906
KE029,Nandi,2012-11,121.96115016666666,40.211937
KE029,Nandi,2012-12,162.22169833333334,42.17002
KE029,Nandi,2013-01,112.02794066666667,55.60536
KE029,Nandi,2013-02,65.291768,30.156368
KE029,Nandi,2013-03,156.33482,95.03543
KE029,Nandi,2013-04,137.26872733333332,82.634514
KE029,Nandi,2013-05,82.59445883333333,34.87558
KE029,Nandi,2013-06,92.45472733333334,58.795834
KE029,Nandi,2013-07,82.444674,67.06935
KE029,Nandi,2013-08,117.158224,99.94054
KE029,Nandi,2013-09,152.490061,103.16518
KE029,Nandi,2013-10,104.04183733333333,40.503647
KE029,Nandi,2013-11,103.73627416666666,62.92824
KE029,Nandi,2013-12,161.226669,34.69255
KE029,Nandi,2014-01,54.008235333333324,37.079857
KE029,Nandi,2014-02,151.12338916666667,94.426765
KE029,Nandi,2014-03,89.79502216666667,22.85832
KE029,Nandi,2014-04,53.91360133333333,30.654297
KE029,Nandi,2014-05,123.1120175,69.568565
KE029,Nandi,2014-06,91.99982766666666,44.917892
KE029,Nandi,2014-07,97.399658,62.320988
KE029,Nandi,2014-08,160.6851225,97.039185
KE029,Nandi,2014-09,103.33245,65.83988
KE029,Nandi,2014-10,129.93227633333333,68.71173
KE029,Nandi,2014-11,85.5471475,42.17831
KE029,Nandi,2014-12,87.54861983333332,52.114876
KE029,Nandi,2015-01,31.474420166666665,26.551893
KE029,Nandi,2015-02,58.496912,25.012524
KE029,Nandi,2015-03,52.702431499999996,15.384616
KE029,Nandi,2015-04,129.93828566666667,82.97448
KE029,Nandi,2015-05,117.95430599999999,80.67641
KE029,Nandi,2015-06,112.31424883333334,51.168262
KE029,Nandi,2015-07,76.7831025,58.89104
KE029,Nandi,2015-08,56.59059083333333,36.25672
KE029,Nandi,2015-09,109.06146583333333,62.99644
KE029,Nandi,2015-10,125.9244905,44.03238
KE029,Nandi,2015-11,110.00352166666666,65.79126
KE029,Nandi,2015-12,159.714965,73.46334
KE029,Nandi,2016-01,128.3926615,66.001434
KE029,Nandi,2016-02,51.6828695,39.31619
KE029,Nandi,2016-03,89.29673616666668,25.179169
KE029,Nandi,2016-04,161.7698606666667,120.710754
KE029,Nandi,2016-05,111.14875833333333,47.483852
KE029,Nandi,2016-06,87.31867666666666,51.07497
KE029,Nandi,2016-07,108.025255,80.790016
KE029,Nandi,2016-08,59.472839666666665,39.220898
KE029,Nandi,2016-09,83.46254433333333,46.535965
KE029,Nandi,2016-10,73.65341666666667,39.03859
KE029,Nandi,2016-11,80.28898433333333,42.846294
KE029,Nandi,2016-12,38.0866645,22.812227
KE029,Nandi,2017-01,80.56018116666667,24.87876
KE029,Nandi,2017-02,144.68296266666667,51.47014
KE029,Nandi,2017-03,56.60074316666667,30.384155
KE029,Nandi,2017-04,81.66482183333333,44.650505
KE029,Nandi,2017-05,113.19482816666665,81.301735
KE029,Nandi,2017-06,86.96234916666667,61.303043
KE029,Nandi,2017-07,166.84013666666667,103.21401
KE029,Nandi,2017-08,117.60706833333334,92.27298
KE029,Nandi,2017-09,129.44313916666667,99.77731
KE029,Nandi,2017-10,125.48134750000001,70.508575
KE029,Nandi,2017-11,106.33083883333332,23.429873
KE029,Nandi,2017-12,60.08204549999999,28.643963
KE029,Nandi,2018-01,49.46374016666667,33.389915
KE029,Nandi,2018-02,86.72757266666667,30.934212
KE029,Nandi,2018-03,180.652919,68.470634
KE029,Nandi,2018-04,176.62373833333334,138.49129
KE029,Nandi,2018-05,142.107305,95.14284
KE029,Nandi,2018-06,154.554385,110.16711
KE029,Nandi,2018-07,119.30997166666667,70.49943
KE029,Nandi,2018-08,81.6425695,37.292946
KE029,Nandi,2018-09,61.617305666666674,50.301025
KE029,Nandi,2018-10,127.87599449999999,55.852562
KE029,Nandi,2018-11,53.05385016666667,21.772013
KE029,Nandi,2018-12,127.50231666666667,65.30823
KE029,Nandi,2019-01,45.67744033333333,35.51078
KE029,Nandi,2019-02,74.40525733333332,30.492296
KE029,Nandi,2019-03,45.76230566666667,17.247969
KE029,Nandi,2019-04,67.27943283333333,18.43805
KE029,Nandi,2019-05,91.41222733333332,59.336388
KE029,Nandi,2019-06,134.30201316666668,95.71638
KE029,Nandi,2019-07,125.17463833333333,91.18691
KE029,Nandi,2019-08,117.84388066666668,93.65443
KE029,Nandi,2019-09,121.32956266666667,66.61266
KE029,Nandi,2019-10,179.85843,128.9449
KE029,Nandi,2019-11,153.94851416666668,96.52583
KE029,Nandi,2019-12,223.32136833333334,112.64464
KE029,Nandi,2020-01,152.93164583333333,41.332485
KE029,Nandi,2020-02,109.60616900000001,43.022472
KE029,Nandi,2020-03,181.40759166666666,128.43465
KE029,Nandi,2020-04,138.56474366666666,32.36526
KE029,Nandi,2020-05,102.0275535,84.541336
KE029,Nandi,2020-06,163.89383666666666,98.43136
KE029,Nandi,2020-07,161.36036099999998,121.191536
KE029,Nandi,2020-08,161.95744266666668,116.134766
KE029,Nandi,2020-09,159.03057416666664,115.023575
KE029,Nandi,2020-10,170.259495,142.72256
KE029,Nandi,2020-11,191.127825,115.98002
KE029,Nandi,2020-12,88.4616115,45.156364
KE029,Nandi,2021-01,96.08156283333334,57.880627
KE029,Nandi,2021-02,144.49014250000002,125.712845
KE029,Nandi,2021-03,71.67561833333333,33.761887
KE029,Nandi,2021-04,137.16330666666667,80.68116
KE029,Nandi,2021-05,136.95584083333333,68.56429
KE029,Nandi,2021-06,86.6318465,68.0501
KE029,Nandi,2021-07,92.01073616666667,35.471733
KE029,Nandi,2021-08,139.56027,90.07513
KE029,Nandi,2021-09,155.73833,127.43058
KE029,Nandi,2021-10,100.64016833333334,66.37228
KE029,Nandi,2021-11,73.79882316666666,37.527634
KE029,Nandi,2021-12,81.93938783333333,53.733738
KE029,Nandi,2022-01,129.12817283333334,49.265087
KE029,Nandi,2022-02,221.58202433333335,72.1871
KE029,Nandi,2022-03,76.34102933333334,24.037743
KE029,Nandi,2022-04,81.52296516666667,21.642672
KE029,Nandi,2022-05,103.00234733333333,66.56588
KE029,Nandi,2022-06,73.12418483333333,53.69228
KE029,Nandi,2022-07,102.78349850000001,82.35137
KE029,Nandi,2022-08,185.00281166666664,152.99475
KE029,Nandi,2022-09,130.596455,109.69932
KE029,Nandi,2022-10,87.48285133333333,27.80264
KE029,Nandi,2022-11,168.60150666666667,107.93639
KE029,Nandi,2022-12,219.87360516666664,99.732025
KE029,Nandi,2023-01,32.05512366666667,25.222301
KE029,Nandi,2023-02,41.21899316666667,24.203308
KE029,Nandi,2023-03,158.412165,83.065
KE029,Nandi,2023-04,105.79976266666667,30.035233
KE029,Nandi,2023-05,106.878375,74.37689
KE029,Nandi,2023-06,157.22802,93.70812
KE029,Nandi,2023-07,83.50365483333333,53.53322
KE029,Nandi,2023-08,88.61843499999999,45.56937
KE029,Nandi,2023-09,167.4881806666667,124.012634
KE029,Nandi,2023-10,147.31172999999998,77.60955
KE029,Nandi,2023-11,115.243599,47.21772
KE029,Nandi,2023-12,114.86183999999999,86.27356
KE029,Nandi,2024-01,220.59598000000003,102.3062
KE029,Nandi,2024-02,194.42476166666665,128.77472
KE029,Nandi,2024-03,109.08270750000001,22.408026
KE029,Nandi,2024-04,104.49245266666667,89.63992
KE029,Nandi,2024-05,108.90912583333333,64.60808
KE029,Nandi,2024-06,70.88845333333335,60.16172
KE029,Nandi,2024-07,130.15860416666666,97.98413
KE029,Nandi,2024-08,120.43914533333333,61.354797
KE029,Nandi,2024-09,107.59858000000001,92.24758
KE029,Nandi,2024-10,87.0319015,54.00657
KE029,Nandi,2024-11,193.58127416666665,64.26541
KE029,Nandi,2024-12,98.12246166666667,41.42826
KE029,Nandi,2025-01,84.07394433333333,37.68187
KE029,Nandi,2025-02,42.770451,31.016762
KE029,Nandi,2025-03,155.3153166666667,94.46608
KE029,Nandi,2025-04,116.55161833333334,70.91551
KE029,Nandi,2025-05,174.32953333333333,146.86697
KE029,Nandi,2025-06,102.69572,68.62561
KE029,Nandi,2025-07,201.06164,122.42712
KE029,Nandi,2025-08,84.28498983333333,65.242584
KE029,Nandi,2025-09,101.59503833333333,91.40775
KE029,Nandi,2025-10,159.90233083333334,69.28137
KE029,Nandi,2025-11,48.81499,19.925936
KE029,Nandi,2025-12,195.4830605,31.14418
KE029,Nandi,2026-01,42.62601516666667,33.033283
KE029,Nandi,2026-02,406.60355333333337,306.60223
KE029,Nandi,2026-03,203.84906999999998,154.5118
KE029,Nandi,2026-04,87.68320116666666,42.66001
KE029,Nandi,2026-05,156.121205,155.76399
KE033,Narok,2006-01,77.10041933333333,48.6248
KE033,Narok,2006-02,91.617096,31.741243
KE033,Narok,2006-03,131.57594716666668,45.622147
KE033,Narok,2006-04,110.94427333333334,79.37435
KE033,Narok,2006-05,124.3140325,69.613335
KE033,Narok,2006-06,71.66299616666667,50.083847
KE033,Narok,2006-07,89.34214000000001,58.343147
KE033,Narok,2006-08,90.01062333333334,41.39132
KE033,Narok,2006-09,79.95403,66.27526
KE033,Narok,2006-10,62.83259999999999,31.562937
KE033,Narok,2006-11,201.29468166666666,70.08917
KE033,Narok,2006-12,202.13803833333336,91.74416
KE033,Narok,2007-01,120.67838166666667,79.20414
KE033,Narok,2007-02,177.96849666666665,83.88031
KE033,Narok,2007-03,94.75736649999999,40.623142
KE033,Narok,2007-04,94.01915033333334,59.02709
KE033,Narok,2007-05,80.42936833333333,45.115032
KE033,Narok,2007-06,106.46114999999999,61.32918
KE033,Narok,2007-07,118.28588733333333,61.446064
KE033,Narok,2007-08,85.20200166666666,55.20581
KE033,Narok,2007-09,107.75311933333334,46.601566
KE033,Narok,2007-10,69.889099,30.387535
KE033,Narok,2007-11,71.87017283333334,55.285454
KE033,Narok,2007-12,84.71684,46.88939
KE033,Narok,2008-01,62.13134216666666,28.260569
KE033,Narok,2008-02,104.56490333333333,40.68748
KE033,Narok,2008-03,135.94971483333333,45.068367
KE033,Narok,2008-04,63.366559,34.335316
KE033,Narok,2008-05,68.39014433333334,35.678284
KE033,Narok,2008-06,84.4642215,52.229126
KE033,Narok,2008-07,97.505284,75.76541
KE033,Narok,2008-08,80.09493183333333,46.221245
KE033,Narok,2008-09,102.41434266666666,55.623306
KE033,Narok,2008-10,124.9397495,61.501057
KE033,Narok,2008-11,102.75228066666666,52.658634
KE033,Narok,2008-12,51.58337916666667,40.761585
KE033,Narok,2009-01,87.72139966666667,41.658695
KE033,Narok,2009-02,58.290387833333334,24.119026
KE033,Narok,2009-03,63.63643149999999,35.664482
KE033,Narok,2009-04,81.1915475,48.73279
KE033,Narok,2009-05,124.05355833333334,47.69277
KE033,Narok,2009-06,68.5845975,55.843884
KE033,Narok,2009-07,68.21469666666667,56.56532
KE033,Narok,2009-08,93.58216533333332,46.94788
KE033,Narok,2009-09,113.06413166666668,68.86113
KE033,Narok,2009-10,78.326403,45.356594
KE033,Narok,2009-11,90.97577199999999,38.82345
KE033,Narok,2009-12,150.9224815,71.298325
KE033,Narok,2010-01,126.40178633333333,34.420567
KE033,Narok,2010-02,188.77279316666667,82.972725
KE033,Narok,2010-03,125.20401583333334,43.673035
KE033,Narok,2010-04,92.09534366666666,53.261356
KE033,Narok,2010-05,130.74304733333335,65.60969
KE033,Narok,2010-06,97.36833,67.33959
KE033,Narok,2010-07,74.28753583333334,65.55473
KE033,Narok,2010-08,93.52872416666666,64.33346
KE033,Narok,2010-09,127.01690433333334,76.729126
KE033,Narok,2010-10,125.22798933333333,95.85085
KE033,Narok,2010-11,90.76785416666667,74.723175
KE033,Narok,2010-12,77.33231066666667,24.442974
KE033,Narok,2011-01,69.81573883333333,44.56363
KE033,Narok,2011-02,94.23549016666668,25.254297
KE033,Narok,2011-03,90.89577466666667,36.95617
KE033,Narok,2011-04,50.8275135,27.029795
KE033,Narok,2011-05,100.4292875,50.98154
KE033,Narok,2011-06,119.979666,62.383686
KE033,Narok,2011-07,119.6630525,58.84731
KE033,Narok,2011-08,154.27558666666667,82.4519
KE033,Narok,2011-09,149.43001666666666,111.24761
KE033,Narok,2011-10,161.12715266666666,125.757706
KE033,Narok,2011-11,141.49346916666667,66.07098
KE033,Narok,2011-12,131.70461266666666,67.249306
KE033,Narok,2012-01,38.08378666666667,30.82685
KE033,Narok,2012-02,73.1034365,31.045162
KE033,Narok,2012-03,78.89164749999999,30.405088
KE033,Narok,2012-04,176.316059,120.75336
KE033,Narok,2012-05,105.458274,65.45561
KE033,Narok,2012-06,132.59286166666666,49.445107
KE033,Narok,2012-07,113.72207900000001,87.43359
KE033,Narok,2012-08,114.34873333333333,65.42861
KE033,Narok,2012-09,125.68126833333334,66.86583
KE033,Narok,2012-10,129.96442199999998,61.426456
KE033,Narok,2012-11,113.84776766666666,67.47476
KE033,Narok,2012-12,148.56917383333334,49.44257
KE033,Narok,2013-01,88.10560666666667,35.81854
KE033,Narok,2013-02,70.19791316666667,29.767952
KE033,Narok,2013-03,133.00367833333334,106.86692
KE033,Narok,2013-04,184.25430000000003,79.8656
KE033,Narok,2013-05,65.10860100000001,45.14113
KE033,Narok,2013-06,93.531055,57.96029
KE033,Narok,2013-07,94.96577733333334,69.87757
KE033,Narok,2013-08,107.9700945,63.071667
KE033,Narok,2013-09,118.43702166666667,77.0427
KE033,Narok,2013-10,77.55581916666667,33.63717
KE033,Narok,2013-11,89.93488233333333,70.217804
KE033,Narok,2013-12,126.50377583333334,45.739254
KE033,Narok,2014-01,69.77960483333334,42.008377
KE033,Narok,2014-02,157.3749175,50.941032
KE033,Narok,2014-03,102.18162983333333,24.759167
KE033,Narok,2014-04,51.68006433333334,33.67497
KE033,Narok,2014-05,72.216211,47.44604
KE033,Narok,2014-06,105.25255683333334,50.763107
KE033,Narok,2014-07,90.85958933333335,71.50454
KE033,Narok,2014-08,173.27147333333332,87.29874
KE033,Narok,2014-09,112.1127675,73.731255
KE033,Narok,2014-10,109.091387,47.111572
KE033,Narok,2014-11,73.02132933333333,50.59914
KE033,Narok,2014-12,91.91028116666666,53.524883
KE033,Narok,2015-01,33.16307683333333,26.503223
KE033,Narok,2015-02,59.05959933333333,29.061335
KE033,Narok,2015-03,61.915391166666666,20.429806
KE033,Narok,2015-04,154.92248500000002,126.19845
KE033,Narok,2015-05,128.15892283333335,51.511127
KE033,Narok,2015-06,145.41956933333333,82.02833
KE033,Narok,2015-07,86.21404483333333,59.886814
KE033,Narok,2015-08,73.91552416666667,48.349686
KE033,Narok,2015-09,90.83165233333334,69.83825
KE033,Narok,2015-10,127.20441133333334,77.855804
KE033,Narok,2015-11,126.40227433333332,78.00451
KE033,Narok,2015-12,144.74959966666668,45.954792
KE033,Narok,2016-01,125.61852600000002,83.69476
KE033,Narok,2016-02,68.18323916666667,53.87591
KE033,Narok,2016-03,81.43693316666666,33.67832
KE033,Narok,2016-04,137.122166,100.630226
KE033,Narok,2016-05,97.389685,80.55432
KE033,Narok,2016-06,82.932383,42.151134
KE033,Narok,2016-07,86.03613683333333,70.12212
KE033,Narok,2016-08,77.43406733333333,56.50567
KE033,Narok,2016-09,106.83075533333333,55.267162
KE033,Narok,2016-10,96.05459166666667,51.75215
KE033,Narok,2016-11,118.68638333333332,83.74869
KE033,Narok,2016-12,47.92264666666667,21.832872
KE033,Narok,2017-01,45.48076866666667,26.014126
KE033,Narok,2017-02,84.42609466666666,39.989788
KE033,Narok,2017-03,81.24923116666666,48.81911
KE033,Narok,2017-04,72.40690733333334,41.316658
KE033,Narok,2017-05,79.1479895,54.814487
KE033,Narok,2017-06,115.57306316666666,55.004894
KE033,Narok,2017-07,152.22974333333335,100.07118
KE033,Narok,2017-08,112.60768683333333,83.18365
KE033,Narok,2017-09,114.54220833333333,78.71626
KE033,Narok,2017-10,118.19833166666666,75.61193
KE033,Narok,2017-11,100.75782116666666,46.438457
KE033,Narok,2017-12,71.61309216666668,32.506226
KE033,Narok,2018-01,103.58391333333333,70.62527
KE033,Narok,2018-02,70.99911416666667,29.33977
KE033,Narok,2018-03,201.878105,87.063095
KE033,Narok,2018-04,195.57883333333334,102.84945
KE033,Narok,2018-05,144.18600066666667,96.2008
KE033,Narok,2018-06,114.59259733333333,69.52172
KE033,Narok,2018-07,97.200779,55.266804
KE033,Narok,2018-08,134.24309033333333,43.581635
KE033,Narok,2018-09,67.97502716666666,42.43499
KE033,Narok,2018-10,111.22835083333332,86.358055
KE033,Narok,2018-11,77.24007666666667,68.73749
KE033,Narok,2018-12,129.08126083333335,49.80693
KE033,Narok,2019-01,53.319091833333324,36.220844
KE033,Narok,2019-02,59.70869716666667,31.184378
KE033,Narok,2019-03,64.95221,24.714869
KE033,Narok,2019-04,99.335075,39.0495
KE033,Narok,2019-05,88.69549333333333,61.19799
KE033,Narok,2019-06,170.14737,57.11065
KE033,Narok,2019-07,109.60028,101.72891
KE033,Narok,2019-08,116.857106,71.362686
KE033,Narok,2019-09,124.47920950000001,59.344967
KE033,Narok,2019-10,164.76856,84.23427
KE033,Narok,2019-11,174.2976448333333,61.040585
KE033,Narok,2019-12,245.7222843333333,118.42693
KE033,Narok,2020-01,215.53627333333336,97.937
KE033,Narok,2020-02,118.58734333333332,57.64314
KE033,Narok,2020-03,194.08624833333337,122.76948
KE033,Narok,2020-04,155.549314,64.85846
KE033,Narok,2020-05,98.11791933333332,76.2334
KE033,Narok,2020-06,120.52136666666667,62.6048
KE033,Narok,2020-07,88.15535666666666,76.2905
KE033,Narok,2020-08,92.632693,60.293865
KE033,Narok,2020-09,124.39492333333332,70.85316
KE033,Narok,2020-10,169.34334166666667,114.18041
KE033,Narok,2020-11,187.149369,100.004074
KE033,Narok,2020-12,84.58876233333334,54.239376
KE033,Narok,2021-01,91.63930933333334,51.41164
KE033,Narok,2021-02,135.47665,92.96147
KE033,Narok,2021-03,71.75151533333333,46.053627
KE033,Narok,2021-04,111.83886266666667,80.681
KE033,Narok,2021-05,122.80646916666667,75.58916
KE033,Narok,2021-06,75.97693066666666,48.78476
KE033,Narok,2021-07,119.49566833333334,53.85528
KE033,Narok,2021-08,127.59843833333333,71.54327
KE033,Narok,2021-09,118.25909916666667,101.97635
KE033,Narok,2021-10,104.30009266666667,76.371796
KE033,Narok,2021-11,99.37195483333333,51.242733
KE033,Narok,2021-12,86.14442683333334,63.66927
KE033,Narok,2022-01,164.23003208333333,52.5078125
KE033,Narok,2022-02,254.782905,162.53946
KE033,Narok,2022-03,63.2229335,34.55115
KE033,Narok,2022-04,109.08713383333334,42.556404
KE033,Narok,2022-05,130.21062666666668,58.71976
KE033,Narok,2022-06,94.41360149999998,65.38142
KE033,Narok,2022-07,89.73926216666666,57.602467
KE033,Narok,2022-08,145.50044416666665,101.653885
KE033,Narok,2022-09,136.81559000000001,108.6478
KE033,Narok,2022-10,99.2728515,49.660637
KE033,Narok,2022-11,145.94277766666667,84.7756
KE033,Narok,2022-12,141.39754250000001,77.78119
KE033,Narok,2023-01,51.74726883333333,38.522606
KE033,Narok,2023-02,40.261826,24.669062
KE033,Narok,2023-03,139.03657066666668,53.77506
KE033,Narok,2023-04,109.562861,56.335716
KE033,Narok,2023-05,86.40150916666666,63.220985
KE033,Narok,2023-06,131.30383350000002,54.526035
KE033,Narok,2023-07,71.18246649999999,59.02056
KE033,Narok,2023-08,76.90479966666668,55.86549
KE033,Narok,2023-09,194.335325,148.9988
KE033,Narok,2023-10,122.89075166666667,74.96092
KE033,Narok,2023-11,189.17425333333333,113.99267
KE033,Narok,2023-12,129.93544766666665,79.47444
KE033,Narok,2024-01,268.15502833333335,154.0588
KE033,Narok,2024-02,120.91145783333333,63.046707
KE033,Narok,2024-03,94.41723366666668,28.653666
KE033,Narok,2024-04,173.97418433333334,108.120476
KE033,Narok,2024-05,147.36382666666665,72.871895
KE033,Narok,2024-06,78.84230383333333,61.996723
KE033,Narok,2024-07,170.38092833333334,79.63733
KE033,Narok,2024-08,69.60813483333334,41.926853
KE033,Narok,2024-09,114.04747333333334,74.85511
KE033,Narok,2024-10,101.07308233333333,72.23365
KE033,Narok,2024-11,164.4803305,82.5226
KE033,Narok,2024-12,131.04576666666665,109.8328
KE033,Narok,2025-01,143.27072983333335,55.98765
KE033,Narok,2025-02,44.844030833333335,25.675205
KE033,Narok,2025-03,122.32570833333334,71.30122
KE033,Narok,2025-04,129.87602316666667,75.037674
KE033,Narok,2025-05,132.683215,102.59248
KE033,Narok,2025-06,95.40895083333334,73.50314
KE033,Narok,2025-07,115.52117,57.17675
KE033,Narok,2025-08,112.91357966666668,52.708042
KE033,Narok,2025-09,78.93804266666666,58.49234
KE033,Narok,2025-10,127.82069666666666,58.7354
KE033,Narok,2025-11,59.648837500000006,31.715876
KE033,Narok,2025-12,122.6062845,30.862507
KE033,Narok,2026-01,48.18592950000001,38.18431
KE033,Narok,2026-02,263.99619083333334,99.317795
KE033,Narok,2026-03,241.35254333333333,116.18351
KE033,Narok,2026-04,95.516231,58.254086
KE033,Narok,2026-05,204.932925,192.89865
KE046,Nyamira,2006-01,79.03221033333334,36.561337
KE046,Nyamira,2006-02,83.36943666666666,33.0865
KE046,Nyamira,2006-03,128.19531833333335,64.577835
KE046,Nyamira,2006-04,108.933002,92.1222
KE046,Nyamira,2006-05,129.19160666666667,107.00631
KE046,Nyamira,2006-06,89.00977333333333,77.41148
KE046,Nyamira,2006-07,64.393136,54.79185
KE046,Nyamira,2006-08,65.864316,41.241844
KE046,Nyamira,2006-09,85.37846266666666,56.422688
KE046,Nyamira,2006-10,77.63457966666667,27.611975
KE046,Nyamira,2006-11,180.53162033333334,97.185776
KE046,Nyamira,2006-12,205.14865333333333,78.20757
KE046,Nyamira,2007-01,150.00183666666666,77.39181
KE046,Nyamira,2007-02,155.69411666666667,86.12756
KE046,Nyamira,2007-03,107.32470333333333,60.41131
KE046,Nyamira,2007-04,67.86257633333334,22.015963
KE046,Nyamira,2007-05,82.62297133333334,59.34251
KE046,Nyamira,2007-06,107.63558499999999,71.5078
KE046,Nyamira,2007-07,115.79048,56.54675
KE046,Nyamira,2007-08,83.034397,67.19015
KE046,Nyamira,2007-09,102.10314166666667,62.515865
KE046,Nyamira,2007-10,64.74848433333334,30.209143
KE046,Nyamira,2007-11,67.398022,58.344513
KE046,Nyamira,2007-12,69.74922133333334,41.502254
KE046,Nyamira,2008-01,57.638827,25.505363
KE046,Nyamira,2008-02,89.52922733333334,35.722282
KE046,Nyamira,2008-03,116.02574133333333,37.086304
KE046,Nyamira,2008-04,75.79546766666668,36.064243
KE046,Nyamira,2008-05,72.01232,64.73728
KE046,Nyamira,2008-06,87.50334333333335,30.95576
KE046,Nyamira,2008-07,140.79214,124.11037
KE046,Nyamira,2008-08,100.46491833333334,58.27495
KE046,Nyamira,2008-09,98.90738633333335,53.078045
KE046,Nyamira,2008-10,120.98403666666667,70.67025
KE046,Nyamira,2008-11,89.18096800000001,28.465519
KE046,Nyamira,2008-12,56.08084233333333,45.444935
KE046,Nyamira,2009-01,104.83736900000001,26.56908
KE046,Nyamira,2009-02,69.01177533333333,27.606201
KE046,Nyamira,2009-03,65.74766566666666,50.503426
KE046,Nyamira,2009-04,94.31961266666667,54.862988
KE046,Nyamira,2009-05,96.13277733333332,37.257656
KE046,Nyamira,2009-06,54.908287333333334,45.385666
KE046,Nyamira,2009-07,64.78723833333333,56.44916
KE046,Nyamira,2009-08,103.78672533333332,69.807236
KE046,Nyamira,2009-09,139.42035,103.68396
KE046,Nyamira,2009-10,67.28274166666667,35.26067
KE046,Nyamira,2009-11,83.25094766666666,30.0973
KE046,Nyamira,2009-12,160.04264333333333,94.20136
KE046,Nyamira,2010-01,107.78665166666667,35.240932
KE046,Nyamira,2010-02,209.76261,79.05309
KE046,Nyamira,2010-03,110.65889333333332,32.05805
KE046,Nyamira,2010-04,110.92706,61.30921
KE046,Nyamira,2010-05,135.62881166666668,82.2798
KE046,Nyamira,2010-06,100.478458,72.9782
KE046,Nyamira,2010-07,89.222615,60.05654
KE046,Nyamira,2010-08,92.58478000000001,49.50471
KE046,Nyamira,2010-09,109.41954,68.95438
KE046,Nyamira,2010-10,108.84039,84.12968
KE046,Nyamira,2010-11,65.18345133333334,54.997074
KE046,Nyamira,2010-12,95.91657266666668,31.347698
KE046,Nyamira,2011-01,76.68028133333333,36.7239
KE046,Nyamira,2011-02,87.20936233333333,26.651737
KE046,Nyamira,2011-03,73.327975,26.146189
KE046,Nyamira,2011-04,56.530908000000004,27.551403
KE046,Nyamira,2011-05,104.07893333333334,53.80622
KE046,Nyamira,2011-06,90.83406000000001,66.70132
KE046,Nyamira,2011-07,95.99860000000001,49.91713
KE046,Nyamira,2011-08,159.51373666666666,88.88446
KE046,Nyamira,2011-09,129.75989333333334,104.33157
KE046,Nyamira,2011-10,116.25073833333333,102.50535
KE046,Nyamira,2011-11,147.06888733333332,55.583202
KE046,Nyamira,2011-12,103.72903666666666,77.15614
KE046,Nyamira,2012-01,30.328012666666666,28.414158
KE046,Nyamira,2012-02,61.526645,30.723175
KE046,Nyamira,2012-03,80.47819500000001,26.385223
KE046,Nyamira,2012-04,153.61832333333334,105.42501
KE046,Nyamira,2012-05,95.30177333333334,89.07115
KE046,Nyamira,2012-06,173.00392333333335,63.49522
KE046,Nyamira,2012-07,132.87404666666666,97.00692
KE046,Nyamira,2012-08,117.181558,65.30563
KE046,Nyamira,2012-09,171.65862333333334,115.33935
KE046,Nyamira,2012-10,109.60749,51.775665
KE046,Nyamira,2012-11,133.55013333333332,80.55832
KE046,Nyamira,2012-12,146.11951533333334,34.896496
KE046,Nyamira,2013-01,81.16524333333334,45.85012
KE046,Nyamira,2013-02,85.88648466666666,48.712204
KE046,Nyamira,2013-03,128.79527666666667,113.18548
KE046,Nyamira,2013-04,155.551252,94.272606
KE046,Nyamira,2013-05,69.97662,39.35221
KE046,Nyamira,2013-06,85.25033133333334,48.136204
KE046,Nyamira,2013-07,85.54439766666667,51.477043
KE046,Nyamira,2013-08,101.31611,73.40025
KE046,Nyamira,2013-09,110.25489166666667,61.488525
KE046,Nyamira,2013-10,93.39652833333332,32.806305
KE046,Nyamira,2013-11,109.31306000000001,76.487564
KE046,Nyamira,2013-12,100.50238566666667,49.601917
KE046,Nyamira,2014-01,76.23903966666667,35.646664
KE046,Nyamira,2014-02,165.75094833333335,96.416565
KE046,Nyamira,2014-03,92.80892,19.95367
KE046,Nyamira,2014-04,56.554386,29.460192
KE046,Nyamira,2014-05,96.464498,89.26665
KE046,Nyamira,2014-06,102.32672333333333,41.01638
KE046,Nyamira,2014-07,106.29305,68.98655
KE046,Nyamira,2014-08,209.09312666666668,147.64436
KE046,Nyamira,2014-09,94.56695666666667,69.34849
KE046,Nyamira,2014-10,102.90067666666666,68.4045
KE046,Nyamira,2014-11,85.43247733333334,56.965862
KE046,Nyamira,2014-12,83.83749066666667,41.402622
KE046,Nyamira,2015-01,27.480677333333333,23.340202
KE046,Nyamira,2015-02,61.582745666666675,25.405703
KE046,Nyamira,2015-03,55.975887666666665,16.556728
KE046,Nyamira,2015-04,152.74234666666666,118.78245
KE046,Nyamira,2015-05,126.40075333333334,103.34364
KE046,Nyamira,2015-06,137.73634,59.43506
KE046,Nyamira,2015-07,74.23922333333333,58.33184
KE046,Nyamira,2015-08,65.93258433333334,26.371939
KE046,Nyamira,2015-09,104.870773,76.721535
KE046,Nyamira,2015-10,135.99180666666666,57.00553
KE046,Nyamira,2015-11,117.34775933333333,58.985878
KE046,Nyamira,2015-12,183.06478333333334,88.92334
KE046,Nyamira,2016-01,115.07098166666667,80.2379
KE046,Nyamira,2016-02,62.335787,44.784935
KE046,Nyamira,2016-03,81.702194,42.414246
KE046,Nyamira,2016-04,163.56814,144.44313
KE046,Nyamira,2016-05,113.151002,70.003136
KE046,Nyamira,2016-06,73.97462333333333,44.46754
KE046,Nyamira,2016-07,95.40887466666668,65.80218
KE046,Nyamira,2016-08,66.699123,38.341724
KE046,Nyamira,2016-09,99.73713500000001,52.932625
KE046,Nyamira,2016-10,77.849451,39.025833
KE046,Nyamira,2016-11,105.48586666666667,83.54447
KE046,Nyamira,2016-12,37.52451,22.266064
KE046,Nyamira,2017-01,45.167732,23.063438
KE046,Nyamira,2017-02,124.92909833333333,77.6351
KE046,Nyamira,2017-03,84.36347466666666,48.439255
KE046,Nyamira,2017-04,95.02336433333333,42.438393
KE046,Nyamira,2017-05,101.08450466666666,61.905754
KE046,Nyamira,2017-06,101.55002166666667,47.323315
KE046,Nyamira,2017-07,146.65863,108.591934
KE046,Nyamira,2017-08,113.37663666666667,88.71709
KE046,Nyamira,2017-09,128.45652833333335,83.769875
KE046,Nyamira,2017-10,112.34375833333335,71.05146
KE046,Nyamira,2017-11,87.925762,49.95023
KE046,Nyamira,2017-12,84.47678766666667,33.882553
KE046,Nyamira,2018-01,56.810113666666666,48.164635
KE046,Nyamira,2018-02,69.503951,28.47802
KE046,Nyamira,2018-03,162.26490333333334,112.74329
KE046,Nyamira,2018-04,148.93398333333334,126.16724
KE046,Nyamira,2018-05,129.89436333333333,109.617355
KE046,Nyamira,2018-06,113.67974666666667,92.18731
KE046,Nyamira,2018-07,85.634232,56.839226
KE046,Nyamira,2018-08,89.43455666666667,41.096886
KE046,Nyamira,2018-09,59.06103266666667,43.961876
KE046,Nyamira,2018-10,150.81428666666667,100.82254
KE046,Nyamira,2018-11,92.902765,43.15155
KE046,Nyamira,2018-12,144.61661833333332,80.467865
KE046,Nyamira,2019-01,41.78060833333333,26.735003
KE046,Nyamira,2019-02,75.40554933333334,27.296358
KE046,Nyamira,2019-03,68.46615666666666,18.53562
KE046,Nyamira,2019-04,93.29564,37.44322
KE046,Nyamira,2019-05,105.43439666666666,95.42006
KE046,Nyamira,2019-06,144.51746,70.50056
KE046,Nyamira,2019-07,105.79343,53.96607
KE046,Nyamira,2019-08,96.43030333333331,59.88366
KE046,Nyamira,2019-09,118.035781,62.531883
KE046,Nyamira,2019-10,202.82145,147.18333
KE046,Nyamira,2019-11,170.25789333333333,80.8441
KE046,Nyamira,2019-12,227.89395,109.92818
KE046,Nyamira,2020-01,185.44118333333336,84.50704
KE046,Nyamira,2020-02,140.2086,124.98424
KE046,Nyamira,2020-03,191.26443000000003,172.78737
KE046,Nyamira,2020-04,121.38376166666667,37.196495
KE046,Nyamira,2020-05,101.29597333333334,87.39944
KE046,Nyamira,2020-06,115.78746333333333,90.83309
KE046,Nyamira,2020-07,121.15091466666667,108.759834
KE046,Nyamira,2020-08,102.51768333333332,70.91936
KE046,Nyamira,2020-09,129.974394,75.399956
KE046,Nyamira,2020-10,201.19646333333333,149.49944
KE046,Nyamira,2020-11,260.55435666666665,151.98251
KE046,Nyamira,2020-12,81.63823000000001,66.58681
KE046,Nyamira,2021-01,91.89358433333332,52.196907
KE046,Nyamira,2021-02,154.24154,119.58406
KE046,Nyamira,2021-03,95.11303666666667,73.54881
KE046,Nyamira,2021-04,149.89647333333332,92.58917
KE046,Nyamira,2021-05,103.26192566666667,59.189217
KE046,Nyamira,2021-06,88.200307,50.025986
KE046,Nyamira,2021-07,103.8401,38.57084
KE046,Nyamira,2021-08,135.59001833333335,90.637535
KE046,Nyamira,2021-09,156.39126666666667,117.35338
KE046,Nyamira,2021-10,107.51937333333335,65.25947
KE046,Nyamira,2021-11,96.311479,58.365757
KE046,Nyamira,2021-12,87.62239033333333,61.015995
KE046,Nyamira,2022-01,155.06979333333334,76.95395
KE046,Nyamira,2022-02,330.3701266666667,289.47366
KE046,Nyamira,2022-03,84.85395333333334,22.08665
KE046,Nyamira,2022-04,98.7326,45.28998
KE046,Nyamira,2022-05,128.98170666666667,72.50319
KE046,Nyamira,2022-06,107.632445,78.08591
KE046,Nyamira,2022-07,80.72402066666666,59.838562
KE046,Nyamira,2022-08,177.1200233333333,124.5626
KE046,Nyamira,2022-09,137.35151,127.10867
KE046,Nyamira,2022-10,84.66656666666667,35.86549
KE046,Nyamira,2022-11,152.10591200000002,101.593506
KE046,Nyamira,2022-12,240.3192733333333,154.30142
KE046,Nyamira,2023-01,38.985815,36.999195
KE046,Nyamira,2023-02,39.107633666666665,22.12278
KE046,Nyamira,2023-03,147.80558333333332,80.43394
KE046,Nyamira,2023-04,133.61330333333333,90.16938
KE046,Nyamira,2023-05,104.40930333333334,66.95471
KE046,Nyamira,2023-06,146.83388533333334,81.275276
KE046,Nyamira,2023-07,74.89064066666667,53.055595
KE046,Nyamira,2023-08,91.96313633333334,50.119484
KE046,Nyamira,2023-09,190.37978999999999,175.30296
KE046,Nyamira,2023-10,153.94937666666667,73.21812
KE046,Nyamira,2023-11,178.00607666666667,167.76762
KE046,Nyamira,2023-12,133.10464133333335,98.098854
KE046,Nyamira,2024-01,241.4237966666667,203.49939
KE046,Nyamira,2024-02,151.74044666666666,110.48527
KE046,Nyamira,2024-03,99.13823766666667,18.799473
KE046,Nyamira,2024-04,132.10606333333334,78.1136
KE046,Nyamira,2024-05,105.053472,81.07826
KE046,Nyamira,2024-06,69.65550933333333,59.512444
KE046,Nyamira,2024-07,148.67591333333334,79.45793
KE046,Nyamira,2024-08,86.49936000000001,43.65452
KE046,Nyamira,2024-09,105.21976166666667,98.21471
KE046,Nyamira,2024-10,101.62458500000001,66.71101
KE046,Nyamira,2024-11,158.26504,75.16406
KE046,Nyamira,2024-12,123.90477333333335,104.62904
KE046,Nyamira,2025-01,108.216507,42.159966
KE046,Nyamira,2025-02,44.802395999999995,25.643898
KE046,Nyamira,2025-03,130.09584333333336,83.25497
KE046,Nyamira,2025-04,147.50906866666668,95.93085
KE046,Nyamira,2025-05,158.79398666666665,146.79684
KE046,Nyamira,2025-06,87.86341333333333,66.86443
KE046,Nyamira,2025-07,176.69187666666664,77.80384
KE046,Nyamira,2025-08,70.98393666666666,53.25595
KE046,Nyamira,2025-09,98.33593499999999,75.669815
KE046,Nyamira,2025-10,127.39494466666667,71.28537
KE046,Nyamira,2025-11,58.173770999999995,28.465519
KE046,Nyamira,2025-12,140.19886666666665,27.61925
KE046,Nyamira,2026-01,44.541901333333335,41.05292
KE046,Nyamira,2026-02,267.94774,218.7697
KE046,Nyamira,2026-03,194.53888666666668,176.68932
KE046,Nyamira,2026-04,97.74335666666667,89.867065
KE046,Nyamira,2026-05,178.40685,178.40685
KE018,Nyandarua,2006-01,68.59301933333334,63.6229
KE018,Nyandarua,2006-02,88.98951966666665,41.853493
KE018,Nyandarua,2006-03,132.312498,44.59214
KE018,Nyandarua,2006-04,100.95303666666666,78.03415
KE018,Nyandarua,2006-05,86.89904533333333,59.46205
KE018,Nyandarua,2006-06,68.922104,52.318687
KE018,Nyandarua,2006-07,78.60190166666666,65.49428
KE018,Nyandarua,2006-08,106.52184899999999,62.949287
KE018,Nyandarua,2006-09,90.593825,66.84382
KE018,Nyandarua,2006-10,80.41494666666667,65.7897
KE018,Nyandarua,2006-11,193.151912,116.796646
KE018,Nyandarua,2006-12,182.55455166666664,82.122925
KE018,Nyandarua,2007-01,101.19907666666666,83.227325
KE018,Nyandarua,2007-02,166.69056333333333,110.31038
KE018,Nyandarua,2007-03,59.28219633333333,43.269615
KE018,Nyandarua,2007-04,94.52428866666666,31.05478
KE018,Nyandarua,2007-05,99.02425466666666,73.07978
KE018,Nyandarua,2007-06,144.64523333333332,104.66109
KE018,Nyandarua,2007-07,132.27886333333333,53.83324
KE018,Nyandarua,2007-08,116.82629133333334,72.832634
KE018,Nyandarua,2007-09,179.38383,88.99007
KE018,Nyandarua,2007-10,92.33567133333334,77.786064
KE018,Nyandarua,2007-11,64.68098133333334,54.7427
KE018,Nyandarua,2007-12,53.45290766666667,46.238243
KE018,Nyandarua,2008-01,77.97370333333333,51.9648
KE018,Nyandarua,2008-02,86.87435666666666,49.12259
KE018,Nyandarua,2008-03,126.51163666666666,58.71728
KE018,Nyandarua,2008-04,49.98618466666667,32.21146
KE018,Nyandarua,2008-05,52.73126633333334,34.178764
KE018,Nyandarua,2008-06,56.83673233333334,50.018185
KE018,Nyandarua,2008-07,79.30221833333333,57.41191
KE018,Nyandarua,2008-08,62.069366,53.563828
KE018,Nyandarua,2008-09,140.94100666666665,109.27701
KE018,Nyandarua,2008-10,130.19593133333333,115.5269
KE018,Nyandarua,2008-11,105.56962666666668,65.85933
KE018,Nyandarua,2008-12,53.016736,44.757362
KE018,Nyandarua,2009-01,68.55435833333333,49.396175
KE018,Nyandarua,2009-02,70.65460166666666,53.469055
KE018,Nyandarua,2009-03,46.23596366666667,40.33106
KE018,Nyandarua,2009-04,77.72467133333333,69.52389
KE018,Nyandarua,2009-05,88.78060166666667,45.077385
KE018,Nyandarua,2009-06,54.534888333333335,49.977444
KE018,Nyandarua,2009-07,44.336784333333334,36.289673
KE018,Nyandarua,2009-08,54.115355,46.639072
KE018,Nyandarua,2009-09,72.79065633333333,64.7656
KE018,Nyandarua,2009-10,104.18850466666667,77.905594
KE018,Nyandarua,2009-11,92.79090833333333,65.86662
KE018,Nyandarua,2009-12,190.39246666666668,120.69124
KE018,Nyandarua,2010-01,124.79829733333334,62.856422
KE018,Nyandarua,2010-02,250.00608333333332,189.61119
KE018,Nyandarua,2010-03,172.79469666666668,57.03578
KE018,Nyandarua,2010-04,122.06142,103.70703
KE018,Nyandarua,2010-05,131.7590733333333,87.98467
KE018,Nyandarua,2010-06,74.79183,70.082375
KE018,Nyandarua,2010-07,82.35801,56.94663
KE018,Nyandarua,2010-08,112.65699333333333,74.39723
KE018,Nyandarua,2010-09,122.69631499999998,111.793365
KE018,Nyandarua,2010-10,95.75132333333333,81.43955
KE018,Nyandarua,2010-11,67.409124,57.189625
KE018,Nyandarua,2010-12,59.03497866666667,47.54441
KE018,Nyandarua,2011-01,56.435830333333335,50.612213
KE018,Nyandarua,2011-02,83.88229766666667,44.698433
KE018,Nyandarua,2011-03,103.22450333333335,44.32103
KE018,Nyandarua,2011-04,48.75115233333333,28.287521
KE018,Nyandarua,2011-05,77.26780000000001,40.8571
KE018,Nyandarua,2011-06,170.66602833333334,96.882065
KE018,Nyandarua,2011-07,147.44173666666666,110.38362
KE018,Nyandarua,2011-08,168.94600666666668,130.03493
KE018,Nyandarua,2011-09,169.75819666666666,129.6652
KE018,Nyandarua,2011-10,124.37910666666666,53.34157
KE018,Nyandarua,2011-11,158.97775,81.24316
KE018,Nyandarua,2011-12,101.35228000000001,40.75235
KE018,Nyandarua,2012-01,50.90943066666667,46.422596
KE018,Nyandarua,2012-02,87.32971333333334,59.95509
KE018,Nyandarua,2012-03,50.040946999999996,36.921005
KE018,Nyandarua,2012-04,171.59765166666668,97.981415
KE018,Nyandarua,2012-05,164.72918666666666,89.13058
KE018,Nyandarua,2012-06,113.508059,50.862457
KE018,Nyandarua,2012-07,159.95900666666668,123.74285
KE018,Nyandarua,2012-08,119.81644666666666,116.11661
KE018,Nyandarua,2012-09,113.90844,78.96542
KE018,Nyandarua,2012-10,128.52668966666667,116.006004
KE018,Nyandarua,2012-11,76.08274333333333,56.95061
KE018,Nyandarua,2012-12,118.26811500000001,85.264435
KE018,Nyandarua,2013-01,112.268905,59.66957
KE018,Nyandarua,2013-02,54.11298466666667,36.27053
KE018,Nyandarua,2013-03,120.52262166666667,55.886555
KE018,Nyandarua,2013-04,191.56494,96.85678
KE018,Nyandarua,2013-05,70.70642666666667,65.61443
KE018,Nyandarua,2013-06,118.22032833333333,55.65
KE018,Nyandarua,2013-07,126.95815666666665,91.09964
KE018,Nyandarua,2013-08,119.90524833333335,56.642735
KE018,Nyandarua,2013-09,108.53793733333333,72.302986
KE018,Nyandarua,2013-10,79.359572,55.75443
KE018,Nyandarua,2013-11,98.957562,87.56326
KE018,Nyandarua,2013-12,153.554982,69.65126
KE018,Nyandarua,2014-01,57.61932166666667,54.143612
KE018,Nyandarua,2014-02,167.696762,57.915886
KE018,Nyandarua,2014-03,142.95918333333333,31.73105
KE018,Nyandarua,2014-04,50.74927233333333,39.508087
KE018,Nyandarua,2014-05,68.44775033333333,56.364727
KE018,Nyandarua,2014-06,113.00067666666666,101.85399
KE018,Nyandarua,2014-07,72.136062,64.39044
KE018,Nyandarua,2014-08,121.09194333333333,84.71798
KE018,Nyandarua,2014-09,101.90737433333334,54.859417
KE018,Nyandarua,2014-10,97.79924666666666,65.69878
KE018,Nyandarua,2014-11,83.01594,58.62605
KE018,Nyandarua,2014-12,86.54783666666667,73.84411
KE018,Nyandarua,2015-01,51.35064033333333,43.1902
KE018,Nyandarua,2015-02,77.59182466666668,43.396732
KE018,Nyandarua,2015-03,56.55130166666667,53.001915
KE018,Nyandarua,2015-04,128.65640666666667,116.97154
KE018,Nyandarua,2015-05,103.94292666666666,88.77265
KE018,Nyandarua,2015-06,77.10119666666667,49.64439
KE018,Nyandarua,2015-07,72.130288,62.748844
KE018,Nyandarua,2015-08,53.83631566666667,39.917397
KE018,Nyandarua,2015-09,53.60620766666667,46.37761
KE018,Nyandarua,2015-10,113.31361833333334,95.824135
KE018,Nyandarua,2015-11,142.53288666666666,113.94467
KE018,Nyandarua,2015-12,145.483195,65.798065
KE018,Nyandarua,2016-01,159.59625000000003,83.2796
KE018,Nyandarua,2016-02,72.13230066666667,50.771248
KE018,Nyandarua,2016-03,82.21709333333332,36.34421
KE018,Nyandarua,2016-04,126.42903000000001,79.7292
KE018,Nyandarua,2016-05,104.77097666666667,64.5457
KE018,Nyandarua,2016-06,91.591453,71.623955
KE018,Nyandarua,2016-07,69.903016,58.871258
KE018,Nyandarua,2016-08,81.719928,63.40544
KE018,Nyandarua,2016-09,86.91916833333333,55.056965
KE018,Nyandarua,2016-10,83.34578466666666,59.586437
KE018,Nyandarua,2016-11,104.2786,75.35989
KE018,Nyandarua,2016-12,49.05347766666667,41.503395
KE018,Nyandarua,2017-01,59.715204666666665,53.533154
KE018,Nyandarua,2017-02,103.53447333333334,65.00662
KE018,Nyandarua,2017-03,48.42126066666666,46.466007
KE018,Nyandarua,2017-04,53.58197799999999,52.786404
KE018,Nyandarua,2017-05,84.47855766666667,62.234653
KE018,Nyandarua,2017-06,65.36760766666667,49.28297
KE018,Nyandarua,2017-07,148.02718833333333,114.550415
KE018,Nyandarua,2017-08,135.36756333333332,75.16409
KE018,Nyandarua,2017-09,135.51366333333334,117.30342
KE018,Nyandarua,2017-10,129.114469,58.320827
KE018,Nyandarua,2017-11,105.41037,70.626854
KE018,Nyandarua,2017-12,44.619424,35.070534
KE018,Nyandarua,2018-01,81.470658,61.43073
KE018,Nyandarua,2018-02,64.478271,52.832073
KE018,Nyandarua,2018-03,238.18840999999998,65.21028
KE018,Nyandarua,2018-04,216.56440999999998,183.13681
KE018,Nyandarua,2018-05,212.55636,157.21657
KE018,Nyandarua,2018-06,265.60498666666666,215.93047
KE018,Nyandarua,2018-07,102.94212800000001,79.872444
KE018,Nyandarua,2018-08,95.71724,51.87488
KE018,Nyandarua,2018-09,94.43002166666668,57.56037
KE018,Nyandarua,2018-10,80.034978,77.190704
KE018,Nyandarua,2018-11,76.728126,72.692474
KE018,Nyandarua,2018-12,167.44469333333333,62.36938
KE018,Nyandarua,2019-01,72.23046066666667,62.636726
KE018,Nyandarua,2019-02,57.695804333333335,46.53719
KE018,Nyandarua,2019-03,40.60845066666667,33.495346
KE018,Nyandarua,2019-04,81.30490400000001,33.76347
KE018,Nyandarua,2019-05,69.54632099999999,48.74865
KE018,Nyandarua,2019-06,153.59891666666667,61.11824
KE018,Nyandarua,2019-07,110.45332,80.74119
KE018,Nyandarua,2019-08,122.14739833333333,73.9413
KE018,Nyandarua,2019-09,106.07703866666667,73.75138
KE018,Nyandarua,2019-10,170.48785666666666,140.40521
KE018,Nyandarua,2019-11,176.4926066666667,81.75358
KE018,Nyandarua,2019-12,204.32279666666668,100.56547
KE018,Nyandarua,2020-01,162.96612466666667,103.09313
KE018,Nyandarua,2020-02,136.04257666666666,58.86467
KE018,Nyandarua,2020-03,189.34178,86.72484
KE018,Nyandarua,2020-04,196.01410666666666,52.76823
KE018,Nyandarua,2020-05,107.48521333333333,90.35981
KE018,Nyandarua,2020-06,160.44649666666666,131.81653
KE018,Nyandarua,2020-07,110.86569333333334,88.19368
KE018,Nyandarua,2020-08,133.01299666666668,60.5852
KE018,Nyandarua,2020-09,125.60137333333334,77.04446
KE018,Nyandarua,2020-10,116.13207333333332,77.78758
KE018,Nyandarua,2020-11,95.85217833333333,79.17022
KE018,Nyandarua,2020-12,60.42531566666667,55.327637
KE018,Nyandarua,2021-01,136.72767,68.13795
KE018,Nyandarua,2021-02,112.62950666666667,107.45994
KE018,Nyandarua,2021-03,72.26462933333333,57.369316
KE018,Nyandarua,2021-04,61.36923733333333,55.14245
KE018,Nyandarua,2021-05,130.56485666666666,78.42157
KE018,Nyandarua,2021-06,51.84486366666667,40.697582
KE018,Nyandarua,2021-07,132.156512,62.099236
KE018,Nyandarua,2021-08,90.18114633333334,80.899254
KE018,Nyandarua,2021-09,111.29459000000001,86.15505
KE018,Nyandarua,2021-10,96.92841666666668,72.72261
KE018,Nyandarua,2021-11,60.00827733333333,44.91865
KE018,Nyandarua,2021-12,107.83814333333333,88.59075
KE018,Nyandarua,2022-01,79.61485533333334,56.93126
KE018,Nyandarua,2022-02,129.601582,72.31624
KE018,Nyandarua,2022-03,57.07937999999999,44.29935
KE018,Nyandarua,2022-04,83.45497,38.68304
KE018,Nyandarua,2022-05,63.38797466666667,44.026394
KE018,Nyandarua,2022-06,58.602183333333336,50.373936
KE018,Nyandarua,2022-07,63.05241,55.480225
KE018,Nyandarua,2022-08,99.718462,80.30316
KE018,Nyandarua,2022-09,135.30748666666668,85.4555
KE018,Nyandarua,2022-10,66.14115466666667,43.733654
KE018,Nyandarua,2022-11,147.06541,76.68989
KE018,Nyandarua,2022-12,64.85404333333334,58.912666
KE018,Nyandarua,2023-01,74.39339166666666,57.53103
KE018,Nyandarua,2023-02,41.17294566666667,33.27297
KE018,Nyandarua,2023-03,112.30884166666668,47.96053
KE018,Nyandarua,2023-04,104.51412666666666,58.802986
KE018,Nyandarua,2023-05,66.83792,53.27739
KE018,Nyandarua,2023-06,104.733672,68.659386
KE018,Nyandarua,2023-07,53.387527,47.068707
KE018,Nyandarua,2023-08,53.738316999999995,39.598057
KE018,Nyandarua,2023-09,136.00405666666666,123.01743
KE018,Nyandarua,2023-10,100.05669966666666,67.700485
KE018,Nyandarua,2023-11,172.57746,118.05138
KE018,Nyandarua,2023-12,75.48693866666666,62.34222
KE018,Nyandarua,2024-01,197.495285,115.380905
KE018,Nyandarua,2024-02,115.232439,58.527447
KE018,Nyandarua,2024-03,75.99006233333334,43.098907
KE018,Nyandarua,2024-04,215.66362666666666,198.2762
KE018,Nyandarua,2024-05,203.66961666666666,116.49435
KE018,Nyandarua,2024-06,64.64549966666667,50.914513
KE018,Nyandarua,2024-07,137.631132,79.10825
KE018,Nyandarua,2024-08,108.54868066666667,56.927532
KE018,Nyandarua,2024-09,87.36978866666668,77.45197
KE018,Nyandarua,2024-10,88.428339,62.195797
KE018,Nyandarua,2024-11,144.92731666666666,102.13597
KE018,Nyandarua,2024-12,69.89909666666667,46.26612
KE018,Nyandarua,2025-01,136.00082,63.82086
KE018,Nyandarua,2025-02,46.64796333333334,36.982452
KE018,Nyandarua,2025-03,140.70711,134.98503
KE018,Nyandarua,2025-04,113.05154833333334,88.276955
KE018,Nyandarua,2025-05,107.92211000000002,91.53722
KE018,Nyandarua,2025-06,92.15220866666668,58.081806
KE018,Nyandarua,2025-07,82.142792,50.65386
KE018,Nyandarua,2025-08,144.41540999999998,70.14818
KE018,Nyandarua,2025-09,167.62534666666667,131.99396
KE018,Nyandarua,2025-10,134.70225333333335,59.14221
KE018,Nyandarua,2025-11,59.37856166666668,51.4857
KE018,Nyandarua,2025-12,146.48754,65.09615
KE018,Nyandarua,2026-01,52.551355,45.915802
KE018,Nyandarua,2026-02,333.98650000000004,84.34534
KE018,Nyandarua,2026-03,247.89329,129.46126
KE018,Nyandarua,2026-04,87.74947200000001,61.641026
KE018,Nyandarua,2026-05,198.06119,198.06119
KE019,Nyeri,2006-01,61.85662,58.474014
KE019,Nyeri,2006-02,101.00932866666666,46.1448
KE019,Nyeri,2006-03,129.63444966666665,53.554756
KE019,Nyeri,2006-04,102.37187999999999,73.77163
KE019,Nyeri,2006-05,77.961048,52.082478
KE019,Nyeri,2006-06,67.38629766666666,50.978683
KE019,Nyeri,2006-07,87.51103666666666,79.64601
KE019,Nyeri,2006-08,109.32817666666666,68.13372
KE019,Nyeri,2006-09,121.12376333333333,93.70492
KE019,Nyeri,2006-10,104.48806,78.26291
KE019,Nyeri,2006-11,186.04425333333333,140.09912
KE019,Nyeri,2006-12,214.40427999999997,81.27899
KE019,Nyeri,2007-01,103.11540666666667,76.34526
KE019,Nyeri,2007-02,121.43707,77.9688
KE019,Nyeri,2007-03,61.72059166666667,41.671535
KE019,Nyeri,2007-04,83.576542,32.60374
KE019,Nyeri,2007-05,123.63927833333334,98.369125
KE019,Nyeri,2007-06,163.25410333333335,144.42685
KE019,Nyeri,2007-07,157.93275666666668,82.86682
KE019,Nyeri,2007-08,133.07784866666665,111.063446
KE019,Nyeri,2007-09,146.95531,96.21118
KE019,Nyeri,2007-10,123.35377,99.9883
KE019,Nyeri,2007-11,64.25232966666667,51.298737
KE019,Nyeri,2007-12,63.95254966666667,55.831955
KE019,Nyeri,2008-01,104.37537933333333,51.510693
KE019,Nyeri,2008-02,97.74553166666665,56.487595
KE019,Nyeri,2008-03,125.12768266666666,75.871864
KE019,Nyeri,2008-04,55.39116666666666,36.47686
KE019,Nyeri,2008-05,46.627286,31.567678
KE019,Nyeri,2008-06,68.697282,52.746326
KE019,Nyeri,2008-07,81.37035333333334,61.85433
KE019,Nyeri,2008-08,67.53555999999999,59.34385
KE019,Nyeri,2008-09,130.41069666666667,116.35735
KE019,Nyeri,2008-10,108.47134666666666,57.09074
KE019,Nyeri,2008-11,88.37232,68.51936
KE019,Nyeri,2008-12,55.06595933333333,38.240685
KE019,Nyeri,2009-01,70.43211033333334,52.333134
KE019,Nyeri,2009-02,96.43941333333333,69.77066
KE019,Nyeri,2009-03,58.76086333333333,43.17986
KE019,Nyeri,2009-04,67.24356666666667,59.12801
KE019,Nyeri,2009-05,63.736185,35.738155
KE019,Nyeri,2009-06,79.25810666666668,67.4377
KE019,Nyeri,2009-07,51.160135,44.81437
KE019,Nyeri,2009-08,59.593077,59.013794
KE019,Nyeri,2009-09,65.55194966666666,62.299355
KE019,Nyeri,2009-10,128.68076,102.16551
KE019,Nyeri,2009-11,75.72768533333333,62.750076
KE019,Nyeri,2009-12,124.03518666666668,99.39809
KE019,Nyeri,2010-01,96.47210066666666,54.174965
KE019,Nyeri,2010-02,239.08018666666666,168.52068
KE019,Nyeri,2010-03,164.73935133333333,70.490654
KE019,Nyeri,2010-04,91.62689133333333,68.95564
KE019,Nyeri,2010-05,123.24888333333335,72.23092
KE019,Nyeri,2010-06,76.33781166666667,67.134895
KE019,Nyeri,2010-07,84.53032333333333,68.02672
KE019,Nyeri,2010-08,97.290847,82.850685
KE019,Nyeri,2010-09,82.893728,78.118454
KE019,Nyeri,2010-10,76.90548133333334,57.632744
KE019,Nyeri,2010-11,76.91941866666667,59.33501
KE019,Nyeri,2010-12,59.03877433333333,52.33455
KE019,Nyeri,2011-01,59.99951466666667,49.561356
KE019,Nyeri,2011-02,87.06325433333332,47.521465
KE019,Nyeri,2011-03,88.45415933333334,49.142742
KE019,Nyeri,2011-04,65.92585133333334,36.05717
KE019,Nyeri,2011-05,75.56583933333333,44.838688
KE019,Nyeri,2011-06,143.12800666666666,95.20499
KE019,Nyeri,2011-07,141.53913,102.97463
KE019,Nyeri,2011-08,154.054932,95.121796
KE019,Nyeri,2011-09,168.2435,117.25841
KE019,Nyeri,2011-10,129.84427466666668,57.216434
KE019,Nyeri,2011-11,157.19978,101.98704
KE019,Nyeri,2011-12,87.59052966666667,42.024853
KE019,Nyeri,2012-01,52.837473666666675,46.23219
KE019,Nyeri,2012-02,73.91450666666667,52.741993
KE019,Nyeri,2012-03,42.097044000000004,29.942125
KE019,Nyeri,2012-04,142.17638,78.20581
KE019,Nyeri,2012-05,165.10337666666666,88.44494
KE019,Nyeri,2012-06,118.71986,65.28404
KE019,Nyeri,2012-07,132.36055000000002,119.72208
KE019,Nyeri,2012-08,128.57298,108.93407
KE019,Nyeri,2012-09,92.96212466666667,82.26753
KE019,Nyeri,2012-10,129.4671,68.73531
KE019,Nyeri,2012-11,79.393322,59.50939
KE019,Nyeri,2012-12,131.3984,105.19632
KE019,Nyeri,2013-01,105.95430499999999,65.184715
KE019,Nyeri,2013-02,54.118906333333335,40.921513
KE019,Nyeri,2013-03,115.85681333333332,65.75741
KE019,Nyeri,2013-04,164.93370000000002,83.80424
KE019,Nyeri,2013-05,55.949846666666666,42.30758
KE019,Nyeri,2013-06,106.83305200000001,72.102356
KE019,Nyeri,2013-07,111.37608,106.36511
KE019,Nyeri,2013-08,116.83764466666666,70.897514
KE019,Nyeri,2013-09,113.78497866666667,100.125626
KE019,Nyeri,2013-10,61.43348,48.236015
KE019,Nyeri,2013-11,92.70566466666666,69.667404
KE019,Nyeri,2013-12,121.60807733333333,57.746376
KE019,Nyeri,2014-01,51.01283266666667,49.106987
KE019,Nyeri,2014-02,170.365621,60.740273
KE019,Nyeri,2014-03,152.293692,39.567726
KE019,Nyeri,2014-04,70.041239,50.769417
KE019,Nyeri,2014-05,66.06263733333334,56.418312
KE019,Nyeri,2014-06,131.94943800000001,119.571594
KE019,Nyeri,2014-07,76.914378,72.29387
KE019,Nyeri,2014-08,152.31718,72.91025
KE019,Nyeri,2014-09,112.74766333333332,65.1505
KE019,Nyeri,2014-10,100.240695,72.48206
KE019,Nyeri,2014-11,93.480688,63.034504
KE019,Nyeri,2014-12,92.98213466666668,76.81805
KE019,Nyeri,2015-01,58.917588,50.29534
KE019,Nyeri,2015-02,83.248532,49.201626
KE019,Nyeri,2015-03,61.801507333333326,49.6552
KE019,Nyeri,2015-04,155.08635333333334,140.40353
KE019,Nyeri,2015-05,91.83964966666667,79.645035
KE019,Nyeri,2015-06,81.33181233333333,62.906307
KE019,Nyeri,2015-07,85.512758,70.798874
KE019,Nyeri,2015-08,69.28003533333333,52.57773
KE019,Nyeri,2015-09,58.800251,58.274834
KE019,Nyeri,2015-10,127.34893333333333,116.51645
KE019,Nyeri,2015-11,143.64279333333334,130.01968
KE019,Nyeri,2015-12,137.61869166666668,71.92556
KE019,Nyeri,2016-01,176.42976666666667,99.51519
KE019,Nyeri,2016-02,73.53011066666666,53.097652
KE019,Nyeri,2016-03,77.61475133333333,37.9524
KE019,Nyeri,2016-04,127.601472,82.92732
KE019,Nyeri,2016-05,82.62493366666666,61.22161
KE019,Nyeri,2016-06,94.81738266666666,86.19004
KE019,Nyeri,2016-07,64.60062533333333,60.183125
KE019,Nyeri,2016-08,90.64042666666667,77.17949
KE019,Nyeri,2016-09,86.53875666666666,72.39567
KE019,Nyeri,2016-10,62.49831633333334,43.397594
KE019,Nyeri,2016-11,115.81685333333333,89.1233
KE019,Nyeri,2016-12,53.652404,52.929485
KE019,Nyeri,2017-01,54.900573333333334,50.90468
KE019,Nyeri,2017-02,124.09120666666666,83.57728
KE019,Nyeri,2017-03,50.033701666666666,40.72615
KE019,Nyeri,2017-04,60.47462466666667,49.060013
KE019,Nyeri,2017-05,80.640858,63.81
KE019,Nyeri,2017-06,61.523722666666664,50.094868
KE019,Nyeri,2017-07,93.85100666666666,81.24086
KE019,Nyeri,2017-08,127.954235,101.57816
KE019,Nyeri,2017-09,121.57755999999999,98.8694
KE019,Nyeri,2017-10,108.58749499999999,54.851925
KE019,Nyeri,2017-11,102.85797000000001,65.55157
KE019,Nyeri,2017-12,42.918440333333336,34.466423
KE019,Nyeri,2018-01,65.10617,51.41379
KE019,Nyeri,2018-02,63.51235366666666,53.236015
KE019,Nyeri,2018-03,240.24818333333334,107.77156
KE019,Nyeri,2018-04,209.94290333333333,159.937
KE019,Nyeri,2018-05,178.76616666666666,165.6865
KE019,Nyeri,2018-06,233.25729666666666,174.28069
KE019,Nyeri,2018-07,116.87858666666666,109.66884
KE019,Nyeri,2018-08,91.20831033333333,63.955635
KE019,Nyeri,2018-09,120.098718,77.272804
KE019,Nyeri,2018-10,72.96622366666666,65.002426
KE019,Nyeri,2018-11,88.01629500000001,82.96438
KE019,Nyeri,2018-12,184.82677266666667,60.527878
KE019,Nyeri,2019-01,100.08738,77.54818
KE019,Nyeri,2019-02,72.629101,56.107098
KE019,Nyeri,2019-03,43.71903066666666,31.658115
KE019,Nyeri,2019-04,86.572566,34.786118
KE019,Nyeri,2019-05,92.44307666666667,85.156456
KE019,Nyeri,2019-06,159.90850533333332,76.19878
KE019,Nyeri,2019-07,84.220435,69.93929
KE019,Nyeri,2019-08,112.88300666666667,70.4574
KE019,Nyeri,2019-09,124.22855666666668,103.71727
KE019,Nyeri,2019-10,242.44497333333334,165.58473
KE019,Nyeri,2019-11,173.071958,101.100334
KE019,Nyeri,2019-12,239.57971333333333,101.14282
KE019,Nyeri,2020-01,176.303265,109.608185
KE019,Nyeri,2020-02,157.46533833333334,70.635445
KE019,Nyeri,2020-03,177.02860666666666,83.69264
KE019,Nyeri,2020-04,226.19088666666667,72.49806
KE019,Nyeri,2020-05,121.69565666666666,88.19794
KE019,Nyeri,2020-06,175.35476000000003,135.45291
KE019,Nyeri,2020-07,90.47121866666667,80.76553
KE019,Nyeri,2020-08,125.30112166666667,80.87903
KE019,Nyeri,2020-09,142.88713666666666,85.02461
KE019,Nyeri,2020-10,102.08263166666666,69.17944
KE019,Nyeri,2020-11,97.02949666666666,60.00349
KE019,Nyeri,2020-12,82.77453733333333,54.092472
KE019,Nyeri,2021-01,145.99131333333332,72.69642
KE019,Nyeri,2021-02,122.88436833333333,112.50975
KE019,Nyeri,2021-03,84.26562533333333,63.491776
KE019,Nyeri,2021-04,70.52636,63.168995
KE019,Nyeri,2021-05,132.83588999999998,78.79415
KE019,Nyeri,2021-06,55.243862,44.898006
KE019,Nyeri,2021-07,103.28759333333333,76.74328
KE019,Nyeri,2021-08,80.87875533333333,75.120476
KE019,Nyeri,2021-09,85.89323666666667,70.43947
KE019,Nyeri,2021-10,86.758245,79.94861
KE019,Nyeri,2021-11,62.67038433333334,44.54697
KE019,Nyeri,2021-12,151.45522,133.82849
KE019,Nyeri,2022-01,80.82572733333333,61.509262
KE019,Nyeri,2022-02,101.81229233333333,55.138542
KE019,Nyeri,2022-03,60.89887533333333,42.96649
KE019,Nyeri,2022-04,94.00366033333334,46.861137
KE019,Nyeri,2022-05,50.19964866666667,28.873476
KE019,Nyeri,2022-06,62.45910533333333,53.59479
KE019,Nyeri,2022-07,81.84669933333333,61.045784
KE019,Nyeri,2022-08,108.66301666666668,102.05294
KE019,Nyeri,2022-09,120.84553333333334,75.68035
KE019,Nyeri,2022-10,59.869461,50.661976
KE019,Nyeri,2022-11,130.19171,87.93546
KE019,Nyeri,2022-12,76.587255,66.786255
KE019,Nyeri,2023-01,89.85216133333334,71.650764
KE019,Nyeri,2023-02,45.20246066666667,36.2171
KE019,Nyeri,2023-03,100.74336133333334,51.839924
KE019,Nyeri,2023-04,143.81198,107.68903
KE019,Nyeri,2023-05,63.179762000000004,49.102226
KE019,Nyeri,2023-06,111.66470733333334,91.037926
KE019,Nyeri,2023-07,79.20626333333333,72.284164
KE019,Nyeri,2023-08,70.542267,62.08331
KE019,Nyeri,2023-09,112.32848166666668,99.93948
KE019,Nyeri,2023-10,115.41524666666668,100.71404
KE019,Nyeri,2023-11,172.65989866666666,115.225876
KE019,Nyeri,2023-12,79.50606133333334,50.775864
KE019,Nyeri,2024-01,171.26493166666668,99.96258
KE019,Nyeri,2024-02,160.28216666666665,95.33363
KE019,Nyeri,2024-03,63.805793333333334,40.91285
KE019,Nyeri,2024-04,232.31758,187.34735
KE019,Nyeri,2024-05,167.73879,102.56814
KE019,Nyeri,2024-06,79.89106,63.3168
KE019,Nyeri,2024-07,138.57020666666668,92.66728
KE019,Nyeri,2024-08,99.68649699999999,83.470856
KE019,Nyeri,2024-09,86.73369333333333,84.28868
KE019,Nyeri,2024-10,77.50045233333333,52.494907
KE019,Nyeri,2024-11,136.12101833333335,119.353035
KE019,Nyeri,2024-12,82.83117166666666,49.119225
KE019,Nyeri,2025-01,117.82306433333333,57.565273
KE019,Nyeri,2025-02,51.98425266666667,40.5756
KE019,Nyeri,2025-03,134.5998,112.58056
KE019,Nyeri,2025-04,130.35112666666666,94.8085
KE019,Nyeri,2025-05,90.14383,65.77354
KE019,Nyeri,2025-06,106.30413533333332,73.675156
KE019,Nyeri,2025-07,68.44138166666667,45.27711
KE019,Nyeri,2025-08,147.85967866666667,103.406166
KE019,Nyeri,2025-09,123.99172833333334,105.875565
KE019,Nyeri,2025-10,148.39437766666666,59.647743
KE019,Nyeri,2025-11,53.288501,46.817413
KE019,Nyeri,2025-12,175.83029000000002,70.29654
KE019,Nyeri,2026-01,51.79700833333334,42.8157
KE019,Nyeri,2026-02,337.755838,92.066734
KE019,Nyeri,2026-03,210.40667666666664,168.37924
KE019,Nyeri,2026-04,99.997898,54.319584
KE019,Nyeri,2026-05,214.34283,214.34283
KE025,Samburu,2006-01,71.19813666666666,66.05609
KE025,Samburu,2006-02,104.25166033333333,58.571636
KE025,Samburu,2006-03,62.030827666666674,40.69455
KE025,Samburu,2006-04,109.992003,44.409554
KE025,Samburu,2006-05,82.354215,72.240326
KE025,Samburu,2006-06,87.63579833333334,70.605965
KE025,Samburu,2006-07,87.47642666666667,83.07088
KE025,Samburu,2006-08,144.12542333333332,86.34229
KE025,Samburu,2006-09,93.18808866666666,85.939926
KE025,Samburu,2006-10,125.08956166666667,74.876015
KE025,Samburu,2006-11,125.19572333333333,97.98121
KE025,Samburu,2006-12,180.65691466666667,86.145004
KE025,Samburu,2007-01,93.32059666666667,87.91038
KE025,Samburu,2007-02,107.76876033333333,66.158035
KE025,Samburu,2007-03,93.39931666666666,37.73564
KE025,Samburu,2007-04,93.284971,32.051853
KE025,Samburu,2007-05,93.09766166666668,69.825905
KE025,Samburu,2007-06,142.92661466666667,115.888504
KE025,Samburu,2007-07,150.76166666666668,83.08868
KE025,Samburu,2007-08,119.38907333333333,100.47003
KE025,Samburu,2007-09,154.25646666666668,125.0125
KE025,Samburu,2007-10,90.85832,69.797775
KE025,Samburu,2007-11,80.34673966666666,51.475674
KE025,Samburu,2007-12,63.90537466666667,57.85836
KE025,Samburu,2008-01,125.90336200000002,61.634666
KE025,Samburu,2008-02,70.69327,53.7545
KE025,Samburu,2008-03,99.279926,58.178604
KE025,Samburu,2008-04,71.768598,28.022884
KE025,Samburu,2008-05,60.723337333333326,37.414272
KE025,Samburu,2008-06,82.385308,75.74045
KE025,Samburu,2008-07,97.79814500000002,84.543625
KE025,Samburu,2008-08,80.71651333333334,72.20865
KE025,Samburu,2008-09,107.78592333333334,100.7966
KE025,Samburu,2008-10,117.53291999999999,86.27387
KE025,Samburu,2008-11,96.061537,48.912308
KE025,Samburu,2008-12,54.76750666666667,43.20938
KE025,Samburu,2009-01,88.89934933333332,72.13239
KE025,Samburu,2009-02,66.80005200000001,58.12489
KE025,Samburu,2009-03,36.214317333333334,32.29029
KE025,Samburu,2009-04,52.92083,31.28759
KE025,Samburu,2009-05,112.56801599999999,46.401638
KE025,Samburu,2009-06,75.78799333333333,67.32343
KE025,Samburu,2009-07,78.77147333333333,66.41982
KE025,Samburu,2009-08,77.759608,75.25679
KE025,Samburu,2009-09,89.45404666666667,85.75323
KE025,Samburu,2009-10,131.92975666666666,93.29854
KE025,Samburu,2009-11,62.52793566666667,51.86915
KE025,Samburu,2009-12,138.66909666666666,101.7334
KE025,Samburu,2010-01,128.49307333333334,68.80514
KE025,Samburu,2010-02,220.19786833333333,104.438995
KE025,Samburu,2010-03,203.15961000000001,92.10819
KE025,Samburu,2010-04,78.294411,61.455143
KE025,Samburu,2010-05,116.980845,80.10128
KE025,Samburu,2010-06,94.59596800000001,77.26581
KE025,Samburu,2010-07,98.03658366666667,86.191216
KE025,Samburu,2010-08,99.97511133333334,89.600204
KE025,Samburu,2010-09,98.27386666666666,92.78932
KE025,Samburu,2010-10,77.21491166666667,59.308975
KE025,Samburu,2010-11,60.753313,49.343533
KE025,Samburu,2010-12,49.806748666666664,45.778923
KE025,Samburu,2011-01,67.50700166666667,60.61142
KE025,Samburu,2011-02,95.92663666666668,56.94098
KE025,Samburu,2011-03,69.49335866666667,37.09136
KE025,Samburu,2011-04,45.30085333333333,28.70513
KE025,Samburu,2011-05,77.55800333333333,65.45251
KE025,Samburu,2011-06,127.08177,90.39854
KE025,Samburu,2011-07,116.75789333333334,97.90414
KE025,Samburu,2011-08,119.57558,91.72424
KE025,Samburu,2011-09,115.973485,92.93042
KE025,Samburu,2011-10,162.79719666666668,67.91714
KE025,Samburu,2011-11,216.65853,111.76059
KE025,Samburu,2011-12,91.11724600000001,40.917824
KE025,Samburu,2012-01,60.679826,59.790302
KE025,Samburu,2012-02,76.817468,67.38582
KE025,Samburu,2012-03,36.52889833333333,24.802341
KE025,Samburu,2012-04,147.26934200000002,69.836586
KE025,Samburu,2012-05,153.49719166666668,110.570015
KE025,Samburu,2012-06,104.86981333333334,73.75999
KE025,Samburu,2012-07,123.78784666666667,102.91842
KE025,Samburu,2012-08,98.46818,85.18695
KE025,Samburu,2012-09,107.57815666666666,94.11211
KE025,Samburu,2012-10,161.70703333333333,131.99944
KE025,Samburu,2012-11,66.90413,52.93399
KE025,Samburu,2012-12,142.41646,70.71913
KE025,Samburu,2013-01,99.59128666666668,81.98586
KE025,Samburu,2013-02,66.852465,53.56558
KE025,Samburu,2013-03,171.5575683333333,53.36591
KE025,Samburu,2013-04,159.54317,56.25848
KE025,Samburu,2013-05,67.14519333333334,57.51172
KE025,Samburu,2013-06,112.99548499999999,79.226875
KE025,Samburu,2013-07,103.52689166666666,91.95171
KE025,Samburu,2013-08,81.00389,69.16546
KE025,Samburu,2013-09,110.78906333333333,89.28194
KE025,Samburu,2013-10,84.40656166666666,54.455585
KE025,Samburu,2013-11,94.15739866666667,78.3064
KE025,Samburu,2013-12,87.39079166666666,54.857285
KE025,Samburu,2014-01,63.086137,60.775642
KE025,Samburu,2014-02,141.68896333333333,59.47253
KE025,Samburu,2014-03,138.080098,39.367844
KE025,Samburu,2014-04,76.75780333333334,33.65741
KE025,Samburu,2014-05,69.66468533333334,50.44223
KE025,Samburu,2014-06,80.23563,75.75314
KE025,Samburu,2014-07,75.99936333333333,70.09715
KE025,Samburu,2014-08,124.27208833333333,69.436905
KE025,Samburu,2014-09,92.66494333333333,85.02895
KE025,Samburu,2014-10,91.68075800000001,57.179344
KE025,Samburu,2014-11,81.71024533333333,55.06711
KE025,Samburu,2014-12,92.856883,69.670074
KE025,Samburu,2015-01,67.76207333333333,65.62658
KE025,Samburu,2015-02,90.10469333333333,56.91579
KE025,Samburu,2015-03,59.078605,38.44946
KE025,Samburu,2015-04,154.26133866666666,118.961296
KE025,Samburu,2015-05,78.00336333333333,71.16331
KE025,Samburu,2015-06,82.58726333333334,79.9807
KE025,Samburu,2015-07,83.87917499999999,81.68239
KE025,Samburu,2015-08,72.29678166666666,60.818935
KE025,Samburu,2015-09,85.08432666666666,81.384346
KE025,Samburu,2015-10,98.18599,66.88396
KE025,Samburu,2015-11,117.39391866666666,109.20961
KE025,Samburu,2015-12,130.65112866666666,53.296516
KE025,Samburu,2016-01,130.21295,104.79417
KE025,Samburu,2016-02,80.33196,70.2291
KE025,Samburu,2016-03,68.48963833333333,28.586882
KE025,Samburu,2016-04,93.38986533333332,65.36128
KE025,Samburu,2016-05,91.78139500000002,70.79636
KE025,Samburu,2016-06,94.96965999999999,75.11596
KE025,Samburu,2016-07,78.73113333333333,74.42535
KE025,Samburu,2016-08,77.20262666666666,66.97112
KE025,Samburu,2016-09,88.17772333333333,80.74955
KE025,Samburu,2016-10,56.93456733333333,40.28322
KE025,Samburu,2016-11,93.65710899999999,62.482697
KE025,Samburu,2016-12,57.75263999999999,49.784805
KE025,Samburu,2017-01,67.31987533333334,62.076813
KE025,Samburu,2017-02,117.27986666666668,91.43468
KE025,Samburu,2017-03,40.32773266666667,32.218704
KE025,Samburu,2017-04,62.571486666666665,45.62059
KE025,Samburu,2017-05,106.31991,75.93287
KE025,Samburu,2017-06,74.41690666666666,67.241
KE025,Samburu,2017-07,113.74634333333334,109.31744
KE025,Samburu,2017-08,102.72892533333334,79.13569
KE025,Samburu,2017-09,105.74223833333333,92.73641
KE025,Samburu,2017-10,170.04336466666666,70.82866
KE025,Samburu,2017-11,98.10329333333334,44.17506
KE025,Samburu,2017-12,56.591603,53.70212
KE025,Samburu,2018-01,61.90115966666667,57.03638
KE025,Samburu,2018-02,67.76602233333334,61.828487
KE025,Samburu,2018-03,251.65068666666664,101.99647
KE025,Samburu,2018-04,203.88690666666665,148.01656
KE025,Samburu,2018-05,189.63230333333334,151.47658
KE025,Samburu,2018-06,208.2165,120.60581
KE025,Samburu,2018-07,91.82650466666666,74.609764
KE025,Samburu,2018-08,86.68780333333332,67.71048
KE025,Samburu,2018-09,98.58158166666665,93.41074
KE025,Samburu,2018-10,75.264168,68.14533
KE025,Samburu,2018-11,61.85033166666667,55.151142
KE025,Samburu,2018-12,178.34126333333333,61.03429
KE025,Samburu,2019-01,89.483502,76.99654
KE025,Samburu,2019-02,81.67259866666667,62.229126
KE025,Samburu,2019-03,56.500244,31.712309
KE025,Samburu,2019-04,81.87202866666667,27.171448
KE025,Samburu,2019-05,95.45027733333335,52.347702
KE025,Samburu,2019-06,141.41235666666668,83.97974
KE025,Samburu,2019-07,93.29752333333333,75.969
KE025,Samburu,2019-08,89.37476666666667,77.5492
KE025,Samburu,2019-09,117.46640333333333,96.96602
KE025,Samburu,2019-10,207.51800000000003,147.25934
KE025,Samburu,2019-11,162.15795333333332,128.91316
KE025,Samburu,2019-12,190.62351666666666,114.90771
KE025,Samburu,2020-01,149.864665,96.76605
KE025,Samburu,2020-02,151.73828133333333,107.967224
KE025,Samburu,2020-03,177.37165666666667,69.42843
KE025,Samburu,2020-04,195.857062,67.280716
KE025,Samburu,2020-05,116.97853666666667,83.77255
KE025,Samburu,2020-06,155.49516500000001,126.779175
KE025,Samburu,2020-07,101.66754333333334,85.96719
KE025,Samburu,2020-08,137.72665,96.470764
KE025,Samburu,2020-09,116.84212666666667,96.01371
KE025,Samburu,2020-10,115.61922833333334,78.93512
KE025,Samburu,2020-11,66.41614833333334,42.453255
KE025,Samburu,2020-12,71.897669,48.9926
KE025,Samburu,2021-01,85.69773666666667,69.70731
KE025,Samburu,2021-02,121.32224833333333,83.159195
KE025,Samburu,2021-03,62.460820000000005,48.39508
KE025,Samburu,2021-04,46.6829,36.264767
KE025,Samburu,2021-05,176.66490666666667,87.27481
KE025,Samburu,2021-06,77.83929166666667,69.08705
KE025,Samburu,2021-07,79.72717333333334,67.30932
KE025,Samburu,2021-08,81.62631800000001,74.26871
KE025,Samburu,2021-09,113.14254666666666,98.03836
KE025,Samburu,2021-10,66.80123933333333,53.323948
KE025,Samburu,2021-11,65.96677,43.63685
KE025,Samburu,2021-12,108.36481866666668,83.0397
KE025,Samburu,2022-01,103.55578833333334,63.276905
KE025,Samburu,2022-02,93.92098500000002,68.225876
KE025,Samburu,2022-03,58.046252,45.538376
KE025,Samburu,2022-04,94.54294,30.27327
KE025,Samburu,2022-05,83.09448466666667,64.90043
KE025,Samburu,2022-06,73.74504166666667,69.14548
KE025,Samburu,2022-07,82.73108866666666,69.97784
KE025,Samburu,2022-08,94.49434666666667,82.37563
KE025,Samburu,2022-09,109.59212866666667,93.28316
KE025,Samburu,2022-10,65.02140333333334,49.7037
KE025,Samburu,2022-11,70.71965466666667,64.41932
KE025,Samburu,2022-12,95.37253,76.1286
KE025,Samburu,2023-01,79.93112166666667,72.626884
KE025,Samburu,2023-02,63.066216,56.739468
KE025,Samburu,2023-03,143.28268333333332,45.22558
KE025,Samburu,2023-04,175.25793333333334,85.06657
KE025,Samburu,2023-05,90.86059233333333,57.406693
KE025,Samburu,2023-06,97.45376666666665,86.08716
KE025,Samburu,2023-07,83.94237033333333,76.674225
KE025,Samburu,2023-08,77.21286533333334,66.768936
KE025,Samburu,2023-09,101.47408833333333,91.951805
KE025,Samburu,2023-10,169.24839,78.46943
KE025,Samburu,2023-11,153.94122333333334,99.21952
KE025,Samburu,2023-12,69.35463,47.40819
KE025,Samburu,2024-01,127.72011833333333,73.931595
KE025,Samburu,2024-02,220.181915,93.802505
KE025,Samburu,2024-03,44.499328999999996,38.05
KE025,Samburu,2024-04,172.69331333333335,77.10769
KE025,Samburu,2024-05,147.44102333333333,78.21357
KE025,Samburu,2024-06,73.43603833333333,64.89863
KE025,Samburu,2024-07,123.20679133333334,87.205414
KE025,Samburu,2024-08,100.92267666666667,76.04052
KE025,Samburu,2024-09,90.02787533333333,87.209526
KE025,Samburu,2024-10,90.78037,67.29546
KE025,Samburu,2024-11,119.63966333333333,93.41514
KE025,Samburu,2024-12,44.82458,39.00726
KE025,Samburu,2025-01,95.429845,64.45175
KE025,Samburu,2025-02,66.14166533333334,55.64372
KE025,Samburu,2025-03,157.10789666666668,119.88423
KE025,Samburu,2025-04,116.90484733333334,51.738472
KE025,Samburu,2025-05,113.10656,67.4798
KE025,Samburu,2025-06,85.34532666666667,72.55718
KE025,Samburu,2025-07,74.61913466666667,58.728874
KE025,Samburu,2025-08,114.70780166666667,83.99311
KE025,Samburu,2025-09,109.09016333333334,95.68182
KE025,Samburu,2025-10,122.171785,74.662865
KE025,Samburu,2025-11,50.808497666666675,45.52015
KE025,Samburu,2025-12,89.33398133333333,61.732918
KE025,Samburu,2026-01,61.84062333333333,57.03638
KE025,Samburu,2026-02,263.57906,109.36302
KE025,Samburu,2026-03,225.75582333333332,173.13914
KE025,Samburu,2026-04,64.85625333333333,39.38682
KE025,Samburu,2026-05,93.628784,93.628784
KE041,Siaya,2006-01,84.73541333333334,33.70065
KE041,Siaya,2006-02,85.20785566666667,28.29059
KE041,Siaya,2006-03,126.93443666666667,92.31227
KE041,Siaya,2006-04,115.50506966666667,98.589714
KE041,Siaya,2006-05,126.48807833333335,70.05922
KE041,Siaya,2006-06,111.1750925,56.26921
KE041,Siaya,2006-07,83.64102833333334,48.730755
KE041,Siaya,2006-08,83.44360233333333,43.70434
KE041,Siaya,2006-09,121.31698166666668,88.54903
KE041,Siaya,2006-10,97.48309566666667,29.364754
KE041,Siaya,2006-11,259.6401813333333,106.159164
KE041,Siaya,2006-12,265.541635,190.22612
KE041,Siaya,2007-01,108.04479266666665,65.71628
KE041,Siaya,2007-02,155.37676866666666,72.25446
KE041,Siaya,2007-03,128.28267400000001,43.946537
KE041,Siaya,2007-04,67.24155966666667,12.821918
KE041,Siaya,2007-05,92.429981,54.01368
KE041,Siaya,2007-06,97.15251033333334,51.0998
KE041,Siaya,2007-07,174.12422,116.66857
KE041,Siaya,2007-08,110.86462833333333,75.45101
KE041,Siaya,2007-09,120.74056833333334,83.62747
KE041,Siaya,2007-10,75.08735683333333,30.359884
KE041,Siaya,2007-11,86.5219795,41.062454
KE041,Siaya,2007-12,74.41135949999999,27.81131
KE041,Siaya,2008-01,80.60083916666666,32.81802
KE041,Siaya,2008-02,104.83474216666667,39.683975
KE041,Siaya,2008-03,95.52506166666667,31.802935
KE041,Siaya,2008-04,78.63735150000001,40.10959
KE041,Siaya,2008-05,102.149541,73.054016
KE041,Siaya,2008-06,89.59437100000001,31.083506
KE041,Siaya,2008-07,170.010805,118.44618
KE041,Siaya,2008-08,117.3291425,87.66653
KE041,Siaya,2008-09,114.97682733333333,81.17309
KE041,Siaya,2008-10,121.77178733333334,106.17432
KE041,Siaya,2008-11,82.24609966666667,15.066114
KE041,Siaya,2008-12,48.61239583333333,37.20443
KE041,Siaya,2009-01,120.72523999999999,29.51529
KE041,Siaya,2009-02,86.11889383333333,29.298729
KE041,Siaya,2009-03,57.32010766666667,45.918373
KE041,Siaya,2009-04,124.93777833333333,89.20026
KE041,Siaya,2009-05,83.50849766666666,35.707623
KE041,Siaya,2009-06,54.40403916666667,32.960407
KE041,Siaya,2009-07,64.67629833333334,60.330315
KE041,Siaya,2009-08,86.13575666666667,66.84923
KE041,Siaya,2009-09,134.204735,113.86047
KE041,Siaya,2009-10,73.2901515,55.242085
KE041,Siaya,2009-11,93.06917166666666,61.34372
KE041,Siaya,2009-12,155.41135333333332,129.0516
KE041,Siaya,2010-01,101.45006783333334,33.343
KE041,Siaya,2010-02,200.02695749999998,82.75557
KE041,Siaya,2010-03,134.25672266666666,67.710526
KE041,Siaya,2010-04,93.41512766666666,53.262978
KE041,Siaya,2010-05,108.722218,88.347496
KE041,Siaya,2010-06,113.64979916666665,92.08764
KE041,Siaya,2010-07,79.969137,63.201183
KE041,Siaya,2010-08,109.601474,73.50729
KE041,Siaya,2010-09,107.46576866666668,45.17304
KE041,Siaya,2010-10,89.415975,78.37285
KE041,Siaya,2010-11,56.828331,34.66979
KE041,Siaya,2010-12,80.9012565,27.470545
KE041,Siaya,2011-01,63.66565966666667,42.181175
KE041,Siaya,2011-02,68.85788666666666,30.713867
KE041,Siaya,2011-03,83.3549765,46.78524
KE041,Siaya,2011-04,57.462506999999995,27.060062
KE041,Siaya,2011-05,94.24110333333333,67.84452
KE041,Siaya,2011-06,118.21374916666667,90.64112
KE041,Siaya,2011-07,107.61286566666666,60.52782
KE041,Siaya,2011-08,185.22984,95.61278
KE041,Siaya,2011-09,93.29616833333334,71.64692
KE041,Siaya,2011-10,126.10805750000002,102.3607
KE041,Siaya,2011-11,177.11631283333335,61.959827
KE041,Siaya,2011-12,79.65473666666666,35.10212
KE041,Siaya,2012-01,37.3395305,32.01562
KE041,Siaya,2012-02,66.39409683333334,27.841536
KE041,Siaya,2012-03,67.43530916666667,15.784599
KE041,Siaya,2012-04,115.61941999999999,66.891464
KE041,Siaya,2012-05,105.44021500000001,69.653824
KE041,Siaya,2012-06,153.31204499999998,62.16701
KE041,Siaya,2012-07,116.980369,86.87695
KE041,Siaya,2012-08,113.23993083333333,102.36356
KE041,Siaya,2012-09,150.37385,115.62384
KE041,Siaya,2012-10,111.34460066666668,74.094864
KE041,Siaya,2012-11,120.84822750000001,75.2365
KE041,Siaya,2012-12,203.14246666666668,85.56237
KE041,Siaya,2013-01,91.36519366666668,46.10032
KE041,Siaya,2013-02,77.13929016666667,34.056877
KE041,Siaya,2013-03,117.4434005,63.100327
KE041,Siaya,2013-04,131.0636775,103.33189
KE041,Siaya,2013-05,76.1377735,40.585564
KE041,Siaya,2013-06,84.34273766666666,63.95303
KE041,Siaya,2013-07,86.92083483333333,47.50371
KE041,Siaya,2013-08,106.96513499999999,90.76064
KE041,Siaya,2013-09,127.40658933333333,70.62808
KE041,Siaya,2013-10,94.20277516666665,45.795666
KE041,Siaya,2013-11,85.67317783333333,45.871883
KE041,Siaya,2013-12,103.15339666666667,66.71585
KE041,Siaya,2014-01,91.61802266666666,44.51593
KE041,Siaya,2014-02,118.46231583333334,76.502235
KE041,Siaya,2014-03,86.29926566666666,22.611336
KE041,Siaya,2014-04,68.41693616666667,28.614082
KE041,Siaya,2014-05,120.98769066666667,103.03887
KE041,Siaya,2014-06,110.73187566666667,38.853134
KE041,Siaya,2014-07,108.670459,74.69797
KE041,Siaya,2014-08,171.23662666666667,128.00702
KE041,Siaya,2014-09,108.82703916666667,76.399765
KE041,Siaya,2014-10,141.86044,118.92331
KE041,Siaya,2014-11,93.76911383333334,52.381165
KE041,Siaya,2014-12,92.70486766666666,55.13801
KE041,Siaya,2015-01,32.98437933333333,25.44216
KE041,Siaya,2015-02,62.43828516666667,24.922663
KE041,Siaya,2015-03,62.94773333333334,11.848097
KE041,Siaya,2015-04,124.53850433333332,94.46794
KE041,Siaya,2015-05,122.4773985,96.0685
KE041,Siaya,2015-06,151.59873733333333,98.261444
KE041,Siaya,2015-07,76.40011116666666,55.260265
KE041,Siaya,2015-08,51.66798433333333,32.366467
KE041,Siaya,2015-09,123.30663166666666,88.39254
KE041,Siaya,2015-10,171.0520316666667,99.32961
KE041,Siaya,2015-11,168.604804,82.916794
KE041,Siaya,2015-12,151.13575066666667,54.649174
KE041,Siaya,2016-01,121.67023733333333,68.604904
KE041,Siaya,2016-02,51.942692666666666,38.99715
KE041,Siaya,2016-03,65.37054166666667,21.882317
KE041,Siaya,2016-04,155.246826,107.178406
KE041,Siaya,2016-05,103.67278416666666,44.930668
KE041,Siaya,2016-06,79.97790616666667,52.409405
KE041,Siaya,2016-07,76.19433033333333,47.631046
KE041,Siaya,2016-08,58.133844333333336,32.35767
KE041,Siaya,2016-09,69.89951383333333,52.867805
KE041,Siaya,2016-10,65.98849233333333,32.406616
KE041,Siaya,2016-11,84.87069366666667,62.523556
KE041,Siaya,2016-12,30.866741666666666,20.83448
KE041,Siaya,2017-01,80.518503,26.891855
KE041,Siaya,2017-02,256.539135,91.83216
KE041,Siaya,2017-03,71.32880066666667,32.308475
KE041,Siaya,2017-04,94.11931666666668,57.748825
KE041,Siaya,2017-05,125.53773883333334,57.465233
KE041,Siaya,2017-06,92.67349,67.71627
KE041,Siaya,2017-07,149.95334766666667,101.836136
KE041,Siaya,2017-08,130.19179666666665,115.5642
KE041,Siaya,2017-09,115.645225,91.98076
KE041,Siaya,2017-10,106.62675066666667,79.09504
KE041,Siaya,2017-11,88.29681333333333,43.87555
KE041,Siaya,2017-12,36.92471916666667,27.238071
KE041,Siaya,2018-01,55.02688833333334,40.76174
KE041,Siaya,2018-02,110.01621933333335,31.733358
KE041,Siaya,2018-03,147.065539,93.001884
KE041,Siaya,2018-04,128.32684066666667,93.908104
KE041,Siaya,2018-05,127.03694833333334,100.03064
KE041,Siaya,2018-06,107.92504433333333,69.108376
KE041,Siaya,2018-07,82.20154583333333,67.72163
KE041,Siaya,2018-08,96.99734416666666,48.194965
KE041,Siaya,2018-09,60.033107333333334,53.414898
KE041,Siaya,2018-10,141.898655,104.98274
KE041,Siaya,2018-11,61.087574499999995,14.644652
KE041,Siaya,2018-12,149.61379333333332,85.07413
KE041,Siaya,2019-01,47.021567,32.686516
KE041,Siaya,2019-02,136.91169966666666,28.889334
KE041,Siaya,2019-03,85.4502185,13.276045
KE041,Siaya,2019-04,75.18537983333333,33.863014
KE041,Siaya,2019-05,111.13464700000002,78.81936
KE041,Siaya,2019-06,107.57078249999999,59.06529
KE041,Siaya,2019-07,127.558295,48.182354
KE041,Siaya,2019-08,108.370725,68.07048
KE041,Siaya,2019-09,113.27102500000001,64.43263
KE041,Siaya,2019-10,242.54271000000003,189.03348
KE041,Siaya,2019-11,138.97230333333331,49.0617
KE041,Siaya,2019-12,187.141295,105.05759
KE041,Siaya,2020-01,175.9465981666667,66.59891
KE041,Siaya,2020-02,129.04534266666667,97.05204
KE041,Siaya,2020-03,193.98221166666667,166.22534
KE041,Siaya,2020-04,111.844694,46.405304
KE041,Siaya,2020-05,90.87412433333334,70.36311
KE041,Siaya,2020-06,119.31716483333332,92.277084
KE041,Siaya,2020-07,139.82759666666666,122.532364
KE041,Siaya,2020-08,134.614605,74.0999
KE041,Siaya,2020-09,172.46393166666667,97.3924
KE041,Siaya,2020-10,156.19257833333333,136.36363
KE041,Siaya,2020-11,287.55382166666664,196.99974
KE041,Siaya,2020-12,75.81929316666667,56.074768
KE041,Siaya,2021-01,110.0675125,78.83678
KE041,Siaya,2021-02,126.26414,42.58557
KE041,Siaya,2021-03,80.65000733333333,57.465096
KE041,Siaya,2021-04,136.83695,78.3423
KE041,Siaya,2021-05,119.96601299999999,35.207798
KE041,Siaya,2021-06,79.5965805,40.29611
KE041,Siaya,2021-07,72.02223416666666,35.820423
KE041,Siaya,2021-08,106.54822933333332,87.230286
KE041,Siaya,2021-09,142.44733166666666,137.26802
KE041,Siaya,2021-10,106.7837275,68.00115
KE041,Siaya,2021-11,65.87591583333334,32.51425
KE041,Siaya,2021-12,73.37906650000001,41.91065
KE041,Siaya,2022-01,176.17445266666667,43.249176
KE041,Siaya,2022-02,273.1594416666666,161.2863
KE041,Siaya,2022-03,83.46547183333332,19.210442
KE041,Siaya,2022-04,83.97643216666667,21.44573
KE041,Siaya,2022-05,113.064475,46.697903
KE041,Siaya,2022-06,88.2234165,71.020096
KE041,Siaya,2022-07,81.97806333333334,66.04585
KE041,Siaya,2022-08,145.66126,85.30452
KE041,Siaya,2022-09,127.03363583333334,99.48053
KE041,Siaya,2022-10,65.75206916666667,39.193558
KE041,Siaya,2022-11,119.41867733333333,105.772484
KE041,Siaya,2022-12,180.54145833333334,156.11601
KE041,Siaya,2023-01,48.35961766666667,38.99681
KE041,Siaya,2023-02,46.72031483333333,24.483429
KE041,Siaya,2023-03,154.38137749999999,63.238205
KE041,Siaya,2023-04,135.273385,77.70497
KE041,Siaya,2023-05,94.74348249999998,74.628975
KE041,Siaya,2023-06,143.14437166666667,96.46948
KE041,Siaya,2023-07,73.77387183333333,52.413666
KE041,Siaya,2023-08,99.34240666666666,63.55824
KE041,Siaya,2023-09,138.03991816666667,105.94822
KE041,Siaya,2023-10,163.678165,64.938255
KE041,Siaya,2023-11,154.67715166666667,125.06647
KE041,Siaya,2023-12,96.74732366666667,60.848732
KE041,Siaya,2024-01,181.02974666666668,117.5437
KE041,Siaya,2024-02,196.05109666666667,155.93732
KE041,Siaya,2024-03,88.838984,13.083078
KE041,Siaya,2024-04,142.29936566666666,74.769844
KE041,Siaya,2024-05,80.38882116666666,48.68498
KE041,Siaya,2024-06,76.46960233333333,70.070114
KE041,Siaya,2024-07,123.0365255,86.71312
KE041,Siaya,2024-08,111.77052733333333,68.022644
KE041,Siaya,2024-09,99.3306665,83.62747
KE041,Siaya,2024-10,112.34249666666666,85.092995
KE041,Siaya,2024-11,184.79235433333335,66.52209
KE041,Siaya,2024-12,94.897559,57.402374
KE041,Siaya,2025-01,121.06886833333333,64.03124
KE041,Siaya,2025-02,46.42606916666667,24.097504
KE041,Siaya,2025-03,114.00549433333333,76.79581
KE041,Siaya,2025-04,110.71308266666666,67.50777
KE041,Siaya,2025-05,149.35479083333334,97.006645
KE041,Siaya,2025-06,81.4534475,57.275436
KE041,Siaya,2025-07,186.76977883333333,60.057323
KE041,Siaya,2025-08,86.79655466666667,54.757698
KE041,Siaya,2025-09,87.541487,76.906136
KE041,Siaya,2025-10,121.92434166666668,61.743134
KE041,Siaya,2025-11,37.49369516666667,13.222731
KE041,Siaya,2025-12,160.86123833333332,28.95477
KE041,Siaya,2026-01,53.53214483333333,43.97115
KE041,Siaya,2026-02,429.115045,354.71786
KE041,Siaya,2026-03,183.52461666666667,162.38853
KE041,Siaya,2026-04,105.14594483333333,67.36065
KE041,Siaya,2026-05,100.552638,91.033676
KE006,Taita Taveta,2006-01,54.38569666666667,46.95732
KE006,Taita Taveta,2006-02,70.33062333333334,48.48009
KE006,Taita Taveta,2006-03,134.84146666666666,124.33789
KE006,Taita Taveta,2006-04,112.51440000000001,108.56676
KE006,Taita Taveta,2006-05,107.48327166666667,77.96895
KE006,Taita Taveta,2006-06,97.41298133333333,88.215294
KE006,Taita Taveta,2006-07,92.95216,88.17298
KE006,Taita Taveta,2006-08,88.11077999999999,83.73626
KE006,Taita Taveta,2006-09,127.75116333333334,99.55273
KE006,Taita Taveta,2006-10,125.83564666666666,83.89575
KE006,Taita Taveta,2006-11,188.01056333333335,81.48083
KE006,Taita Taveta,2006-12,180.81325233333337,55.671967
KE006,Taita Taveta,2007-01,58.21837366666667,44.860466
KE006,Taita Taveta,2007-02,86.59768233333334,55.599167
KE006,Taita Taveta,2007-03,79.16755666666667,36.48479
KE006,Taita Taveta,2007-04,49.18039133333334,27.178028
KE006,Taita Taveta,2007-05,130.99972466666668,64.824554
KE006,Taita Taveta,2007-06,100.21025166666668,88.6629
KE006,Taita Taveta,2007-07,95.51990533333333,86.63655
KE006,Taita Taveta,2007-08,108.99750999999999,99.96007
KE006,Taita Taveta,2007-09,96.66761033333334,87.58252
KE006,Taita Taveta,2007-10,89.844828,84.1176
KE006,Taita Taveta,2007-11,59.312110999999994,44.463493
KE006,Taita Taveta,2007-12,90.80638033333332,58.509476
KE006,Taita Taveta,2008-01,106.172461,42.185333
KE006,Taita Taveta,2008-02,94.39707733333334,61.401222
KE006,Taita Taveta,2008-03,237.80967,126.08068
KE006,Taita Taveta,2008-04,78.13662166666667,63.87026
KE006,Taita Taveta,2008-05,92.92043766666666,63.651783
KE006,Taita Taveta,2008-06,107.26852133333334,97.53498
KE006,Taita Taveta,2008-07,98.65586866666666,91.934906
KE006,Taita Taveta,2008-08,83.19238533333333,80.58424
KE006,Taita Taveta,2008-09,95.33978666666667,79.09035
KE006,Taita Taveta,2008-10,66.76155366666667,50.485455
KE006,Taita Taveta,2008-11,90.45535533333333,44.868896
KE006,Taita Taveta,2008-12,39.65973966666667,28.992212
KE006,Taita Taveta,2009-01,78.22620166666667,43.514095
KE006,Taita Taveta,2009-02,90.58753,74.73676
KE006,Taita Taveta,2009-03,54.62263433333334,31.591051
KE006,Taita Taveta,2009-04,79.9304,67.87479
KE006,Taita Taveta,2009-05,64.52252233333333,60.856743
KE006,Taita Taveta,2009-06,117.15460333333334,101.80753
KE006,Taita Taveta,2009-07,86.8217,83.63382
KE006,Taita Taveta,2009-08,91.70833866666668,89.3955
KE006,Taita Taveta,2009-09,79.99506333333333,74.30671
KE006,Taita Taveta,2009-10,166.06903,97.46971
KE006,Taita Taveta,2009-11,69.53397866666667,57.307686
KE006,Taita Taveta,2009-12,177.80355666666665,107.92525
KE006,Taita Taveta,2010-01,111.52348233333333,41.22497
KE006,Taita Taveta,2010-02,84.28163333333333,62.47462
KE006,Taita Taveta,2010-03,113.76552866666667,29.532316
KE006,Taita Taveta,2010-04,85.220379,62.240337
KE006,Taita Taveta,2010-05,109.63079133333333,64.55398
KE006,Taita Taveta,2010-06,95.506355,91.65032
KE006,Taita Taveta,2010-07,88.02306833333334,82.24794
KE006,Taita Taveta,2010-08,80.226247,79.46997
KE006,Taita Taveta,2010-09,90.44509,83.24263
KE006,Taita Taveta,2010-10,50.76370766666667,41.903
KE006,Taita Taveta,2010-11,77.55055,45.56267
KE006,Taita Taveta,2010-12,65.073336,26.451462
KE006,Taita Taveta,2011-01,53.41000333333333,47.340763
KE006,Taita Taveta,2011-02,131.21059,67.98605
KE006,Taita Taveta,2011-03,76.855349,36.277367
KE006,Taita Taveta,2011-04,64.454325,46.30032
KE006,Taita Taveta,2011-05,103.84974833333332,87.782135
KE006,Taita Taveta,2011-06,84.70921666666666,81.43879
KE006,Taita Taveta,2011-07,86.691438,84.70023
KE006,Taita Taveta,2011-08,79.36222666666667,78.64841
KE006,Taita Taveta,2011-09,110.94871333333333,100.32524
KE006,Taita Taveta,2011-10,165.22240333333335,148.36171
KE006,Taita Taveta,2011-11,137.30568000000002,116.7155
KE006,Taita Taveta,2011-12,68.70111133333334,45.284874
KE006,Taita Taveta,2012-01,48.98475066666666,40.972115
KE006,Taita Taveta,2012-02,85.80197666666668,64.58598
KE006,Taita Taveta,2012-03,48.38533,18.454346
KE006,Taita Taveta,2012-04,105.86940333333332,89.942154
KE006,Taita Taveta,2012-05,76.30984733333334,50.602627
KE006,Taita Taveta,2012-06,82.038218,75.99126
KE006,Taita Taveta,2012-07,86.43009,84.59624
KE006,Taita Taveta,2012-08,114.66758333333333,106.75745
KE006,Taita Taveta,2012-09,86.97109999999999,79.356064
KE006,Taita Taveta,2012-10,75.089426,36.687138
KE006,Taita Taveta,2012-11,114.84677299999998,45.707134
KE006,Taita Taveta,2012-12,121.22885833333333,73.71486
KE006,Taita Taveta,2013-01,76.438104,54.158737
KE006,Taita Taveta,2013-02,73.97006166666667,50.821537
KE006,Taita Taveta,2013-03,121.43711,73.59494
KE006,Taita Taveta,2013-04,114.01962199999998,66.9605
KE006,Taita Taveta,2013-05,80.192205,77.22491
KE006,Taita Taveta,2013-06,90.42319833333333,83.3073
KE006,Taita Taveta,2013-07,91.315608,86.36561
KE006,Taita Taveta,2013-08,90.76129333333334,83.68008
KE006,Taita Taveta,2013-09,113.96219533333334,92.78489
KE006,Taita Taveta,2013-10,106.87382666666667,40.40598
KE006,Taita Taveta,2013-11,82.73283366666666,45.119587
KE006,Taita Taveta,2013-12,127.46285233333333,34.836967
KE006,Taita Taveta,2014-01,44.200747,40.267292
KE006,Taita Taveta,2014-02,125.642119,56.907307
KE006,Taita Taveta,2014-03,145.36245333333332,85.53551
KE006,Taita Taveta,2014-04,67.91097666666667,59.70525
KE006,Taita Taveta,2014-05,92.69286866666666,70.58393
KE006,Taita Taveta,2014-06,105.25334666666667,94.63953
KE006,Taita Taveta,2014-07,97.82986133333334,91.29628
KE006,Taita Taveta,2014-08,96.74352700000001,94.42706
KE006,Taita Taveta,2014-09,123.06449666666667,98.27918
KE006,Taita Taveta,2014-10,77.06939333333334,55.518425
KE006,Taita Taveta,2014-11,113.02710333333334,64.10722
KE006,Taita Taveta,2014-12,123.08323666666666,58.71814
KE006,Taita Taveta,2015-01,44.09478133333334,40.197964
KE006,Taita Taveta,2015-02,77.89413233333333,60.449387
KE006,Taita Taveta,2015-03,88.98566,45.95037
KE006,Taita Taveta,2015-04,133.50879333333333,70.15219
KE006,Taita Taveta,2015-05,129.24567666666667,73.18265
KE006,Taita Taveta,2015-06,92.02715966666666,83.103424
KE006,Taita Taveta,2015-07,115.63077833333334,108.09839
KE006,Taita Taveta,2015-08,87.92649,86.55531
KE006,Taita Taveta,2015-09,101.23989333333334,93.68478
KE006,Taita Taveta,2015-10,142.338932,45.127346
KE006,Taita Taveta,2015-11,150.37378999999999,72.08899
KE006,Taita Taveta,2015-12,97.93069566666667,38.457054
KE006,Taita Taveta,2016-01,147.81688999999997,110.55307
KE006,Taita Taveta,2016-02,91.02894933333334,58.414314
KE006,Taita Taveta,2016-03,62.694175,18.957989
KE006,Taita Taveta,2016-04,117.72922833333332,86.55901
KE006,Taita Taveta,2016-05,84.28472633333332,68.347565
KE006,Taita Taveta,2016-06,91.99170666666667,90.421135
KE006,Taita Taveta,2016-07,90.05676133333333,86.16359
KE006,Taita Taveta,2016-08,117.12893666666666,116.30626
KE006,Taita Taveta,2016-09,87.13784633333334,82.468094
KE006,Taita Taveta,2016-10,85.08103999999999,56.90706
KE006,Taita Taveta,2016-11,82.735271,60.225533
KE006,Taita Taveta,2016-12,79.47229066666667,48.567722
KE006,Taita Taveta,2017-01,63.25608466666667,47.47667
KE006,Taita Taveta,2017-02,97.35383300000001,75.809845
KE006,Taita Taveta,2017-03,49.28210633333333,41.770576
KE006,Taita Taveta,2017-04,89.81564066666665,39.797012
KE006,Taita Taveta,2017-05,128.67086,89.1675
KE006,Taita Taveta,2017-06,93.63545366666666,90.274086
KE006,Taita Taveta,2017-07,88.18740666666667,85.94518
KE006,Taita Taveta,2017-08,151.88012666666665,148.23279
KE006,Taita Taveta,2017-09,110.37509833333336,90.83683
KE006,Taita Taveta,2017-10,67.063874,53.896416
KE006,Taita Taveta,2017-11,116.74605333333334,90.35155
KE006,Taita Taveta,2017-12,63.584058,29.805586
KE006,Taita Taveta,2018-01,69.713599,39.152397
KE006,Taita Taveta,2018-02,62.41049833333333,54.82771
KE006,Taita Taveta,2018-03,252.25303999999997,40.82452
KE006,Taita Taveta,2018-04,159.61226666666667,80.36936
KE006,Taita Taveta,2018-05,95.09666333333332,81.74595
KE006,Taita Taveta,2018-06,127.46031333333333,113.49057
KE006,Taita Taveta,2018-07,145.39192666666668,136.1624
KE006,Taita Taveta,2018-08,102.93268133333333,93.21617
KE006,Taita Taveta,2018-09,134.00469999999999,115.46489
KE006,Taita Taveta,2018-10,157.34151,127.17074
KE006,Taita Taveta,2018-11,63.226772000000004,46.03783
KE006,Taita Taveta,2018-12,150.03196533333335,42.736256
KE006,Taita Taveta,2019-01,92.25576733333332,58.615772
KE006,Taita Taveta,2019-02,104.73547333333333,66.85976
KE006,Taita Taveta,2019-03,30.535942333333335,22.12799
KE006,Taita Taveta,2019-04,100.77720566666666,50.74128
KE006,Taita Taveta,2019-05,152.187168,127.274704
KE006,Taita Taveta,2019-06,121.48285,112.34497
KE006,Taita Taveta,2019-07,135.27106333333333,125.72982
KE006,Taita Taveta,2019-08,154.3188,134.01149
KE006,Taita Taveta,2019-09,145.30727666666667,129.4673
KE006,Taita Taveta,2019-10,315.29069666666663,254.43292
KE006,Taita Taveta,2019-11,150.03275666666664,103.29634
KE006,Taita Taveta,2019-12,211.55687333333333,85.74819
KE006,Taita Taveta,2020-01,291.89902666666666,157.53351
KE006,Taita Taveta,2020-02,132.73857666666666,80.89489
KE006,Taita Taveta,2020-03,192.81007333333332,101.21723
KE006,Taita Taveta,2020-04,151.99691833333333,85.434875
KE006,Taita Taveta,2020-05,68.32664133333334,62.63792
KE006,Taita Taveta,2020-06,124.31645666666667,115.89441
KE006,Taita Taveta,2020-07,127.41841733333332,119.897606
KE006,Taita Taveta,2020-08,100.84552000000001,95.85211
KE006,Taita Taveta,2020-09,122.59668333333333,112.0096
KE006,Taita Taveta,2020-10,60.75557966666667,56.111614
KE006,Taita Taveta,2020-11,132.41641666666666,71.43541
KE006,Taita Taveta,2020-12,90.77411266666667,38.528038
KE006,Taita Taveta,2021-01,125.83960133333333,41.48546
KE006,Taita Taveta,2021-02,135.75312466666665,94.172104
KE006,Taita Taveta,2021-03,33.165811999999995,24.518196
KE006,Taita Taveta,2021-04,82.20035133333333,56.951054
KE006,Taita Taveta,2021-05,110.25156533333332,69.821976
KE006,Taita Taveta,2021-06,86.58620466666667,79.7228
KE006,Taita Taveta,2021-07,114.825585,107.41509
KE006,Taita Taveta,2021-08,102.06137333333334,101.05551
KE006,Taita Taveta,2021-09,86.92691466666668,75.119064
KE006,Taita Taveta,2021-10,62.07423666666667,52.470196
KE006,Taita Taveta,2021-11,61.705527,40.569557
KE006,Taita Taveta,2021-12,153.24274333333332,86.06264
KE006,Taita Taveta,2022-01,78.600146,40.140194
KE006,Taita Taveta,2022-02,132.09906533333333,112.252556
KE006,Taita Taveta,2022-03,40.271405666666666,27.535168
KE006,Taita Taveta,2022-04,90.484756,35.975483
KE006,Taita Taveta,2022-05,75.10509666666667,65.26471
KE006,Taita Taveta,2022-06,114.54047333333334,104.08175
KE006,Taita Taveta,2022-07,113.98305133333334,109.68659
KE006,Taita Taveta,2022-08,90.18663566666667,87.400246
KE006,Taita Taveta,2022-09,85.75441333333333,83.72678
KE006,Taita Taveta,2022-10,53.76192366666667,42.68876
KE006,Taita Taveta,2022-11,100.36738533333335,90.97642
KE006,Taita Taveta,2022-12,72.18426533333333,55.468796
KE006,Taita Taveta,2023-01,71.98512566666666,41.711967
KE006,Taita Taveta,2023-02,57.76729733333334,49.955338
KE006,Taita Taveta,2023-03,44.742176666666666,26.79545
KE006,Taita Taveta,2023-04,174.50261133333333,62.040474
KE006,Taita Taveta,2023-05,78.41191466666668,59.55534
KE006,Taita Taveta,2023-06,142.21234333333334,128.02312
KE006,Taita Taveta,2023-07,130.21725999999998,128.2953
KE006,Taita Taveta,2023-08,117.29502166666667,105.261925
KE006,Taita Taveta,2023-09,102.30357299999999,99.500244
KE006,Taita Taveta,2023-10,139.75546,108.75815
KE006,Taita Taveta,2023-11,265.84298333333334,214.98291
KE006,Taita Taveta,2023-12,120.00606333333333,105.17275
KE006,Taita Taveta,2024-01,108.271733,62.547695
KE006,Taita Taveta,2024-02,184.15724666666665,77.985
KE006,Taita Taveta,2024-03,143.13385,119.50363
KE006,Taita Taveta,2024-04,93.03014366666666,86.003456
KE006,Taita Taveta,2024-05,61.091456666666666,53.38224
KE006,Taita Taveta,2024-06,96.87335866666666,80.108826
KE006,Taita Taveta,2024-07,80.63864666666667,77.32039
KE006,Taita Taveta,2024-08,96.12911666666666,93.42786
KE006,Taita Taveta,2024-09,78.716755,70.88496
KE006,Taita Taveta,2024-10,56.705028,45.35766
KE006,Taita Taveta,2024-11,121.32041666666667,65.04172
KE006,Taita Taveta,2024-12,125.48246533333334,86.51189
KE006,Taita Taveta,2025-01,132.05016766666668,56.763607
KE006,Taita Taveta,2025-02,56.77130333333333,53.72412
KE006,Taita Taveta,2025-03,89.15880333333332,57.15391
KE006,Taita Taveta,2025-04,146.70489666666666,94.10862
KE006,Taita Taveta,2025-05,83.66330333333333,60.92601
KE006,Taita Taveta,2025-06,108.06832333333334,99.0917
KE006,Taita Taveta,2025-07,81.48530066666667,80.265366
KE006,Taita Taveta,2025-08,98.06767133333334,95.882324
KE006,Taita Taveta,2025-09,91.04764999999999,79.62685
KE006,Taita Taveta,2025-10,73.764899,46.712257
KE006,Taita Taveta,2025-11,34.014253333333336,24.669886
KE006,Taita Taveta,2025-12,75.146374,28.607632
KE006,Taita Taveta,2026-01,45.61617633333333,40.522785
KE006,Taita Taveta,2026-02,326.0928033333334,88.45923
KE006,Taita Taveta,2026-03,206.29496666666668,78.8874
KE006,Taita Taveta,2026-04,74.72438533333333,39.91762
KE006,Taita Taveta,2026-05,62.677223,62.677223
KE004,Tana River,2006-01,77.06748,69.63085
KE004,Tana River,2006-02,90.81317999999999,85.56154
KE004,Tana River,2006-03,83.32365333333333,60.29433
KE004,Tana River,2006-04,96.48518666666666,66.38394
KE004,Tana River,2006-05,109.65707100000002,63.853233
KE004,Tana River,2006-06,95.91095,84.95799
KE004,Tana River,2006-07,94.23953333333333,85.95391
KE004,Tana River,2006-08,100.91749633333335,97.391304
KE004,Tana River,2006-09,149.30243,96.110085
KE004,Tana River,2006-10,145.95938999999998,84.89749
KE004,Tana River,2006-11,179.1908,147.6804
KE004,Tana River,2006-12,185.28311799999997,48.175274
KE004,Tana River,2007-01,88.72103666666668,81.9293
KE004,Tana River,2007-02,93.86934000000001,85.84959
KE004,Tana River,2007-03,79.86773766666667,45.771893
KE004,Tana River,2007-04,66.41453733333333,28.411282
KE004,Tana River,2007-05,149.39088999999998,87.77522
KE004,Tana River,2007-06,96.04873666666667,85.28888
KE004,Tana River,2007-07,85.23488166666667,78.95756
KE004,Tana River,2007-08,109.41102000000001,103.99787
KE004,Tana River,2007-09,134.12765833333333,104.918655
KE004,Tana River,2007-10,69.181697,54.914307
KE004,Tana River,2007-11,83.15787633333333,36.013023
KE004,Tana River,2007-12,72.47747700000001,59.90823
KE004,Tana River,2008-01,154.18306333333334,72.21866
KE004,Tana River,2008-02,90.208355,83.24082
KE004,Tana River,2008-03,153.28521466666666,63.869934
KE004,Tana River,2008-04,73.77114566666667,45.739147
KE004,Tana River,2008-05,102.18013466666666,56.340324
KE004,Tana River,2008-06,101.98908,95.73213
KE004,Tana River,2008-07,89.08466,84.13221
KE004,Tana River,2008-08,97.02467833333333,94.172035
KE004,Tana River,2008-09,93.79814533333332,83.700386
KE004,Tana River,2008-10,72.20009566666666,50.408733
KE004,Tana River,2008-11,91.71851500000001,32.364365
KE004,Tana River,2008-12,40.61327033333333,25.955608
KE004,Tana River,2009-01,98.80892833333333,73.716095
KE004,Tana River,2009-02,92.05921000000001,85.5155
KE004,Tana River,2009-03,41.482534,34.326607
KE004,Tana River,2009-04,67.41659533333333,50.177456
KE004,Tana River,2009-05,75.34253933333333,61.116444
KE004,Tana River,2009-06,125.32396,92.9976
KE004,Tana River,2009-07,81.59999833333335,77.25723
KE004,Tana River,2009-08,91.74756666666667,86.4058
KE004,Tana River,2009-09,86.92616466666668,74.01201
KE004,Tana River,2009-10,217.8751433333333,101.38257
KE004,Tana River,2009-11,45.99473166666667,28.577545
KE004,Tana River,2009-12,129.77983666666668,84.76581
KE004,Tana River,2010-01,78.07754866666666,75.745636
KE004,Tana River,2010-02,99.50939999999999,88.60332
KE004,Tana River,2010-03,237.36509333333333,185.80908
KE004,Tana River,2010-04,100.28437533333333,67.422516
KE004,Tana River,2010-05,114.281113,68.062744
KE004,Tana River,2010-06,109.01579166666666,100.46434
KE004,Tana River,2010-07,108.08254799999999,96.20642
KE004,Tana River,2010-08,99.95211666666667,99.52657
KE004,Tana River,2010-09,112.36148333333334,88.08482
KE004,Tana River,2010-10,57.932986666666665,49.87282
KE004,Tana River,2010-11,76.26874333333333,46.66898
KE004,Tana River,2010-12,61.33942666666667,50.34947
KE004,Tana River,2011-01,92.01787466666667,71.75343
KE004,Tana River,2011-02,102.05803166666665,90.08534
KE004,Tana River,2011-03,58.02524833333334,52.171444
KE004,Tana River,2011-04,77.30939833333333,61.838715
KE004,Tana River,2011-05,78.97200333333333,73.96478
KE004,Tana River,2011-06,87.46663666666666,80.0934
KE004,Tana River,2011-07,88.63179000000001,80.21602
KE004,Tana River,2011-08,96.05575166666667,93.773575
KE004,Tana River,2011-09,126.27305666666666,103.81682
KE004,Tana River,2011-10,163.97857333333334,92.83597
KE004,Tana River,2011-11,103.66390633333333,99.01331
KE004,Tana River,2011-12,67.17276933333333,44.592888
KE004,Tana River,2012-01,72.44631333333334,65.96722
KE004,Tana River,2012-02,104.07230333333332,91.74574
KE004,Tana River,2012-03,51.374946333333334,29.041794
KE004,Tana River,2012-04,63.672809,37.145847
KE004,Tana River,2012-05,84.37190633333334,49.510933
KE004,Tana River,2012-06,83.59025633333333,77.38975
KE004,Tana River,2012-07,83.694745,79.46798
KE004,Tana River,2012-08,92.96160300000001,86.016335
KE004,Tana River,2012-09,87.37137166666666,76.36984
KE004,Tana River,2012-10,95.80512733333332,40.382122
KE004,Tana River,2012-11,109.913771,48.499683
KE004,Tana River,2012-12,125.14538333333333,75.9172
KE004,Tana River,2013-01,84.60906333333334,72.60392
KE004,Tana River,2013-02,95.582057,90.362
KE004,Tana River,2013-03,166.27416333333335,113.99736
KE004,Tana River,2013-04,91.42573933333334,50.430958
KE004,Tana River,2013-05,99.90026466666666,75.32708
KE004,Tana River,2013-06,85.40058133333332,78.59078
KE004,Tana River,2013-07,94.19568366666665,83.982605
KE004,Tana River,2013-08,99.347685,92.91788
KE004,Tana River,2013-09,118.24169333333333,94.63259
KE004,Tana River,2013-10,94.537672,35.391506
KE004,Tana River,2013-11,77.60018533333333,44.86242
KE004,Tana River,2013-12,83.464874,57.72177
KE004,Tana River,2014-01,69.75822933333333,60.878838
KE004,Tana River,2014-02,96.416945,86.335205
KE004,Tana River,2014-03,139.42260666666667,54.4928
KE004,Tana River,2014-04,111.40174666666667,66.3351
KE004,Tana River,2014-05,103.65562666666666,91.09138
KE004,Tana River,2014-06,101.724468,88.48927
KE004,Tana River,2014-07,98.30199,88.09241
KE004,Tana River,2014-08,105.38184333333334,101.29305
KE004,Tana River,2014-09,95.348775,74.97591
KE004,Tana River,2014-10,71.01081666666666,44.40952
KE004,Tana River,2014-11,107.60861333333332,57.07562
KE004,Tana River,2014-12,80.39882,43.45512
KE004,Tana River,2015-01,73.04448033333334,63.117725
KE004,Tana River,2015-02,90.59518633333334,86.335205
KE004,Tana River,2015-03,85.70896866666668,53.056694
KE004,Tana River,2015-04,128.04993466666667,93.554184
KE004,Tana River,2015-05,120.39336333333334,74.60886
KE004,Tana River,2015-06,90.27261833333334,79.032455
KE004,Tana River,2015-07,106.12767666666666,101.001465
KE004,Tana River,2015-08,110.29781333333334,104.26087
KE004,Tana River,2015-09,91.14504333333333,84.33306
KE004,Tana River,2015-10,133.63627666666665,94.01207
KE004,Tana River,2015-11,157.84691466666666,95.563194
KE004,Tana River,2015-12,91.85392333333334,41.293385
KE004,Tana River,2016-01,113.76836166666668,100.964066
KE004,Tana River,2016-02,102.47078333333333,95.56254
KE004,Tana River,2016-03,56.48677333333333,27.037636
KE004,Tana River,2016-04,79.84562,72.53425
KE004,Tana River,2016-05,79.929505,63.440365
KE004,Tana River,2016-06,91.32844033333333,86.40522
KE004,Tana River,2016-07,91.68745333333334,82.28413
KE004,Tana River,2016-08,106.32307866666667,101.19807
KE004,Tana River,2016-09,92.04995533333333,82.746346
KE004,Tana River,2016-10,62.951060000000005,35.12627
KE004,Tana River,2016-11,87.40847966666666,54.822224
KE004,Tana River,2016-12,62.716445666666665,50.73123
KE004,Tana River,2017-01,92.09090299999998,84.75787
KE004,Tana River,2017-02,106.34150166666666,97.34358
KE004,Tana River,2017-03,47.73928333333333,42.460407
KE004,Tana River,2017-04,90.17898333333333,81.24247
KE004,Tana River,2017-05,106.69428666666666,90.2536
KE004,Tana River,2017-06,97.142328,89.954414
KE004,Tana River,2017-07,93.83421333333332,85.90111
KE004,Tana River,2017-08,119.70738533333333,113.56089
KE004,Tana River,2017-09,108.07236999999999,91.75502
KE004,Tana River,2017-10,79.66282333333334,67.34891
KE004,Tana River,2017-11,88.22292,52.36407
KE004,Tana River,2017-12,39.514257,30.906933
KE004,Tana River,2018-01,71.462711,61.802013
KE004,Tana River,2018-02,95.32431533333333,89.62427
KE004,Tana River,2018-03,268.7836566666667,116.55877
KE004,Tana River,2018-04,179.33082666666667,127.74063
KE004,Tana River,2018-05,128.66326466666666,89.37745
KE004,Tana River,2018-06,143.99045333333333,97.01436
KE004,Tana River,2018-07,132.66011333333333,126.57823
KE004,Tana River,2018-08,109.37271333333335,102.63294
KE004,Tana River,2018-09,109.10184533333332,98.50438
KE004,Tana River,2018-10,102.50674199999999,74.517166
KE004,Tana River,2018-11,48.14375933333333,34.099888
KE004,Tana River,2018-12,158.17242333333334,62.45913
KE004,Tana River,2019-01,113.279465,111.538025
KE004,Tana River,2019-02,110.10816666666666,96.06968
KE004,Tana River,2019-03,40.85500533333333,34.680016
KE004,Tana River,2019-04,71.77271666666667,38.355793
KE004,Tana River,2019-05,102.40393,90.31589
KE004,Tana River,2019-06,101.99820666666666,87.814125
KE004,Tana River,2019-07,136.77474333333333,115.29458
KE004,Tana River,2019-08,119.84767166666667,107.149765
KE004,Tana River,2019-09,133.51997333333335,112.1302
KE004,Tana River,2019-10,301.2562766666667,226.44586
KE004,Tana River,2019-11,176.48812533333333,63.777786
KE004,Tana River,2019-12,214.00141333333332,141.9303
KE004,Tana River,2020-01,244.00688666666667,210.15736
KE004,Tana River,2020-02,117.46507466666667,99.52392
KE004,Tana River,2020-03,155.465045,74.597755
KE004,Tana River,2020-04,153.69659000000001,83.33274
KE004,Tana River,2020-05,76.751148,73.383804
KE004,Tana River,2020-06,104.32143333333333,89.16638
KE004,Tana River,2020-07,179.98820333333333,157.22787
KE004,Tana River,2020-08,102.01758699999999,99.70808
KE004,Tana River,2020-09,104.259432,96.403946
KE004,Tana River,2020-10,65.76136766666666,55.978672
KE004,Tana River,2020-11,80.11721333333334,48.08897
KE004,Tana River,2020-12,92.80397766666665,33.030293
KE004,Tana River,2021-01,81.20993666666668,70.91194
KE004,Tana River,2021-02,98.658323,93.557724
KE004,Tana River,2021-03,46.55972666666667,42.28157
KE004,Tana River,2021-04,71.434038,57.420044
KE004,Tana River,2021-05,70.40707133333333,55.94505
KE004,Tana River,2021-06,98.56253199999999,83.79527
KE004,Tana River,2021-07,106.03948333333334,97.9049
KE004,Tana River,2021-08,100.86938333333335,98.6653
KE004,Tana River,2021-09,89.77374400000001,78.082596
KE004,Tana River,2021-10,61.31110933333334,45.002808
KE004,Tana River,2021-11,54.07970533333333,28.031126
KE004,Tana River,2021-12,255.1625633333333,82.89912
KE004,Tana River,2022-01,84.64189333333333,67.60277
KE004,Tana River,2022-02,105.33480333333334,92.82033
KE004,Tana River,2022-03,46.24865566666667,40.39919
KE004,Tana River,2022-04,65.42429833333334,34.47855
KE004,Tana River,2022-05,85.56311799999999,63.125168
KE004,Tana River,2022-06,98.52540666666665,93.82252
KE004,Tana River,2022-07,111.21101366666666,102.278725
KE004,Tana River,2022-08,98.40112833333335,96.0
KE004,Tana River,2022-09,92.47946666666667,90.24987
KE004,Tana River,2022-10,70.20503233333334,60.745167
KE004,Tana River,2022-11,87.11996466666666,82.342224
KE004,Tana River,2022-12,51.92178033333334,41.233437
KE004,Tana River,2023-01,86.98137133333334,73.798004
KE004,Tana River,2023-02,88.12308,85.99708
KE004,Tana River,2023-03,96.13463466666667,54.89177
KE004,Tana River,2023-04,237.65606499999998,127.580215
KE004,Tana River,2023-05,69.58085,66.15371
KE004,Tana River,2023-06,99.20008166666666,97.00268
KE004,Tana River,2023-07,119.673273,115.28578
KE004,Tana River,2023-08,120.30929333333334,119.24638
KE004,Tana River,2023-09,100.807967,96.344635
KE004,Tana River,2023-10,127.57728666666667,112.73352
KE004,Tana River,2023-11,236.37073666666666,176.2113
KE004,Tana River,2023-12,159.626052,66.338486
KE004,Tana River,2024-01,98.227132,78.3029
KE004,Tana River,2024-02,115.40844,102.40654
KE004,Tana River,2024-03,102.68709799999999,66.226715
KE004,Tana River,2024-04,122.61336666666666,89.19569
KE004,Tana River,2024-05,94.92942333333333,67.00284
KE004,Tana River,2024-06,96.76777933333334,74.864494
KE004,Tana River,2024-07,99.55047333333334,92.31858
KE004,Tana River,2024-08,97.43703166666667,93.024155
KE004,Tana River,2024-09,82.95117333333333,71.29088
KE004,Tana River,2024-10,71.666145,40.68575
KE004,Tana River,2024-11,135.399292,73.413666
KE004,Tana River,2024-12,80.26793333333333,72.934
KE004,Tana River,2025-01,81.87245333333334,69.703545
KE004,Tana River,2025-02,84.43720666666667,78.10744
KE004,Tana River,2025-03,144.54870333333335,58.8949
KE004,Tana River,2025-04,109.90118333333334,80.0869
KE004,Tana River,2025-05,83.27404966666667,64.508835
KE004,Tana River,2025-06,123.72549333333335,113.25349
KE004,Tana River,2025-07,89.443512,84.07062
KE004,Tana River,2025-08,110.96592833333334,107.31271
KE004,Tana River,2025-09,96.50099,80.544235
KE004,Tana River,2025-10,124.80319000000001,66.91809
KE004,Tana River,2025-11,46.67851466666667,32.612057
KE004,Tana River,2025-12,69.81339033333334,34.562565
KE004,Tana River,2026-01,72.72625166666667,58.581795
KE004,Tana River,2026-02,141.72000666666668,93.91383
KE004,Tana River,2026-03,241.7132333333333,139.32909
KE004,Tana River,2026-04,84.53477333333333,35.23277
KE004,Tana River,2026-05,70.77886,70.77886
KE013,Tharaka-Nithi,2006-01,70.60225383333334,54.34783
KE013,Tharaka-Nithi,2006-02,98.42880016666668,56.351597
KE013,Tharaka-Nithi,2006-03,93.84655316666668,45.674603
KE013,Tharaka-Nithi,2006-04,104.33166,44.311966
KE013,Tharaka-Nithi,2006-05,145.550868,54.719788
KE013,Tharaka-Nithi,2006-06,94.10406166666667,73.24887
KE013,Tharaka-Nithi,2006-07,82.108446,75.207886
KE013,Tharaka-Nithi,2006-08,125.1998825,89.207275
KE013,Tharaka-Nithi,2006-09,118.765325,100.0
KE013,Tharaka-Nithi,2006-10,123.05512166666666,84.11411
KE013,Tharaka-Nithi,2006-11,149.13173400000002,101.93205
KE013,Tharaka-Nithi,2006-12,232.4808725,77.813545
KE013,Tharaka-Nithi,2007-01,108.48692583333333,72.97381
KE013,Tharaka-Nithi,2007-02,81.98626983333334,62.13125
KE013,Tharaka-Nithi,2007-03,84.92445866666667,52.761173
KE013,Tharaka-Nithi,2007-04,83.95442849999999,34.952374
KE013,Tharaka-Nithi,2007-05,107.77655333333333,69.22484
KE013,Tharaka-Nithi,2007-06,104.024255,94.17712
KE013,Tharaka-Nithi,2007-07,111.14058933333335,94.83974
KE013,Tharaka-Nithi,2007-08,104.861036,74.60826
KE013,Tharaka-Nithi,2007-09,104.61399999999999,96.83041
KE013,Tharaka-Nithi,2007-10,139.562921,57.79879
KE013,Tharaka-Nithi,2007-11,70.8480655,35.679184
KE013,Tharaka-Nithi,2007-12,65.64559183333334,53.01891
KE013,Tharaka-Nithi,2008-01,142.72332616666668,38.971367
KE013,Tharaka-Nithi,2008-02,65.59853566666668,58.33835
KE013,Tharaka-Nithi,2008-03,111.12481816666667,48.69767
KE013,Tharaka-Nithi,2008-04,85.94387266666666,35.23577
KE013,Tharaka-Nithi,2008-05,35.88723733333334,21.88945
KE013,Tharaka-Nithi,2008-06,87.69117,65.34738
KE013,Tharaka-Nithi,2008-07,98.69045666666666,81.09777
KE013,Tharaka-Nithi,2008-08,80.17930249999999,68.73015
KE013,Tharaka-Nithi,2008-09,96.47887566666667,87.04454
KE013,Tharaka-Nithi,2008-10,126.77476,33.25321
KE013,Tharaka-Nithi,2008-11,74.19969066666667,35.876747
KE013,Tharaka-Nithi,2008-12,35.794371500000004,25.623121
KE013,Tharaka-Nithi,2009-01,128.43055333333334,77.67763
KE013,Tharaka-Nithi,2009-02,79.186273,56.712826
KE013,Tharaka-Nithi,2009-03,57.070224833333334,37.196873
KE013,Tharaka-Nithi,2009-04,54.38055550000001,30.300184
KE013,Tharaka-Nithi,2009-05,107.69483600000001,76.34712
KE013,Tharaka-Nithi,2009-06,84.97825,69.93674
KE013,Tharaka-Nithi,2009-07,74.09085366666666,64.67508
KE013,Tharaka-Nithi,2009-08,80.53350166666667,64.87801
KE013,Tharaka-Nithi,2009-09,85.26128416666667,67.328835
KE013,Tharaka-Nithi,2009-10,144.208616,60.62815
KE013,Tharaka-Nithi,2009-11,61.04179283333334,30.505219
KE013,Tharaka-Nithi,2009-12,96.85670633333332,50.843357
KE013,Tharaka-Nithi,2010-01,124.050809,63.3442
KE013,Tharaka-Nithi,2010-02,205.84223816666668,97.31858
KE013,Tharaka-Nithi,2010-03,183.738246,74.52516
KE013,Tharaka-Nithi,2010-04,100.25522833333333,29.703804
KE013,Tharaka-Nithi,2010-05,108.53246833333333,66.87056
KE013,Tharaka-Nithi,2010-06,89.89927499999999,71.96754
KE013,Tharaka-Nithi,2010-07,109.27955666666666,89.53687
KE013,Tharaka-Nithi,2010-08,109.19725666666666,94.27587
KE013,Tharaka-Nithi,2010-09,85.13534733333334,70.96823
KE013,Tharaka-Nithi,2010-10,68.66062116666667,31.512505
KE013,Tharaka-Nithi,2010-11,69.45456133333333,36.148952
KE013,Tharaka-Nithi,2010-12,38.7896845,30.305899
KE013,Tharaka-Nithi,2011-01,60.32101566666666,41.75504
KE013,Tharaka-Nithi,2011-02,97.51994333333333,63.40934
KE013,Tharaka-Nithi,2011-03,65.0298885,38.799217
KE013,Tharaka-Nithi,2011-04,73.90953116666667,19.20019
KE013,Tharaka-Nithi,2011-05,101.81442566666665,71.59458
KE013,Tharaka-Nithi,2011-06,106.79582733333332,93.10934
KE013,Tharaka-Nithi,2011-07,88.78050400000001,79.975334
KE013,Tharaka-Nithi,2011-08,129.972664,92.5926
KE013,Tharaka-Nithi,2011-09,117.35369150000001,98.93359
KE013,Tharaka-Nithi,2011-10,148.6589,48.52424
KE013,Tharaka-Nithi,2011-11,140.07188916666667,100.57102
KE013,Tharaka-Nithi,2011-12,88.066651,29.89364
KE013,Tharaka-Nithi,2012-01,48.5703235,42.948036
KE013,Tharaka-Nithi,2012-02,81.31365749999999,60.620075
KE013,Tharaka-Nithi,2012-03,34.777184999999996,21.349998
KE013,Tharaka-Nithi,2012-04,113.559749,45.627014
KE013,Tharaka-Nithi,2012-05,110.71922766666665,82.3197
KE013,Tharaka-Nithi,2012-06,110.77702566666666,86.975914
KE013,Tharaka-Nithi,2012-07,101.42826166666667,89.4364
KE013,Tharaka-Nithi,2012-08,105.10657716666667,90.44777
KE013,Tharaka-Nithi,2012-09,94.38105266666666,74.15271
KE013,Tharaka-Nithi,2012-10,154.60921866666666,52.231712
KE013,Tharaka-Nithi,2012-11,83.42673666666666,37.36788
KE013,Tharaka-Nithi,2012-12,136.04269083333335,59.571285
KE013,Tharaka-Nithi,2013-01,84.12781316666667,62.56628
KE013,Tharaka-Nithi,2013-02,63.43345300000001,48.94642
KE013,Tharaka-Nithi,2013-03,126.900598,55.734974
KE013,Tharaka-Nithi,2013-04,127.48868066666667,27.834187
KE013,Tharaka-Nithi,2013-05,38.16004,24.262512
KE013,Tharaka-Nithi,2013-06,97.33303833333333,73.675964
KE013,Tharaka-Nithi,2013-07,95.41072433333333,73.07032
KE013,Tharaka-Nithi,2013-08,86.78505583333333,75.16835
KE013,Tharaka-Nithi,2013-09,110.42319916666668,89.8606
KE013,Tharaka-Nithi,2013-10,51.21612033333333,27.716705
KE013,Tharaka-Nithi,2013-11,79.72139516666667,37.4011
KE013,Tharaka-Nithi,2013-12,79.28785316666666,40.481792
KE013,Tharaka-Nithi,2014-01,46.194573999999996,39.103924
KE013,Tharaka-Nithi,2014-02,128.35984166666665,70.09845
KE013,Tharaka-Nithi,2014-03,138.54847900000001,39.235123
KE013,Tharaka-Nithi,2014-04,69.05412416666667,26.741823
KE013,Tharaka-Nithi,2014-05,55.251487499999996,31.684547
KE013,Tharaka-Nithi,2014-06,121.12996766666667,101.90587
KE013,Tharaka-Nithi,2014-07,91.75864416666667,71.51216
KE013,Tharaka-Nithi,2014-08,150.08975433333333,75.16835
KE013,Tharaka-Nithi,2014-09,103.61465166666666,78.247025
KE013,Tharaka-Nithi,2014-10,80.18726616666667,42.138958
KE013,Tharaka-Nithi,2014-11,83.346898,44.97779
KE013,Tharaka-Nithi,2014-12,85.2818225,59.01621
KE013,Tharaka-Nithi,2015-01,57.482455666666674,46.527042
KE013,Tharaka-Nithi,2015-02,84.79541066666667,64.49512
KE013,Tharaka-Nithi,2015-03,70.1074005,35.61962
KE013,Tharaka-Nithi,2015-04,149.99023666666668,104.5501
KE013,Tharaka-Nithi,2015-05,80.13727166666666,55.54637
KE013,Tharaka-Nithi,2015-06,87.87035083333335,76.27118
KE013,Tharaka-Nithi,2015-07,112.41436833333334,96.45827
KE013,Tharaka-Nithi,2015-08,86.48777483333333,67.12964
KE013,Tharaka-Nithi,2015-09,81.30439266666666,64.59929
KE013,Tharaka-Nithi,2015-10,94.24203533333333,39.439056
KE013,Tharaka-Nithi,2015-11,141.41105666666667,125.48249
KE013,Tharaka-Nithi,2015-12,141.53555183333333,39.880455
KE013,Tharaka-Nithi,2016-01,120.60061,104.18877
KE013,Tharaka-Nithi,2016-02,97.85073333333334,70.25888
KE013,Tharaka-Nithi,2016-03,67.81916916666667,23.401093
KE013,Tharaka-Nithi,2016-04,108.84869333333334,72.07746
KE013,Tharaka-Nithi,2016-05,74.912648,42.238384
KE013,Tharaka-Nithi,2016-06,95.438735,91.61446
KE013,Tharaka-Nithi,2016-07,86.259479,77.50823
KE013,Tharaka-Nithi,2016-08,85.10770666666666,75.71437
KE013,Tharaka-Nithi,2016-09,92.6030775,84.008095
KE013,Tharaka-Nithi,2016-10,39.68042783333333,19.54865
KE013,Tharaka-Nithi,2016-11,124.95598583333333,62.770035
KE013,Tharaka-Nithi,2016-12,45.178974000000004,31.441864
KE013,Tharaka-Nithi,2017-01,45.86342533333334,38.573704
KE013,Tharaka-Nithi,2017-02,106.59088150000001,89.669075
KE013,Tharaka-Nithi,2017-03,36.52535683333333,25.528467
KE013,Tharaka-Nithi,2017-04,65.70745683333334,29.703804
KE013,Tharaka-Nithi,2017-05,76.66182733333333,54.85364
KE013,Tharaka-Nithi,2017-06,83.23171283333333,62.784737
KE013,Tharaka-Nithi,2017-07,93.04818166666666,76.89145
KE013,Tharaka-Nithi,2017-08,98.89144333333333,96.10056
KE013,Tharaka-Nithi,2017-09,98.41555333333334,77.66346
KE013,Tharaka-Nithi,2017-10,100.57207216666666,50.94312
KE013,Tharaka-Nithi,2017-11,101.20495166666666,30.10621
KE013,Tharaka-Nithi,2017-12,31.727855166666668,26.411167
KE013,Tharaka-Nithi,2018-01,48.974575666666674,40.29693
KE013,Tharaka-Nithi,2018-02,63.194978666666664,54.36484
KE013,Tharaka-Nithi,2018-03,272.1841958333334,123.995415
KE013,Tharaka-Nithi,2018-04,200.66570666666667,126.94322
KE013,Tharaka-Nithi,2018-05,152.33602666666667,65.32101
KE013,Tharaka-Nithi,2018-06,150.44081333333332,101.31477
KE013,Tharaka-Nithi,2018-07,126.74844833333333,88.88204
KE013,Tharaka-Nithi,2018-08,80.12597,65.52706
KE013,Tharaka-Nithi,2018-09,123.52448916666667,99.76152
KE013,Tharaka-Nithi,2018-10,48.883075166666664,34.383953
KE013,Tharaka-Nithi,2018-11,60.599670833333334,50.085896
KE013,Tharaka-Nithi,2018-12,177.594552,44.285454
KE013,Tharaka-Nithi,2019-01,96.736238,69.558014
KE013,Tharaka-Nithi,2019-02,117.08052500000001,69.18094
KE013,Tharaka-Nithi,2019-03,34.47723,21.7298
KE013,Tharaka-Nithi,2019-04,61.59596733333333,16.933008
KE013,Tharaka-Nithi,2019-05,98.06900133333333,55.334473
KE013,Tharaka-Nithi,2019-06,116.72377833333333,98.79539
KE013,Tharaka-Nithi,2019-07,87.7280925,77.50823
KE013,Tharaka-Nithi,2019-08,86.51103166666667,78.66459
KE013,Tharaka-Nithi,2019-09,116.75770083333333,100.0
KE013,Tharaka-Nithi,2019-10,313.7183483333333,247.23845
KE013,Tharaka-Nithi,2019-11,163.734769,113.04749
KE013,Tharaka-Nithi,2019-12,210.60731666666666,54.80478
KE013,Tharaka-Nithi,2020-01,230.01185,136.6649
KE013,Tharaka-Nithi,2020-02,202.57926999999998,94.69341
KE013,Tharaka-Nithi,2020-03,159.53278566666668,60.36055
KE013,Tharaka-Nithi,2020-04,196.88496949999998,60.599857
KE013,Tharaka-Nithi,2020-05,109.64744933333334,73.56588
KE013,Tharaka-Nithi,2020-06,123.7657115,101.516914
KE013,Tharaka-Nithi,2020-07,113.39443516666667,101.632286
KE013,Tharaka-Nithi,2020-08,116.69523766666667,94.278946
KE013,Tharaka-Nithi,2020-09,122.07045,95.64777
KE013,Tharaka-Nithi,2020-10,62.1202935,46.038635
KE013,Tharaka-Nithi,2020-11,83.844576,24.462242
KE013,Tharaka-Nithi,2020-12,78.86744333333333,40.12387
KE013,Tharaka-Nithi,2021-01,82.17402600000001,53.565876
KE013,Tharaka-Nithi,2021-02,105.50421233333333,70.4395
KE013,Tharaka-Nithi,2021-03,62.18197883333334,51.011383
KE013,Tharaka-Nithi,2021-04,85.21081466666668,45.18037
KE013,Tharaka-Nithi,2021-05,172.37517933333334,76.458916
KE013,Tharaka-Nithi,2021-06,82.5488505,62.144077
KE013,Tharaka-Nithi,2021-07,102.90567166666666,99.30099
KE013,Tharaka-Nithi,2021-08,85.16258666666667,68.07013
KE013,Tharaka-Nithi,2021-09,91.39322333333332,80.29419
KE013,Tharaka-Nithi,2021-10,59.604726166666666,42.549072
KE013,Tharaka-Nithi,2021-11,64.43292233333334,24.988508
KE013,Tharaka-Nithi,2021-12,233.65269466666666,88.037224
KE013,Tharaka-Nithi,2022-01,93.43138799999998,48.447063
KE013,Tharaka-Nithi,2022-02,98.4251225,61.22818
KE013,Tharaka-Nithi,2022-03,45.71024666666667,26.880566
KE013,Tharaka-Nithi,2022-04,85.12592183333334,19.459969
KE013,Tharaka-Nithi,2022-05,41.60770683333333,20.907492
KE013,Tharaka-Nithi,2022-06,84.510381,67.26936
KE013,Tharaka-Nithi,2022-07,106.01458666666667,90.729904
KE013,Tharaka-Nithi,2022-08,110.22700333333334,91.16809
KE013,Tharaka-Nithi,2022-09,98.6350825,78.70195
KE013,Tharaka-Nithi,2022-10,40.96396166666667,26.789951
KE013,Tharaka-Nithi,2022-11,95.90302500000001,65.92355
KE013,Tharaka-Nithi,2022-12,84.79133,55.224556
KE013,Tharaka-Nithi,2023-01,77.57121,70.02018
KE013,Tharaka-Nithi,2023-02,61.75260716666667,50.57195
KE013,Tharaka-Nithi,2023-03,115.09873950000001,43.0723
KE013,Tharaka-Nithi,2023-04,172.71560999999997,101.08514
KE013,Tharaka-Nithi,2023-05,52.59728916666666,45.829086
KE013,Tharaka-Nithi,2023-06,118.69524166666666,100.15467
KE013,Tharaka-Nithi,2023-07,120.6239575,102.59047
KE013,Tharaka-Nithi,2023-08,93.063868,81.30026
KE013,Tharaka-Nithi,2023-09,101.92393249999999,94.09445
KE013,Tharaka-Nithi,2023-10,131.55742333333333,66.98376
KE013,Tharaka-Nithi,2023-11,188.9070416666667,118.84895
KE013,Tharaka-Nithi,2023-12,76.6751055,33.71379
KE013,Tharaka-Nithi,2024-01,132.67028000000002,65.3659
KE013,Tharaka-Nithi,2024-02,255.86898166666666,127.87477
KE013,Tharaka-Nithi,2024-03,50.443767,28.651146
KE013,Tharaka-Nithi,2024-04,188.38014466666667,47.809048
KE013,Tharaka-Nithi,2024-05,136.14207666666667,74.47225
KE013,Tharaka-Nithi,2024-06,84.42710583333333,57.659454
KE013,Tharaka-Nithi,2024-07,94.52351399999999,82.59932
KE013,Tharaka-Nithi,2024-08,93.440465,85.55788
KE013,Tharaka-Nithi,2024-09,81.9367395,63.916897
KE013,Tharaka-Nithi,2024-10,48.580546,26.368063
KE013,Tharaka-Nithi,2024-11,136.89023333333333,90.35661
KE013,Tharaka-Nithi,2024-12,64.75784916666667,34.9309
KE013,Tharaka-Nithi,2025-01,78.29017133333333,43.87593
KE013,Tharaka-Nithi,2025-02,70.5068945,57.435287
KE013,Tharaka-Nithi,2025-03,186.6205975,49.29959
KE013,Tharaka-Nithi,2025-04,137.56770333333333,80.00807
KE013,Tharaka-Nithi,2025-05,84.2034365,54.471813
KE013,Tharaka-Nithi,2025-06,100.85193249999999,85.42141
KE013,Tharaka-Nithi,2025-07,94.31331383333334,68.370804
KE013,Tharaka-Nithi,2025-08,111.61362666666668,101.12673
KE013,Tharaka-Nithi,2025-09,98.15549083333333,82.79627
KE013,Tharaka-Nithi,2025-10,104.12012583333335,35.01679
KE013,Tharaka-Nithi,2025-11,38.822798999999996,31.435093
KE013,Tharaka-Nithi,2025-12,96.2897375,48.15676
KE013,Tharaka-Nithi,2026-01,48.29191266666667,36.983032
KE013,Tharaka-Nithi,2026-02,326.539198,76.816284
KE013,Tharaka-Nithi,2026-03,236.68517833333337,181.68198
KE013,Tharaka-Nithi,2026-04,85.48658699999999,24.088797
KE013,Tharaka-Nithi,2026-05,130.853318,108.807816
KE026,Trans Nzoia,2006-01,73.60184333333332,53.579933
KE026,Trans Nzoia,2006-02,129.79845666666665,63.52203
KE026,Trans Nzoia,2006-03,117.23383999999999,80.22525
KE026,Trans Nzoia,2006-04,122.84363666666667,91.799965
KE026,Trans Nzoia,2006-05,72.71208333333333,59.1341
KE026,Trans Nzoia,2006-06,71.10966499999999,44.603424
KE026,Trans Nzoia,2006-07,65.94071799999999,61.38937
KE026,Trans Nzoia,2006-08,104.96216,52.65581
KE026,Trans Nzoia,2006-09,151.61274,114.04357
KE026,Trans Nzoia,2006-10,96.40431133333334,28.310717
KE026,Trans Nzoia,2006-11,202.75599333333335,39.62304
KE026,Trans Nzoia,2006-12,150.48788,67.75563
KE026,Trans Nzoia,2007-01,121.83467833333334,85.077385
KE026,Trans Nzoia,2007-02,201.31663666666668,103.82854
KE026,Trans Nzoia,2007-03,83.55372533333333,36.96538
KE026,Trans Nzoia,2007-04,115.16574766666668,26.34395
KE026,Trans Nzoia,2007-05,96.66938533333332,44.14599
KE026,Trans Nzoia,2007-06,121.04165666666667,93.14105
KE026,Trans Nzoia,2007-07,118.86350333333333,61.06684
KE026,Trans Nzoia,2007-08,121.73377,87.79256
KE026,Trans Nzoia,2007-09,205.5995333333333,177.18425
KE026,Trans Nzoia,2007-10,63.75075733333333,40.176426
KE026,Trans Nzoia,2007-11,51.548646,45.646473
KE026,Trans Nzoia,2007-12,71.38350666666666,42.99734
KE026,Trans Nzoia,2008-01,67.48267,57.72413
KE026,Trans Nzoia,2008-02,87.83304166666666,46.89694
KE026,Trans Nzoia,2008-03,86.02954866666666,43.04058
KE026,Trans Nzoia,2008-04,63.683399,35.14653
KE026,Trans Nzoia,2008-05,86.29793666666667,37.42773
KE026,Trans Nzoia,2008-06,90.978795,40.633305
KE026,Trans Nzoia,2008-07,104.03995333333334,92.84049
KE026,Trans Nzoia,2008-08,139.91851666666665,104.52247
KE026,Trans Nzoia,2008-09,100.60921666666667,65.98489
KE026,Trans Nzoia,2008-10,123.96045199999999,69.17025
KE026,Trans Nzoia,2008-11,117.610322,38.777344
KE026,Trans Nzoia,2008-12,37.46361366666667,35.207523
KE026,Trans Nzoia,2009-01,97.32969566666668,50.734585
KE026,Trans Nzoia,2009-02,49.73717833333333,43.14366
KE026,Trans Nzoia,2009-03,44.345097333333335,25.567537
KE026,Trans Nzoia,2009-04,119.68572166666667,64.317665
KE026,Trans Nzoia,2009-05,99.67498,39.71518
KE026,Trans Nzoia,2009-06,63.348243333333336,46.88812
KE026,Trans Nzoia,2009-07,73.92151433333333,58.779263
KE026,Trans Nzoia,2009-08,86.37705833333332,65.21838
KE026,Trans Nzoia,2009-09,89.74688933333334,68.749084
KE026,Trans Nzoia,2009-10,92.36467333333333,65.22344
KE026,Trans Nzoia,2009-11,67.18022533333334,49.782722
KE026,Trans Nzoia,2009-12,270.23865666666666,158.75397
KE026,Trans Nzoia,2010-01,122.07786133333333,62.62899
KE026,Trans Nzoia,2010-02,277.04572333333334,159.9991
KE026,Trans Nzoia,2010-03,140.30986933333335,42.536808
KE026,Trans Nzoia,2010-04,98.94118333333331,37.974415
KE026,Trans Nzoia,2010-05,141.02431333333334,110.06779
KE026,Trans Nzoia,2010-06,99.318518,93.528564
KE026,Trans Nzoia,2010-07,106.12485666666667,80.74525
KE026,Trans Nzoia,2010-08,86.76773666666666,67.22245
KE026,Trans Nzoia,2010-09,114.15446566666667,61.835747
KE026,Trans Nzoia,2010-10,111.617732,95.489296
KE026,Trans Nzoia,2010-11,51.572748,34.86268
KE026,Trans Nzoia,2010-12,110.192528,63.214184
KE026,Trans Nzoia,2011-01,62.752837,51.039845
KE026,Trans Nzoia,2011-02,68.78409466666666,47.52878
KE026,Trans Nzoia,2011-03,139.86668333333333,60.04206
KE026,Trans Nzoia,2011-04,59.25878066666667,26.556576
KE026,Trans Nzoia,2011-05,82.55512666666667,51.62092
KE026,Trans Nzoia,2011-06,129.24782333333334,121.89853
KE026,Trans Nzoia,2011-07,105.58591999999999,47.1762
KE026,Trans Nzoia,2011-08,140.039458,107.628654
KE026,Trans Nzoia,2011-09,118.82142800000001,96.185234
KE026,Trans Nzoia,2011-10,90.21596333333332,55.48407
KE026,Trans Nzoia,2011-11,235.55035766666666,55.207233
KE026,Trans Nzoia,2011-12,81.275305,34.900837
KE026,Trans Nzoia,2012-01,52.18362966666666,48.023495
KE026,Trans Nzoia,2012-02,62.83554566666667,51.650024
KE026,Trans Nzoia,2012-03,53.35162833333334,27.46143
KE026,Trans Nzoia,2012-04,151.79254,90.57727
KE026,Trans Nzoia,2012-05,153.29173,122.00532
KE026,Trans Nzoia,2012-06,116.46824833333334,79.5825
KE026,Trans Nzoia,2012-07,102.91389866666667,77.910416
KE026,Trans Nzoia,2012-08,110.62259999999999,107.10326
KE026,Trans Nzoia,2012-09,201.89951333333332,148.32584
KE026,Trans Nzoia,2012-10,122.05778,70.61234
KE026,Trans Nzoia,2012-11,124.70426833333333,58.86963
KE026,Trans Nzoia,2012-12,159.83624333333333,56.32874
KE026,Trans Nzoia,2013-01,138.84102199999998,64.929756
KE026,Trans Nzoia,2013-02,61.52728266666667,43.10587
KE026,Trans Nzoia,2013-03,144.60036666666667,94.53716
KE026,Trans Nzoia,2013-04,148.24326666666667,105.95156
KE026,Trans Nzoia,2013-05,95.383124,32.966812
KE026,Trans Nzoia,2013-06,94.84056666666665,67.28853
KE026,Trans Nzoia,2013-07,96.20385666666668,71.03627
KE026,Trans Nzoia,2013-08,134.96494166666668,118.780815
KE026,Trans Nzoia,2013-09,157.99737666666667,136.5008
KE026,Trans Nzoia,2013-10,120.02168333333333,68.79074
KE026,Trans Nzoia,2013-11,118.62200666666666,78.40409
KE026,Trans Nzoia,2013-12,147.09198833333332,65.692085
KE026,Trans Nzoia,2014-01,80.125462,63.81966
KE026,Trans Nzoia,2014-02,71.16265,57.49789
KE026,Trans Nzoia,2014-03,108.05433099999999,35.300438
KE026,Trans Nzoia,2014-04,39.945681,23.036009
KE026,Trans Nzoia,2014-05,99.93901333333334,68.92701
KE026,Trans Nzoia,2014-06,99.642715,58.320415
KE026,Trans Nzoia,2014-07,103.138785,86.273155
KE026,Trans Nzoia,2014-08,130.71988000000002,94.24724
KE026,Trans Nzoia,2014-09,85.46761566666667,46.971767
KE026,Trans Nzoia,2014-10,162.99755333333334,76.94422
KE026,Trans Nzoia,2014-11,86.85300666666667,44.3501
KE026,Trans Nzoia,2014-12,83.85310566666666,51.27786
KE026,Trans Nzoia,2015-01,52.56954833333333,49.055405
KE026,Trans Nzoia,2015-02,54.825025000000004,42.684635
KE026,Trans Nzoia,2015-03,42.830727,26.514482
KE026,Trans Nzoia,2015-04,116.67132500000001,64.75796
KE026,Trans Nzoia,2015-05,97.86665866666668,72.931404
KE026,Trans Nzoia,2015-06,129.952389,60.368687
KE026,Trans Nzoia,2015-07,79.41194333333333,52.67261
KE026,Trans Nzoia,2015-08,51.023834,42.2588
KE026,Trans Nzoia,2015-09,94.31391166666667,60.78699
KE026,Trans Nzoia,2015-10,117.41777333333333,50.44006
KE026,Trans Nzoia,2015-11,134.30692333333334,83.42668
KE026,Trans Nzoia,2015-12,163.84913533333335,47.413616
KE026,Trans Nzoia,2016-01,132.74768466666666,57.390064
KE026,Trans Nzoia,2016-02,57.54719333333333,53.96984
KE026,Trans Nzoia,2016-03,87.85846366666665,42.195908
KE026,Trans Nzoia,2016-04,152.02353666666667,129.21652
KE026,Trans Nzoia,2016-05,116.15455333333334,65.21883
KE026,Trans Nzoia,2016-06,107.34272666666668,74.40901
KE026,Trans Nzoia,2016-07,106.30804666666667,74.86314
KE026,Trans Nzoia,2016-08,69.84789099999999,47.407978
KE026,Trans Nzoia,2016-09,87.00154966666666,43.8166
KE026,Trans Nzoia,2016-10,82.84784,50.19523
KE026,Trans Nzoia,2016-11,52.642278000000005,45.440845
KE026,Trans Nzoia,2016-12,46.79436066666667,38.642406
KE026,Trans Nzoia,2017-01,115.26208666666668,76.75906
KE026,Trans Nzoia,2017-02,175.99221333333332,80.03366
KE026,Trans Nzoia,2017-03,70.20814533333333,45.00917
KE026,Trans Nzoia,2017-04,59.845395,33.296715
KE026,Trans Nzoia,2017-05,119.39876333333332,117.56054
KE026,Trans Nzoia,2017-06,88.22263,74.56644
KE026,Trans Nzoia,2017-07,202.85736333333332,160.83617
KE026,Trans Nzoia,2017-08,123.89426533333334,89.041466
KE026,Trans Nzoia,2017-09,143.75835666666669,137.64412
KE026,Trans Nzoia,2017-10,149.546522,56.564926
KE026,Trans Nzoia,2017-11,93.355752,56.111526
KE026,Trans Nzoia,2017-12,54.04983133333334,40.666527
KE026,Trans Nzoia,2018-01,60.809044666666665,55.72918
KE026,Trans Nzoia,2018-02,62.527684,45.031727
KE026,Trans Nzoia,2018-03,178.27437999999998,51.21215
KE026,Trans Nzoia,2018-04,179.18199,143.56999
KE026,Trans Nzoia,2018-05,179.59822,148.42004
KE026,Trans Nzoia,2018-06,163.02660333333333,133.7571
KE026,Trans Nzoia,2018-07,126.76996333333334,52.23648
KE026,Trans Nzoia,2018-08,95.72411333333332,38.19672
KE026,Trans Nzoia,2018-09,65.407165,48.559727
KE026,Trans Nzoia,2018-10,84.304328,43.82165
KE026,Trans Nzoia,2018-11,48.01931066666666,26.66404
KE026,Trans Nzoia,2018-12,122.74022666666667,40.42118
KE026,Trans Nzoia,2019-01,73.35997066666667,59.215748
KE026,Trans Nzoia,2019-02,63.760266666666666,48.51145
KE026,Trans Nzoia,2019-03,80.28112433333332,36.817253
KE026,Trans Nzoia,2019-04,72.12065666666668,31.098652
KE026,Trans Nzoia,2019-05,85.95467000000001,53.02562
KE026,Trans Nzoia,2019-06,142.33205999999998,85.9751
KE026,Trans Nzoia,2019-07,108.30907833333333,84.93525
KE026,Trans Nzoia,2019-08,140.80015333333333,93.61403
KE026,Trans Nzoia,2019-09,131.67924333333335,97.94519
KE026,Trans Nzoia,2019-10,152.81832,120.2841
KE026,Trans Nzoia,2019-11,146.07768,67.6413
KE026,Trans Nzoia,2019-12,217.81906666666669,85.55523
KE026,Trans Nzoia,2020-01,146.738912,62.88329
KE026,Trans Nzoia,2020-02,97.17468233333334,59.911007
KE026,Trans Nzoia,2020-03,228.46638,143.89789
KE026,Trans Nzoia,2020-04,129.730538,24.770544
KE026,Trans Nzoia,2020-05,109.45846333333333,99.8924
KE026,Trans Nzoia,2020-06,172.31127333333333,130.21576
KE026,Trans Nzoia,2020-07,180.32660666666666,99.27048
KE026,Trans Nzoia,2020-08,192.43690666666666,178.70938
KE026,Trans Nzoia,2020-09,157.30162666666666,146.06445
KE026,Trans Nzoia,2020-10,132.19916666666668,109.24207
KE026,Trans Nzoia,2020-11,173.48090666666667,151.19818
KE026,Trans Nzoia,2020-12,48.422974,46.423615
KE026,Trans Nzoia,2021-01,102.74602266666666,58.183838
KE026,Trans Nzoia,2021-02,99.01172466666667,70.822624
KE026,Trans Nzoia,2021-03,61.440824666666664,42.81688
KE026,Trans Nzoia,2021-04,97.14751333333334,54.01464
KE026,Trans Nzoia,2021-05,133.18408666666667,52.45351
KE026,Trans Nzoia,2021-06,94.54402833333334,68.951645
KE026,Trans Nzoia,2021-07,88.763705,46.2933
KE026,Trans Nzoia,2021-08,103.07971333333334,101.70127
KE026,Trans Nzoia,2021-09,138.70976,122.83858
KE026,Trans Nzoia,2021-10,109.66824000000001,54.00807
KE026,Trans Nzoia,2021-11,59.178438,45.12434
KE026,Trans Nzoia,2021-12,50.398288666666666,40.4443
KE026,Trans Nzoia,2022-01,114.19754833333333,73.00691
KE026,Trans Nzoia,2022-02,117.42399666666665,55.74382
KE026,Trans Nzoia,2022-03,74.812186,36.597916
KE026,Trans Nzoia,2022-04,82.47726999999999,29.89475
KE026,Trans Nzoia,2022-05,101.99411333333335,69.54154
KE026,Trans Nzoia,2022-06,76.557078,67.534836
KE026,Trans Nzoia,2022-07,105.811328,90.223434
KE026,Trans Nzoia,2022-08,187.20349333333334,166.58884
KE026,Trans Nzoia,2022-09,118.78976666666665,106.84571
KE026,Trans Nzoia,2022-10,96.41814199999999,30.849016
KE026,Trans Nzoia,2022-11,112.1868,73.12299
KE026,Trans Nzoia,2022-12,98.15406666666667,71.05186
KE026,Trans Nzoia,2023-01,55.68298066666667,51.17271
KE026,Trans Nzoia,2023-02,49.23285833333333,43.78856
KE026,Trans Nzoia,2023-03,150.72110666666666,74.76176
KE026,Trans Nzoia,2023-04,84.20707766666666,25.273323
KE026,Trans Nzoia,2023-05,93.91267533333333,89.791176
KE026,Trans Nzoia,2023-06,119.71201333333333,101.64333
KE026,Trans Nzoia,2023-07,91.38685666666667,57.45244
KE026,Trans Nzoia,2023-08,93.06955,64.59693
KE026,Trans Nzoia,2023-09,143.19331,133.83308
KE026,Trans Nzoia,2023-10,98.24092,69.612434
KE026,Trans Nzoia,2023-11,93.78994266666666,49.524208
KE026,Trans Nzoia,2023-12,90.98701333333334,78.67156
KE026,Trans Nzoia,2024-01,182.77513,132.87257
KE026,Trans Nzoia,2024-02,162.07226,97.84166
KE026,Trans Nzoia,2024-03,88.83065466666666,46.66549
KE026,Trans Nzoia,2024-04,126.597965,83.390625
KE026,Trans Nzoia,2024-05,108.847194,50.153957
KE026,Trans Nzoia,2024-06,69.492548,63.74557
KE026,Trans Nzoia,2024-07,144.9402716666667,114.0308
KE026,Trans Nzoia,2024-08,118.8079,76.38938
KE026,Trans Nzoia,2024-09,117.83775333333334,93.02016
KE026,Trans Nzoia,2024-10,100.50445,56.48773
KE026,Trans Nzoia,2024-11,157.9128046666667,84.5064
KE026,Trans Nzoia,2024-12,54.111095000000006,40.108387
KE026,Trans Nzoia,2025-01,117.00217866666667,92.18098
KE026,Trans Nzoia,2025-02,53.62002433333333,46.89694
KE026,Trans Nzoia,2025-03,160.40181666666666,112.12027
KE026,Trans Nzoia,2025-04,97.27656166666667,60.143715
KE026,Trans Nzoia,2025-05,128.24975333333333,74.83447
KE026,Trans Nzoia,2025-06,113.25507466666666,103.988144
KE026,Trans Nzoia,2025-07,178.08408999999997,142.21368
KE026,Trans Nzoia,2025-08,111.49831333333333,85.50403
KE026,Trans Nzoia,2025-09,137.73077666666669,100.48309
KE026,Trans Nzoia,2025-10,189.17211333333333,163.08391
KE026,Trans Nzoia,2025-11,49.44852866666667,34.641094
KE026,Trans Nzoia,2025-12,113.06668766666667,63.353783
KE026,Trans Nzoia,2026-01,59.459397333333335,57.86633
KE026,Trans Nzoia,2026-02,345.1513033333333,168.93721
KE026,Trans Nzoia,2026-03,234.91432333333333,128.1916
KE026,Trans Nzoia,2026-04,78.14092166666667,29.602655
KE026,Trans Nzoia,2026-05,139.94873,139.94873
KE023,Turkana,2006-01,86.97692833333333,82.29295
KE023,Turkana,2006-02,95.63126,85.19564
KE023,Turkana,2006-03,104.97510333333332,71.40482
KE023,Turkana,2006-04,107.58552666666667,66.49252
KE023,Turkana,2006-05,77.56173666666666,67.65702
KE023,Turkana,2006-06,81.00422266666668,63.136898
KE023,Turkana,2006-07,78.84328666666667,66.23971
KE023,Turkana,2006-08,161.55823666666666,78.55718
KE023,Turkana,2006-09,91.59283666666666,82.25059
KE023,Turkana,2006-10,123.80043133333334,72.8205
KE023,Turkana,2006-11,193.15581466666666,55.953304
KE023,Turkana,2006-12,184.11756,97.05225
KE023,Turkana,2007-01,100.255678,90.17537
KE023,Turkana,2007-02,151.39090666666667,100.79899
KE023,Turkana,2007-03,92.26876399999999,46.224937
KE023,Turkana,2007-04,134.734318,35.552467
KE023,Turkana,2007-05,127.74495133333333,52.564854
KE023,Turkana,2007-06,263.71159,199.36472
KE023,Turkana,2007-07,185.77275999999998,89.01639
KE023,Turkana,2007-08,141.52668333333335,90.68391
KE023,Turkana,2007-09,154.64998666666668,128.38936
KE023,Turkana,2007-10,81.48426333333333,69.36819
KE023,Turkana,2007-11,69.06293833333334,49.417763
KE023,Turkana,2007-12,78.338008,65.872154
KE023,Turkana,2008-01,96.73013166666668,85.825035
KE023,Turkana,2008-02,83.49088966666666,67.559265
KE023,Turkana,2008-03,100.52173066666667,56.709377
KE023,Turkana,2008-04,66.56224,43.12028
KE023,Turkana,2008-05,48.484480999999995,32.71499
KE023,Turkana,2008-06,83.54868499999999,71.588585
KE023,Turkana,2008-07,80.43590133333333,73.01209
KE023,Turkana,2008-08,91.30327666666666,74.01825
KE023,Turkana,2008-09,103.10958000000001,87.08991
KE023,Turkana,2008-10,112.11990666666667,85.0265
KE023,Turkana,2008-11,102.81245000000001,51.6415
KE023,Turkana,2008-12,60.95583933333333,58.47662
KE023,Turkana,2009-01,106.04413666666666,81.55496
KE023,Turkana,2009-02,75.71435666666666,69.89317
KE023,Turkana,2009-03,59.99302766666667,48.09813
KE023,Turkana,2009-04,87.720528,51.56094
KE023,Turkana,2009-05,103.39810666666666,56.62919
KE023,Turkana,2009-06,79.69644266666667,63.046253
KE023,Turkana,2009-07,70.39187700000001,60.392696
KE023,Turkana,2009-08,71.84473200000001,69.622246
KE023,Turkana,2009-09,88.41142,76.102425
KE023,Turkana,2009-10,101.10331000000001,89.55548
KE023,Turkana,2009-11,70.06141466666666,66.709114
KE023,Turkana,2009-12,202.28999333333334,96.46572
KE023,Turkana,2010-01,125.46472,83.780174
KE023,Turkana,2010-02,176.30111166666666,89.225845
KE023,Turkana,2010-03,194.20370333333335,94.09603
KE023,Turkana,2010-04,83.12872866666667,43.017426
KE023,Turkana,2010-05,137.83966666666666,107.68759
KE023,Turkana,2010-06,82.48501666666667,76.28657
KE023,Turkana,2010-07,86.334705,70.897575
KE023,Turkana,2010-08,90.93058,77.21901
KE023,Turkana,2010-09,96.01736833333332,82.8969
KE023,Turkana,2010-10,92.9377,72.68365
KE023,Turkana,2010-11,56.88416766666666,54.78971
KE023,Turkana,2010-12,71.492338,60.038334
KE023,Turkana,2011-01,86.95615333333335,80.92787
KE023,Turkana,2011-02,86.20926333333334,70.62603
KE023,Turkana,2011-03,117.27621,54.01017
KE023,Turkana,2011-04,57.92020433333334,35.990173
KE023,Turkana,2011-05,67.76112766666667,51.281963
KE023,Turkana,2011-06,113.23035533333332,88.989136
KE023,Turkana,2011-07,142.45638,111.99175
KE023,Turkana,2011-08,113.51258999999999,93.1912
KE023,Turkana,2011-09,127.26530000000001,105.76757
KE023,Turkana,2011-10,109.06400666666667,89.01714
KE023,Turkana,2011-11,278.17635466666667,82.384224
KE023,Turkana,2011-12,103.50248666666666,58.16219
KE023,Turkana,2012-01,83.689572,80.37466
KE023,Turkana,2012-02,79.33545333333333,72.77065
KE023,Turkana,2012-03,68.96498666666668,33.53587
KE023,Turkana,2012-04,152.90234466666666,74.907974
KE023,Turkana,2012-05,173.9413833333333,112.54251
KE023,Turkana,2012-06,102.00085,64.5375
KE023,Turkana,2012-07,145.08891,96.67485
KE023,Turkana,2012-08,140.56600666666665,114.30099
KE023,Turkana,2012-09,116.54269666666666,93.29073
KE023,Turkana,2012-10,125.96595166666667,106.23369
KE023,Turkana,2012-11,107.75712666666668,64.8465
KE023,Turkana,2012-12,176.55155833333333,93.102295
KE023,Turkana,2013-01,104.86560666666666,87.93143
KE023,Turkana,2013-02,82.56254866666667,67.63255
KE023,Turkana,2013-03,109.59921666666666,66.49441
KE023,Turkana,2013-04,168.38896,105.20153
KE023,Turkana,2013-05,86.09457133333335,44.16982
KE023,Turkana,2013-06,86.77196900000001,63.231277
KE023,Turkana,2013-07,109.27383333333334,81.45619
KE023,Turkana,2013-08,95.81732,68.67672
KE023,Turkana,2013-09,99.83429666666666,95.66048
KE023,Turkana,2013-10,90.719328,73.202774
KE023,Turkana,2013-11,113.49129533333335,55.239456
KE023,Turkana,2013-12,86.06079833333332,64.14066
KE023,Turkana,2014-01,85.82571833333333,83.95261
KE023,Turkana,2014-02,96.88865333333332,77.47555
KE023,Turkana,2014-03,117.969632,50.442116
KE023,Turkana,2014-04,57.05876666666666,29.80909
KE023,Turkana,2014-05,61.416562666666664,59.239822
KE023,Turkana,2014-06,71.32346666666666,67.936325
KE023,Turkana,2014-07,109.127092,61.049416
KE023,Turkana,2014-08,122.29713,70.46538
KE023,Turkana,2014-09,98.127095,82.06523
KE023,Turkana,2014-10,119.21209833333334,79.98326
KE023,Turkana,2014-11,100.061358,52.850754
KE023,Turkana,2014-12,86.820478,74.261284
KE023,Turkana,2015-01,81.99704466666667,80.08008
KE023,Turkana,2015-02,81.69123166666667,72.94303
KE023,Turkana,2015-03,51.61333466666667,43.296776
KE023,Turkana,2015-04,153.30479066666666,61.632492
KE023,Turkana,2015-05,85.60872,53.66587
KE023,Turkana,2015-06,100.87874666666666,84.90817
KE023,Turkana,2015-07,69.47446066666667,59.224022
KE023,Turkana,2015-08,69.262642,62.838226
KE023,Turkana,2015-09,88.42633533333333,81.20648
KE023,Turkana,2015-10,95.29871966666667,73.651405
KE023,Turkana,2015-11,184.80512333333334,83.57336
KE023,Turkana,2015-12,125.19052666666666,68.95361
KE023,Turkana,2016-01,95.01392,82.99705
KE023,Turkana,2016-02,81.70930466666667,80.46903
KE023,Turkana,2016-03,89.83164633333332,42.898743
KE023,Turkana,2016-04,163.66016666666667,137.76102
KE023,Turkana,2016-05,86.91666500000001,51.878525
KE023,Turkana,2016-06,103.12307499999999,68.81208
KE023,Turkana,2016-07,75.92482,68.3252
KE023,Turkana,2016-08,77.89561166666667,65.00139
KE023,Turkana,2016-09,81.297135,68.55721
KE023,Turkana,2016-10,78.47339666666666,73.628
KE023,Turkana,2016-11,68.62592166666667,57.10439
KE023,Turkana,2016-12,59.550429333333334,57.25661
KE023,Turkana,2017-01,101.83577333333334,92.18241
KE023,Turkana,2017-02,161.39499999999998,93.16247
KE023,Turkana,2017-03,66.47266833333333,64.048965
KE023,Turkana,2017-04,53.575235666666664,32.8114
KE023,Turkana,2017-05,84.72305666666666,54.80012
KE023,Turkana,2017-06,65.688168,59.23034
KE023,Turkana,2017-07,190.62133666666668,154.3732
KE023,Turkana,2017-08,96.54149866666667,75.07921
KE023,Turkana,2017-09,120.20539333333333,93.25815
KE023,Turkana,2017-10,162.48648333333333,83.34592
KE023,Turkana,2017-11,92.46885099999999,53.332203
KE023,Turkana,2017-12,65.66058366666667,59.931416
KE023,Turkana,2018-01,82.30413866666667,80.30999
KE023,Turkana,2018-02,90.88888000000001,84.21316
KE023,Turkana,2018-03,217.26723866666669,65.568596
KE023,Turkana,2018-04,228.92539,130.7612
KE023,Turkana,2018-05,176.89231333333336,125.5568
KE023,Turkana,2018-06,141.50423333333333,93.08857
KE023,Turkana,2018-07,68.88106933333333,63.067158
KE023,Turkana,2018-08,100.41093333333333,64.43569
KE023,Turkana,2018-09,82.83749866666666,70.86955
KE023,Turkana,2018-10,80.01285866666667,66.50704
KE023,Turkana,2018-11,64.48027566666667,53.882187
KE023,Turkana,2018-12,124.13332666666668,60.46386
KE023,Turkana,2019-01,86.24996,81.11467
KE023,Turkana,2019-02,85.43959833333334,77.54962
KE023,Turkana,2019-03,79.50095766666666,48.859463
KE023,Turkana,2019-04,94.84087066666666,34.16794
KE023,Turkana,2019-05,60.45891233333333,42.63069
KE023,Turkana,2019-06,153.848425,94.512955
KE023,Turkana,2019-07,115.74080333333332,69.02421
KE023,Turkana,2019-08,108.32683666666667,75.75509
KE023,Turkana,2019-09,105.04568333333334,84.62547
KE023,Turkana,2019-10,198.47074333333333,183.96758
KE023,Turkana,2019-11,125.926595,51.518135
KE023,Turkana,2019-12,200.288945,98.078735
KE023,Turkana,2020-01,119.68396,85.37344
KE023,Turkana,2020-02,110.80973833333333,76.34242
KE023,Turkana,2020-03,250.05521,200.42859
KE023,Turkana,2020-04,153.62977733333332,37.851032
KE023,Turkana,2020-05,89.79528066666667,55.581562
KE023,Turkana,2020-06,165.25039333333334,138.11028
KE023,Turkana,2020-07,103.35289666666667,93.954575
KE023,Turkana,2020-08,169.76500000000001,109.45941
KE023,Turkana,2020-09,144.56193333333331,109.35073
KE023,Turkana,2020-10,172.89436333333333,80.85731
KE023,Turkana,2020-11,97.88111133333332,58.189964
KE023,Turkana,2020-12,108.49001,59.50401
KE023,Turkana,2021-01,97.377592,81.660706
KE023,Turkana,2021-02,111.33252333333333,85.97762
KE023,Turkana,2021-03,62.58914333333334,57.51363
KE023,Turkana,2021-04,72.91169866666667,36.966316
KE023,Turkana,2021-05,121.37489733333332,53.975307
KE023,Turkana,2021-06,68.02528133333334,61.413418
KE023,Turkana,2021-07,83.81857000000001,71.91464
KE023,Turkana,2021-08,78.91046133333333,69.54073
KE023,Turkana,2021-09,131.04287666666667,93.59081
KE023,Turkana,2021-10,84.559205,65.643585
KE023,Turkana,2021-11,65.522815,59.18081
KE023,Turkana,2021-12,62.49557033333334,59.872715
KE023,Turkana,2022-01,117.17365833333334,90.950455
KE023,Turkana,2022-02,92.38515666666667,83.11704
KE023,Turkana,2022-03,64.39260733333333,55.382042
KE023,Turkana,2022-04,101.71839066666666,35.208042
KE023,Turkana,2022-05,95.31374766666666,44.842453
KE023,Turkana,2022-06,67.23946733333334,61.818157
KE023,Turkana,2022-07,66.18933866666667,58.16239
KE023,Turkana,2022-08,108.02249666666667,86.5397
KE023,Turkana,2022-09,125.80847999999999,93.09874
KE023,Turkana,2022-10,97.63981999999999,70.12507
KE023,Turkana,2022-11,76.345985,67.97984
KE023,Turkana,2022-12,91.88803466666667,81.52685
KE023,Turkana,2023-01,83.097492,80.913506
KE023,Turkana,2023-02,77.55660999999999,72.08614
KE023,Turkana,2023-03,140.09969233333334,53.142567
KE023,Turkana,2023-04,174.04519333333334,36.95475
KE023,Turkana,2023-05,59.18902766666667,43.96209
KE023,Turkana,2023-06,74.41811166666668,71.21675
KE023,Turkana,2023-07,69.90812833333332,65.14555
KE023,Turkana,2023-08,68.52292333333334,63.85675
KE023,Turkana,2023-09,90.70441333333333,81.07416
KE023,Turkana,2023-10,155.55149833333334,87.998535
KE023,Turkana,2023-11,103.68626,68.80675
KE023,Turkana,2023-12,82.71347,67.44754
KE023,Turkana,2024-01,120.77693666666666,102.41716
KE023,Turkana,2024-02,177.14760666666666,130.39671
KE023,Turkana,2024-03,81.76211333333333,54.4659
KE023,Turkana,2024-04,222.72916999999998,100.20268
KE023,Turkana,2024-05,92.04579666666666,45.30407
KE023,Turkana,2024-06,65.320111,61.091328
KE023,Turkana,2024-07,171.15119333333334,134.78752
KE023,Turkana,2024-08,110.049598,78.646614
KE023,Turkana,2024-09,107.48113000000001,84.55089
KE023,Turkana,2024-10,183.8970866666667,122.19107
KE023,Turkana,2024-11,147.03384866666667,64.947426
KE023,Turkana,2024-12,56.32351833333333,55.23827
KE023,Turkana,2025-01,92.23644666666667,89.17434
KE023,Turkana,2025-02,70.39862466666666,64.08659
KE023,Turkana,2025-03,168.92220666666665,128.84987
KE023,Turkana,2025-04,112.83707700000001,38.783855
KE023,Turkana,2025-05,124.86264666666666,98.73583
KE023,Turkana,2025-06,75.88177166666667,71.739975
KE023,Turkana,2025-07,66.26757933333333,61.658543
KE023,Turkana,2025-08,203.91093666666666,142.84404
KE023,Turkana,2025-09,105.25890666666668,89.22454
KE023,Turkana,2025-10,275.8599033333333,136.23782
KE023,Turkana,2025-11,53.512406666666664,49.459404
KE023,Turkana,2025-12,143.23568333333333,67.25941
KE023,Turkana,2026-01,81.54084833333333,80.47275
KE023,Turkana,2026-02,207.64839666666663,119.82329
KE023,Turkana,2026-03,249.78513666666666,162.97054
KE023,Turkana,2026-04,90.25011766666667,37.408043
KE023,Turkana,2026-05,112.95791,112.95791
KE027,Uasin Gishu,2006-01,72.90870133333333,46.7236
KE027,Uasin Gishu,2006-02,112.67578400000001,45.902462
KE027,Uasin Gishu,2006-03,122.51286166666667,84.86448
KE027,Uasin Gishu,2006-04,123.73725,79.54787
KE027,Uasin Gishu,2006-05,84.84074666666667,65.7501
KE027,Uasin Gishu,2006-06,93.88135266666666,53.001858
KE027,Uasin Gishu,2006-07,76.77712666666667,72.16424
KE027,Uasin Gishu,2006-08,105.123198,48.766014
KE027,Uasin Gishu,2006-09,106.61043333333333,85.96193
KE027,Uasin Gishu,2006-10,93.18487866666668,31.604708
KE027,Uasin Gishu,2006-11,225.58559333333332,58.92438
KE027,Uasin Gishu,2006-12,168.55746,45.14051
KE027,Uasin Gishu,2007-01,130.31767333333335,84.09659
KE027,Uasin Gishu,2007-02,210.55426466666665,109.000694
KE027,Uasin Gishu,2007-03,73.72429699999999,33.637203
KE027,Uasin Gishu,2007-04,106.48876266666667,21.484713
KE027,Uasin Gishu,2007-05,94.20504100000001,38.503353
KE027,Uasin Gishu,2007-06,129.72506333333334,96.35392
KE027,Uasin Gishu,2007-07,108.72316866666665,62.732876
KE027,Uasin Gishu,2007-08,121.16667666666666,92.08361
KE027,Uasin Gishu,2007-09,210.68876666666665,172.38377
KE027,Uasin Gishu,2007-10,65.77177933333333,43.606163
KE027,Uasin Gishu,2007-11,54.78715066666666,35.055042
KE027,Uasin Gishu,2007-12,59.43001066666667,36.419277
KE027,Uasin Gishu,2008-01,70.49166000000001,51.0289
KE027,Uasin Gishu,2008-02,91.15015466666667,40.583454
KE027,Uasin Gishu,2008-03,108.850353,50.447525
KE027,Uasin Gishu,2008-04,62.758424,47.550602
KE027,Uasin Gishu,2008-05,76.56544866666667,28.863081
KE027,Uasin Gishu,2008-06,77.274201,41.956367
KE027,Uasin Gishu,2008-07,112.69966,107.93674
KE027,Uasin Gishu,2008-08,121.65138533333334,105.542816
KE027,Uasin Gishu,2008-09,106.629765,65.930885
KE027,Uasin Gishu,2008-10,142.27141333333333,67.68718
KE027,Uasin Gishu,2008-11,116.39277866666667,34.45367
KE027,Uasin Gishu,2008-12,46.653641666666665,32.215755
KE027,Uasin Gishu,2009-01,68.88257833333334,34.764244
KE027,Uasin Gishu,2009-02,47.675289666666664,34.925415
KE027,Uasin Gishu,2009-03,47.812647999999996,25.68267
KE027,Uasin Gishu,2009-04,97.70140333333332,57.74714
KE027,Uasin Gishu,2009-05,108.24346000000001,40.19184
KE027,Uasin Gishu,2009-06,57.79349666666667,41.83816
KE027,Uasin Gishu,2009-07,71.86508666666667,48.64372
KE027,Uasin Gishu,2009-08,71.37251566666667,61.951107
KE027,Uasin Gishu,2009-09,94.63563666666666,72.23654
KE027,Uasin Gishu,2009-10,93.58858666666667,56.47121
KE027,Uasin Gishu,2009-11,59.679185666666676,39.590397
KE027,Uasin Gishu,2009-12,270.84224,174.05595
KE027,Uasin Gishu,2010-01,132.23479366666666,43.027176
KE027,Uasin Gishu,2010-02,269.75797666666665,152.75739
KE027,Uasin Gishu,2010-03,141.51774433333333,51.492233
KE027,Uasin Gishu,2010-04,101.74439,36.45399
KE027,Uasin Gishu,2010-05,151.93852666666666,92.9247
KE027,Uasin Gishu,2010-06,92.586655,80.99819
KE027,Uasin Gishu,2010-07,101.180108,64.844604
KE027,Uasin Gishu,2010-08,102.41144666666666,72.02605
KE027,Uasin Gishu,2010-09,118.43163666666668,85.5175
KE027,Uasin Gishu,2010-10,119.34849666666666,97.05168
KE027,Uasin Gishu,2010-11,48.484974,40.31706
KE027,Uasin Gishu,2010-12,74.91917833333333,44.262295
KE027,Uasin Gishu,2011-01,57.90596433333334,41.785713
KE027,Uasin Gishu,2011-02,66.48966333333334,42.84407
KE027,Uasin Gishu,2011-03,122.41294133333334,56.152714
KE027,Uasin Gishu,2011-04,52.94272566666666,24.636246
KE027,Uasin Gishu,2011-05,86.59182566666668,37.053757
KE027,Uasin Gishu,2011-06,119.53694866666667,104.32385
KE027,Uasin Gishu,2011-07,102.31726800000001,69.08396
KE027,Uasin Gishu,2011-08,148.83914000000001,102.68542
KE027,Uasin Gishu,2011-09,123.63255500000001,107.84389
KE027,Uasin Gishu,2011-10,95.31916100000001,52.25529
KE027,Uasin Gishu,2011-11,230.26966666666667,55.70377
KE027,Uasin Gishu,2011-12,93.79003499999999,34.367958
KE027,Uasin Gishu,2012-01,41.060629,38.10559
KE027,Uasin Gishu,2012-02,52.480949333333335,37.57798
KE027,Uasin Gishu,2012-03,57.66594799999999,25.225866
KE027,Uasin Gishu,2012-04,158.08256666666668,112.99707
KE027,Uasin Gishu,2012-05,158.83038666666667,114.04284
KE027,Uasin Gishu,2012-06,125.47487000000001,87.54527
KE027,Uasin Gishu,2012-07,102.66384533333333,69.925476
KE027,Uasin Gishu,2012-08,112.04496833333333,95.846245
KE027,Uasin Gishu,2012-09,188.5115066666667,138.75072
KE027,Uasin Gishu,2012-10,130.226802,87.99333
KE027,Uasin Gishu,2012-11,102.66976333333334,51.46752
KE027,Uasin Gishu,2012-12,162.54732666666666,60.02634
KE027,Uasin Gishu,2013-01,122.64034366666668,60.152416
KE027,Uasin Gishu,2013-02,65.06750666666666,36.97723
KE027,Uasin Gishu,2013-03,149.70915333333332,82.72526
KE027,Uasin Gishu,2013-04,157.1341,95.29889
KE027,Uasin Gishu,2013-05,85.42787666666668,35.84782
KE027,Uasin Gishu,2013-06,104.06031133333333,60.096134
KE027,Uasin Gishu,2013-07,100.930482,72.08207
KE027,Uasin Gishu,2013-08,132.09887999999998,93.42835
KE027,Uasin Gishu,2013-09,148.95289,144.49536
KE027,Uasin Gishu,2013-10,116.92296566666668,47.381027
KE027,Uasin Gishu,2013-11,114.71842,74.34476
KE027,Uasin Gishu,2013-12,151.75529666666668,42.47234
KE027,Uasin Gishu,2014-01,58.97116666666667,47.09627
KE027,Uasin Gishu,2014-02,120.65791133333335,76.05619
KE027,Uasin Gishu,2014-03,103.582463,34.727245
KE027,Uasin Gishu,2014-04,42.49984,32.98951
KE027,Uasin Gishu,2014-05,92.80849,62.97322
KE027,Uasin Gishu,2014-06,83.470207,54.571556
KE027,Uasin Gishu,2014-07,90.52882799999999,64.40003
KE027,Uasin Gishu,2014-08,132.36296166666668,75.020065
KE027,Uasin Gishu,2014-09,86.81751333333334,58.15079
KE027,Uasin Gishu,2014-10,144.96661333333333,73.95977
KE027,Uasin Gishu,2014-11,94.42931866666667,47.16187
KE027,Uasin Gishu,2014-12,91.91331466666666,59.587234
KE027,Uasin Gishu,2015-01,42.842988,37.718346
KE027,Uasin Gishu,2015-02,54.761965333333336,37.623123
KE027,Uasin Gishu,2015-03,45.77358666666667,24.76906
KE027,Uasin Gishu,2015-04,126.44142666666666,64.59051
KE027,Uasin Gishu,2015-05,98.26670666666666,72.52163
KE027,Uasin Gishu,2015-06,102.00374000000001,56.37683
KE027,Uasin Gishu,2015-07,75.30922500000001,61.72623
KE027,Uasin Gishu,2015-08,48.13942333333333,31.25193
KE027,Uasin Gishu,2015-09,95.43419466666667,58.753674
KE027,Uasin Gishu,2015-10,97.53668533333332,52.09622
KE027,Uasin Gishu,2015-11,121.42310666666667,79.65688
KE027,Uasin Gishu,2015-12,146.76414233333333,46.642227
KE027,Uasin Gishu,2016-01,141.41635233333332,49.984467
KE027,Uasin Gishu,2016-02,53.99807333333333,50.578712
KE027,Uasin Gishu,2016-03,86.30333266666666,35.09796
KE027,Uasin Gishu,2016-04,149.25492,129.47855
KE027,Uasin Gishu,2016-05,121.47715766666666,58.484013
KE027,Uasin Gishu,2016-06,105.31133333333332,65.45008
KE027,Uasin Gishu,2016-07,111.61414666666667,96.64798
KE027,Uasin Gishu,2016-08,57.70269066666666,39.406605
KE027,Uasin Gishu,2016-09,92.23644666666667,51.38108
KE027,Uasin Gishu,2016-10,83.65675266666666,56.440693
KE027,Uasin Gishu,2016-11,70.646908,59.690994
KE027,Uasin Gishu,2016-12,41.04273166666666,28.651175
KE027,Uasin Gishu,2017-01,98.858062,43.1128
KE027,Uasin Gishu,2017-02,107.51234900000001,56.921207
KE027,Uasin Gishu,2017-03,53.293071,37.30078
KE027,Uasin Gishu,2017-04,59.90120666666667,35.26191
KE027,Uasin Gishu,2017-05,104.39737866666667,89.80126
KE027,Uasin Gishu,2017-06,72.60173433333334,57.169903
KE027,Uasin Gishu,2017-07,197.07088666666667,146.83095
KE027,Uasin Gishu,2017-08,125.42870999999998,90.9161
KE027,Uasin Gishu,2017-09,145.35473333333334,140.27167
KE027,Uasin Gishu,2017-10,162.69262333333336,60.79218
KE027,Uasin Gishu,2017-11,90.70818333333334,42.80395
KE027,Uasin Gishu,2017-12,52.418055333333335,36.789185
KE027,Uasin Gishu,2018-01,56.16899566666667,37.33303
KE027,Uasin Gishu,2018-02,73.02370166666667,41.81747
KE027,Uasin Gishu,2018-03,171.5999833333333,57.8727
KE027,Uasin Gishu,2018-04,203.09326666666666,154.02542
KE027,Uasin Gishu,2018-05,167.08820666666668,140.43425
KE027,Uasin Gishu,2018-06,199.42470333333335,143.52158
KE027,Uasin Gishu,2018-07,116.71065533333335,52.993156
KE027,Uasin Gishu,2018-08,91.23442166666666,38.258205
KE027,Uasin Gishu,2018-09,61.87729166666667,49.820045
KE027,Uasin Gishu,2018-10,84.82228466666668,47.93486
KE027,Uasin Gishu,2018-11,39.98782766666667,28.51511
KE027,Uasin Gishu,2018-12,126.290098,39.008644
KE027,Uasin Gishu,2019-01,59.043598333333335,47.329185
KE027,Uasin Gishu,2019-02,56.24673000000001,41.70997
KE027,Uasin Gishu,2019-03,58.51466933333333,31.69729
KE027,Uasin Gishu,2019-04,61.44842466666666,22.321314
KE027,Uasin Gishu,2019-05,71.10702933333333,62.156654
KE027,Uasin Gishu,2019-06,153.01383333333334,93.43102
KE027,Uasin Gishu,2019-07,114.222922,89.93225
KE027,Uasin Gishu,2019-08,135.28944333333334,89.52808
KE027,Uasin Gishu,2019-09,135.52205,83.74591
KE027,Uasin Gishu,2019-10,156.32218666666665,119.62246
KE027,Uasin Gishu,2019-11,150.95862166666666,73.646255
KE027,Uasin Gishu,2019-12,238.88421333333335,90.28102
KE027,Uasin Gishu,2020-01,139.50539,51.86154
KE027,Uasin Gishu,2020-02,85.633808,49.61276
KE027,Uasin Gishu,2020-03,187.56885,89.9401
KE027,Uasin Gishu,2020-04,154.222355,29.139645
KE027,Uasin Gishu,2020-05,98.00937533333332,74.18969
KE027,Uasin Gishu,2020-06,186.71446666666668,151.25172
KE027,Uasin Gishu,2020-07,170.32581666666667,118.4692
KE027,Uasin Gishu,2020-08,185.48097666666663,155.00723
KE027,Uasin Gishu,2020-09,159.84009333333333,123.92956
KE027,Uasin Gishu,2020-10,135.26092666666668,113.83981
KE027,Uasin Gishu,2020-11,150.21518,124.0431
KE027,Uasin Gishu,2020-12,80.02296533333333,41.228096
KE027,Uasin Gishu,2021-01,94.76961,62.93478
KE027,Uasin Gishu,2021-02,104.78137,85.51618
KE027,Uasin Gishu,2021-03,57.61966533333333,45.20743
KE027,Uasin Gishu,2021-04,95.62961166666666,56.837685
KE027,Uasin Gishu,2021-05,140.30940133333334,62.295914
KE027,Uasin Gishu,2021-06,87.94640199999999,65.83774
KE027,Uasin Gishu,2021-07,99.91753066666666,41.182182
KE027,Uasin Gishu,2021-08,101.75790466666666,87.498314
KE027,Uasin Gishu,2021-09,155.49077666666668,131.63896
KE027,Uasin Gishu,2021-10,113.41453466666667,67.043144
KE027,Uasin Gishu,2021-11,63.72699133333333,38.816734
KE027,Uasin Gishu,2021-12,71.63144333333334,60.245895
KE027,Uasin Gishu,2022-01,127.51614933333333,60.009514
KE027,Uasin Gishu,2022-02,112.76796100000001,50.793713
KE027,Uasin Gishu,2022-03,66.63337866666667,34.16913
KE027,Uasin Gishu,2022-04,76.15863866666666,35.482666
KE027,Uasin Gishu,2022-05,80.96897866666667,62.642826
KE027,Uasin Gishu,2022-06,75.86087566666667,58.692787
KE027,Uasin Gishu,2022-07,106.29121866666667,81.05582
KE027,Uasin Gishu,2022-08,182.04198666666665,135.57652
KE027,Uasin Gishu,2022-09,130.17592533333334,107.18386
KE027,Uasin Gishu,2022-10,88.76993033333333,27.141201
KE027,Uasin Gishu,2022-11,162.11177333333333,98.02382
KE027,Uasin Gishu,2022-12,132.47040333333334,95.51947
KE027,Uasin Gishu,2023-01,42.114523999999996,34.678616
KE027,Uasin Gishu,2023-02,39.949981333333334,36.153454
KE027,Uasin Gishu,2023-03,149.75463333333335,74.26049
KE027,Uasin Gishu,2023-04,101.11629699999999,26.303371
KE027,Uasin Gishu,2023-05,84.30480166666666,68.62297
KE027,Uasin Gishu,2023-06,128.08298833333333,76.670715
KE027,Uasin Gishu,2023-07,78.21057433333333,52.396477
KE027,Uasin Gishu,2023-08,82.68677866666667,51.176
KE027,Uasin Gishu,2023-09,162.75524666666666,136.71323
KE027,Uasin Gishu,2023-10,114.12513833333333,90.88338
KE027,Uasin Gishu,2023-11,91.09680133333335,55.451614
KE027,Uasin Gishu,2023-12,84.07060333333334,75.28859
KE027,Uasin Gishu,2024-01,164.33431,73.5559
KE027,Uasin Gishu,2024-02,152.24787333333333,83.36619
KE027,Uasin Gishu,2024-03,97.88874166666666,42.381485
KE027,Uasin Gishu,2024-04,132.75412000000003,85.53516
KE027,Uasin Gishu,2024-05,133.02006,53.27614
KE027,Uasin Gishu,2024-06,70.162552,69.666275
KE027,Uasin Gishu,2024-07,135.54869466666665,112.33487
KE027,Uasin Gishu,2024-08,138.30863533333334,58.880646
KE027,Uasin Gishu,2024-09,112.38299666666666,96.50851
KE027,Uasin Gishu,2024-10,81.08641466666667,47.960342
KE027,Uasin Gishu,2024-11,186.27867666666666,67.22566
KE027,Uasin Gishu,2024-12,61.56529833333334,36.97907
KE027,Uasin Gishu,2025-01,85.62958333333334,65.3328
KE027,Uasin Gishu,2025-02,44.29361333333333,41.336994
KE027,Uasin Gishu,2025-03,154.4839333333333,140.80037
KE027,Uasin Gishu,2025-04,105.64331533333332,53.209686
KE027,Uasin Gishu,2025-05,139.353872,81.425766
KE027,Uasin Gishu,2025-06,102.08461,80.11607
KE027,Uasin Gishu,2025-07,201.98162000000002,147.73093
KE027,Uasin Gishu,2025-08,103.38624,84.12676
KE027,Uasin Gishu,2025-09,132.58926,107.95867
KE027,Uasin Gishu,2025-10,170.037142,91.976456
KE027,Uasin Gishu,2025-11,55.585224333333336,31.396687
KE027,Uasin Gishu,2025-12,138.55230866666668,45.196636
KE027,Uasin Gishu,2026-01,45.55864366666666,41.36646
KE027,Uasin Gishu,2026-02,348.85047000000003,175.81612
KE027,Uasin Gishu,2026-03,222.48623666666666,157.1756
KE027,Uasin Gishu,2026-04,85.69937733333332,32.758667
KE027,Uasin Gishu,2026-05,159.58398,159.58398
KE038,Vihiga,2006-01,70.40018566666667,29.5666
KE038,Vihiga,2006-02,88.60719033333334,37.814426
KE038,Vihiga,2006-03,128.99829666666668,90.40302
KE038,Vihiga,2006-04,127.60723666666667,107.40746
KE038,Vihiga,2006-05,116.42733333333332,68.81459
KE038,Vihiga,2006-06,109.32113199999999,97.892456
KE038,Vihiga,2006-07,79.99915800000001,62.98436
KE038,Vihiga,2006-08,72.05161166666666,52.113445
KE038,Vihiga,2006-09,108.14753,84.44571
KE038,Vihiga,2006-10,84.533516,23.805998
KE038,Vihiga,2006-11,230.65844333333334,105.26848
KE038,Vihiga,2006-12,218.10493,148.03532
KE038,Vihiga,2007-01,110.82958366666666,67.397156
KE038,Vihiga,2007-02,160.82987866666667,84.871956
KE038,Vihiga,2007-03,112.44647633333334,33.068214
KE038,Vihiga,2007-04,64.78697666666666,17.024925
KE038,Vihiga,2007-05,82.301284,56.11679
KE038,Vihiga,2007-06,89.14499666666666,73.90991
KE038,Vihiga,2007-07,154.3773666666667,103.85172
KE038,Vihiga,2007-08,110.83314,87.66309
KE038,Vihiga,2007-09,121.14614666666667,76.75279
KE038,Vihiga,2007-10,80.95277,45.83543
KE038,Vihiga,2007-11,70.02481733333333,58.639347
KE038,Vihiga,2007-12,62.10857166666667,27.871925
KE038,Vihiga,2008-01,76.83146166666667,32.872185
KE038,Vihiga,2008-02,96.55677666666666,57.64534
KE038,Vihiga,2008-03,88.7316,23.28946
KE038,Vihiga,2008-04,81.31615599999999,42.562313
KE038,Vihiga,2008-05,91.51129533333334,49.955456
KE038,Vihiga,2008-06,82.63745833333333,29.481495
KE038,Vihiga,2008-07,161.13363999999999,122.95655
KE038,Vihiga,2008-08,126.82925133333333,114.10488
KE038,Vihiga,2008-09,120.83611866666668,72.150276
KE038,Vihiga,2008-10,135.42008666666666,97.44471
KE038,Vihiga,2008-11,86.19928599999999,15.138618
KE038,Vihiga,2008-12,51.86770933333333,46.451412
KE038,Vihiga,2009-01,108.99972633333334,32.540066
KE038,Vihiga,2009-02,71.04198333333333,33.799885
KE038,Vihiga,2009-03,57.98284533333333,47.885483
KE038,Vihiga,2009-04,103.06683333333332,71.89662
KE038,Vihiga,2009-05,78.07061466666666,23.17892
KE038,Vihiga,2009-06,53.60659533333334,33.287376
KE038,Vihiga,2009-07,74.84835,59.63043
KE038,Vihiga,2009-08,93.83445,79.16584
KE038,Vihiga,2009-09,141.77709000000002,114.75736
KE038,Vihiga,2009-10,75.10400433333334,44.293728
KE038,Vihiga,2009-11,92.23433533333333,38.667316
KE038,Vihiga,2009-12,153.600745,102.436295
KE038,Vihiga,2010-01,106.74779666666666,30.759266
KE038,Vihiga,2010-02,213.7022533333333,106.2802
KE038,Vihiga,2010-03,145.23763333333332,60.83672
KE038,Vihiga,2010-04,92.83587999999999,58.36242
KE038,Vihiga,2010-05,115.28297333333332,85.98301
KE038,Vihiga,2010-06,106.72822000000001,81.64107
KE038,Vihiga,2010-07,95.79953166666667,59.550415
KE038,Vihiga,2010-08,101.54908599999999,78.276344
KE038,Vihiga,2010-09,111.11842133333334,52.085644
KE038,Vihiga,2010-10,105.21529133333333,99.672104
KE038,Vihiga,2010-11,53.212701,34.38108
KE038,Vihiga,2010-12,108.605455,31.069145
KE038,Vihiga,2011-01,73.243336,35.164448
KE038,Vihiga,2011-02,66.441326,32.405148
KE038,Vihiga,2011-03,87.61229099999998,45.626167
KE038,Vihiga,2011-04,62.879353,22.842796
KE038,Vihiga,2011-05,97.392812,65.653496
KE038,Vihiga,2011-06,114.488135,111.01948
KE038,Vihiga,2011-07,101.81055666666667,60.73354
KE038,Vihiga,2011-08,175.9960133333333,108.9148
KE038,Vihiga,2011-09,102.96009,93.16594
KE038,Vihiga,2011-10,131.56224,127.02455
KE038,Vihiga,2011-11,165.15927499999998,47.924175
KE038,Vihiga,2011-12,90.064106,46.174088
KE038,Vihiga,2012-01,34.532322666666666,31.58668
KE038,Vihiga,2012-02,55.92352733333333,34.482758
KE038,Vihiga,2012-03,61.24474933333334,14.484933
KE038,Vihiga,2012-04,122.84795666666666,75.20362
KE038,Vihiga,2012-05,98.55037333333333,88.09017
KE038,Vihiga,2012-06,161.01887866666667,106.080246
KE038,Vihiga,2012-07,94.28323333333333,68.19784
KE038,Vihiga,2012-08,119.95931666666667,107.5084
KE038,Vihiga,2012-09,177.05999999999997,134.91034
KE038,Vihiga,2012-10,120.98980333333333,76.58592
KE038,Vihiga,2012-11,132.979852,74.568596
KE038,Vihiga,2012-12,182.77596166666663,44.16692
KE038,Vihiga,2013-01,101.14368833333333,45.65323
KE038,Vihiga,2013-02,65.96325466666667,35.01059
KE038,Vihiga,2013-03,139.75342333333333,92.31094
KE038,Vihiga,2013-04,125.52846333333332,91.85326
KE038,Vihiga,2013-05,69.44620066666666,23.647415
KE038,Vihiga,2013-06,82.67042500000001,65.45717
KE038,Vihiga,2013-07,78.81416533333334,56.00105
KE038,Vihiga,2013-08,121.167012,110.036156
KE038,Vihiga,2013-09,141.04990333333333,81.1138
KE038,Vihiga,2013-10,99.13244233333334,46.101917
KE038,Vihiga,2013-11,84.379205,52.34679
KE038,Vihiga,2013-12,132.258745,59.140785
KE038,Vihiga,2014-01,80.15039900000001,46.710987
KE038,Vihiga,2014-02,129.33842,90.539
KE038,Vihiga,2014-03,80.56189966666666,15.985039
KE038,Vihiga,2014-04,61.00334833333333,32.18789
KE038,Vihiga,2014-05,129.59185333333335,97.93313
KE038,Vihiga,2014-06,115.12631133333333,35.666424
KE038,Vihiga,2014-07,117.49926,85.5291
KE038,Vihiga,2014-08,177.83829,137.16093
KE038,Vihiga,2014-09,101.19703,70.56382
KE038,Vihiga,2014-10,143.08668666666668,101.31458
KE038,Vihiga,2014-11,86.68286866666666,42.912476
KE038,Vihiga,2014-12,100.38881333333335,86.50624
KE038,Vihiga,2015-01,27.481662666666665,23.636068
KE038,Vihiga,2015-02,66.18984633333334,25.320673
KE038,Vihiga,2015-03,54.154321,10.224658
KE038,Vihiga,2015-04,131.19019866666667,94.758606
KE038,Vihiga,2015-05,132.74392,99.9392
KE038,Vihiga,2015-06,121.91001633333333,70.920525
KE038,Vihiga,2015-07,82.703352,57.629986
KE038,Vihiga,2015-08,51.587404,32.658802
KE038,Vihiga,2015-09,127.80428500000001,92.874435
KE038,Vihiga,2015-10,150.39061666666666,73.0728
KE038,Vihiga,2015-11,128.46871666666667,51.07004
KE038,Vihiga,2015-12,168.31005133333335,88.998764
KE038,Vihiga,2016-01,109.08119933333334,50.869244
KE038,Vihiga,2016-02,52.89261666666667,47.34962
KE038,Vihiga,2016-03,84.172713,26.584112
KE038,Vihiga,2016-04,166.80884833333334,107.799995
KE038,Vihiga,2016-05,114.03048833333332,50.572865
KE038,Vihiga,2016-06,77.65707666666667,42.938744
KE038,Vihiga,2016-07,91.40059000000001,58.1936
KE038,Vihiga,2016-08,57.64942933333333,37.50293
KE038,Vihiga,2016-09,74.524968,51.0602
KE038,Vihiga,2016-10,71.71645033333333,48.233795
KE038,Vihiga,2016-11,86.48440733333332,42.559532
KE038,Vihiga,2016-12,29.951076333333333,23.445913
KE038,Vihiga,2017-01,82.57521833333332,26.22632
KE038,Vihiga,2017-02,230.71553666666668,95.11911
KE038,Vihiga,2017-03,63.37499833333334,29.323545
KE038,Vihiga,2017-04,90.94004166666667,51.5647
KE038,Vihiga,2017-05,124.50309,71.70136
KE038,Vihiga,2017-06,100.08125333333332,70.29883
KE038,Vihiga,2017-07,156.73943666666665,108.63747
KE038,Vihiga,2017-08,129.77788133333334,108.836624
KE038,Vihiga,2017-09,107.61672633333335,89.370995
KE038,Vihiga,2017-10,108.88051333333334,74.97992
KE038,Vihiga,2017-11,102.14992566666666,37.373707
KE038,Vihiga,2017-12,56.12152033333333,26.80475
KE038,Vihiga,2018-01,53.623455666666665,42.788933
KE038,Vihiga,2018-02,100.71667000000001,34.815926
KE038,Vihiga,2018-03,170.18670666666665,111.71869
KE038,Vihiga,2018-04,136.90837,115.20911
KE038,Vihiga,2018-05,135.37993,129.35997
KE038,Vihiga,2018-06,107.45182666666666,72.43793
KE038,Vihiga,2018-07,97.85157299999999,83.50258
KE038,Vihiga,2018-08,82.61501533333333,46.92586
KE038,Vihiga,2018-09,57.726449333333335,44.306
KE038,Vihiga,2018-10,153.51661,117.97706
KE038,Vihiga,2018-11,62.444089999999996,14.59144
KE038,Vihiga,2018-12,152.146515,102.755295
KE038,Vihiga,2019-01,51.36950866666666,34.989502
KE038,Vihiga,2019-02,124.52844133333333,30.318174
KE038,Vihiga,2019-03,63.97729366666666,10.991508
KE038,Vihiga,2019-04,74.25894666666666,40.78449
KE038,Vihiga,2019-05,111.44463466666666,96.778114
KE038,Vihiga,2019-06,115.97654333333332,75.74383
KE038,Vihiga,2019-07,141.04976833333333,66.42251
KE038,Vihiga,2019-08,102.97963,71.24774
KE038,Vihiga,2019-09,109.90142333333334,61.13801
KE038,Vihiga,2019-10,225.15246333333334,181.87901
KE038,Vihiga,2019-11,164.55647333333334,98.35692
KE038,Vihiga,2019-12,232.92666333333332,168.5958
KE038,Vihiga,2020-01,182.12026333333333,56.19491
KE038,Vihiga,2020-02,124.05586666666666,83.68076
KE038,Vihiga,2020-03,204.54363666666666,144.20334
KE038,Vihiga,2020-04,125.38076566666666,51.136017
KE038,Vihiga,2020-05,92.79259633333334,87.53233
KE038,Vihiga,2020-06,139.5998933333333,124.26264
KE038,Vihiga,2020-07,154.61037000000002,138.63828
KE038,Vihiga,2020-08,141.79869333333332,87.17138
KE038,Vihiga,2020-09,166.03063533333332,107.575226
KE038,Vihiga,2020-10,161.56912666666668,141.94771
KE038,Vihiga,2020-11,261.27990666666665,172.33347
KE038,Vihiga,2020-12,90.555862,71.97321
KE038,Vihiga,2021-01,113.09888033333334,76.452065
KE038,Vihiga,2021-02,132.44838333333334,111.77745
KE038,Vihiga,2021-03,79.52969333333333,53.142315
KE038,Vihiga,2021-04,144.39426,101.56614
KE038,Vihiga,2021-05,112.00060166666667,45.02895
KE038,Vihiga,2021-06,83.16365666666667,49.1432
KE038,Vihiga,2021-07,80.09725,34.65956
KE038,Vihiga,2021-08,137.11009533333333,100.867256
KE038,Vihiga,2021-09,142.38115333333334,127.13818
KE038,Vihiga,2021-10,107.46315466666665,73.46105
KE038,Vihiga,2021-11,74.04405266666667,37.284298
KE038,Vihiga,2021-12,78.72621866666667,52.78036
KE038,Vihiga,2022-01,160.37989766666666,45.359943
KE038,Vihiga,2022-02,277.16291666666666,158.08762
KE038,Vihiga,2022-03,83.926591,22.44257
KE038,Vihiga,2022-04,79.90888133333334,16.657478
KE038,Vihiga,2022-05,108.160262,55.136776
KE038,Vihiga,2022-06,73.809175,64.99901
KE038,Vihiga,2022-07,90.19542799999999,75.524864
KE038,Vihiga,2022-08,160.58630000000002,105.75212
KE038,Vihiga,2022-09,121.05351133333333,109.207344
KE038,Vihiga,2022-10,77.09951066666666,34.246002
KE038,Vihiga,2022-11,141.14602,110.16537
KE038,Vihiga,2022-12,221.58498666666665,128.6591
KE038,Vihiga,2023-01,40.540933,32.701954
KE038,Vihiga,2023-02,48.188704,27.248362
KE038,Vihiga,2023-03,147.02817000000002,80.77208
KE038,Vihiga,2023-04,122.83784566666668,62.240417
KE038,Vihiga,2023-05,100.88078666666667,65.10638
KE038,Vihiga,2023-06,172.37235833333332,126.846565
KE038,Vihiga,2023-07,88.10130300000002,49.296703
KE038,Vihiga,2023-08,101.49143,59.041595
KE038,Vihiga,2023-09,146.751085,126.859215
KE038,Vihiga,2023-10,171.29580333333334,72.47056
KE038,Vihiga,2023-11,151.58264,128.66211
KE038,Vihiga,2023-12,107.36592666666667,79.50046
KE038,Vihiga,2024-01,214.78673333333333,179.3212
KE038,Vihiga,2024-02,239.27861999999996,206.31819
KE038,Vihiga,2024-03,122.9116905,12.4400015
KE038,Vihiga,2024-04,115.92017,67.36887
KE038,Vihiga,2024-05,93.36247533333334,70.53098
KE038,Vihiga,2024-06,75.01865199999999,69.520966
KE038,Vihiga,2024-07,121.56690299999998,92.192444
KE038,Vihiga,2024-08,103.01606333333332,61.17665
KE038,Vihiga,2024-09,101.69506000000001,85.26461
KE038,Vihiga,2024-10,92.21661333333333,82.05644
KE038,Vihiga,2024-11,210.49051,81.34383
KE038,Vihiga,2024-12,104.90290499999999,76.77143
KE038,Vihiga,2025-01,115.76037333333333,55.52857
KE038,Vihiga,2025-02,58.47911266666666,31.916628
KE038,Vihiga,2025-03,125.97206,93.47542
KE038,Vihiga,2025-04,125.79843333333334,97.64315
KE038,Vihiga,2025-05,193.18755333333334,179.69604
KE038,Vihiga,2025-06,97.85532166666667,74.28534
KE038,Vihiga,2025-07,212.69521,95.28883
KE038,Vihiga,2025-08,76.46124333333334,59.10259
KE038,Vihiga,2025-09,91.86790833333333,84.91872
KE038,Vihiga,2025-10,148.631134,60.403282
KE038,Vihiga,2025-11,41.697365,11.855545
KE038,Vihiga,2025-12,174.85768733333336,27.115492
KE038,Vihiga,2026-01,53.33491866666666,43.212036
KE038,Vihiga,2026-02,430.9317266666667,372.14728
KE038,Vihiga,2026-03,209.55727666666667,162.87715
KE038,Vihiga,2026-04,102.47756333333332,73.84971
KE038,Vihiga,2026-05,126.481865,126.481865
KE008,Wajir,2006-01,94.84356866666667,82.28514
KE008,Wajir,2006-02,92.76318666666667,86.73727
KE008,Wajir,2006-03,71.91944366666667,53.313637
KE008,Wajir,2006-04,147.71897333333334,41.11029
KE008,Wajir,2006-05,83.74527,67.9632
KE008,Wajir,2006-06,97.75006133333333,94.9623
KE008,Wajir,2006-07,97.19280666666667,96.45391
KE008,Wajir,2006-08,98.76618833333333,98.14104
KE008,Wajir,2006-09,98.46708000000001,97.40727
KE008,Wajir,2006-10,172.39809666666667,80.66046
KE008,Wajir,2006-11,173.19303,146.2959
KE008,Wajir,2006-12,118.65560166666667,85.57455
KE008,Wajir,2007-01,91.18033000000001,81.51578
KE008,Wajir,2007-02,93.540125,87.630295
KE008,Wajir,2007-03,77.18977133333333,42.153954
KE008,Wajir,2007-04,73.42496,39.316013
KE008,Wajir,2007-05,121.92930333333334,93.7513
KE008,Wajir,2007-06,103.84919666666667,99.66094
KE008,Wajir,2007-07,96.93387333333332,96.45391
KE008,Wajir,2007-08,106.99044533333334,104.68489
KE008,Wajir,2007-09,121.56682333333333,98.40752
KE008,Wajir,2007-10,125.80820666666666,81.68872
KE008,Wajir,2007-11,79.983672,58.548176
KE008,Wajir,2007-12,49.21870366666667,37.478756
KE008,Wajir,2008-01,115.15002,81.10207
KE008,Wajir,2008-02,89.99713133333334,85.817924
KE008,Wajir,2008-03,71.01574966666666,59.653873
KE008,Wajir,2008-04,93.97376933333334,31.721003
KE008,Wajir,2008-05,69.59262266666667,46.553978
KE008,Wajir,2008-06,105.74460366666666,101.90519
KE008,Wajir,2008-07,97.75486333333333,96.85245
KE008,Wajir,2008-08,98.43688333333334,97.87596
KE008,Wajir,2008-09,95.626043,90.795845
KE008,Wajir,2008-10,68.41595,28.108072
KE008,Wajir,2008-11,103.82489166666666,32.117985
KE008,Wajir,2008-12,44.664177333333335,29.82447
KE008,Wajir,2009-01,96.63305666666668,80.63755
KE008,Wajir,2009-02,98.00986166666667,90.706245
KE008,Wajir,2009-03,52.543693999999995,34.85524
KE008,Wajir,2009-04,64.742374,39.31921
KE008,Wajir,2009-05,97.21266333333334,87.85688
KE008,Wajir,2009-06,98.39495133333332,97.10497
KE008,Wajir,2009-07,97.10824833333334,96.70516
KE008,Wajir,2009-08,97.41813,97.29434
KE008,Wajir,2009-09,95.18856,89.97036
KE008,Wajir,2009-10,187.48967666666667,84.18592
KE008,Wajir,2009-11,39.848887999999995,26.978258
KE008,Wajir,2009-12,107.04255466666666,90.312164
KE008,Wajir,2010-01,94.85797966666667,87.211525
KE008,Wajir,2010-02,97.32659533333333,93.27502
KE008,Wajir,2010-03,238.12091333333333,187.50562
KE008,Wajir,2010-04,89.64154566666667,52.952713
KE008,Wajir,2010-05,77.82555333333333,70.27899
KE008,Wajir,2010-06,98.01890466666667,95.405334
KE008,Wajir,2010-07,98.38628666666666,98.08271
KE008,Wajir,2010-08,97.63342,97.463684
KE008,Wajir,2010-09,96.838938,91.15605
KE008,Wajir,2010-10,54.17620566666667,39.189327
KE008,Wajir,2010-11,51.223624666666666,48.31284
KE008,Wajir,2010-12,50.093605,33.92162
KE008,Wajir,2011-01,90.62287866666667,79.701256
KE008,Wajir,2011-02,91.17143,83.14568
KE008,Wajir,2011-03,49.914222333333335,32.231197
KE008,Wajir,2011-04,35.38738266666667,20.77609
KE008,Wajir,2011-05,67.32462266666666,51.571148
KE008,Wajir,2011-06,98.59195133333333,97.934654
KE008,Wajir,2011-07,96.69630866666667,95.97741
KE008,Wajir,2011-08,98.14313133333333,97.80255
KE008,Wajir,2011-09,97.04969333333334,94.01523
KE008,Wajir,2011-10,221.57099666666667,83.09968
KE008,Wajir,2011-11,197.2398333333333,126.48392
KE008,Wajir,2011-12,73.31000366666667,51.081104
KE008,Wajir,2012-01,84.74774333333333,80.33997
KE008,Wajir,2012-02,92.98755833333333,90.07924
KE008,Wajir,2012-03,53.54467433333334,31.848923
KE008,Wajir,2012-04,82.78932333333334,76.98544
KE008,Wajir,2012-05,120.32567833333333,59.047825
KE008,Wajir,2012-06,97.83830999999999,94.8012
KE008,Wajir,2012-07,96.68680333333333,96.13335
KE008,Wajir,2012-08,99.725865,99.64626
KE008,Wajir,2012-09,96.91363,93.73007
KE008,Wajir,2012-10,104.32416166666667,57.361855
KE008,Wajir,2012-11,59.540189,44.017937
KE008,Wajir,2012-12,70.66909333333334,42.0094
KE008,Wajir,2013-01,102.78505333333334,97.47016
KE008,Wajir,2013-02,89.38300333333332,87.47827
KE008,Wajir,2013-03,212.10326666666666,72.74921
KE008,Wajir,2013-04,142.16191166666667,110.907295
KE008,Wajir,2013-05,74.92465866666667,62.082256
KE008,Wajir,2013-06,100.14514333333334,98.05548
KE008,Wajir,2013-07,103.04928333333334,100.94176
KE008,Wajir,2013-08,99.296945,97.134415
KE008,Wajir,2013-09,112.46893833333333,101.00066
KE008,Wajir,2013-10,75.01788333333333,33.40478
KE008,Wajir,2013-11,86.63286466666666,49.731182
KE008,Wajir,2013-12,66.30932133333333,55.61317
KE008,Wajir,2014-01,87.58143166666667,82.99644
KE008,Wajir,2014-02,95.33181,87.68492
KE008,Wajir,2014-03,122.08713666666667,67.94235
KE008,Wajir,2014-04,101.22654,51.31906
KE008,Wajir,2014-05,123.94020833333332,96.478905
KE008,Wajir,2014-06,100.66579999999999,99.45314
KE008,Wajir,2014-07,101.11889333333333,100.79447
KE008,Wajir,2014-08,102.23096466666668,101.21619
KE008,Wajir,2014-09,98.70505800000001,93.97771
KE008,Wajir,2014-10,56.345818666666666,33.291603
KE008,Wajir,2014-11,103.34918333333333,66.23632
KE008,Wajir,2014-12,67.63495966666666,40.599926
KE008,Wajir,2015-01,90.945,86.79968
KE008,Wajir,2015-02,90.352268,87.61366
KE008,Wajir,2015-03,103.95172133333334,57.890934
KE008,Wajir,2015-04,106.79629333333332,68.30337
KE008,Wajir,2015-05,68.76305500000001,63.397545
KE008,Wajir,2015-06,99.2709,97.35468
KE008,Wajir,2015-07,102.00745166666667,100.72861
KE008,Wajir,2015-08,100.44237500000001,99.966125
KE008,Wajir,2015-09,98.04382500000001,93.392365
KE008,Wajir,2015-10,113.38125166666667,32.344395
KE008,Wajir,2015-11,108.46797500000001,97.03584
KE008,Wajir,2015-12,106.55503833333334,63.391865
KE008,Wajir,2016-01,103.58847466666667,95.44164
KE008,Wajir,2016-02,120.448213,107.776054
KE008,Wajir,2016-03,58.197554000000004,31.37381
KE008,Wajir,2016-04,94.40669166666667,69.85003
KE008,Wajir,2016-05,101.9067,69.79837
KE008,Wajir,2016-06,100.32147333333334,99.76485
KE008,Wajir,2016-07,103.84164,102.88245
KE008,Wajir,2016-08,99.74177666666667,99.2041
KE008,Wajir,2016-09,97.79689533333334,92.91209
KE008,Wajir,2016-10,43.98216233333333,29.821405
KE008,Wajir,2016-11,129.76733000000002,58.67847
KE008,Wajir,2016-12,101.22209333333335,86.06699
KE008,Wajir,2017-01,91.93438466666667,89.69567
KE008,Wajir,2017-02,117.85533666666667,88.11247
KE008,Wajir,2017-03,51.374565,35.171978
KE008,Wajir,2017-04,83.18445833333334,74.122055
KE008,Wajir,2017-05,131.95871333333332,79.72079
KE008,Wajir,2017-06,100.30784166666666,99.5618
KE008,Wajir,2017-07,103.96154333333334,99.72882
KE008,Wajir,2017-08,101.73396133333334,101.63129
KE008,Wajir,2017-09,101.21361333333334,99.98124
KE008,Wajir,2017-10,79.96790833333334,55.82149
KE008,Wajir,2017-11,116.25554466666667,39.851364
KE008,Wajir,2017-12,45.592286333333334,29.17051
KE008,Wajir,2018-01,87.59178000000001,81.9803
KE008,Wajir,2018-02,102.31239466666666,96.70104
KE008,Wajir,2018-03,276.02073666666666,158.69579
KE008,Wajir,2018-04,162.22608533333334,100.208786
KE008,Wajir,2018-05,151.38693666666666,132.9642
KE008,Wajir,2018-06,99.64905800000001,97.596344
KE008,Wajir,2018-07,105.804985,104.491005
KE008,Wajir,2018-08,100.89484666666665,100.21028
KE008,Wajir,2018-09,101.11720666666668,99.22865
KE008,Wajir,2018-10,84.93646333333332,38.92235
KE008,Wajir,2018-11,47.824432,30.186016
KE008,Wajir,2018-12,326.40646666666663,192.33412
KE008,Wajir,2019-01,95.70943,93.01767
KE008,Wajir,2019-02,94.37119666666666,92.82048
KE008,Wajir,2019-03,63.804356000000006,52.209835
KE008,Wajir,2019-04,65.22233933333334,24.36106
KE008,Wajir,2019-05,123.88418066666667,54.353172
KE008,Wajir,2019-06,97.82234,94.46288
KE008,Wajir,2019-07,104.01284866666667,101.033226
KE008,Wajir,2019-08,99.51167333333335,98.743126
KE008,Wajir,2019-09,117.56131666666666,110.84904
KE008,Wajir,2019-10,280.25136333333336,143.34369
KE008,Wajir,2019-11,248.04904166666665,113.932785
KE008,Wajir,2019-12,132.243999,58.940487
KE008,Wajir,2020-01,131.52503033333332,124.970055
KE008,Wajir,2020-02,94.25180833333333,88.492775
KE008,Wajir,2020-03,152.245138,99.948044
KE008,Wajir,2020-04,191.67682,52.26615
KE008,Wajir,2020-05,69.36667066666666,45.816402
KE008,Wajir,2020-06,98.87897333333332,96.50084
KE008,Wajir,2020-07,115.04647566666667,111.150566
KE008,Wajir,2020-08,99.75093133333333,99.555244
KE008,Wajir,2020-09,100.54821833333334,98.83307
KE008,Wajir,2020-10,62.91266466666667,35.252594
KE008,Wajir,2020-11,62.313399000000004,34.500687
KE008,Wajir,2020-12,81.51862133333333,43.027496
KE008,Wajir,2021-01,91.02838666666666,86.17091
KE008,Wajir,2021-02,90.54470666666667,88.17985
KE008,Wajir,2021-03,64.278318,38.31209
KE008,Wajir,2021-04,72.33316666666666,54.30352
KE008,Wajir,2021-05,85.265167,73.751595
KE008,Wajir,2021-06,99.03946666666667,97.24191
KE008,Wajir,2021-07,99.09883500000001,98.5716
KE008,Wajir,2021-08,98.74006366666667,98.680916
KE008,Wajir,2021-09,99.324415,95.546135
KE008,Wajir,2021-10,47.88033833333333,32.25037
KE008,Wajir,2021-11,66.73001266666667,32.31183
KE008,Wajir,2021-12,236.21282800000003,50.622334
KE008,Wajir,2022-01,112.32192000000002,100.3489
KE008,Wajir,2022-02,89.54193,87.49252
KE008,Wajir,2022-03,63.358522666666666,54.706566
KE008,Wajir,2022-04,73.08666266666667,40.82831
KE008,Wajir,2022-05,100.26576333333333,75.07408
KE008,Wajir,2022-06,98.67967700000001,96.16252
KE008,Wajir,2022-07,105.75995999999999,104.9011
KE008,Wajir,2022-08,99.31783,99.22713
KE008,Wajir,2022-09,98.984848,94.998314
KE008,Wajir,2022-10,52.53921766666667,40.672516
KE008,Wajir,2022-11,72.41920533333332,68.64546
KE008,Wajir,2022-12,85.32513333333333,68.78582
KE008,Wajir,2023-01,93.98161333333333,90.72357
KE008,Wajir,2023-02,89.10584033333333,86.06733
KE008,Wajir,2023-03,243.16658666666663,80.84055
KE008,Wajir,2023-04,168.58794666666665,120.18918
KE008,Wajir,2023-05,70.59680866666666,61.398666
KE008,Wajir,2023-06,98.29220833333333,97.451355
KE008,Wajir,2023-07,100.15661,100.04724
KE008,Wajir,2023-08,102.85157366666665,101.330246
KE008,Wajir,2023-09,96.63368333333334,92.51435
KE008,Wajir,2023-10,186.02523666666664,80.14633
KE008,Wajir,2023-11,312.3512133333333,149.8225
KE008,Wajir,2023-12,62.61363333333333,31.81607
KE008,Wajir,2024-01,92.11378466666667,87.04646
KE008,Wajir,2024-02,96.285668,92.141174
KE008,Wajir,2024-03,58.858685666666666,42.697327
KE008,Wajir,2024-04,158.68561666666668,45.81335
KE008,Wajir,2024-05,104.89128133333332,69.120094
KE008,Wajir,2024-06,98.522025,94.672325
KE008,Wajir,2024-07,103.19592666666667,100.58041
KE008,Wajir,2024-08,133.5389,113.60728
KE008,Wajir,2024-09,98.71759833333333,95.298485
KE008,Wajir,2024-10,43.718712333333336,26.635023
KE008,Wajir,2024-11,105.480497,58.491676
KE008,Wajir,2024-12,44.513813,27.882412
KE008,Wajir,2025-01,84.63273666666667,80.36174
KE008,Wajir,2025-02,85.84568266666668,81.321434
KE008,Wajir,2025-03,178.89054,128.29907
KE008,Wajir,2025-04,119.03680833333333,91.167465
KE008,Wajir,2025-05,90.65152166666667,61.241455
KE008,Wajir,2025-06,100.08831199999999,99.900116
KE008,Wajir,2025-07,97.91567333333334,96.65335
KE008,Wajir,2025-08,96.94530666666667,96.2321
KE008,Wajir,2025-09,95.77433500000001,89.46756
KE008,Wajir,2025-10,55.18371566666667,38.490807
KE008,Wajir,2025-11,38.25492466666667,31.21162
KE008,Wajir,2025-12,68.84188,34.75145
KE008,Wajir,2026-01,85.22743166666667,80.477875
KE008,Wajir,2026-02,90.41421466666667,87.41658
KE008,Wajir,2026-03,269.84471666666667,189.6731
KE008,Wajir,2026-04,95.01510066666667,57.037712
KE008,Wajir,2026-05,49.09482,49.09482
KE024,West Pokot,2006-01,78.86572533333333,65.69733
KE024,West Pokot,2006-02,110.41260199999999,72.365776
KE024,West Pokot,2006-03,121.12561333333333,67.12565
KE024,West Pokot,2006-04,111.90294866666666,67.15314
KE024,West Pokot,2006-05,78.14637333333333,65.94896
KE024,West Pokot,2006-06,66.35691066666668,46.111206
KE024,West Pokot,2006-07,65.67776266666667,53.925568
KE024,West Pokot,2006-08,153.85992666666667,65.230865
KE024,West Pokot,2006-09,121.88286,96.84982
KE024,West Pokot,2006-10,118.819751,37.422935
KE024,West Pokot,2006-11,239.91858000000002,43.28305
KE024,West Pokot,2006-12,189.80505000000002,87.09685
KE024,West Pokot,2007-01,130.09706,92.95609
KE024,West Pokot,2007-02,208.61922166666668,120.615295
KE024,West Pokot,2007-03,88.70018333333333,43.84421
KE024,West Pokot,2007-04,115.29284233333334,24.481123
KE024,West Pokot,2007-05,124.31839666666667,47.58202
KE024,West Pokot,2007-06,192.19707333333335,164.32195
KE024,West Pokot,2007-07,138.14337333333333,60.54939
KE024,West Pokot,2007-08,135.62908333333334,101.080826
KE024,West Pokot,2007-09,225.9507133333333,145.85574
KE024,West Pokot,2007-10,52.575661333333336,41.888344
KE024,West Pokot,2007-11,49.459977333333335,41.003654
KE024,West Pokot,2007-12,86.54644666666667,60.14788
KE024,West Pokot,2008-01,79.51672666666667,71.58941
KE024,West Pokot,2008-02,81.18955266666667,53.952164
KE024,West Pokot,2008-03,97.95495166666667,45.735535
KE024,West Pokot,2008-04,58.02013433333334,42.6874
KE024,West Pokot,2008-05,69.855546,33.743298
KE024,West Pokot,2008-06,85.77536900000001,52.340977
KE024,West Pokot,2008-07,101.83280166666667,86.76966
KE024,West Pokot,2008-08,104.43748666666666,67.69451
KE024,West Pokot,2008-09,109.35033466666668,69.285774
KE024,West Pokot,2008-10,134.90901,67.19232
KE024,West Pokot,2008-11,128.90167333333332,42.37801
KE024,West Pokot,2008-12,47.181136333333335,42.230656
KE024,West Pokot,2009-01,101.1954,65.85783
KE024,West Pokot,2009-02,54.387578,52.701942
KE024,West Pokot,2009-03,43.76950333333334,30.046963
KE024,West Pokot,2009-04,103.92555666666665,56.913124
KE024,West Pokot,2009-05,101.16449666666666,39.366096
KE024,West Pokot,2009-06,59.998028999999995,46.330753
KE024,West Pokot,2009-07,89.57172533333333,59.813736
KE024,West Pokot,2009-08,64.757135,57.71954
KE024,West Pokot,2009-09,81.95600999999999,67.9516
KE024,West Pokot,2009-10,89.92281833333334,50.507385
KE024,West Pokot,2009-11,88.61270666666667,65.15868
KE024,West Pokot,2009-12,259.06495333333334,114.59717
KE024,West Pokot,2010-01,133.21102833333333,69.109795
KE024,West Pokot,2010-02,231.36726866666666,90.403786
KE024,West Pokot,2010-03,174.47105499999998,63.856285
KE024,West Pokot,2010-04,83.933829,30.407757
KE024,West Pokot,2010-05,141.33967866666669,105.738556
KE024,West Pokot,2010-06,96.54647933333335,78.087654
KE024,West Pokot,2010-07,104.62012166666666,72.45579
KE024,West Pokot,2010-08,94.14860533333332,70.40471
KE024,West Pokot,2010-09,119.79121666666667,73.46303
KE024,West Pokot,2010-10,89.83398333333332,70.13305
KE024,West Pokot,2010-11,50.745974,42.201485
KE024,West Pokot,2010-12,91.26376133333333,58.834084
KE024,West Pokot,2011-01,73.935882,63.293766
KE024,West Pokot,2011-02,67.33185999999999,54.30169
KE024,West Pokot,2011-03,122.39524266666666,60.684162
KE024,West Pokot,2011-04,54.42079733333333,25.41915
KE024,West Pokot,2011-05,69.57491666666667,56.99394
KE024,West Pokot,2011-06,128.33644333333334,105.68998
KE024,West Pokot,2011-07,104.52459666666668,66.73427
KE024,West Pokot,2011-08,140.52298499999998,104.734695
KE024,West Pokot,2011-09,124.7536,77.43866
KE024,West Pokot,2011-10,92.355232,58.593826
KE024,West Pokot,2011-11,281.39346333333333,64.50684
KE024,West Pokot,2011-12,86.46158833333334,43.462955
KE024,West Pokot,2012-01,64.44337266666666,59.376854
KE024,West Pokot,2012-02,68.766499,59.79408
KE024,West Pokot,2012-03,51.811940666666665,33.02931
KE024,West Pokot,2012-04,156.72835666666666,82.40438
KE024,West Pokot,2012-05,179.05817666666667,140.38127
KE024,West Pokot,2012-06,98.99013333333333,54.884125
KE024,West Pokot,2012-07,124.06712466666666,82.458374
KE024,West Pokot,2012-08,124.32181533333333,103.852066
KE024,West Pokot,2012-09,164.50656666666666,127.85486
KE024,West Pokot,2012-10,143.85985333333335,111.41343
KE024,West Pokot,2012-11,106.95194166666666,49.968475
KE024,West Pokot,2012-12,147.440505,62.1512
KE024,West Pokot,2013-01,129.41597,70.50581
KE024,West Pokot,2013-02,64.12775866666668,48.060116
KE024,West Pokot,2013-03,122.69946,64.5721
KE024,West Pokot,2013-04,172.14303333333336,95.95486
KE024,West Pokot,2013-05,90.63928033333333,32.456383
KE024,West Pokot,2013-06,87.56996099999999,56.449623
KE024,West Pokot,2013-07,109.76753000000001,78.2722
KE024,West Pokot,2013-08,114.51372800000001,85.388794
KE024,West Pokot,2013-09,143.01309166666667,118.235275
KE024,West Pokot,2013-10,99.77844566666666,51.744427
KE024,West Pokot,2013-11,110.20657666666666,47.77455
KE024,West Pokot,2013-12,88.953371,50.895863
KE024,West Pokot,2014-01,74.33411,64.98515
KE024,West Pokot,2014-02,67.25231033333334,53.35297
KE024,West Pokot,2014-03,95.551844,35.267532
KE024,West Pokot,2014-04,30.315355,17.542734
KE024,West Pokot,2014-05,70.22793766666666,57.813663
KE024,West Pokot,2014-06,73.68772,57.1442
KE024,West Pokot,2014-07,93.46200866666668,78.040436
KE024,West Pokot,2014-08,120.27053000000001,79.23377
KE024,West Pokot,2014-09,76.20647100000001,47.160843
KE024,West Pokot,2014-10,152.09677333333335,83.85606
KE024,West Pokot,2014-11,88.12219499999999,36.727985
KE024,West Pokot,2014-12,78.43825066666666,55.727257
KE024,West Pokot,2015-01,62.982457333333336,57.06231
KE024,West Pokot,2015-02,64.288979,50.58171
KE024,West Pokot,2015-03,38.944191,30.384277
KE024,West Pokot,2015-04,127.09180900000001,52.615803
KE024,West Pokot,2015-05,84.32527333333333,50.75322
KE024,West Pokot,2015-06,105.17163,74.74424
KE024,West Pokot,2015-07,69.32391233333334,55.70423
KE024,West Pokot,2015-08,48.66661,39.16395
KE024,West Pokot,2015-09,72.381721,60.044033
KE024,West Pokot,2015-10,92.42234566666667,51.905697
KE024,West Pokot,2015-11,152.54208666666668,56.39894
KE024,West Pokot,2015-12,121.40812533333333,48.294346
KE024,West Pokot,2016-01,113.37194366666667,60.712166
KE024,West Pokot,2016-02,62.351854333333335,59.940823
KE024,West Pokot,2016-03,77.72088000000001,37.22515
KE024,West Pokot,2016-04,179.25358333333335,141.44493
KE024,West Pokot,2016-05,103.61569800000001,59.907764
KE024,West Pokot,2016-06,106.96069900000002,63.824093
KE024,West Pokot,2016-07,80.89438666666666,64.60966
KE024,West Pokot,2016-08,62.06863766666667,48.12048
KE024,West Pokot,2016-09,71.28824666666667,42.53776
KE024,West Pokot,2016-10,72.70232933333334,46.504612
KE024,West Pokot,2016-11,47.78599166666667,38.038475
KE024,West Pokot,2016-12,45.93965766666667,40.372433
KE024,West Pokot,2017-01,110.292668,76.99931
KE024,West Pokot,2017-02,172.76717333333332,93.1028
KE024,West Pokot,2017-03,54.31728666666667,39.65593
KE024,West Pokot,2017-04,43.23320666666666,21.35436
KE024,West Pokot,2017-05,107.23646666666666,88.98633
KE024,West Pokot,2017-06,65.91343333333333,59.27995
KE024,West Pokot,2017-07,212.36988333333338,166.7684
KE024,West Pokot,2017-08,119.77409866666666,71.55038
KE024,West Pokot,2017-09,171.40331,141.20146
KE024,West Pokot,2017-10,175.99518466666666,49.776714
KE024,West Pokot,2017-11,98.76879133333334,46.803684
KE024,West Pokot,2017-12,57.206198666666666,45.614586
KE024,West Pokot,2018-01,66.53676666666667,61.92878
KE024,West Pokot,2018-02,63.141549999999995,53.60626
KE024,West Pokot,2018-03,195.53427166666665,43.240765
KE024,West Pokot,2018-04,222.69193333333337,149.69304
KE024,West Pokot,2018-05,177.63386333333332,138.91982
KE024,West Pokot,2018-06,165.353518,107.860504
KE024,West Pokot,2018-07,98.30562666666667,47.43823
KE024,West Pokot,2018-08,97.00341566666667,43.228077
KE024,West Pokot,2018-09,59.089761333333335,51.06085
KE024,West Pokot,2018-10,73.24375233333333,46.287254
KE024,West Pokot,2018-11,42.21188033333333,30.273611
KE024,West Pokot,2018-12,136.44027766666667,47.355453
KE024,West Pokot,2019-01,74.421666,62.195843
KE024,West Pokot,2019-02,69.16888033333333,54.915684
KE024,West Pokot,2019-03,80.600546,39.452858
KE024,West Pokot,2019-04,60.91515233333334,21.35559
KE024,West Pokot,2019-05,67.879789,44.930252
KE024,West Pokot,2019-06,155.62770866666668,90.156296
KE024,West Pokot,2019-07,137.26632,66.0339
KE024,West Pokot,2019-08,135.41298,115.00804
KE024,West Pokot,2019-09,120.80986666666666,102.0423
KE024,West Pokot,2019-10,179.51021,106.08578
KE024,West Pokot,2019-11,127.56311833333332,54.051365
KE024,West Pokot,2019-12,192.16913333333332,75.37486
KE024,West Pokot,2020-01,129.92723700000002,70.157616
KE024,West Pokot,2020-02,106.12824,61.69172
KE024,West Pokot,2020-03,239.4966866666667,193.76141
KE024,West Pokot,2020-04,144.55659333333332,20.42344
KE024,West Pokot,2020-05,95.30463000000002,75.62142
KE024,West Pokot,2020-06,170.25033,129.73659
KE024,West Pokot,2020-07,168.91862,141.38264
KE024,West Pokot,2020-08,196.71576333333334,141.16666
KE024,West Pokot,2020-09,169.66367333333332,124.21192
KE024,West Pokot,2020-10,172.21336899999997,45.077427
KE024,West Pokot,2020-11,125.70595666666667,84.20898
KE024,West Pokot,2020-12,56.882265,48.09826
KE024,West Pokot,2021-01,107.54691233333334,59.851627
KE024,West Pokot,2021-02,85.477555,68.89179
KE024,West Pokot,2021-03,54.090354999999995,43.60694
KE024,West Pokot,2021-04,71.44494766666666,29.233763
KE024,West Pokot,2021-05,133.76584499999998,47.132065
KE024,West Pokot,2021-06,73.42004433333334,53.942383
KE024,West Pokot,2021-07,81.16241000000001,61.47071
KE024,West Pokot,2021-08,80.863718,75.92537
KE024,West Pokot,2021-09,142.71421533333333,95.01543
KE024,West Pokot,2021-10,92.87436433333333,51.37623
KE024,West Pokot,2021-11,43.441297999999996,38.981964
KE024,West Pokot,2021-12,51.61897466666667,50.641586
KE024,West Pokot,2022-01,122.18753666666667,72.80092
KE024,West Pokot,2022-02,82.31624766666665,61.756767
KE024,West Pokot,2022-03,57.950155333333335,40.99723
KE024,West Pokot,2022-04,75.27547266666666,21.524912
KE024,West Pokot,2022-05,93.759608,56.413944
KE024,West Pokot,2022-06,57.20241766666666,45.030975
KE024,West Pokot,2022-07,72.12487066666667,55.61213
KE024,West Pokot,2022-08,151.17208866666667,103.576256
KE024,West Pokot,2022-09,119.70782200000001,91.04226
KE024,West Pokot,2022-10,88.25489166666667,31.816795
KE024,West Pokot,2022-11,76.161889,51.101227
KE024,West Pokot,2022-12,80.39963533333334,75.85479
KE024,West Pokot,2023-01,64.48802766666667,59.554893
KE024,West Pokot,2023-02,53.229193333333335,52.379288
KE024,West Pokot,2023-03,136.54762566666668,51.727657
KE024,West Pokot,2023-04,99.30685766666666,21.695166
KE024,West Pokot,2023-05,75.28979,72.8316
KE024,West Pokot,2023-06,82.73160133333333,76.11698
KE024,West Pokot,2023-07,74.79135866666667,53.860847
KE024,West Pokot,2023-08,68.28471833333333,54.02078
KE024,West Pokot,2023-09,131.02563,97.82097
KE024,West Pokot,2023-10,121.40147466666667,78.575134
KE024,West Pokot,2023-11,98.63509666666666,50.22065
KE024,West Pokot,2023-12,58.227420333333335,51.54986
KE024,West Pokot,2024-01,148.41311,88.16023
KE024,West Pokot,2024-02,167.78406800000002,105.76949
KE024,West Pokot,2024-03,74.21762333333334,44.83692
KE024,West Pokot,2024-04,151.98180333333332,104.24197
KE024,West Pokot,2024-05,113.95005933333334,46.476738
KE024,West Pokot,2024-06,56.33029,50.722736
KE024,West Pokot,2024-07,171.17900333333333,149.01132
KE024,West Pokot,2024-08,120.35024166666666,63.05333
KE024,West Pokot,2024-09,97.83608666666667,91.008
KE024,West Pokot,2024-10,168.186005,93.94537
KE024,West Pokot,2024-11,125.69826,54.28685
KE024,West Pokot,2024-12,45.84538666666666,45.050095
KE024,West Pokot,2025-01,94.24233166666666,80.6574
KE024,West Pokot,2025-02,55.34192433333334,51.20587
KE024,West Pokot,2025-03,175.67486333333332,114.7835
KE024,West Pokot,2025-04,93.484783,37.720116
KE024,West Pokot,2025-05,107.39360333333333,71.53242
KE024,West Pokot,2025-06,115.03823333333332,87.44688
KE024,West Pokot,2025-07,99.76523000000002,81.45054
KE024,West Pokot,2025-08,157.759402,113.192406
KE024,West Pokot,2025-09,125.25257533333333,104.59968
KE024,West Pokot,2025-10,275.1489716666667,112.459885
KE024,West Pokot,2025-11,44.511913,35.972767
KE024,West Pokot,2025-12,97.7804,52.54101
KE024,West Pokot,2026-01,64.49409266666667,57.922848
KE024,West Pokot,2026-02,287.6038433333333,97.11125
KE024,West Pokot,2026-03,241.74524,157.27344
KE024,West Pokot,2026-04,76.352344,24.555155
KE024,West Pokot,2026-05,137.61844,137.61844
